date,open,high,low,close,adjclose,volume
2007-04-11,104.3499984741211,104.38999938964844,104.3499984741211,104.3499984741211,31.39420509338379,1900
2007-04-12,104.41999816894531,104.41999816894531,104.3499984741211,104.41999816894531,31.415241241455078,6100
2007-04-13,104.38999938964844,104.48999786376953,104.2300033569336,104.2300033569336,31.358076095581055,3400
2007-04-16,104.2699966430664,104.2699966430664,104.1500015258789,104.19000244140625,31.346057891845703,7600
2007-04-17,104.1500015258789,104.4000015258789,104.13999938964844,104.13999938964844,31.33098793029785,28100
2007-04-18,104.19000244140625,104.2699966430664,104.1500015258789,104.16999816894531,31.340045928955078,6300
2007-04-19,104.19999694824219,104.56999969482422,104.05999755859375,104.52999877929688,31.448318481445312,47500
2007-04-20,104.54000091552734,104.54000091552734,104.44999694824219,104.47000122070312,31.4302978515625,4900
2007-04-23,104.58999633789062,104.66000366210938,104.44999694824219,104.52999877929688,31.448318481445312,1700
2007-04-24,104.58999633789062,105.30999755859375,104.41999816894531,105.25,31.664974212646484,398500
2007-04-25,105.27999877929688,105.41000366210938,105.27999877929688,105.41000366210938,31.713077545166016,16300
2007-04-26,105.43000030517578,105.5999984741211,105.29000091552734,105.5999984741211,31.770246505737305,48200
2007-04-27,105.51000213623047,105.5999984741211,105.51000213623047,105.5999984741211,31.770246505737305,8300
2007-04-30,105.55999755859375,105.62999725341797,105.33000183105469,105.61000061035156,31.77326011657715,15500
2007-05-01,105.2699966430664,105.43000030517578,105.2699966430664,105.33000183105469,31.777202606201172,8600
2007-05-02,105.3499984741211,105.38999938964844,105.19999694824219,105.29000091552734,31.765127182006836,4700
2007-05-03,105.37000274658203,105.4800033569336,105.19999694824219,105.30000305175781,31.768117904663086,17200
2007-05-04,105.3499984741211,105.44000244140625,105.20999908447266,105.43000030517578,31.807355880737305,4600
2007-05-07,105.31999969482422,105.41999816894531,105.30000305175781,105.41999816894531,31.804332733154297,4200
2007-05-08,105.54000091552734,105.55000305175781,105.44999694824219,105.5,31.8284854888916,16100
2007-05-09,105.58999633789062,105.5999984741211,105.16000366210938,105.22000122070312,31.744014739990234,9400
2007-05-10,105.69999694824219,105.80999755859375,105.51000213623047,105.5999984741211,31.858638763427734,17400
2007-05-11,105.63999938964844,105.77999877929688,105.55999755859375,105.66000366210938,31.876733779907227,12200
2007-05-14,105.69000244140625,105.69999694824219,105.55000305175781,105.6500015258789,31.873720169067383,11600
2007-05-15,105.69999694824219,105.93000030517578,105.56999969482422,105.56999969482422,31.8496036529541,39400
2007-05-16,105.83000183105469,105.86000061035156,105.81999969482422,105.8499984741211,31.93408203125,78100
2007-05-17,105.88999938964844,105.93000030517578,105.69000244140625,105.81999969482422,31.925006866455078,14500
2007-05-18,105.94999694824219,105.94999694824219,105.8499984741211,105.8499984741211,31.93408203125,5200
2007-05-21,105.94000244140625,105.95999908447266,105.8499984741211,105.94999694824219,31.964231491088867,14600
2007-05-22,106.08000183105469,106.08999633789062,105.7300033569336,105.95999908447266,31.96726417541504,10200
2007-05-23,105.91999816894531,106.11000061035156,105.69999694824219,105.87999725341797,31.94309425354004,22500
2007-05-24,106.04000091552734,106.04000091552734,105.8499984741211,105.91000366210938,31.9521541595459,17100
2007-05-25,105.97000122070312,106.47000122070312,105.80000305175781,106.05999755859375,31.997411727905273,7400
2007-05-29,105.69999694824219,105.72000122070312,105.58000183105469,105.63999938964844,31.870704650878906,4900
2007-05-30,105.87000274658203,105.94000244140625,105.75,105.87999725341797,31.94309425354004,4300
2007-05-31,105.88999938964844,105.88999938964844,105.6500015258789,105.70999908447266,31.89183807373047,6200
2007-06-01,105.11000061035156,105.12999725341797,104.94999694824219,105.11000061035156,31.8875732421875,13500
2007-06-04,105.19999694824219,105.22000122070312,105.0199966430664,105.19999694824219,31.914907455444336,21800
2007-06-05,105.20999908447266,105.20999908447266,105.05000305175781,105.05000305175781,31.86939811706543,4500
2007-06-06,105.0,105.05999755859375,104.87999725341797,104.91999816894531,31.829938888549805,74600
2007-06-07,104.73999786376953,104.73999786376953,104.19999694824219,104.43000030517578,31.68128776550293,12100
2007-06-08,104.20999908447266,104.2699966430664,103.91999816894531,104.1500015258789,31.596336364746094,17800
2007-06-11,103.9000015258789,104.06999969482422,103.5999984741211,103.93000030517578,31.52959632873535,2900
2007-06-12,103.7699966430664,103.77999877929688,103.06999969482422,103.4000015258789,31.368846893310547,67300
2007-06-13,103.62999725341797,103.80999755859375,102.87000274658203,103.58000183105469,31.423397064208984,24600
2007-06-14,103.33999633789062,103.66000366210938,103.16000366210938,103.66000366210938,31.447694778442383,18200
2007-06-15,103.5,103.68000030517578,103.5,103.63999938964844,31.44160270690918,13500
2007-06-18,103.91000366210938,103.91000366210938,103.4000015258789,103.69999694824219,31.459821701049805,14600
2007-06-19,103.83999633789062,103.83999633789062,103.36000061035156,103.83000183105469,31.49925422668457,19600
2007-06-20,103.83999633789062,103.83999633789062,102.91000366210938,102.91000366210938,31.22015380859375,16900
2007-06-21,103.0,103.43000030517578,103.0,103.0999984741211,31.27777099609375,13900
2007-06-22,103.22000122070312,103.36000061035156,102.83999633789062,103.30000305175781,31.338476181030273,27800
2007-06-25,103.30000305175781,103.33999633789062,102.6500015258789,102.69999694824219,31.156442642211914,29000
2007-06-26,102.94000244140625,103.19000244140625,102.69999694824219,103.0,31.247453689575195,43600
2007-06-27,102.79000091552734,102.80000305175781,102.4800033569336,102.63999938964844,31.13825798034668,6800
2007-06-28,102.55000305175781,102.63999938964844,101.93000030517578,102.0999984741211,30.974449157714844,9500
2007-06-29,102.0999984741211,102.5,101.80999755859375,101.80999755859375,30.886444091796875,14600
2007-07-02,101.69999694824219,102.2699966430664,101.4000015258789,102.0,31.128446578979492,19600
2007-07-03,101.9000015258789,101.9000015258789,101.5999984741211,101.80999755859375,31.070466995239258,11700
2007-07-05,101.8499984741211,101.86000061035156,100.9800033569336,101.44000244140625,30.957569122314453,14600
2007-07-06,101.43000030517578,101.79000091552734,101.11000061035156,101.55000305175781,30.991140365600586,8200
2007-07-09,101.43000030517578,101.9800033569336,101.38999938964844,101.86000061035156,31.085731506347656,8400
2007-07-10,101.4800033569336,101.75,101.0,101.58999633789062,31.003318786621094,19700
2007-07-11,101.62000274658203,101.62999725341797,100.55999755859375,100.83000183105469,30.771411895751953,17200
2007-07-12,101.0,101.12999725341797,100.70999908447266,101.12999725341797,30.86294937133789,8300
2007-07-13,101.30000305175781,101.55999755859375,101.0,101.55000305175781,30.991140365600586,5200
2007-07-16,101.37000274658203,101.80999755859375,101.26000213623047,101.58999633789062,31.003318786621094,17100
2007-07-17,101.69999694824219,101.70999908447266,101.22000122070312,101.70999908447266,31.039962768554688,10600
2007-07-18,101.66999816894531,101.66999816894531,100.80000305175781,100.94999694824219,30.808025360107422,15600
2007-07-19,101.02999877929688,101.05999755859375,101.02999877929688,101.05999755859375,30.841590881347656,6400
2007-07-20,100.9800033569336,101.31999969482422,100.58999633789062,100.80000305175781,30.76222801208496,18600
2007-07-23,100.69999694824219,100.70999908447266,100.5,100.58000183105469,30.69510841369629,9000
2007-07-24,100.5,100.51000213623047,99.86000061035156,100.0,30.51807975769043,44900
2007-07-25,99.9000015258789,99.9000015258789,98.68000030517578,99.05000305175781,30.228153228759766,28100
2007-07-26,98.5,99.5,96.38999938964844,97.6500015258789,29.8009090423584,43200
2007-07-27,97.0,97.0,95.48999786376953,96.0199966430664,29.303483963012695,44600
2007-07-30,96.98999786376953,97.0199966430664,96.3499984741211,96.94999694824219,29.587295532226562,24600
2007-07-31,97.0,98.19999694824219,97.0,97.27999877929688,29.688020706176758,34000
2007-08-01,96.83999633789062,96.83999633789062,95.26000213623047,96.44999694824219,29.6265811920166,33500
2007-08-02,96.98999786376953,97.33000183105469,96.98999786376953,97.0,29.795501708984375,28800
2007-08-03,97.3499984741211,97.3499984741211,96.37999725341797,97.0,29.795501708984375,20100
2007-08-06,98.75,98.75,96.05000305175781,96.79000091552734,29.731021881103516,30400
2007-08-07,99.25,99.25,96.80000305175781,97.4800033569336,29.942960739135742,68800
2007-08-08,99.0,100.5,98.0,98.62999725341797,30.29621124267578,30300
2007-08-09,98.62000274658203,98.91999816894531,98.01000213623047,98.52999877929688,30.265485763549805,12800
2007-08-10,98.19999694824219,98.37000274658203,97.75,98.33000183105469,30.20408058166504,18800
2007-08-13,99.0199966430664,99.05000305175781,98.4000015258789,99.05000305175781,30.425209045410156,21300
2007-08-14,99.31999969482422,99.31999969482422,98.16999816894531,98.27999877929688,30.18869400024414,12400
2007-08-15,98.3499984741211,99.04000091552734,98.27999877929688,98.83000183105469,30.357629776000977,9100
2007-08-16,100.0,100.0,97.9800033569336,98.69999694824219,30.317712783813477,15300
2007-08-17,99.0,100.0,98.5999984741211,99.69999694824219,30.624879837036133,30000
2007-08-20,100.0,100.0,98.75,98.75,30.333078384399414,49300
2007-08-21,99.25,99.8499984741211,98.05999755859375,98.23999786376953,30.176420211791992,33700
2007-08-22,98.5999984741211,99.19999694824219,98.0999984741211,99.0,30.409854888916016,52700
2007-08-23,99.16999816894531,99.80000305175781,99.0,99.5999984741211,30.594165802001953,59400
2007-08-24,99.69999694824219,99.8499984741211,99.16000366210938,99.8499984741211,30.670944213867188,11600
2007-08-27,100.0,100.5,99.9000015258789,100.5,30.87060546875,11800
2007-08-28,100.5,100.9000015258789,100.0,100.1500015258789,30.76309585571289,55800
2007-08-29,100.0,100.9000015258789,99.66999816894531,100.55000305175781,30.885940551757812,18300
2007-08-30,100.73999786376953,101.04000091552734,100.22000122070312,100.76000213623047,30.9504451751709,42900
2007-08-31,101.4800033569336,101.68000030517578,101.01000213623047,101.66999816894531,31.229995727539062,11300
2007-09-04,101.97000122070312,101.97000122070312,101.0,101.75,31.44727897644043,13500
2007-09-05,101.6500015258789,101.87999725341797,101.2300033569336,101.79000091552734,31.459630966186523,14400
2007-09-06,101.48999786376953,101.73999786376953,101.48999786376953,101.7300033569336,31.441059112548828,16400
2007-09-07,101.9000015258789,101.9000015258789,100.44999694824219,100.56999969482422,31.08257484436035,50700
2007-09-10,101.5,101.5,100.61000061035156,101.0,31.2154541015625,10000
2007-09-11,101.4800033569336,102.0,101.0,101.83000183105469,31.471994400024414,24100
2007-09-12,102.0,102.5,101.37999725341797,102.29000091552734,31.614181518554688,32000
2007-09-13,102.25,102.25,101.22000122070312,101.93000030517578,31.502914428710938,10900
2007-09-14,101.94999694824219,102.94000244140625,101.22000122070312,102.88999938964844,31.799592971801758,33900
2007-09-17,103.0,103.5,102.36000061035156,103.36000061035156,31.944873809814453,20100
2007-09-18,103.75,104.36000061035156,102.9800033569336,104.0999984741211,32.17354965209961,31400
2007-09-19,104.25,106.0999984741211,104.19999694824219,106.08999633789062,32.788597106933594,85900
2007-09-20,106.04000091552734,106.04000091552734,103.0,103.48999786376953,31.98503875732422,410400
2007-09-21,104.98999786376953,105.4000015258789,102.0999984741211,103.75,32.06539535522461,105100
2007-09-24,102.68000030517578,104.44999694824219,102.6500015258789,104.44999694824219,32.28172302246094,45500
2007-09-25,103.0,104.69999694824219,103.0,104.69999694824219,32.35899353027344,167500
2007-09-26,104.69999694824219,104.69999694824219,104.12999725341797,104.31999969482422,32.241573333740234,25300
2007-09-27,104.5,104.55000305175781,101.16000366210938,104.0,32.14265823364258,49200
2007-09-28,104.47000122070312,104.4800033569336,103.5999984741211,104.0,32.14265823364258,46700
2007-10-01,104.47000122070312,104.5,103.33000183105469,103.75,32.2655029296875,50300
2007-10-02,102.52999877929688,103.98999786376953,102.52999877929688,103.94999694824219,32.32769775390625,72100
2007-10-03,104.0,104.47000122070312,103.31999969482422,103.4000015258789,32.15667724609375,35300
2007-10-04,103.80000305175781,103.94999694824219,103.29000091552734,103.83999633789062,32.293479919433594,17600
2007-10-05,103.97000122070312,104.0,103.5199966430664,103.9000015258789,32.312164306640625,22900
2007-10-08,104.22000122070312,104.38999938964844,103.86000061035156,104.25,32.420989990234375,18600
2007-10-09,104.31999969482422,104.33999633789062,104.0,104.33000183105469,32.44587707519531,14600
2007-10-10,104.4800033569336,104.4800033569336,104.1500015258789,104.23999786376953,32.41789245605469,21200
2007-10-11,104.48999786376953,104.5,104.0,104.38999938964844,32.46452331542969,22300
2007-10-12,104.41999816894531,104.5999984741211,104.41999816894531,104.5,32.498741149902344,73700
2007-10-15,105.19999694824219,105.19999694824219,104.5,105.0,32.654239654541016,24600
2007-10-16,104.5,104.68000030517578,104.0999984741211,104.5999984741211,32.529850006103516,60600
2007-10-17,104.02999877929688,104.6500015258789,103.30999755859375,103.30999755859375,32.128684997558594,15200
2007-10-18,104.2300033569336,104.25,103.25,103.26000213623047,32.113121032714844,13200
2007-10-19,103.25,103.94000244140625,102.0,102.80000305175781,31.970064163208008,40200
2007-10-22,102.80000305175781,102.80000305175781,101.8499984741211,101.8499984741211,31.674610137939453,64600
2007-10-23,102.19000244140625,102.69999694824219,101.94999694824219,102.69999694824219,31.938974380493164,27000
2007-10-24,102.5999984741211,102.75,102.30000305175781,102.69999694824219,31.938974380493164,22200
2007-10-25,102.98999786376953,102.98999786376953,102.63999938964844,102.8499984741211,31.985605239868164,16600
2007-10-26,102.69999694824219,103.08999633789062,102.5999984741211,103.08999633789062,32.06026077270508,10800
2007-10-29,103.48999786376953,103.5,103.05999755859375,103.4000015258789,32.15667724609375,19900
2007-10-30,103.30000305175781,103.30000305175781,102.69999694824219,103.19999694824219,32.09446334838867,10500
2007-10-31,103.61000061035156,104.0,103.04000091552734,103.8499984741211,32.29658889770508,12000
2007-11-01,102.70999908447266,102.9000015258789,102.0,102.5,32.08687210083008,29400
2007-11-02,102.48999786376953,102.5,101.91999816894531,102.25,32.00859832763672,32300
2007-11-05,106.0,106.0,101.5,102.19999694824219,31.99297332763672,13800
2007-11-06,102.19999694824219,103.1500015258789,102.19999694824219,102.7300033569336,32.15885543823242,34900
2007-11-07,101.81999969482422,103.0999984741211,101.81999969482422,102.5999984741211,32.11819076538086,11900
2007-11-08,102.8499984741211,102.8499984741211,100.41000366210938,101.30000305175781,31.711227416992188,121000
2007-11-09,101.56999969482422,101.75,100.51000213623047,101.75,31.852100372314453,38400
2007-11-12,103.0199966430664,103.0199966430664,101.9000015258789,102.1500015258789,31.977313995361328,41400
2007-11-13,102.94999694824219,102.94999694824219,101.55999755859375,101.75,31.852100372314453,15300
2007-11-14,102.75,102.75,101.69999694824219,102.0,31.93035316467285,7800
2007-11-15,101.98999786376953,102.33999633789062,101.68000030517578,101.97000122070312,31.920944213867188,15500
2007-11-16,103.0,103.0,101.52999877929688,102.0,31.93035316467285,18400
2007-11-19,102.69999694824219,102.69999694824219,101.77999877929688,102.0,31.93035316467285,16700
2007-11-20,101.75,102.38999938964844,100.41000366210938,101.0,31.617286682128906,26500
2007-11-21,100.69999694824219,100.69999694824219,97.0,99.0999984741211,31.02254295349121,139600
2007-11-23,99.19999694824219,100.5,98.91000366210938,98.91000366210938,30.963045120239258,3100
2007-11-26,98.0,101.0,98.0,100.0,31.304248809814453,69500
2007-11-27,100.5,101.4800033569336,99.5,100.1500015258789,31.351221084594727,25700
2007-11-28,99.58000183105469,101.19999694824219,99.58000183105469,101.0999984741211,31.648601531982422,11700
2007-11-29,101.75,101.75,100.0999984741211,101.5999984741211,31.80512046813965,20200
2007-11-30,102.0,102.5,101.51000213623047,102.01000213623047,31.93347930908203,34900
2007-12-03,103.0,103.0,101.0999984741211,102.38999938964844,32.255455017089844,31400
2007-12-04,103.0,103.0,102.0,102.0,32.132572174072266,16300
2007-12-05,101.68000030517578,102.5,100.26000213623047,100.80000305175781,31.754545211791992,270600
2007-12-06,101.61000061035156,101.75,100.0,101.69999694824219,32.038063049316406,33200
2007-12-07,100.5999984741211,102.48999786376953,100.5999984741211,101.6500015258789,32.0223388671875,27100
2007-12-10,100.7300033569336,101.63999938964844,100.7300033569336,101.5,31.975059509277344,23500
2007-12-11,102.16999816894531,102.4800033569336,100.8499984741211,101.4000015258789,31.943561553955078,30300
2007-12-12,102.5,103.75,101.5,101.94999694824219,32.116817474365234,29400
2007-12-13,101.75,102.27999877929688,101.2300033569336,101.9000015258789,32.10107421875,44500
2007-12-14,102.5,102.5,101.19000244140625,102.05000305175781,32.148311614990234,15600
2007-12-17,102.5,102.5,101.12000274658203,101.5,31.975059509277344,18900
2007-12-18,101.41000366210938,102.0,101.41000366210938,101.5999984741211,32.006591796875,53200
2007-12-19,101.11000061035156,102.0999984741211,101.11000061035156,102.0999984741211,32.164058685302734,24000
2007-12-20,101.4000015258789,101.94999694824219,101.4000015258789,101.87999725341797,32.094757080078125,31300
2007-12-21,102.4800033569336,102.4800033569336,101.38999938964844,102.19999694824219,32.195579528808594,37600
2007-12-24,102.0199966430664,102.26000213623047,101.19999694824219,101.83999633789062,32.08218002319336,66800
2007-12-26,101.52999877929688,101.69999694824219,101.19999694824219,101.38999938964844,31.940412521362305,48400
2007-12-27,101.18000030517578,101.5999984741211,101.18000030517578,101.48999786376953,32.1511116027832,22900
2007-12-28,101.4000015258789,101.62000274658203,100.25,100.5,31.837451934814453,88500
2007-12-31,100.20999908447266,100.73999786376953,99.87000274658203,100.72000122070312,31.907140731811523,38800
2008-01-02,99.55999755859375,100.9000015258789,99.30000305175781,99.5,31.520675659179688,61800
2008-01-03,99.5999984741211,99.94999694824219,99.26000213623047,99.30999755859375,31.460464477539062,64800
2008-01-04,100.01000213623047,100.05000305175781,98.83999633789062,99.19999694824219,31.425626754760742,48600
2008-01-07,99.48999786376953,99.48999786376953,98.30000305175781,98.61000061035156,31.238706588745117,177200
2008-01-08,99.48999786376953,99.48999786376953,98.0,98.04000091552734,31.058134078979492,42100
2008-01-09,98.48999786376953,98.48999786376953,96.93000030517578,96.97000122070312,30.71917152404785,51600
2008-01-10,97.16999816894531,98.16999816894531,96.94999694824219,97.69000244140625,30.947296142578125,154800
2008-01-11,97.83999633789062,98.5,97.30999755859375,97.9000015258789,31.01380157470703,71700
2008-01-14,97.63999938964844,98.06999969482422,97.37999725341797,97.55999755859375,30.906084060668945,20600
2008-01-15,97.94999694824219,97.94999694824219,97.5999984741211,97.80999755859375,30.98529052734375,20000
2008-01-16,97.83999633789062,97.9000015258789,97.41000366210938,97.69999694824219,30.950422286987305,20700
2008-01-17,97.5,97.5,97.01000213623047,97.01000213623047,30.731826782226562,31600
2008-01-18,97.47000122070312,98.94999694824219,97.02999877929688,97.7699966430664,30.972612380981445,84500
2008-01-22,96.69999694824219,97.86000061035156,93.30000305175781,97.08999633789062,30.757190704345703,192400
2008-01-23,96.83999633789062,97.58999633789062,95.0199966430664,97.27999877929688,30.817386627197266,59600
2008-01-24,97.26000213623047,98.5,96.87999725341797,98.5,31.203874588012695,62700
2008-01-25,98.11000061035156,99.5,97.05999755859375,98.6500015258789,31.251388549804688,43700
2008-01-28,98.5,98.5,97.5,98.19999694824219,31.10885238647461,44800
2008-01-29,97.77999877929688,98.3499984741211,97.77999877929688,98.30000305175781,31.140491485595703,39200
2008-01-30,98.41999816894531,98.73999786376953,97.93000030517578,98.68000030517578,31.26087760925293,27400
2008-01-31,98.13999938964844,98.87999725341797,97.75,98.87999725341797,31.324243545532227,76500
2008-02-01,98.44000244140625,98.5,97.0,98.2699966430664,31.341455459594727,83100
2008-02-04,97.25,98.37999725341797,97.25,98.29000091552734,31.347867965698242,44900
2008-02-05,97.79000091552734,97.79000091552734,97.0,97.5,31.095895767211914,66300
2008-02-06,97.68000030517578,97.70999908447266,97.18000030517578,97.30000305175781,31.032123565673828,101100
2008-02-07,96.9000015258789,97.30000305175781,96.0,96.88999938964844,30.9013614654541,58100
2008-02-08,96.5,96.5,96.0,96.16000366210938,30.66852569580078,80400
2008-02-11,95.26000213623047,96.20999908447266,95.26000213623047,95.4000015258789,30.42613410949707,74500
2008-02-12,95.25,96.29000091552734,95.25,95.76000213623047,30.540966033935547,85200
2008-02-13,95.98999786376953,96.05999755859375,95.51000213623047,95.51000213623047,30.461206436157227,60700
2008-02-14,96.56999969482422,96.56999969482422,95.44999694824219,95.9800033569336,30.611135482788086,48800
2008-02-15,95.75,95.75,95.3499984741211,95.73999786376953,30.53457260131836,49700
2008-02-19,95.75,96.0,95.0,95.25,30.378307342529297,102900
2008-02-20,95.83999633789062,95.83999633789062,95.02999877929688,95.5,30.45802879333496,65800
2008-02-21,95.9000015258789,96.0,95.5,95.83000183105469,30.563276290893555,55800
2008-02-22,95.94000244140625,96.08000183105469,95.6500015258789,96.0,30.617481231689453,48200
2008-02-25,95.80000305175781,96.43000030517578,95.70999908447266,96.29000091552734,30.70998191833496,81000
2008-02-26,96.30000305175781,96.94999694824219,96.19999694824219,96.91000366210938,30.9077205657959,80200
2008-02-27,96.97000122070312,96.9800033569336,96.48999786376953,96.88999938964844,30.9013614654541,75900
2008-02-28,96.5,96.93000030517578,95.69000244140625,96.75,30.856700897216797,61300
2008-02-29,96.37999725341797,96.45999908447266,95.69000244140625,96.37999725341797,30.738693237304688,72900
2008-03-03,96.19000244140625,96.19000244140625,95.5,95.79000091552734,30.747066497802734,53500
2008-03-04,95.80000305175781,95.94999694824219,95.51000213623047,95.68000030517578,30.71172332763672,29900
2008-03-05,95.5,96.0,95.5,95.94999694824219,30.798391342163086,73300
2008-03-06,95.94000244140625,95.94000244140625,95.5,95.69999694824219,30.718143463134766,21000
2008-03-07,95.2300033569336,95.5,95.2300033569336,95.5,30.653947830200195,44200
2008-03-10,95.45999908447266,95.55000305175781,95.25,95.27999877929688,30.58334732055664,26800
2008-03-11,95.13999938964844,95.69999694824219,95.05000305175781,95.5199966430664,30.660377502441406,36200
2008-03-12,95.26000213623047,95.51000213623047,95.25,95.5,30.653947830200195,53200
2008-03-13,95.22000122070312,95.22000122070312,93.80000305175781,94.83000183105469,30.43889045715332,80100
2008-03-14,94.83000183105469,95.0,94.05000305175781,94.26000213623047,30.255939483642578,37300
2008-03-17,94.02999877929688,94.02999877929688,93.30000305175781,93.81999969482422,30.114686965942383,55100
2008-03-18,94.45999908447266,96.98999786376953,94.29000091552734,95.19999694824219,30.557676315307617,46700
2008-03-19,95.45999908447266,95.58000183105469,95.0999984741211,95.30000305175781,30.589757919311523,75800
2008-03-20,95.26000213623047,95.75,95.19999694824219,95.75,30.734182357788086,55600
2008-03-24,95.98999786376953,96.5999984741211,95.79000091552734,96.4800033569336,30.968490600585938,104900
2008-03-25,96.5,96.75,96.22000122070312,96.7300033569336,31.048748016357422,90200
2008-03-26,96.5999984741211,96.7699966430664,96.4000015258789,96.5,30.974931716918945,149700
2008-03-27,96.5999984741211,96.5999984741211,96.11000061035156,96.19000244140625,30.87543487548828,97800
2008-03-28,96.19999694824219,96.23999786376953,96.01000213623047,96.23999786376953,30.891481399536133,46400
2008-03-31,96.0199966430664,96.69999694824219,95.62999725341797,96.66999816894531,31.02950668334961,246500
2008-04-01,95.87999725341797,96.45999908447266,95.87999725341797,96.44999694824219,31.165874481201172,988000
2008-04-02,96.41999816894531,96.6500015258789,96.25,96.5,31.182022094726562,92200
2008-04-03,96.66000366210938,96.66000366210938,95.5999984741211,96.33000183105469,31.127079010009766,98300
2008-04-04,96.5,98.2300033569336,96.20999908447266,96.69999694824219,31.246625900268555,142200
2008-04-07,96.80000305175781,97.52999877929688,96.69999694824219,97.47000122070312,31.49543571472168,117300
2008-04-08,97.1500015258789,97.80000305175781,96.9000015258789,97.80000305175781,31.602079391479492,85300
2008-04-09,97.0,97.19999694824219,96.77999877929688,96.94999694824219,31.32741355895996,79400
2008-04-10,96.91000366210938,98.51000213623047,96.83999633789062,97.30000305175781,31.440521240234375,176900
2008-04-11,97.0999984741211,97.12999725341797,96.5,96.5199966430664,31.1884708404541,59600
2008-04-14,96.79000091552734,96.9000015258789,96.5199966430664,96.86000061035156,31.298336029052734,54700
2008-04-15,96.79000091552734,97.19999694824219,96.63999938964844,96.8499984741211,31.295122146606445,59400
2008-04-16,97.18000030517578,97.41999816894531,96.83999633789062,97.2699966430664,31.430835723876953,84700
2008-04-17,97.37000274658203,97.37000274658203,97.0999984741211,97.37000274658203,31.463138580322266,61900
2008-04-18,97.81999969482422,98.05000305175781,97.33000183105469,98.02999877929688,31.676403045654297,123700
2008-04-21,97.9800033569336,97.9800033569336,97.76000213623047,97.87000274658203,31.624670028686523,70500
2008-04-22,98.13999938964844,98.31999969482422,97.52999877929688,98.0,31.666717529296875,77600
2008-04-23,98.4000015258789,98.69000244140625,97.77999877929688,98.4000015258789,31.795949935913086,103800
2008-04-24,98.55000305175781,98.55000305175781,97.9000015258789,98.43000030517578,31.805654525756836,114400
2008-04-25,98.77999877929688,98.9000015258789,98.5999984741211,98.9000015258789,31.95752716064453,87600
2008-04-28,99.16999816894531,99.5,98.48999786376953,99.4800033569336,32.144920349121094,595700
2008-04-29,99.47000122070312,99.47000122070312,98.91000366210938,99.19000244140625,32.051239013671875,144500
2008-04-30,99.20999908447266,99.95999908447266,98.5,99.29000091552734,32.08355712890625,113400
2008-05-01,99.19999694824219,100.81999969482422,99.19999694824219,100.81999969482422,32.76539993286133,428500
2008-05-02,100.31999969482422,100.38999938964844,99.61000061035156,99.80000305175781,32.433876037597656,133900
2008-05-05,99.51000213623047,99.69999694824219,99.51000213623047,99.63999938964844,32.38188552856445,121900
2008-05-06,99.27999877929688,99.27999877929688,98.68000030517578,98.93000030517578,32.15116882324219,121400
2008-05-07,99.22000122070312,99.2300033569336,98.62000274658203,99.0,32.17390441894531,65700
2008-05-08,99.16999816894531,99.19000244140625,98.75,98.79000091552734,32.10565185546875,59700
2008-05-09,98.87000274658203,99.0,98.48999786376953,99.0,32.17390441894531,73100
2008-05-12,98.91999816894531,98.93000030517578,98.5,98.87000274658203,32.13166046142578,91900
2008-05-13,98.9800033569336,99.04000091552734,98.70999908447266,98.83999633789062,32.12190628051758,59500
2008-05-14,98.94000244140625,99.13999938964844,98.0999984741211,98.69999694824219,32.0764045715332,153100
2008-05-15,99.16000366210938,99.25,98.25,98.95999908447266,32.16089630126953,146600
2008-05-16,98.72000122070312,99.13999938964844,98.5999984741211,99.0999984741211,32.206417083740234,79300
2008-05-19,99.3499984741211,99.58000183105469,99.19999694824219,99.48999786376953,32.3331413269043,58900
2008-05-20,99.5,99.5,99.06999969482422,99.30000305175781,32.27138900756836,49300
2008-05-21,99.3499984741211,99.3499984741211,99.0199966430664,99.12000274658203,32.2128791809082,97300
2008-05-22,99.0,99.23999786376953,98.7300033569336,98.97000122070312,32.164154052734375,51700
2008-05-23,98.69999694824219,98.80999755859375,97.69999694824219,98.37999725341797,31.972389221191406,401400
2008-05-27,98.36000061035156,98.36000061035156,97.54000091552734,97.83000183105469,31.79364776611328,65800
2008-05-28,97.5999984741211,98.33999633789062,97.5999984741211,98.30999755859375,31.949657440185547,73700
2008-05-29,98.25,98.4000015258789,98.0,98.20999908447266,31.91714859008789,76300
2008-05-30,98.2300033569336,98.2300033569336,98.06999969482422,98.22000122070312,31.920392990112305,53600
2008-06-02,97.58999633789062,97.66999816894531,95.81999969482422,96.77999877929688,31.656755447387695,374500
2008-06-03,97.30000305175781,97.30000305175781,96.30000305175781,96.8499984741211,31.679670333862305,80200
2008-06-04,96.93000030517578,96.93000030517578,96.44999694824219,96.75,31.64695167541504,46100
2008-06-05,97.0,97.19999694824219,96.87999725341797,97.16999816894531,31.784343719482422,49200
2008-06-06,96.97000122070312,97.37999725341797,96.77999877929688,96.9000015258789,31.696022033691406,43100
2008-06-09,97.2699966430664,97.37000274658203,96.61000061035156,97.20999908447266,31.79740333557129,47100
2008-06-10,97.0,97.26000213623047,96.86000061035156,97.25,31.810510635375977,52400
2008-06-11,97.5,97.9800033569336,97.0,97.2300033569336,31.803977966308594,66500
2008-06-12,96.93000030517578,97.3499984741211,96.70999908447266,97.06999969482422,31.751598358154297,41200
2008-06-13,97.0999984741211,97.5,96.3499984741211,97.5,31.89225959777832,58900
2008-06-16,96.5999984741211,97.06999969482422,96.11000061035156,96.1500015258789,31.450674057006836,61200
2008-06-17,96.02999877929688,96.80000305175781,95.97000122070312,96.31999969482422,31.506301879882812,87300
2008-06-18,96.30000305175781,96.8499984741211,96.05000305175781,96.52999877929688,31.574996948242188,67200
2008-06-19,96.22000122070312,96.22000122070312,95.6500015258789,95.91999816894531,31.375471115112305,86600
2008-06-20,95.80000305175781,95.87999725341797,95.25,95.54000091552734,31.251163482666016,40500
2008-06-23,95.58999633789062,95.63999938964844,95.08999633789062,95.19000244140625,31.136674880981445,37800
2008-06-24,95.0999984741211,95.62999725341797,94.48999786376953,94.79000091552734,31.005834579467773,176700
2008-06-25,94.63999938964844,95.13999938964844,94.5,95.11000061035156,31.110515594482422,92900
2008-06-26,94.18000030517578,94.5999984741211,93.80000305175781,94.36000061035156,30.865177154541016,96000
2008-06-27,94.0199966430664,94.19999694824219,93.58999633789062,94.0999984741211,30.7801513671875,58300
2008-06-30,93.9000015258789,94.0999984741211,93.54000091552734,94.0,30.747406005859375,84900
2008-07-01,92.43000030517578,94.0,92.3499984741211,93.25,30.714801788330078,957200
2008-07-02,93.0199966430664,93.5,92.56999969482422,93.18000030517578,30.691762924194336,81800
2008-07-03,93.37000274658203,93.58000183105469,92.98999786376953,93.13999938964844,30.6785945892334,41700
2008-07-07,93.56999969482422,93.56999969482422,92.70999908447266,93.22000122070312,30.704944610595703,102500
2008-07-08,93.1500015258789,93.20999908447266,92.66000366210938,92.97000122070312,30.622610092163086,170000
2008-07-09,92.80000305175781,93.19999694824219,92.55000305175781,92.6500015258789,30.517192840576172,79000
2008-07-10,92.41999816894531,93.08999633789062,92.33999633789062,92.7699966430664,30.556699752807617,99100
2008-07-11,92.30999755859375,92.80999755859375,92.2300033569336,92.6500015258789,30.517192840576172,310000
2008-07-14,93.16000366210938,93.16000366210938,91.9000015258789,92.43000030517578,30.44472312927246,41200
2008-07-15,91.70999908447266,91.80000305175781,90.7300033569336,91.0,29.973690032958984,149100
2008-07-16,91.19999694824219,91.56999969482422,91.0,91.30000305175781,30.072525024414062,25300
2008-07-17,91.69999694824219,92.55000305175781,91.45999908447266,91.56999969482422,30.161457061767578,41900
2008-07-18,92.08999633789062,93.04000091552734,91.7699966430664,93.04000091552734,30.645620346069336,48800
2008-07-21,93.5199966430664,93.69000244140625,93.0,93.5,30.79715347290039,49500
2008-07-22,93.30000305175781,93.88999938964844,93.12000274658203,93.81999969482422,30.90256118774414,103000
2008-07-23,93.6500015258789,93.93000030517578,93.55000305175781,93.56999969482422,30.820220947265625,193500
2008-07-24,93.80999755859375,94.23999786376953,93.26000213623047,93.79000091552734,30.8927001953125,64100
2008-07-25,93.75,94.52999877929688,93.69999694824219,93.98999786376953,30.958541870117188,188000
2008-07-28,93.44000244140625,93.7300033569336,93.30000305175781,93.66999816894531,30.853153228759766,75200
2008-07-29,93.55999755859375,93.83000183105469,93.19999694824219,93.69000244140625,30.859731674194336,65900
2008-07-30,93.3499984741211,93.73999786376953,93.0,93.70999908447266,30.866336822509766,103900
2008-07-31,93.37000274658203,93.9000015258789,93.0,93.9000015258789,30.928913116455078,82000
2008-08-01,92.69999694824219,93.06999969482422,92.4000015258789,92.81999969482422,30.790590286254883,25200
2008-08-04,92.37999725341797,92.4800033569336,92.04000091552734,92.18000030517578,30.57826805114746,75800
2008-08-05,92.33000183105469,93.69999694824219,92.0199966430664,92.83000183105469,30.793916702270508,70600
2008-08-06,92.26000213623047,92.3499984741211,92.0,92.20999908447266,30.588232040405273,44200
2008-08-07,92.16999816894531,92.26000213623047,92.0,92.0999984741211,30.55174446105957,42700
2008-08-08,92.06999969482422,92.27999877929688,91.97000122070312,92.26000213623047,30.60481834411621,62300
2008-08-11,91.8499984741211,92.1500015258789,91.36000061035156,92.0,30.5185546875,49800
2008-08-12,92.18000030517578,92.47000122070312,91.9000015258789,92.36000061035156,30.637985229492188,95000
2008-08-13,92.30000305175781,92.5,92.0,92.5,30.68442726135254,47200
2008-08-14,92.4000015258789,92.5,92.16000366210938,92.5,30.68442726135254,58400
2008-08-15,92.44000244140625,92.73999786376953,92.41999816894531,92.70999908447266,30.754117965698242,39900
2008-08-18,92.75,92.98999786376953,92.0199966430664,92.5,30.68442726135254,91100
2008-08-19,92.6500015258789,92.75,92.25,92.68000030517578,30.74414825439453,101400
2008-08-20,92.68000030517578,92.81999969482422,92.33000183105469,92.66000366210938,30.737510681152344,30700
2008-08-21,92.37000274658203,92.5999984741211,92.25,92.52999877929688,30.694393157958984,103100
2008-08-22,92.44999694824219,92.75,92.0,92.0,30.5185546875,58300
2008-08-25,92.11000061035156,92.5199966430664,92.11000061035156,92.5,30.68442726135254,60600
2008-08-26,92.55999755859375,92.55999755859375,91.9000015258789,92.0,30.5185546875,259900
2008-08-27,92.37999725341797,92.37999725341797,91.83000183105469,92.0999984741211,30.55174446105957,68400
2008-08-28,92.37999725341797,92.41999816894531,92.0199966430664,92.2300033569336,30.59488296508789,74100
2008-08-29,92.44999694824219,92.58999633789062,92.0,92.4000015258789,30.651256561279297,59500
2008-09-02,92.23999786376953,92.52999877929688,91.62000274658203,91.80000305175781,30.657930374145508,57200
2008-09-03,92.0,92.0999984741211,91.83000183105469,92.0999984741211,30.75814437866211,50200
2008-09-04,92.5,92.5,92.30999755859375,92.5,30.891698837280273,46700
2008-09-05,92.26000213623047,92.43000030517578,91.5199966430664,92.41999816894531,30.864999771118164,62400
2008-09-08,93.13999938964844,93.13999938964844,92.1500015258789,92.30999755859375,30.828258514404297,59300
2008-09-09,92.56999969482422,92.91000366210938,92.19999694824219,92.51000213623047,30.89504623413086,168700
2008-09-10,92.4800033569336,92.4800033569336,92.0,92.0,30.724712371826172,61200
2008-09-11,92.16999816894531,92.33999633789062,91.66000366210938,92.0,30.724712371826172,101600
2008-09-12,91.87999725341797,92.02999877929688,91.4800033569336,92.0,30.724712371826172,121100
2008-09-15,91.87999725341797,91.87999725341797,88.0,88.62000274658203,29.595914840698242,377800
2008-09-16,87.04000091552734,87.41000366210938,82.23999786376953,86.58000183105469,28.914657592773438,283800
2008-09-17,86.16999816894531,86.4000015258789,79.25,81.37999725341797,27.178020477294922,283100
2008-09-18,82.98999786376953,88.19999694824219,81.41000366210938,87.80000305175781,29.32209014892578,226400
2008-09-19,89.0,92.05000305175781,88.0999984741211,88.91999816894531,29.696102142333984,77800
2008-09-22,89.0999984741211,90.19999694824219,88.5999984741211,88.83999633789062,29.669391632080078,34600
2008-09-23,89.56999969482422,89.75,87.0,87.97000122070312,29.378868103027344,64200
2008-09-24,88.05000305175781,89.69000244140625,88.05000305175781,88.76000213623047,29.642683029174805,57700
2008-09-25,88.8499984741211,88.8499984741211,86.5,86.5,28.887903213500977,73600
2008-09-26,85.4800033569336,86.94000244140625,84.93000030517578,86.19999694824219,28.787750244140625,50900
2008-09-29,86.2300033569336,86.2300033569336,76.0,79.22000122070312,26.456674575805664,174700
2008-09-30,82.51000213623047,82.63999938964844,80.5999984741211,82.0,27.38509178161621,113200
2008-10-01,82.33000183105469,85.19999694824219,82.0,84.8499984741211,28.577377319335938,991400
2008-10-02,84.87000274658203,84.87000274658203,81.01000213623047,82.63999938964844,27.833032608032227,230900
2008-10-03,83.2300033569336,83.76000213623047,81.75,82.33999633789062,27.731975555419922,51400
2008-10-06,80.5,81.75,77.55000305175781,79.3499984741211,26.724958419799805,134200
2008-10-07,79.51000213623047,82.66999816894531,77.88999938964844,78.01000213623047,26.273656845092773,240800
2008-10-08,76.62000274658203,78.19999694824219,74.22000122070312,74.75,25.175674438476562,157800
2008-10-09,75.19999694824219,78.26000213623047,73.01000213623047,73.01000213623047,24.589662551879883,113800
2008-10-10,71.37000274658203,71.37000274658203,63.959999084472656,68.13999938964844,22.949443817138672,274300
2008-10-13,70.55000305175781,76.5,70.45999908447266,76.5,25.76506233215332,230000
2008-10-14,78.25,79.33000183105469,75.5,77.0,25.933473587036133,372300
2008-10-15,75.98999786376953,75.98999786376953,71.87999725341797,73.63999938964844,24.801837921142578,374900
2008-10-16,74.31999969482422,74.33000183105469,70.0,70.8499984741211,23.8621768951416,167400
2008-10-17,70.51000213623047,70.83999633789062,69.5,70.0,23.57590103149414,120700
2008-10-20,71.55000305175781,71.80000305175781,70.0,71.4000015258789,24.047433853149414,1460200
2008-10-21,71.22000122070312,72.88999938964844,70.45999908447266,70.98999786376953,23.90932846069336,398300
2008-10-22,71.68000030517578,71.68000030517578,70.2699966430664,70.4000015258789,23.710609436035156,113300
2008-10-23,70.4000015258789,71.88999938964844,70.0999984741211,71.58999633789062,24.11139678955078,157700
2008-10-24,70.4000015258789,70.80000305175781,69.05999755859375,69.80000305175781,23.508541107177734,155600
2008-10-27,70.04000091552734,70.37999725341797,66.25,66.25,22.312896728515625,1313600
2008-10-28,67.69000244140625,68.69999694824219,67.0,67.0,22.56550407409668,158600
2008-10-29,67.41000366210938,71.0,67.41000366210938,70.05000305175781,23.592731475830078,318700
2008-10-30,70.94999694824219,71.97000122070312,70.5,71.97000122070312,24.239376068115234,169900
2008-10-31,71.5999984741211,72.26000213623047,71.58999633789062,72.0,24.24949073791504,126500
2008-11-03,72.26000213623047,72.26000213623047,71.69999694824219,71.88999938964844,24.446714401245117,168900
2008-11-04,72.77999877929688,72.77999877929688,71.75,72.69999694824219,24.722179412841797,430300
2008-11-05,72.77999877929688,73.22000122070312,72.0,72.0999984741211,24.518129348754883,392100
2008-11-06,71.01000213623047,72.5,71.0,72.0999984741211,24.518129348754883,198100
2008-11-07,72.62999725341797,72.94000244140625,72.0,72.8499984741211,24.77317237854004,221000
2008-11-10,73.05000305175781,73.41999816894531,72.0,72.86000061035156,24.776567459106445,148600
2008-11-11,73.58999633789062,73.58999633789062,72.05000305175781,72.7300033569336,24.732372283935547,107100
2008-11-12,72.69000244140625,72.69000244140625,71.54000091552734,71.69999694824219,24.382097244262695,129400
2008-11-13,71.12000274658203,71.86000061035156,70.66999816894531,71.31999969482422,24.25288200378418,211900
2008-11-14,71.37999725341797,71.37999725341797,70.0,70.44999694824219,23.95706558227539,115200
2008-11-17,70.44999694824219,70.94000244140625,69.11000061035156,69.36000061035156,23.58637809753418,157200
2008-11-18,69.0,69.44000244140625,67.5999984741211,67.9000015258789,23.08989143371582,174700
2008-11-19,67.04000091552734,67.7699966430664,65.05999755859375,65.58000183105469,22.300975799560547,174100
2008-11-20,65.0199966430664,65.33999633789062,62.5,63.400001525878906,21.55963134765625,606400
2008-11-21,64.91999816894531,65.2699966430664,63.209999084472656,64.02999877929688,21.77387809753418,238500
2008-11-24,65.16000366210938,65.69000244140625,64.02999877929688,64.31999969482422,21.87248992919922,232500
2008-11-25,65.83999633789062,65.83999633789062,63.77000045776367,64.98999786376953,22.1003360748291,313500
2008-11-26,66.05999755859375,66.54000091552734,65.0999984741211,66.5,22.61381721496582,256400
2008-11-28,65.37999725341797,66.52999877929688,65.37999725341797,66.25,22.528793334960938,420700
2008-12-01,65.11000061035156,65.66000366210938,63.66999816894531,64.19999694824219,22.064149856567383,409700
2008-12-02,65.2699966430664,65.2699966430664,64.25,64.88999938964844,22.301273345947266,501700
2008-12-03,64.80000305175781,64.93000030517578,64.41000366210938,64.9000015258789,22.30471420288086,247800
2008-12-04,64.91000366210938,65.0,64.16999816894531,64.5199966430664,22.174121856689453,214200
2008-12-05,64.12000274658203,64.55000305175781,63.5,64.55000305175781,22.1844539642334,485500
2008-12-08,64.55000305175781,65.37999725341797,63.79999923706055,65.30000305175781,22.44219398498535,703700
2008-12-09,65.20999908447266,65.33999633789062,64.5,64.80999755859375,22.2738094329834,631800
2008-12-10,65.05999755859375,65.12999725341797,64.0,64.76000213623047,22.256614685058594,379100
2008-12-11,64.52999877929688,65.0,64.26000213623047,64.26000213623047,22.084768295288086,914500
2008-12-12,64.3499984741211,65.30000305175781,64.05000305175781,65.1500015258789,22.390642166137695,320000
2008-12-15,64.41999816894531,65.63999938964844,64.41999816894531,64.80999755859375,22.2738094329834,611300
2008-12-16,66.01000213623047,66.02999877929688,64.5999984741211,66.01000213623047,22.68621253967285,523700
2008-12-17,66.37999725341797,68.0999984741211,65.5999984741211,67.69999694824219,23.26702308654785,1671500
2008-12-18,68.72000122070312,72.45999908447266,68.08999633789062,71.62999725341797,24.61768341064453,2134800
2008-12-19,70.98999786376953,71.25,70.12999725341797,71.1500015258789,24.452714920043945,1174700
2008-12-22,71.33999633789062,74.36000061035156,70.80000305175781,74.0,25.432180404663086,1764700
2008-12-23,74.37999725341797,75.29000091552734,73.80999755859375,75.08000183105469,25.803354263305664,1220400
2008-12-24,74.68000030517578,75.5,73.4800033569336,73.9000015258789,25.397825241088867,787700
2008-12-26,73.98999786376953,75.33999633789062,73.02999877929688,75.30999755859375,25.88241195678711,1291200
2008-12-29,75.25,75.79000091552734,74.5,75.29000091552734,26.056842803955078,1020000
2008-12-30,76.16000366210938,76.16000366210938,74.80999755859375,75.5199966430664,26.136444091796875,530100
2008-12-31,75.54000091552734,76.1500015258789,75.06999969482422,76.01000213623047,26.30602264404297,707400
2009-01-02,75.58000183105469,76.44999694824219,75.58000183105469,75.7699966430664,26.222959518432617,673600
2009-01-05,75.41999816894531,81.87000274658203,75.37000274658203,79.43000030517578,27.48965835571289,1907500
2009-01-06,80.19000244140625,80.61000061035156,79.5199966430664,80.0999984741211,27.721529006958008,2267000
2009-01-07,79.94000244140625,80.36000061035156,77.75,78.6500015258789,27.21970558166504,1748100
2009-01-08,78.30999755859375,78.30999755859375,76.86000061035156,77.51000213623047,26.82514762878418,972100
2009-01-09,78.86000061035156,78.86000061035156,77.55000305175781,78.6500015258789,27.21970558166504,826600
2009-01-12,78.98999786376953,79.0999984741211,76.20999908447266,76.94000244140625,26.62788963317871,867700
2009-01-13,77.80999755859375,77.80999755859375,75.81999969482422,76.66000366210938,26.530975341796875,613500
2009-01-14,75.55000305175781,76.19999694824219,73.68000030517578,75.68000030517578,26.191823959350586,1006000
2009-01-15,75.11000061035156,75.52999877929688,74.5199966430664,75.37999725341797,26.087974548339844,1122500
2009-01-16,75.23999786376953,76.12000274658203,73.79000091552734,75.98999786376953,26.299102783203125,574800
2009-01-20,75.01000213623047,75.52999877929688,74.0199966430664,74.69000244140625,25.849191665649414,544100
2009-01-21,74.81999969482422,75.04000091552734,73.68000030517578,74.69999694824219,25.852676391601562,534200
2009-01-22,74.87000274658203,74.87000274658203,73.76000213623047,74.5,25.783430099487305,454800
2009-01-23,73.81999969482422,74.33000183105469,72.4000015258789,73.30999755859375,25.371599197387695,1556100
2009-01-26,73.77999877929688,74.23999786376953,73.06999969482422,73.5,25.437349319458008,573600
2009-01-27,74.16999816894531,74.44000244140625,73.56999969482422,74.18000030517578,25.67267417907715,637500
2009-01-28,74.94000244140625,76.87000274658203,74.7699966430664,76.80999755859375,26.58289337158203,1549400
2009-01-29,75.94999694824219,76.36000061035156,74.5199966430664,74.9000015258789,25.9218692779541,685200
2009-01-30,75.58999633789062,75.58999633789062,74.61000061035156,75.23999786376953,26.039548873901367,469800
2009-02-02,73.87999725341797,74.20999908447266,72.4000015258789,72.9000015258789,25.484766006469727,1037900
2009-02-03,73.47000122070312,73.51000213623047,72.51000213623047,73.02999877929688,25.530179977416992,642100
2009-02-04,73.4800033569336,73.56999969482422,72.83999633789062,72.97000122070312,25.509206771850586,891500
2009-02-05,73.33000183105469,73.76000213623047,72.02999877929688,72.37000274658203,25.299463272094727,836600
2009-02-06,72.9000015258789,73.83999633789062,72.5999984741211,73.83000183105469,25.809843063354492,830900
2009-02-09,73.69999694824219,74.58999633789062,73.55999755859375,74.4000015258789,26.009117126464844,831400
2009-02-10,74.55000305175781,74.56999969482422,73.5199966430664,73.91000366210938,25.83782386779785,831000
2009-02-11,74.25,74.33999633789062,73.5999984741211,73.73999786376953,25.77841567993164,592100
2009-02-12,73.08999633789062,73.51000213623047,72.83999633789062,73.51000213623047,25.697982788085938,509200
2009-02-13,73.66999816894531,73.80000305175781,73.0999984741211,73.80000305175781,25.799365997314453,299100
2009-02-17,73.77999877929688,73.83999633789062,71.5999984741211,71.91999816894531,25.142168045043945,1521100
2009-02-18,72.31999969482422,72.47000122070312,69.5,71.48999786376953,24.99184226989746,1414600
2009-02-19,71.81999969482422,72.33999633789062,71.5199966430664,71.8499984741211,25.117679595947266,385300
2009-02-20,70.19000244140625,71.16999816894531,69.52999877929688,70.80000305175781,24.750633239746094,647700
2009-02-23,70.81999969482422,71.69000244140625,68.26000213623047,69.0199966430664,24.12834358215332,884500
2009-02-24,69.30999755859375,70.5,69.0,70.0,24.470951080322266,647300
2009-02-25,70.16000366210938,70.16000366210938,69.19999694824219,69.66000366210938,24.35211181640625,567600
2009-02-26,69.75,69.87000274658203,67.62999725341797,68.27999877929688,23.869667053222656,603200
2009-02-27,68.01000213623047,68.44999694824219,67.0,67.25,23.509586334228516,824700
2009-03-02,66.33000183105469,66.80999755859375,64.80000305175781,65.1500015258789,23.021591186523438,993600
2009-03-03,65.70999908447266,66.30000305175781,64.9000015258789,65.41000366210938,23.11347770690918,752700
2009-03-04,65.63999938964844,66.44999694824219,64.80999755859375,65.4000015258789,23.109939575195312,572900
2009-03-05,65.3499984741211,65.4000015258789,62.2400016784668,62.29999923706055,22.014507293701172,1117900
2009-03-06,62.70000076293945,63.7400016784668,61.869998931884766,62.0,21.90851402282715,1216800
2009-03-09,62.31999969482422,62.83000183105469,61.5,61.63999938964844,21.78128433227539,645100
2009-03-10,62.349998474121094,64.91000366210938,62.349998474121094,64.69000244140625,22.859050750732422,1111400
2009-03-11,65.45999908447266,65.94999694824219,64.94000244140625,65.72000122070312,23.223018646240234,769500
2009-03-12,65.75,66.83999633789062,65.5199966430664,66.80999755859375,23.60818862915039,762800
2009-03-13,67.0199966430664,67.11000061035156,66.5,66.95999908447266,23.66118812561035,632300
2009-03-16,67.16999816894531,67.83000183105469,67.05999755859375,67.33999633789062,23.795455932617188,514600
2009-03-17,67.30000305175781,67.4000015258789,66.41999816894531,66.95999908447266,23.66118812561035,460100
2009-03-18,66.97000122070312,68.62000274658203,66.58000183105469,68.5,24.20535659790039,611000
2009-03-19,68.45999908447266,68.62000274658203,67.25,67.9000015258789,23.99335479736328,711800
2009-03-20,67.98999786376953,68.37999725341797,67.52999877929688,67.7699966430664,23.947404861450195,394900
2009-03-23,68.61000061035156,69.19999694824219,67.62999725341797,69.16999816894531,24.442110061645508,461200
2009-03-24,69.06999969482422,69.45999908447266,68.62999725341797,69.30000305175781,24.48807144165039,425000
2009-03-25,69.38999938964844,70.05000305175781,69.38999938964844,69.66999816894531,24.61878776550293,800700
2009-03-26,70.11000061035156,70.7699966430664,69.7300033569336,70.75,25.000429153442383,660200
2009-03-27,70.5999984741211,70.5999984741211,68.91000366210938,70.02999877929688,24.74599838256836,1157900
2009-03-30,69.6500015258789,69.6500015258789,66.75,66.75,23.58696746826172,1299900
2009-03-31,68.13999938964844,68.7699966430664,67.5,67.80000305175781,23.958009719848633,632700
2009-04-01,67.66999816894531,67.93000030517578,66.91000366210938,67.0999984741211,23.99591064453125,654300
2009-04-02,68.04000091552734,69.63999938964844,67.41000366210938,69.54000091552734,24.86849594116211,1469600
2009-04-03,69.70999908447266,70.80000305175781,69.5,70.5199966430664,25.218957901000977,1355600
2009-04-06,70.12000274658203,70.88999938964844,69.44999694824219,70.29000091552734,25.13669776916504,648200
2009-04-07,70.08999633789062,70.08999633789062,69.12000274658203,69.4800033569336,24.847042083740234,459900
2009-04-08,68.80000305175781,70.5999984741211,68.80000305175781,70.30000305175781,25.140296936035156,721600
2009-04-09,71.0,72.55000305175781,71.0,72.30000305175781,25.855510711669922,1123800
2009-04-13,71.44999694824219,72.4800033569336,71.0,72.25,25.837623596191406,801800
2009-04-14,72.23999786376953,72.23999786376953,71.51000213623047,71.87999725341797,25.705312728881836,617000
2009-04-15,72.22000122070312,72.5,71.66999816894531,72.48999786376953,25.923465728759766,501700
2009-04-16,72.70999908447266,74.33000183105469,72.66999816894531,73.63999938964844,26.334714889526367,1109500
2009-04-17,73.88999938964844,75.75,73.5,75.25,26.910478591918945,683000
2009-04-20,74.62999725341797,74.94999694824219,72.37999725341797,72.5,25.927040100097656,1003100
2009-04-21,72.41000366210938,73.80000305175781,71.52999877929688,73.31999969482422,26.22026252746582,264800
2009-04-22,73.02999877929688,74.16000366210938,72.12000274658203,73.66999816894531,26.345436096191406,715200
2009-04-23,73.70999908447266,74.0,73.2699966430664,73.58999633789062,26.316831588745117,701300
2009-04-24,73.98999786376953,74.83999633789062,73.69999694824219,74.7300033569336,26.724489212036133,522500
2009-04-27,74.19999694824219,74.5199966430664,73.80999755859375,74.13999938964844,26.513547897338867,813400
2009-04-28,73.9000015258789,74.86000061035156,73.3499984741211,74.30000305175781,26.57073402404785,460200
2009-04-29,74.98999786376953,75.80000305175781,74.86000061035156,75.68000030517578,27.06424331665039,1167900
2009-04-30,76.31999969482422,76.48999786376953,75.55000305175781,76.2699966430664,27.275230407714844,919500
2009-05-01,75.7699966430664,76.08999633789062,74.61000061035156,75.55999755859375,27.232357025146484,609400
2009-05-04,75.88999938964844,75.94999694824219,75.0,75.37999725341797,27.167469024658203,1043400
2009-05-05,75.4000015258789,76.04000091552734,75.3499984741211,76.02999877929688,27.401737213134766,799800
2009-05-06,76.33000183105469,76.79000091552734,75.55000305175781,76.66000366210938,27.628795623779297,738600
2009-05-07,77.55000305175781,77.66000366210938,74.79000091552734,75.4000015258789,27.17469024658203,1546800
2009-05-08,76.43000030517578,77.0999984741211,76.20999908447266,76.75,27.661245346069336,1375800
2009-05-11,76.56999969482422,76.7699966430664,75.41999816894531,76.3499984741211,27.5170841217041,531000
2009-05-12,76.0,76.6500015258789,75.69999694824219,76.6500015258789,27.625186920166016,682300
2009-05-13,76.4800033569336,76.5199966430664,75.5,75.6500015258789,27.264793395996094,1118700
2009-05-14,75.51000213623047,75.62999725341797,74.38999938964844,74.8499984741211,26.976455688476562,966300
2009-05-15,74.8499984741211,74.88999938964844,73.08000183105469,73.80000305175781,26.598024368286133,1007100
2009-05-18,74.33999633789062,75.44000244140625,74.16999816894531,75.37000274658203,27.16387939453125,831000
2009-05-19,75.44999694824219,76.12999725341797,74.86000061035156,75.87000274658203,27.344083786010742,902800
2009-05-20,76.11000061035156,77.19000244140625,75.87000274658203,76.98999786376953,27.747737884521484,1158400
2009-05-21,76.69000244140625,76.93000030517578,76.0,76.0,27.39093017578125,1274700
2009-05-22,76.33000183105469,77.38999938964844,76.02999877929688,77.05000305175781,27.769372940063477,762300
2009-05-26,76.80999755859375,77.29000091552734,76.37999725341797,76.8499984741211,27.697277069091797,855100
2009-05-27,77.33999633789062,77.51000213623047,76.98999786376953,76.98999786376953,27.747737884521484,757300
2009-05-28,77.48999786376953,77.69999694824219,76.98999786376953,77.26000213623047,27.845054626464844,583900
2009-05-29,77.79000091552734,78.16999816894531,77.44999694824219,77.83999633789062,28.054061889648438,621200
2009-06-01,77.79000091552734,78.9800033569336,77.79000091552734,78.94999694824219,28.71792221069336,1293700
2009-06-02,78.66000366210938,78.7300033569336,77.93000030517578,78.72000122070312,28.634262084960938,782200
2009-06-03,78.91999816894531,78.94000244140625,78.01000213623047,78.2699966430664,28.47056007385254,776100
2009-06-04,78.0199966430664,78.69999694824219,78.0199966430664,78.51000213623047,28.55786895751953,638100
2009-06-05,78.98999786376953,78.98999786376953,78.30999755859375,78.76000213623047,28.648805618286133,704400
2009-06-08,78.97000122070312,79.25,78.31999969482422,78.9000015258789,28.69970703125,593000
2009-06-09,78.61000061035156,79.2300033569336,78.61000061035156,79.05000305175781,28.754289627075195,559600
2009-06-10,79.2699966430664,79.5,78.72000122070312,79.1500015258789,28.790664672851562,636700
2009-06-11,79.12999725341797,79.95999908447266,79.12999725341797,79.33000183105469,28.85614585876465,524400
2009-06-12,79.61000061035156,79.87000274658203,79.33000183105469,79.73999786376953,29.005279541015625,566000
2009-06-15,79.6500015258789,79.70999908447266,78.4800033569336,78.55999755859375,28.576061248779297,574500
2009-06-16,78.98999786376953,79.2300033569336,77.27999877929688,77.80999755859375,28.303241729736328,1180400
2009-06-17,77.79000091552734,78.2699966430664,77.0199966430664,77.36000061035156,28.139543533325195,1240800
2009-06-18,77.05000305175781,78.20999908447266,77.05000305175781,78.0999984741211,28.40871810913086,766200
2009-06-19,77.70999908447266,78.29000091552734,77.70999908447266,78.18000030517578,28.437856674194336,667900
2009-06-22,78.08000183105469,78.08000183105469,76.5,77.12000274658203,28.052257537841797,1096700
2009-06-23,76.86000061035156,77.73999786376953,76.86000061035156,77.25,28.099552154541016,582200
2009-06-24,77.48999786376953,78.30000305175781,77.25,77.63999938964844,28.241430282592773,576400
2009-06-25,77.88999938964844,78.44000244140625,77.61000061035156,78.37999725341797,28.510597229003906,647900
2009-06-26,78.33999633789062,78.38999938964844,77.79000091552734,78.36000061035156,28.50330352783203,495900
2009-06-29,78.44000244140625,79.33999633789062,78.41000366210938,79.33999633789062,28.859771728515625,647700
2009-06-30,79.5,79.8499984741211,79.22000122070312,79.70999908447266,28.994375228881836,538900
2009-07-01,79.25,79.51000213623047,78.79000091552734,79.18000030517578,29.065940856933594,922100
2009-07-02,78.91999816894531,78.94999694824219,77.70999908447266,77.80000305175781,28.559371948242188,651200
2009-07-06,77.5199966430664,78.04000091552734,76.61000061035156,76.63999938964844,28.133554458618164,794500
2009-07-07,77.12999725341797,77.31999969482422,75.56999969482422,75.56999969482422,27.740772247314453,886300
2009-07-08,75.61000061035156,76.88999938964844,75.55000305175781,76.02999877929688,27.909624099731445,1382300
2009-07-09,76.62999725341797,77.37999725341797,76.19000244140625,77.12000274658203,28.309743881225586,544900
2009-07-10,76.94999694824219,77.9000015258789,76.12999725341797,76.52999877929688,28.09316635131836,393700
2009-07-13,77.20999908447266,77.20999908447266,76.27999877929688,76.69999694824219,28.155567169189453,521500
2009-07-14,76.5999984741211,77.4000015258789,76.48999786376953,77.0,28.265718460083008,506600
2009-07-15,77.4000015258789,78.69999694824219,77.27999877929688,78.69999694824219,28.889751434326172,1040200
2009-07-16,78.52999877929688,79.0,78.0,78.94000244140625,28.977846145629883,515600
2009-07-17,78.83000183105469,79.0199966430664,78.6500015258789,79.01000213623047,29.003536224365234,597100
2009-07-20,79.2300033569336,80.20999908447266,79.2300033569336,80.11000061035156,29.407337188720703,784700
2009-07-21,80.33999633789062,80.8499984741211,79.80999755859375,80.5,29.550506591796875,938600
2009-07-22,80.4000015258789,80.76000213623047,80.0,80.5999984741211,29.587203979492188,483000
2009-07-23,81.0,81.79000091552734,80.41999816894531,81.41999816894531,29.888212203979492,750700
2009-07-24,81.80000305175781,82.01000213623047,80.7300033569336,81.9000015258789,30.064443588256836,639300
2009-07-27,82.16999816894531,82.29000091552734,81.62000274658203,82.05000305175781,30.1195011138916,512700
2009-07-28,82.13999938964844,82.41999816894531,81.80000305175781,82.13999938964844,30.15253448486328,591800
2009-07-29,82.44000244140625,82.76000213623047,82.05999755859375,82.41999816894531,30.255325317382812,627900
2009-07-30,82.8499984741211,83.91000366210938,82.6500015258789,83.0999984741211,30.504898071289062,976900
2009-07-31,83.75,84.6500015258789,83.37999725341797,84.44999694824219,31.000511169433594,740700
2009-08-03,83.7699966430664,84.19000244140625,83.69000244140625,83.9000015258789,31.059356689453125,880400
2009-08-04,84.30000305175781,84.33999633789062,83.0199966430664,83.72000122070312,30.992721557617188,615100
2009-08-05,83.54000091552734,83.9800033569336,82.80999755859375,83.44999694824219,30.89275360107422,756000
2009-08-06,83.70999908447266,83.80000305175781,82.5999984741211,82.79000091552734,30.648466110229492,619500
2009-08-07,83.22000122070312,84.11000061035156,82.79000091552734,83.37000274658203,30.863161087036133,711300
2009-08-10,83.62999725341797,83.7699966430664,83.05999755859375,83.75,31.00385093688965,527800
2009-08-11,83.75,84.05000305175781,83.23999786376953,83.55000305175781,30.929790496826172,623000
2009-08-12,83.27999877929688,83.63999938964844,83.0,83.33999633789062,30.852041244506836,491400
2009-08-13,83.33999633789062,83.3499984741211,82.08000183105469,82.27999877929688,30.459632873535156,825300
2009-08-14,82.62000274658203,82.62000274658203,81.75,81.87000274658203,30.307836532592773,585500
2009-08-17,81.38999938964844,81.6500015258789,79.62999725341797,79.87000274658203,29.567485809326172,1160800
2009-08-18,80.55000305175781,81.38999938964844,80.0,81.25,30.078336715698242,639200
2009-08-19,81.13999938964844,81.58000183105469,80.5,81.58000183105469,30.200502395629883,501700
2009-08-20,81.66000366210938,81.83999633789062,81.26000213623047,81.33000183105469,30.107955932617188,601200
2009-08-21,81.69999694824219,82.44000244140625,81.5199966430664,82.44000244140625,30.518869400024414,570400
2009-08-24,82.4800033569336,82.5,81.72000122070312,82.01000213623047,30.359678268432617,874600
2009-08-25,82.37999725341797,82.37999725341797,81.80000305175781,82.0,30.35600471496582,565000
2009-08-26,82.33999633789062,82.44999694824219,81.97000122070312,82.31999969482422,30.474441528320312,476100
2009-08-27,82.55000305175781,82.63999938964844,81.87999725341797,81.9000015258789,30.3189754486084,968500
2009-08-28,82.5,82.5,82.12000274658203,82.30999755859375,30.470754623413086,595800
2009-08-31,82.4000015258789,82.5,82.0199966430664,82.31999969482422,30.474441528320312,498500
2009-09-01,81.68000030517578,81.68000030517578,80.5999984741211,80.8499984741211,30.188066482543945,742300
2009-09-02,80.8499984741211,80.88999938964844,80.0999984741211,80.41999816894531,30.02751350402832,698800
2009-09-03,80.69000244140625,81.08000183105469,80.44999694824219,80.94000244140625,30.2216796875,486000
2009-09-04,81.18000030517578,81.91000366210938,80.98999786376953,81.55999755859375,30.453163146972656,667000
2009-09-08,81.93000030517578,82.72000122070312,81.83000183105469,82.72000122070312,30.886301040649414,974200
2009-09-09,82.48999786376953,82.80000305175781,81.75,81.94000244140625,30.59507179260254,1454000
2009-09-10,82.37000274658203,83.25,82.0199966430664,83.20999908447266,31.069246292114258,695600
2009-09-11,83.55000305175781,84.13999938964844,83.2699966430664,84.0,31.364233016967773,607200
2009-09-14,84.06999969482422,84.1500015258789,83.51000213623047,84.0999984741211,31.40157699584961,579300
2009-09-15,84.37000274658203,84.72000122070312,84.12000274658203,84.69999694824219,31.625600814819336,1289500
2009-09-16,85.31999969482422,85.81999969482422,85.05000305175781,85.79000091552734,32.0325927734375,1143900
2009-09-17,85.79000091552734,85.94000244140625,85.16000366210938,85.94000244140625,32.088600158691406,733400
2009-09-18,85.72000122070312,86.05999755859375,84.86000061035156,85.69999694824219,31.99898338317871,565700
2009-09-21,85.5,85.75,84.93000030517578,85.75,32.01763153076172,510600
2009-09-22,86.0199966430664,86.12999725341797,85.5,85.6500015258789,31.980327606201172,413400
2009-09-23,85.9000015258789,86.36000061035156,85.80000305175781,85.91000366210938,32.07738494873047,464900
2009-09-24,86.30000305175781,86.48999786376953,85.70999908447266,86.06999969482422,32.137149810791016,774000
2009-09-25,86.0999984741211,86.37999725341797,85.44999694824219,85.79000091552734,32.0325927734375,454800
2009-09-28,86.1500015258789,86.54000091552734,85.36000061035156,86.47000122070312,32.28648376464844,455200
2009-09-29,86.44999694824219,86.48999786376953,86.19000244140625,86.37000274658203,32.24913787841797,693000
2009-09-30,86.3499984741211,86.69000244140625,85.94000244140625,86.3499984741211,32.241668701171875,688000
2009-10-01,85.36000061035156,85.41000366210938,83.38999938964844,83.38999938964844,31.392759323120117,3014800
2009-10-02,83.04000091552734,83.61000061035156,82.0,83.41999816894531,31.404052734375,1694100
2009-10-05,83.66999816894531,84.54000091552734,83.55000305175781,84.54000091552734,31.825698852539062,556200
2009-10-06,84.79000091552734,85.16999816894531,84.19999694824219,84.25,31.7165470123291,813300
2009-10-07,84.12000274658203,85.08000183105469,84.12000274658203,84.87000274658203,31.94992446899414,637400
2009-10-08,84.87000274658203,85.41999816894531,84.87000274658203,85.41000366210938,32.153228759765625,824700
2009-10-09,85.11000061035156,85.73999786376953,84.94999694824219,85.73999786376953,32.27744674682617,680100
2009-10-12,85.87000274658203,85.87999725341797,85.55000305175781,85.72000122070312,32.2699089050293,354200
2009-10-13,85.87000274658203,85.87000274658203,85.19000244140625,85.69999694824219,32.26237869262695,295500
2009-10-14,86.0,86.12000274658203,85.72000122070312,86.04000091552734,32.3903694152832,749900
2009-10-15,86.06999969482422,86.0999984741211,85.75,86.0199966430664,32.38285827636719,382100
2009-10-16,86.06999969482422,86.08999633789062,85.5999984741211,86.01000213623047,32.37907791137695,443100
2009-10-19,86.16999816894531,86.2699966430664,85.94999694824219,86.02999877929688,32.38661575317383,534700
2009-10-20,86.12999725341797,86.43000030517578,86.01000213623047,86.19000244140625,32.44685363769531,419300
2009-10-21,86.33000183105469,86.93000030517578,86.1500015258789,86.33999633789062,32.5033073425293,869100
2009-10-22,86.66999816894531,87.0,86.47000122070312,87.0,32.75178527832031,646200
2009-10-23,87.19999694824219,87.19999694824219,86.61000061035156,86.8499984741211,32.6953125,420200
2009-10-26,86.66000366210938,87.04000091552734,86.62000274658203,86.9000015258789,32.7141227722168,779800
2009-10-27,86.9000015258789,86.9000015258789,86.05000305175781,86.22000122070312,32.45811462402344,1527900
2009-10-28,86.37999725341797,86.4800033569336,84.79000091552734,84.80000305175781,31.923572540283203,1266000
2009-10-29,85.18000030517578,86.44999694824219,85.05000305175781,85.98999786376953,32.37153625488281,1350500
2009-10-30,86.0,86.20999908447266,84.87000274658203,85.18000030517578,32.06663513183594,1466000
2009-11-02,84.93000030517578,85.56999969482422,84.6500015258789,85.13999938964844,32.318294525146484,1437000
2009-11-03,84.58999633789062,85.58000183105469,84.58999633789062,85.33000183105469,32.39040756225586,1135400
2009-11-04,85.9000015258789,86.0,85.30000305175781,85.45999908447266,32.43975067138672,687800
2009-11-05,85.62999725341797,85.66000366210938,85.23999786376953,85.52999877929688,32.46631622314453,506800
2009-11-06,85.47000122070312,85.6500015258789,85.37000274658203,85.61000061035156,32.496700286865234,547700
2009-11-09,85.79000091552734,85.9800033569336,85.69999694824219,85.94999694824219,32.62575149536133,571400
2009-11-10,85.87000274658203,85.9800033569336,85.66000366210938,85.91999816894531,32.614376068115234,667800
2009-11-11,85.95999908447266,86.19999694824219,85.87999725341797,85.97000122070312,32.63337707519531,509500
2009-11-12,86.08999633789062,86.11000061035156,85.75,86.06999969482422,32.67130661010742,619900
2009-11-13,85.88999938964844,86.25,85.75,85.9000015258789,32.606781005859375,491100
2009-11-16,86.33000183105469,86.6500015258789,86.05000305175781,86.30000305175781,32.75861740112305,714900
2009-11-17,86.4800033569336,86.4800033569336,86.1500015258789,86.27999877929688,32.751033782958984,438400
2009-11-18,86.36000061035156,86.44000244140625,86.05999755859375,86.05999755859375,32.66753005981445,630200
2009-11-19,86.19999694824219,86.30000305175781,85.87000274658203,86.23999786376953,32.735843658447266,679700
2009-11-20,86.13999938964844,86.33999633789062,86.0,86.22000122070312,32.72823715209961,544200
2009-11-23,86.27999877929688,86.37000274658203,86.0999984741211,86.12999725341797,32.6940803527832,428600
2009-11-24,86.26000213623047,86.30000305175781,86.05000305175781,86.18000030517578,32.713077545166016,526800
2009-11-25,86.25,86.6500015258789,86.20999908447266,86.22000122070312,32.72823715209961,548900
2009-11-27,85.36000061035156,85.8499984741211,85.05000305175781,85.62000274658203,32.500511169433594,570000
2009-11-30,85.5999984741211,86.0999984741211,85.5999984741211,85.9000015258789,32.606781005859375,674100
2009-12-01,85.58999633789062,85.83000183105469,85.3499984741211,85.69999694824219,32.76812744140625,749100
2009-12-02,85.69999694824219,85.95999908447266,85.5999984741211,85.79000091552734,32.80255889892578,537400
2009-12-03,85.93000030517578,86.26000213623047,85.86000061035156,85.9000015258789,32.844608306884766,489600
2009-12-04,86.20999908447266,86.55999755859375,86.20999908447266,86.25,32.97843551635742,532000
2009-12-07,86.33999633789062,86.44000244140625,86.16000366210938,86.36000061035156,33.020484924316406,397200
2009-12-08,86.3499984741211,86.5,86.19000244140625,86.45999908447266,33.05874252319336,359000
2009-12-09,86.5199966430664,86.62999725341797,86.43000030517578,86.45999908447266,33.05874252319336,357000
2009-12-10,86.62000274658203,86.88999938964844,86.61000061035156,86.88999938964844,33.223148345947266,401000
2009-12-11,87.0,87.05999755859375,86.83999633789062,86.94000244140625,33.242271423339844,444100
2009-12-14,87.0,87.76000213623047,87.0,87.63999938964844,33.509910583496094,1132700
2009-12-15,87.5999984741211,87.69999694824219,87.26000213623047,87.55000305175781,33.47551727294922,417600
2009-12-16,87.75,87.79000091552734,87.30999755859375,87.75,33.551971435546875,621100
2009-12-17,87.5999984741211,87.77999877929688,87.48999786376953,87.69999694824219,33.532840728759766,350200
2009-12-18,87.77999877929688,87.83000183105469,87.61000061035156,87.6500015258789,33.51372528076172,281600
2009-12-21,87.80999755859375,87.94000244140625,87.6500015258789,87.91000366210938,33.6131591796875,646800
2009-12-22,88.0,88.12000274658203,87.87000274658203,88.0999984741211,33.68581008911133,432500
2009-12-23,88.1500015258789,88.44999694824219,88.12000274658203,88.30999755859375,33.7661018371582,440100
2009-12-24,88.38999938964844,88.7699966430664,88.30000305175781,88.63999938964844,33.89228820800781,188800
2009-12-28,88.7300033569336,88.80000305175781,88.25,88.37999725341797,33.79287338256836,532400
2009-12-29,87.8499984741211,87.9000015258789,87.30000305175781,87.33000183105469,33.61195755004883,494600
2009-12-30,87.5,87.77999877929688,87.43000030517578,87.69999694824219,33.75436782836914,421600
2009-12-31,87.83999633789062,87.9000015258789,87.58000183105469,87.83999633789062,33.80826187133789,346000
2010-01-04,88.0,88.52999877929688,88.0,88.52999877929688,34.07382583618164,1316800
2010-01-05,88.75,89.08000183105469,88.41999816894531,88.94999694824219,34.23545455932617,733000
2010-01-06,89.04000091552734,89.26000213623047,89.0,89.18000030517578,34.32401657104492,715700
2010-01-07,89.37999725341797,89.62999725341797,89.11000061035156,89.54000091552734,34.462547302246094,956000
2010-01-08,89.55999755859375,89.80999755859375,89.51000213623047,89.68000030517578,34.516448974609375,711400
2010-01-11,89.5,89.70999908447266,89.4800033569336,89.5999984741211,34.48565673828125,895800
2010-01-12,89.5,90.29000091552734,89.05000305175781,89.13999938964844,34.30861282348633,1133900
2010-01-13,89.0999984741211,89.41999816894531,89.0999984741211,89.33999633789062,34.385581970214844,868900
2010-01-14,89.44000244140625,89.4800033569336,89.20999908447266,89.44000244140625,34.4240837097168,394600
2010-01-15,89.5199966430664,89.5199966430664,88.98999786376953,89.08000183105469,34.28553009033203,835300
2010-01-19,89.0,89.19999694824219,88.97000122070312,89.12000274658203,34.300933837890625,796900
2010-01-20,89.1500015258789,89.20999908447266,88.86000061035156,88.98999786376953,34.25088119506836,588500
2010-01-21,89.16000366210938,89.16000366210938,87.5999984741211,87.5999984741211,33.71587371826172,1416800
2010-01-22,87.98999786376953,88.04000091552734,86.61000061035156,86.7699966430664,33.396453857421875,1394400
2010-01-25,87.23999786376953,87.44000244140625,86.75,86.9000015258789,33.44647216796875,711300
2010-01-26,87.19999694824219,87.43000030517578,86.9000015258789,87.01000213623047,33.488807678222656,576000
2010-01-27,86.95999908447266,87.41999816894531,86.91999816894531,87.04000091552734,33.50032424926758,876500
2010-01-28,87.11000061035156,87.23999786376953,86.55000305175781,86.66999816894531,33.3579216003418,833700
2010-01-29,87.2699966430664,87.2699966430664,86.22000122070312,86.2300033569336,33.188602447509766,1357000
2010-02-01,85.94999694824219,86.27999877929688,85.6500015258789,85.9800033569336,33.34882354736328,924700
2010-02-02,86.2699966430664,86.61000061035156,86.0,86.23999786376953,33.449642181396484,1238500
2010-02-03,86.4000015258789,86.70999908447266,86.22000122070312,86.68000030517578,33.62028884887695,641200
2010-02-04,86.30000305175781,86.3499984741211,85.37999725341797,85.44999694824219,33.14319610595703,1762600
2010-02-05,85.33000183105469,85.33000183105469,83.44999694824219,84.94999694824219,32.949275970458984,3261500
2010-02-08,84.80000305175781,85.12999725341797,84.38999938964844,84.58000183105469,32.80575942993164,1202400
2010-02-09,84.86000061035156,85.05000305175781,84.45999908447266,84.75,32.87171173095703,853800
2010-02-10,84.69999694824219,84.91999816894531,83.5999984741211,83.61000061035156,32.42952346801758,1463200
2010-02-11,83.91000366210938,84.41999816894531,83.38999938964844,83.94999694824219,32.561405181884766,1157700
2010-02-12,83.95999908447266,84.16999816894531,83.37999725341797,83.9000015258789,32.54201889038086,743100
2010-02-16,83.66999816894531,85.0199966430664,83.66999816894531,84.7300033569336,32.86396789550781,1061300
2010-02-17,85.16999816894531,85.47000122070312,85.12999725341797,85.37999725341797,33.116024017333984,1400200
2010-02-18,85.48999786376953,86.38999938964844,85.48999786376953,86.19000244140625,33.430240631103516,1153400
2010-02-19,86.37000274658203,86.77999877929688,86.30000305175781,86.7699966430664,33.65522003173828,1485600
2010-02-22,86.88999938964844,87.05999755859375,86.70999908447266,86.87999725341797,33.697837829589844,1596200
2010-02-23,87.0199966430664,87.0999984741211,85.94999694824219,86.25,33.45348358154297,1014900
2010-02-24,86.56999969482422,86.9800033569336,86.3499984741211,86.58000183105469,33.58149719238281,1047000
2010-02-25,86.27999877929688,86.6500015258789,86.0,86.58999633789062,33.58538818359375,503400
2010-02-26,86.75,87.22000122070312,86.66000366210938,87.16999816894531,33.810298919677734,697900
2010-03-01,86.69000244140625,86.77999877929688,86.5,86.58999633789062,33.836151123046875,1468800
2010-03-02,86.87999725341797,87.19999694824219,86.69000244140625,87.1500015258789,34.05495071411133,1291800
2010-03-03,87.27999877929688,87.37999725341797,87.08999633789062,87.23999786376953,34.090126037597656,986800
2010-03-04,87.43000030517578,87.43000030517578,87.08000183105469,87.30999755859375,34.11748123168945,641100
2010-03-05,87.58999633789062,87.83999633789062,87.29000091552734,87.83000183105469,34.3206672668457,975800
2010-03-08,87.97000122070312,88.0999984741211,87.79000091552734,87.8499984741211,34.32851791381836,937900
2010-03-09,87.81999969482422,88.2300033569336,87.80000305175781,88.2300033569336,34.47697830200195,630800
2010-03-10,88.0199966430664,88.30000305175781,88.0,88.26000213623047,34.48871994018555,640200
2010-03-11,88.16999816894531,88.25,88.0199966430664,88.18000030517578,34.45744705200195,488500
2010-03-12,88.19000244140625,88.37000274658203,88.1500015258789,88.19999694824219,34.465248107910156,636700
2010-03-15,88.20999908447266,88.25,87.93000030517578,88.0999984741211,34.42619323730469,471400
2010-03-16,88.22000122070312,88.4800033569336,87.98999786376953,88.4000015258789,34.543399810791016,923300
2010-03-17,88.47000122070312,88.63999938964844,88.33999633789062,88.4000015258789,34.543399810791016,918300
2010-03-18,88.4800033569336,88.63999938964844,88.41000366210938,88.52999877929688,34.5942268371582,637200
2010-03-19,88.08999633789062,88.5999984741211,87.97000122070312,88.08999633789062,34.42228317260742,674600
2010-03-22,87.94999694824219,88.5199966430664,87.80999755859375,88.51000213623047,34.586402893066406,759000
2010-03-23,88.5199966430664,88.5999984741211,88.33000183105469,88.5,34.58249282836914,699200
2010-03-24,88.4800033569336,88.58999633789062,88.3499984741211,88.44999694824219,34.562931060791016,430800
2010-03-25,88.63999938964844,88.80999755859375,88.51000213623047,88.66000366210938,34.64500427246094,1005200
2010-03-26,88.62000274658203,88.69999694824219,88.5,88.62999725341797,34.633296966552734,1312500
2010-03-29,88.73999786376953,88.76000213623047,88.69999694824219,88.73999786376953,34.67625045776367,546200
2010-03-30,88.75,88.87000274658203,88.55999755859375,88.6500015258789,34.64112091064453,605600
2010-03-31,88.56999969482422,88.5999984741211,87.80999755859375,88.37000274658203,34.53170394897461,1255400
2010-04-01,87.83999633789062,88.0,87.5,87.5,34.448246002197266,773100
2010-04-05,87.6500015258789,87.9800033569336,87.41000366210938,87.45999908447266,34.432491302490234,930200
2010-04-06,87.51000213623047,88.08000183105469,87.44999694824219,88.02999877929688,34.656898498535156,679100
2010-04-07,87.91000366210938,88.23999786376953,87.9000015258789,88.16000366210938,34.70806121826172,859000
2010-04-08,88.0999984741211,88.3499984741211,88.01000213623047,88.30999755859375,34.76711654663086,736100
2010-04-09,88.30000305175781,88.56999969482422,88.26000213623047,88.44000244140625,34.818302154541016,679800
2010-04-12,88.55000305175781,88.66000366210938,88.44000244140625,88.45999908447266,34.82617950439453,443300
2010-04-13,88.63999938964844,88.81999969482422,88.63999938964844,88.69999694824219,34.920650482177734,1162900
2010-04-14,88.9000015258789,89.0199966430664,88.80000305175781,88.94000244140625,35.01514434814453,857700
2010-04-15,89.0199966430664,89.47000122070312,88.91999816894531,89.18000030517578,35.10963821411133,1251000
2010-04-16,89.1500015258789,89.3499984741211,88.0999984741211,88.45999908447266,34.82617950439453,1334100
2010-04-19,88.26000213623047,88.48999786376953,88.05000305175781,88.29000091552734,34.75925827026367,757200
2010-04-20,88.66000366210938,90.33000183105469,88.51000213623047,89.23999786376953,35.13323974609375,1299400
2010-04-21,89.33999633789062,89.41000366210938,89.08999633789062,89.25,35.13720703125,553100
2010-04-22,89.22000122070312,89.22000122070312,88.77999877929688,88.98999786376953,35.03483200073242,250700
2010-04-23,89.0,89.5999984741211,88.87000274658203,89.56999969482422,35.26318359375,676000
2010-04-26,89.4000015258789,89.69999694824219,89.4000015258789,89.56999969482422,35.26318359375,440100
2010-04-27,89.56999969482422,89.7300033569336,88.37000274658203,88.44000244140625,34.818302154541016,1220700
2010-04-28,88.80000305175781,88.91999816894531,88.5,88.5,34.84189224243164,988000
2010-04-29,88.91000366210938,89.2300033569336,88.88999938964844,89.11000061035156,35.082088470458984,812200
2010-04-30,88.95999908447266,89.5199966430664,88.95999908447266,89.4000015258789,35.196231842041016,809800
2010-05-03,88.80000305175781,89.08999633789062,88.75,88.75,35.19226837158203,639000
2010-05-04,88.55999755859375,88.62999725341797,87.80999755859375,87.83999633789062,34.831424713134766,786100
2010-05-05,87.25,87.3499984741211,86.0999984741211,86.63999938964844,34.3556022644043,2567500
2010-05-06,86.27999877929688,86.51000213623047,78.95999908447266,84.48999786376953,33.5030403137207,6587300
2010-05-07,84.44999694824219,85.12000274658203,82.51000213623047,84.4800033569336,33.49906921386719,2584000
2010-05-10,86.88999938964844,87.4000015258789,85.61000061035156,86.05999755859375,34.12558364868164,1670100
2010-05-11,85.66999816894531,86.87999725341797,85.58000183105469,85.95999908447266,34.0859375,1524400
2010-05-12,86.5,87.02999877929688,86.43000030517578,87.01000213623047,34.502315521240234,1031200
2010-05-13,87.08999633789062,87.25,86.47000122070312,86.47000122070312,34.288177490234375,1151600
2010-05-14,86.20999908447266,86.45999908447266,85.36000061035156,85.97000122070312,34.08993148803711,1050700
2010-05-17,85.94999694824219,86.19000244140625,85.12000274658203,85.86000061035156,34.046295166015625,1120800
2010-05-18,86.31999969482422,86.45999908447266,85.41000366210938,85.68000030517578,33.974945068359375,1067400
2010-05-19,85.41000366210938,85.6500015258789,84.26000213623047,85.18000030517578,33.77665710449219,1565100
2010-05-20,83.88999938964844,83.88999938964844,81.33000183105469,82.63999938964844,32.769466400146484,3092800
2010-05-21,81.48999786376953,84.4000015258789,81.43000030517578,84.30000305175781,33.42771530151367,1815000
2010-05-24,84.0999984741211,85.19999694824219,83.98999786376953,84.43000030517578,33.4792366027832,1266200
2010-05-25,83.19999694824219,84.33000183105469,82.01000213623047,84.33000183105469,33.43960189819336,1507500
2010-05-26,84.63999938964844,85.05000305175781,83.19000244140625,83.31999969482422,33.03908920288086,1738300
2010-05-27,84.13999938964844,84.87999725341797,84.13999938964844,84.47000122070312,33.4951171875,828500
2010-05-28,84.79000091552734,84.83999633789062,84.31999969482422,84.61000061035156,33.550628662109375,1253900
2010-06-01,83.61000061035156,84.3499984741211,83.37000274658203,83.56999969482422,33.39198684692383,770300
2010-06-02,83.93000030517578,84.13999938964844,83.69999694824219,84.0,33.56378936767578,1414500
2010-06-03,84.22000122070312,84.4000015258789,83.70999908447266,84.02999877929688,33.5757942199707,877200
2010-06-04,83.51000213623047,84.1500015258789,83.33000183105469,83.55999755859375,33.388004302978516,1439000
2010-06-07,83.47000122070312,84.2699966430664,82.9800033569336,82.9800033569336,33.15626525878906,992900
2010-06-08,83.5199966430664,83.5199966430664,82.55000305175781,83.11000061035156,33.20819854736328,1085200
2010-06-09,83.30000305175781,83.44999694824219,83.01000213623047,83.29000091552734,33.280128479003906,1081900
2010-06-10,83.61000061035156,84.13999938964844,83.37000274658203,84.13999938964844,33.61976623535156,588200
2010-06-11,83.69000244140625,84.27999877929688,83.58999633789062,84.26000213623047,33.66769790649414,468300
2010-06-14,84.3499984741211,84.69999694824219,84.25,84.37000274658203,33.71165084838867,843100
2010-06-15,84.6500015258789,85.43000030517578,84.55999755859375,85.19000244140625,34.03927993774414,1387200
2010-06-16,84.98999786376953,85.31999969482422,84.80000305175781,85.26000213623047,34.06727600097656,1877200
2010-06-17,85.5,85.94000244140625,85.36000061035156,85.9000015258789,34.322998046875,1097000
2010-06-18,85.9800033569336,86.33000183105469,85.93000030517578,86.2699966430664,34.47084426879883,734300
2010-06-21,86.7699966430664,86.81999969482422,86.47000122070312,86.58000183105469,34.59470748901367,1094400
2010-06-22,86.5,86.5999984741211,85.62000274658203,85.95999908447266,34.34695816040039,1011000
2010-06-23,86.02999877929688,86.08999633789062,85.29000091552734,85.9000015258789,34.322998046875,882300
2010-06-24,85.72000122070312,85.7699966430664,85.19999694824219,85.30999755859375,34.08724594116211,613600
2010-06-25,85.62999725341797,85.73999786376953,85.25,85.69999694824219,34.24309539794922,536500
2010-06-28,85.81999969482422,86.19999694824219,85.66999816894531,85.88999938964844,34.319007873535156,682200
2010-06-29,85.56999969482422,85.58000183105469,84.52999877929688,85.02999877929688,33.975372314453125,1354400
2010-06-30,84.8499984741211,85.12000274658203,84.51000213623047,84.9000015258789,33.92344284057617,1111300
2010-07-01,84.45999908447266,84.72000122070312,83.45999908447266,84.68000030517578,34.08562469482422,2044000
2010-07-02,84.55999755859375,85.1500015258789,84.5,84.69999694824219,34.09370803833008,880400
2010-07-06,85.20999908447266,85.41000366210938,84.86000061035156,85.37000274658203,34.36338424682617,1176600
2010-07-07,85.37999725341797,86.4800033569336,85.19999694824219,86.4000015258789,34.77799606323242,1173900
2010-07-08,86.66000366210938,86.83999633789062,86.12000274658203,86.80000305175781,34.93900680541992,1525200
2010-07-09,86.80000305175781,86.80000305175781,86.47000122070312,86.5999984741211,34.858482360839844,778800
2010-07-12,86.70999908447266,86.72000122070312,85.86000061035156,86.52999877929688,34.830299377441406,786500
2010-07-13,86.75,87.3499984741211,86.5199966430664,87.19999694824219,35.10000228881836,1464900
2010-07-14,87.05000305175781,87.26000213623047,86.87999725341797,87.12000274658203,35.06780242919922,640400
2010-07-15,86.95999908447266,87.30000305175781,86.91999816894531,87.25,35.1201286315918,565900
2010-07-16,87.19000244140625,87.20999908447266,86.4800033569336,86.72000122070312,34.90679931640625,1215300
2010-07-19,86.9800033569336,87.22000122070312,86.7300033569336,87.01000213623047,35.023521423339844,556000
2010-07-20,87.0,88.16000366210938,86.86000061035156,87.70999908447266,35.3052864074707,2442800
2010-07-21,88.08000183105469,88.44000244140625,87.37000274658203,87.66999816894531,35.2891960144043,1376100
2010-07-22,87.94999694824219,88.45999908447266,87.94999694824219,88.44999694824219,35.6031379699707,809300
2010-07-23,88.38999938964844,88.8499984741211,88.04000091552734,88.8499984741211,35.76416015625,985400
2010-07-26,88.80000305175781,88.95999908447266,88.47000122070312,88.88999938964844,35.78026580810547,887200
2010-07-27,88.98999786376953,89.0999984741211,88.4800033569336,88.7699966430664,35.731956481933594,887100
2010-07-28,88.87999725341797,88.94999694824219,88.5199966430664,88.58000183105469,35.65546798706055,603100
2010-07-29,88.87999725341797,88.93000030517578,88.58000183105469,88.8499984741211,35.76416015625,628800
2010-07-30,88.5999984741211,88.87000274658203,88.3499984741211,88.62000274658203,35.67157745361328,1038700
2010-08-02,88.38999938964844,88.55000305175781,88.19999694824219,88.4800033569336,35.85758972167969,1021600
2010-08-03,88.16999816894531,88.62999725341797,88.08999633789062,88.4800033569336,35.85758972167969,1705900
2010-08-04,88.58000183105469,88.58999633789062,88.29000091552734,88.43000030517578,35.837337493896484,1844200
2010-08-05,88.33999633789062,88.41000366210938,88.1500015258789,88.38999938964844,35.82113265991211,708100
2010-08-06,88.33999633789062,88.38999938964844,87.87000274658203,88.37000274658203,35.81301498413086,830300
2010-08-09,88.58999633789062,88.58999633789062,88.08999633789062,88.20999908447266,35.74818420410156,1266200
2010-08-10,88.2300033569336,88.30000305175781,87.94999694824219,88.18000030517578,35.736019134521484,1271500
2010-08-11,87.58999633789062,87.69999694824219,86.9000015258789,87.02999877929688,35.26995849609375,1558600
2010-08-12,86.6500015258789,87.13999938964844,86.19999694824219,86.7300033569336,35.148399353027344,1261600
2010-08-13,86.97000122070312,87.33000183105469,86.6500015258789,87.11000061035156,35.302406311035156,776300
2010-08-16,86.98999786376953,87.47000122070312,86.9800033569336,87.22000122070312,35.34696960449219,1087600
2010-08-17,87.55000305175781,87.77999877929688,87.47000122070312,87.55000305175781,35.48073196411133,860800
2010-08-18,87.5999984741211,87.76000213623047,87.5,87.69999694824219,35.54149627685547,717000
2010-08-19,87.69999694824219,87.80999755859375,87.27999877929688,87.5199966430664,35.468544006347656,882800
2010-08-20,87.5199966430664,87.7699966430664,87.45999908447266,87.7300033569336,35.553646087646484,557700
2010-08-23,87.80000305175781,87.80999755859375,87.56999969482422,87.7300033569336,35.553646087646484,633300
2010-08-24,87.51000213623047,87.56999969482422,87.25,87.2699966430664,35.36722183227539,1000800
2010-08-25,87.19999694824219,87.31999969482422,86.79000091552734,87.1500015258789,35.31861877441406,788400
2010-08-26,87.22000122070312,87.44000244140625,86.80000305175781,87.02999877929688,35.26995849609375,1012400
2010-08-27,87.19999694824219,87.43000030517578,86.91000366210938,87.0199966430664,35.26591873168945,1302000
2010-08-30,87.02999877929688,87.43000030517578,87.02999877929688,87.18000030517578,35.33076477050781,620800
2010-08-31,87.19999694824219,87.37999725341797,87.0999984741211,87.1500015258789,35.31861877441406,1154800
2010-09-01,86.91000366210938,87.45999908447266,86.88999938964844,87.45999908447266,35.70026397705078,1697900
2010-09-02,87.5199966430664,87.61000061035156,87.33999633789062,87.5999984741211,35.757408142089844,603900
2010-09-03,87.7300033569336,87.86000061035156,87.4800033569336,87.86000061035156,35.863548278808594,999600
2010-09-07,87.68000030517578,87.73999786376953,87.3499984741211,87.7300033569336,35.810455322265625,883500
2010-09-08,87.7300033569336,87.86000061035156,87.66000366210938,87.75,35.81864547729492,835500
2010-09-09,88.12999725341797,88.12999725341797,87.83000183105469,88.0999984741211,35.96150588989258,789300
2010-09-10,88.2300033569336,88.37000274658203,88.0199966430664,88.33000183105469,36.055389404296875,957600
2010-09-13,88.58000183105469,88.81999969482422,88.44999694824219,88.79000091552734,36.24312973022461,1103500
2010-09-14,88.77999877929688,88.77999877929688,88.5199966430664,88.7699966430664,36.2349739074707,658700
2010-09-15,88.47000122070312,88.73999786376953,88.47000122070312,88.69000244140625,36.20234298706055,570800
2010-09-16,88.73999786376953,88.9000015258789,88.6500015258789,88.83999633789062,36.263572692871094,751400
2010-09-17,89.05000305175781,89.05000305175781,88.9000015258789,89.0,36.3288688659668,922800
2010-09-20,89.0999984741211,89.22000122070312,89.05000305175781,89.13999938964844,36.386024475097656,631900
2010-09-21,89.2300033569336,89.2300033569336,88.87000274658203,88.98999786376953,36.32477569580078,810900
2010-09-22,89.0999984741211,89.0999984741211,88.62000274658203,88.62999725341797,36.177852630615234,832700
2010-09-23,88.5,88.5199966430664,88.25,88.4000015258789,36.0839729309082,758800
2010-09-24,88.52999877929688,88.88999938964844,88.52999877929688,88.75,36.22682189941406,917200
2010-09-27,88.93000030517578,89.08000183105469,88.83999633789062,88.9000015258789,36.28805923461914,615900
2010-09-28,89.16000366210938,89.16000366210938,88.80000305175781,89.02999877929688,36.341102600097656,1038800
2010-09-29,89.19999694824219,89.41000366210938,89.11000061035156,89.23999786376953,36.42683029174805,826600
2010-09-30,89.4800033569336,89.73999786376953,89.2300033569336,89.69000244140625,36.61052322387695,2290800
2010-10-01,89.20999908447266,89.33000183105469,88.98999786376953,89.22000122070312,36.65857696533203,837800
2010-10-04,89.27999877929688,89.27999877929688,88.88999938964844,88.91000366210938,36.53123092651367,2490600
2010-10-05,89.25,89.31999969482422,89.05999755859375,89.2300033569336,36.6627082824707,993500
2010-10-06,89.22000122070312,89.33000183105469,89.05000305175781,89.1500015258789,36.62983703613281,1990200
2010-10-07,89.3499984741211,89.5,89.12999725341797,89.33000183105469,36.70378875732422,1371700
2010-10-08,89.45999908447266,89.68000030517578,89.36000061035156,89.62999725341797,36.82704162597656,1524800
2010-10-11,89.66000366210938,89.88999938964844,89.62999725341797,89.81999969482422,36.90513610839844,644900
2010-10-12,89.7699966430664,89.94999694824219,89.66999816894531,89.73999786376953,36.872257232666016,855200
2010-10-13,89.93000030517578,90.25,89.81999969482422,90.04000091552734,36.99552917480469,880300
2010-10-14,90.12000274658203,90.12999725341797,89.55000305175781,89.61000061035156,36.81884002685547,994400
2010-10-15,89.79000091552734,90.0,89.73999786376953,89.83999633789062,36.913368225097656,524200
2010-10-18,89.94999694824219,90.0999984741211,89.72000122070312,89.72000122070312,36.864036560058594,516300
2010-10-19,89.79000091552734,89.94999694824219,89.68000030517578,89.70999908447266,36.859928131103516,601800
2010-10-20,89.81999969482422,90.0199966430664,89.63999938964844,89.98999786376953,36.97496032714844,965600
2010-10-21,90.08999633789062,90.12000274658203,89.8499984741211,89.8499984741211,36.91745376586914,521000
2010-10-22,90.06999969482422,90.27999877929688,90.01000213623047,90.26000213623047,37.08591079711914,418000
2010-10-25,90.47000122070312,90.7699966430664,90.44999694824219,90.61000061035156,37.229736328125,1051500
2010-10-26,90.58999633789062,90.7699966430664,90.55000305175781,90.75,37.28723907470703,568100
2010-10-27,90.69999694824219,90.80000305175781,90.52999877929688,90.6500015258789,37.24617004394531,910700
2010-10-28,90.88999938964844,90.9000015258789,90.55000305175781,90.69999694824219,37.26670455932617,1078600
2010-10-29,90.80999755859375,90.9000015258789,90.66000366210938,90.73999786376953,37.28311538696289,898000
2010-11-01,90.30000305175781,90.4000015258789,89.94999694824219,89.97000122070312,37.21321487426758,921400
2010-11-02,90.19999694824219,90.41999816894531,90.06999969482422,90.41000366210938,37.395225524902344,859800
2010-11-03,90.44999694824219,90.80000305175781,90.33999633789062,90.70999908447266,37.519317626953125,1301600
2010-11-04,91.06999969482422,91.97000122070312,91.05999755859375,91.88999938964844,38.00736999511719,1495800
2010-11-05,91.77999877929688,91.88999938964844,91.5199966430664,91.79000091552734,37.96604537963867,1281500
2010-11-08,91.69999694824219,91.79000091552734,91.44999694824219,91.5199966430664,37.854339599609375,1178800
2010-11-09,91.69000244140625,91.69000244140625,91.0999984741211,91.26000213623047,37.74679946899414,705400
2010-11-10,91.25,91.25,90.4800033569336,90.51000213623047,37.43658447265625,1250800
2010-11-11,90.44000244140625,90.52999877929688,89.80999755859375,90.1500015258789,37.28770065307617,1051000
2010-11-12,90.13999938964844,90.25,89.81999969482422,89.81999969482422,37.15119934082031,1088500
2010-11-15,90.16999816894531,90.19999694824219,89.58999633789062,89.6500015258789,37.080867767333984,1071300
2010-11-16,89.58000183105469,89.69999694824219,88.48999786376953,88.66000366210938,36.67139434814453,1674100
2010-11-17,89.25,89.37000274658203,89.0,89.11000061035156,36.857521057128906,1827000
2010-11-18,89.81999969482422,90.23999786376953,89.58000183105469,90.23999786376953,37.32492446899414,1197000
2010-11-19,90.0,90.20999908447266,89.83999633789062,90.20999908447266,37.312503814697266,592000
2010-11-22,89.76000213623047,89.94999694824219,89.54000091552734,89.58000183105469,37.05192947387695,424600
2010-11-23,89.37999725341797,89.37999725341797,88.31999969482422,88.3499984741211,36.54317092895508,1975700
2010-11-24,88.56999969482422,89.0199966430664,88.56999969482422,88.87999725341797,36.76239776611328,690700
2010-11-26,88.7699966430664,88.87000274658203,88.51000213623047,88.55999755859375,36.63002014160156,365000
2010-11-29,88.51000213623047,89.0199966430664,88.4800033569336,88.79000091552734,36.725154876708984,598300
2010-11-30,88.58999633789062,89.12000274658203,88.41999816894531,88.98999786376953,36.80788803100586,1459300
2010-12-01,88.9800033569336,89.25,88.79000091552734,89.22000122070312,37.148502349853516,1710800
2010-12-02,89.26000213623047,89.31999969482422,89.0,89.2699966430664,37.16926956176758,775600
2010-12-03,89.19999694824219,89.44999694824219,89.16000366210938,89.41999816894531,37.231773376464844,1621000
2010-12-06,89.41999816894531,89.41999816894531,89.2300033569336,89.37000274658203,37.21089553833008,776300
2010-12-07,89.81999969482422,89.91000366210938,89.66999816894531,89.83000183105469,37.40245819091797,946300
2010-12-08,89.7300033569336,90.0,89.41000366210938,89.54000091552734,37.28169631958008,1216200
2010-12-09,89.66999816894531,89.66999816894531,89.33999633789062,89.3499984741211,37.20258712768555,457200
2010-12-10,89.5,89.61000061035156,89.30999755859375,89.38999938964844,37.21926498413086,613100
2010-12-13,89.4000015258789,89.56999969482422,88.81999969482422,88.94000244140625,37.03189468383789,1176600
2010-12-14,89.4000015258789,89.4000015258789,88.87999725341797,89.37999725341797,37.215087890625,1366900
2010-12-15,89.4000015258789,89.4000015258789,88.91000366210938,89.02999877929688,37.06935119628906,566500
2010-12-16,88.9000015258789,89.36000061035156,88.77999877929688,89.36000061035156,37.206783294677734,498600
2010-12-17,89.3499984741211,89.52999877929688,89.2300033569336,89.48999786376953,37.26091003417969,989700
2010-12-20,89.62999725341797,89.6500015258789,89.5,89.6500015258789,37.327510833740234,587700
2010-12-21,89.80999755859375,89.88999938964844,89.66000366210938,89.83999633789062,37.406612396240234,785400
2010-12-22,89.8499984741211,90.13999938964844,89.7699966430664,90.08999633789062,37.510711669921875,803000
2010-12-23,90.1500015258789,90.25,90.12000274658203,90.18000030517578,37.548194885253906,560500
2010-12-27,90.31999969482422,90.36000061035156,90.12000274658203,90.25,37.577335357666016,590800
2010-12-28,89.87000274658203,89.9000015258789,89.54000091552734,89.7300033569336,37.601219177246094,575100
2010-12-29,89.83999633789062,90.05999755859375,89.72000122070312,90.02999877929688,37.726932525634766,535700
2010-12-30,90.13999938964844,90.13999938964844,89.95999908447266,90.12999725341797,37.76884841918945,335400
2010-12-31,90.12999725341797,90.30999755859375,90.05000305175781,90.29000091552734,37.83588409423828,715700
2011-01-03,90.29000091552734,90.70999908447266,90.2699966430664,90.36000061035156,37.865230560302734,1448800
2011-01-04,90.55999755859375,90.77999877929688,90.4800033569336,90.7699966430664,38.037025451660156,1077800
2011-01-05,90.63999938964844,91.01000213623047,90.62999725341797,91.0,38.133399963378906,2537800
2011-01-06,91.04000091552734,91.12000274658203,90.69000244140625,91.11000061035156,38.179508209228516,2046600
2011-01-07,91.12000274658203,91.12000274658203,90.69999694824219,90.76000213623047,38.03285598754883,917900
2011-01-10,90.61000061035156,90.7300033569336,90.56999969482422,90.69000244140625,38.00351333618164,517400
2011-01-11,90.91000366210938,91.08999633789062,90.8499984741211,91.04000091552734,38.15019989013672,493300
2011-01-12,91.05000305175781,91.33000183105469,91.05000305175781,91.2300033569336,38.22978210449219,609600
2011-01-13,91.23999786376953,91.44999694824219,91.16999816894531,91.20999908447266,38.221405029296875,1563900
2011-01-14,91.3499984741211,91.4000015258789,91.23999786376953,91.36000061035156,38.284244537353516,912500
2011-01-18,91.5,91.5,91.25,91.3499984741211,38.280086517333984,1186800
2011-01-19,91.2699966430664,91.38999938964844,91.05999755859375,91.06999969482422,38.16273880004883,1073200
2011-01-20,91.06999969482422,91.12999725341797,90.76000213623047,90.88999938964844,38.08733367919922,766000
2011-01-21,90.9800033569336,91.33999633789062,90.9800033569336,91.26000213623047,38.24237823486328,681100
2011-01-24,91.29000091552734,91.44999694824219,91.29000091552734,91.38999938964844,38.296852111816406,697300
2011-01-25,91.43000030517578,91.52999877929688,91.33000183105469,91.52999877929688,38.35550308227539,686400
2011-01-26,91.63999938964844,91.72000122070312,91.52999877929688,91.72000122070312,38.43513107299805,985500
2011-01-27,91.7699966430664,91.8499984741211,91.69000244140625,91.83999633789062,38.48540496826172,679400
2011-01-28,91.87999725341797,91.88999938964844,91.2699966430664,91.29000091552734,38.25493621826172,2015100
2011-01-31,91.52999877929688,91.77999877929688,91.36000061035156,91.77999877929688,38.46027374267578,1183200
2011-02-01,91.30999755859375,91.44999694824219,91.20999908447266,91.37000274658203,38.53574752807617,944600
2011-02-02,91.48999786376953,91.51000213623047,91.37000274658203,91.47000122070312,38.57793426513672,550400
2011-02-03,91.4800033569336,91.55999755859375,91.2699966430664,91.47000122070312,38.57793426513672,1240800
2011-02-04,91.69999694824219,91.88999938964844,91.5199966430664,91.87000274658203,38.746681213378906,1667600
2011-02-07,92.01000213623047,92.05000305175781,91.79000091552734,92.04000091552734,38.818336486816406,2260600
2011-02-08,92.12000274658203,92.16000366210938,92.0,92.13999938964844,38.86054611206055,2632400
2011-02-09,92.13999938964844,92.13999938964844,91.62000274658203,91.62000274658203,38.64118576049805,936900
2011-02-10,91.5999984741211,91.91000366210938,91.5,91.72000122070312,38.683372497558594,801800
2011-02-11,91.87000274658203,91.94999694824219,91.62999725341797,91.94999694824219,38.7803840637207,586700
2011-02-14,91.86000061035156,92.0199966430664,91.86000061035156,92.0199966430664,38.8099250793457,660000
2011-02-15,92.05999755859375,92.05999755859375,91.7699966430664,91.83999633789062,38.73398971557617,1109100
2011-02-16,92.01000213623047,92.08999633789062,91.87000274658203,91.87000274658203,38.746681213378906,1378100
2011-02-17,92.0,92.0999984741211,91.95999908447266,92.08000183105469,38.835235595703125,658800
2011-02-18,92.18000030517578,92.37000274658203,92.11000061035156,92.36000061035156,38.95330047607422,870300
2011-02-22,92.19000244140625,92.23999786376953,91.58999633789062,91.5999984741211,38.63276290893555,1305600
2011-02-23,91.62999725341797,91.83000183105469,91.58999633789062,91.69000244140625,38.670738220214844,1062700
2011-02-24,91.8499984741211,91.91000366210938,91.70999908447266,91.76000213623047,38.700252532958984,857300
2011-02-25,91.80999755859375,92.08000183105469,91.77999877929688,92.04000091552734,38.818336486816406,1907800
2011-02-28,92.13999938964844,92.52999877929688,91.9800033569336,92.5,39.01234817504883,4044100
2011-03-01,91.97000122070312,91.9800033569336,91.68000030517578,91.77999877929688,38.9525032043457,1692100
2011-03-02,91.75,91.87999725341797,91.69999694824219,91.86000061035156,38.986454010009766,1271400
2011-03-03,91.91000366210938,92.22000122070312,91.91000366210938,92.19000244140625,39.126487731933594,1615300
2011-03-04,92.19000244140625,92.20999908447266,91.93000030517578,92.0,39.04588317871094,1057200
2011-03-07,92.12999725341797,92.13999938964844,91.91999816894531,92.0199966430664,39.05437469482422,1086800
2011-03-08,92.0,92.05999755859375,91.91000366210938,91.94000244140625,39.020408630371094,971400
2011-03-09,91.95999908447266,92.01000213623047,91.6500015258789,91.68000030517578,38.91006851196289,1241700
2011-03-10,91.73999786376953,91.80000305175781,91.16999816894531,91.19999694824219,38.70631790161133,1098400
2011-03-11,91.11000061035156,91.3499984741211,91.05999755859375,91.18000030517578,38.69786834716797,1023500
2011-03-14,91.08999633789062,91.26000213623047,90.76000213623047,90.80999755859375,38.54081344604492,1643400
2011-03-15,89.9000015258789,90.48999786376953,89.5,90.33999633789062,38.34136962890625,1598300
2011-03-16,90.36000061035156,90.62000274658203,89.72000122070312,89.77999877929688,38.103668212890625,2882900
2011-03-17,90.22000122070312,90.76000213623047,90.22000122070312,90.75,38.51534652709961,1634200
2011-03-18,91.13999938964844,91.47000122070312,91.0199966430664,91.18000030517578,38.69786834716797,1300400
2011-03-21,91.48999786376953,91.77999877929688,91.41000366210938,91.73999786376953,38.935523986816406,943800
2011-03-22,91.62000274658203,91.83000183105469,91.52999877929688,91.79000091552734,38.956729888916016,2285400
2011-03-23,91.69000244140625,91.81999969482422,91.52999877929688,91.68000030517578,38.91006851196289,749400
2011-03-24,91.76000213623047,91.8499984741211,91.6500015258789,91.76000213623047,38.94402313232422,923100
2011-03-25,91.83999633789062,91.86000061035156,91.76000213623047,91.79000091552734,38.956729888916016,478500
2011-03-28,91.9000015258789,91.9000015258789,91.69000244140625,91.81999969482422,38.96947479248047,844000
2011-03-29,91.69999694824219,91.91000366210938,91.68000030517578,91.87000274658203,38.99070739746094,1010700
2011-03-30,91.94999694824219,92.05999755859375,91.75,92.01000213623047,39.05013656616211,1868800
2011-03-31,92.02999877929688,92.02999877929688,91.87000274658203,91.95999908447266,39.02892303466797,924100
2011-04-01,91.38999938964844,91.52999877929688,91.27999877929688,91.27999877929688,38.98191452026367,1322400
2011-04-04,91.44000244140625,91.86000061035156,91.3499984741211,91.83999633789062,39.22107696533203,3254100
2011-04-05,91.63999938964844,91.91000366210938,91.63999938964844,91.73999786376953,39.17835235595703,1338100
2011-04-06,91.91000366210938,91.9800033569336,91.83999633789062,91.94000244140625,39.26378631591797,835300
2011-04-07,91.93000030517578,92.06999969482422,91.91999816894531,92.02999877929688,39.30220413208008,1156700
2011-04-08,92.08999633789062,92.12000274658203,91.91000366210938,92.02999877929688,39.30220413208008,1168900
2011-04-11,92.08000183105469,92.16999816894531,91.93000030517578,91.94000244140625,39.26378631591797,1045900
2011-04-12,91.9800033569336,91.9800033569336,91.62000274658203,91.6500015258789,39.139949798583984,940100
2011-04-13,91.87000274658203,92.08999633789062,91.83000183105469,92.08999633789062,39.327842712402344,1128100
2011-04-14,92.0,92.0199966430664,91.63999938964844,91.72000122070312,39.16981887817383,1538700
2011-04-15,91.8499984741211,91.9000015258789,91.76000213623047,91.83999633789062,39.22107696533203,658300
2011-04-18,91.69999694824219,91.69999694824219,91.41999816894531,91.5199966430664,39.08442306518555,1736400
2011-04-19,91.63999938964844,91.86000061035156,91.61000061035156,91.83999633789062,39.22107696533203,1020800
2011-04-20,92.0,92.2300033569336,91.91000366210938,92.19000244140625,39.37054443359375,716400
2011-04-21,92.31999969482422,92.43000030517578,92.11000061035156,92.41000366210938,39.46449279785156,632000
2011-04-25,92.44999694824219,92.44999694824219,92.30000305175781,92.30999755859375,39.42179870605469,978700
2011-04-26,92.44999694824219,92.5199966430664,92.33000183105469,92.5199966430664,39.511474609375,575400
2011-04-27,92.48999786376953,92.58000183105469,92.4800033569336,92.58000183105469,39.53710174560547,738800
2011-04-28,92.58000183105469,92.66000366210938,92.55000305175781,92.62999725341797,39.55845642089844,697600
2011-04-29,92.76000213623047,92.8499984741211,92.68000030517578,92.8499984741211,39.65240478515625,799000
2011-05-02,92.30999755859375,92.41999816894531,92.20999908447266,92.2300033569336,39.6322021484375,848700
2011-05-03,92.41999816894531,92.43000030517578,92.0999984741211,92.25,39.640785217285156,977700
2011-05-04,92.37999725341797,92.37999725341797,92.12000274658203,92.22000122070312,39.6279182434082,959400
2011-05-05,92.22000122070312,92.22000122070312,91.79000091552734,91.83999633789062,39.46461486816406,1300000
2011-05-06,92.11000061035156,92.44999694824219,92.11000061035156,92.30999755859375,39.666587829589844,968900
2011-05-09,92.38999938964844,92.51000213623047,92.29000091552734,92.43000030517578,39.71815872192383,620500
2011-05-10,92.33000183105469,92.62999725341797,92.33000183105469,92.62999725341797,39.80406951904297,723600
2011-05-11,92.69000244140625,92.7300033569336,92.37000274658203,92.48999786376953,39.74393844604492,595200
2011-05-12,92.47000122070312,92.58000183105469,92.26000213623047,92.58000183105469,39.782596588134766,1129800
2011-05-13,92.5999984741211,92.5999984741211,92.19999694824219,92.19999694824219,39.61931610107422,1053400
2011-05-16,92.26000213623047,92.47000122070312,92.26000213623047,92.37999725341797,39.696685791015625,540400
2011-05-17,92.37000274658203,92.58999633789062,92.11000061035156,92.54000091552734,39.765411376953125,1674000
2011-05-18,92.4800033569336,92.66000366210938,92.43000030517578,92.6500015258789,39.81267547607422,813000
2011-05-19,92.66999816894531,92.66999816894531,92.51000213623047,92.61000061035156,39.79549026489258,715900
2011-05-20,92.61000061035156,92.61000061035156,92.41000366210938,92.54000091552734,39.765411376953125,538900
2011-05-23,92.26000213623047,92.3499984741211,92.08000183105469,92.0999984741211,39.57634735107422,1204800
2011-05-24,92.30999755859375,92.37000274658203,91.93000030517578,91.94999694824219,39.51189041137695,808100
2011-05-25,92.02999877929688,92.05000305175781,91.9000015258789,91.94999694824219,39.51189041137695,1407900
2011-05-26,91.97000122070312,92.0,91.87000274658203,91.87000274658203,39.4775390625,787900
2011-05-27,91.94999694824219,92.26000213623047,91.9000015258789,92.1500015258789,39.597862243652344,1225700
2011-05-31,92.4000015258789,92.45999908447266,92.26000213623047,92.4000015258789,39.70526123046875,1848000
2011-06-01,91.76000213623047,91.88999938964844,91.1500015258789,91.30000305175781,39.47439193725586,2091600
2011-06-02,91.36000061035156,91.4000015258789,91.19999694824219,91.23999786376953,39.44845199584961,1177000
2011-06-03,90.95999908447266,91.08000183105469,90.81999969482422,90.87999725341797,39.292789459228516,1141100
2011-06-06,90.94000244140625,91.01000213623047,90.56999969482422,90.66000366210938,39.19767761230469,1660100
2011-06-07,90.9000015258789,90.93000030517578,90.54000091552734,90.58999633789062,39.16740036010742,995500
2011-06-08,90.55999755859375,90.58000183105469,90.13999938964844,90.16000366210938,38.98152160644531,1642600
2011-06-09,90.20999908447266,90.44000244140625,90.12000274658203,90.22000122070312,39.00741958618164,1480700
2011-06-10,90.2699966430664,90.3499984741211,89.44000244140625,89.62999725341797,38.7523193359375,3870000
2011-06-13,89.75,89.98999786376953,89.29000091552734,89.29000091552734,38.6053466796875,2015400
2011-06-14,89.97000122070312,90.0199966430664,89.80000305175781,89.8499984741211,38.84746551513672,1253000
2011-06-15,89.58000183105469,89.8499984741211,89.37000274658203,89.47000122070312,38.68313980102539,1319400
2011-06-16,89.41000366210938,89.69999694824219,87.62999725341797,87.87999725341797,37.99570083618164,7149900
2011-06-17,88.88999938964844,89.18000030517578,88.30000305175781,88.8499984741211,38.415096282958984,3486900
2011-06-20,88.94999694824219,89.56999969482422,88.94000244140625,89.47000122070312,38.68313980102539,1555600
2011-06-21,89.62000274658203,90.08000183105469,89.55999755859375,90.06999969482422,38.94257354736328,2212000
2011-06-22,89.9000015258789,90.04000091552734,89.41000366210938,89.41999816894531,38.66154098510742,1667400
2011-06-23,89.25,90.0,88.83000183105469,89.9000015258789,38.86909484863281,2999800
2011-06-24,90.05000305175781,90.05000305175781,89.33000183105469,89.47000122070312,38.68313980102539,1416400
2011-06-27,89.51000213623047,89.5999984741211,89.36000061035156,89.44999694824219,38.674530029296875,1137600
2011-06-28,89.69999694824219,89.80999755859375,89.62000274658203,89.80999755859375,38.83015823364258,1477500
2011-06-29,90.0999984741211,90.75,89.94999694824219,90.69999694824219,39.2149543762207,1752700
2011-06-30,90.69999694824219,91.5999984741211,90.69999694824219,91.30999755859375,39.478702545166016,2514300
2011-07-01,91.38999938964844,91.44999694824219,90.83999633789062,91.20999908447266,39.688446044921875,1749800
2011-07-05,91.05999755859375,91.33999633789062,90.91000366210938,91.33000183105469,39.74065399169922,2253200
2011-07-06,90.98999786376953,91.37999725341797,90.91999816894531,91.37000274658203,39.758052825927734,1969400
2011-07-07,91.58000183105469,91.7300033569336,91.30999755859375,91.7300033569336,39.914710998535156,2662100
2011-07-08,91.16000366210938,91.5199966430664,91.13999938964844,91.4800033569336,39.80592727661133,1771000
2011-07-11,91.01000213623047,91.12999725341797,90.55000305175781,90.58000183105469,39.41429901123047,1967100
2011-07-12,90.5199966430664,90.66000366210938,90.31999969482422,90.33000183105469,39.30549621582031,1407200
2011-07-13,90.5999984741211,91.06999969482422,90.54000091552734,91.02999877929688,39.610107421875,1056800
2011-07-14,90.87000274658203,91.5,90.80999755859375,90.9800033569336,39.588356018066406,823300
2011-07-15,91.16999816894531,91.16999816894531,90.88999938964844,90.94999694824219,39.57529830932617,688800
2011-07-18,90.75,91.0,90.51000213623047,90.79000091552734,39.505680084228516,2103500
2011-07-19,90.77999877929688,91.2300033569336,90.70999908447266,91.19999694824219,39.68407440185547,894100
2011-07-20,91.41000366210938,91.41000366210938,91.19999694824219,91.27999877929688,39.7188835144043,878500
2011-07-21,91.44999694824219,91.7699966430664,91.3499984741211,91.72000122070312,39.91032409667969,936300
2011-07-22,91.5999984741211,91.86000061035156,91.54000091552734,91.83999633789062,39.96257781982422,670000
2011-07-25,91.55000305175781,91.73999786376953,91.33999633789062,91.3499984741211,39.74934768676758,1050600
2011-07-26,91.44000244140625,91.63999938964844,91.33000183105469,91.54000091552734,39.83204650878906,570200
2011-07-27,91.5199966430664,91.58000183105469,90.81999969482422,90.81999969482422,39.51873016357422,1158100
2011-07-28,90.91999816894531,91.18000030517578,90.83000183105469,90.95999908447266,39.57965850830078,689700
2011-07-29,90.4800033569336,91.08000183105469,90.41000366210938,91.05000305175781,39.61880874633789,1199100
2011-08-01,90.79000091552734,91.01000213623047,90.25,90.69999694824219,39.7067985534668,907000
2011-08-02,90.48999786376953,90.5,89.56999969482422,89.58000183105469,39.21649932861328,1286700
2011-08-03,89.61000061035156,89.95999908447266,88.80999755859375,89.52999877929688,39.194610595703125,2361600
2011-08-04,89.0,89.3499984741211,86.91000366210938,86.94999694824219,38.06510925292969,3396500
2011-08-05,87.44000244140625,88.12999725341797,84.61000061035156,86.86000061035156,38.0257453918457,4671900
2011-08-08,83.87000274658203,85.86000061035156,82.33000183105469,83.16000366210938,36.40591812133789,6491600
2011-08-09,84.25,85.69999694824219,83.05000305175781,85.69999694824219,37.517913818359375,5124100
2011-08-10,85.1500015258789,85.29000091552734,83.88999938964844,84.25,36.88311767578125,3395000
2011-08-11,83.66000366210938,85.91000366210938,83.66000366210938,85.77999877929688,37.55292510986328,2916900
2011-08-12,85.9800033569336,86.20999908447266,85.02999877929688,85.37999725341797,37.37779998779297,2273600
2011-08-15,85.97000122070312,86.88999938964844,85.68000030517578,86.7699966430664,37.986331939697266,3280700
2011-08-16,86.52999877929688,86.77999877929688,86.12000274658203,86.22000122070312,37.74552917480469,2712000
2011-08-17,86.62999725341797,87.18000030517578,86.5999984741211,87.16999816894531,38.16144561767578,1668900
2011-08-18,86.18000030517578,86.2300033569336,85.11000061035156,86.11000061035156,37.69740295410156,2342700
2011-08-19,85.2699966430664,86.58000183105469,85.08999633789062,85.36000061035156,37.3690299987793,1879400
2011-08-22,86.0,86.36000061035156,85.3499984741211,85.45999908447266,37.41283416748047,1681100
2011-08-23,85.27999877929688,86.23999786376953,84.69999694824219,86.0999984741211,37.693016052246094,2588800
2011-08-24,85.5,86.05999755859375,85.19000244140625,85.70999908447266,37.52228927612305,2550900
2011-08-25,86.22000122070312,86.45999908447266,85.0,85.0199966430664,37.22020721435547,1678800
2011-08-26,85.05000305175781,86.05000305175781,84.30000305175781,85.87999725341797,37.596710205078125,1629000
2011-08-29,86.47000122070312,86.8499984741211,86.18000030517578,86.75,37.9775505065918,2082100
2011-08-30,86.61000061035156,86.95999908447266,86.48999786376953,86.91000366210938,38.0475959777832,1774500
2011-08-31,87.79000091552734,88.37999725341797,87.56999969482422,88.02999877929688,38.537933349609375,3213700
2011-09-01,87.48999786376953,87.61000061035156,87.2300033569336,87.41000366210938,38.5128173828125,1624000
2011-09-02,86.56999969482422,87.55999755859375,86.56999969482422,87.0,38.33216857910156,1814600
2011-09-06,85.76000213623047,86.30000305175781,85.5199966430664,85.97000122070312,37.87835693359375,3004100
2011-09-07,86.58999633789062,86.76000213623047,86.11000061035156,86.38999938964844,38.06340026855469,916900
2011-09-08,86.55999755859375,86.8499984741211,86.38999938964844,86.66000366210938,38.1823616027832,1533100
2011-09-09,86.55000305175781,86.80000305175781,85.62999725341797,85.87999725341797,37.83870315551758,1978400
2011-09-12,85.30999755859375,85.45999908447266,84.80999755859375,85.13999938964844,37.512657165527344,2110000
2011-09-13,85.33999633789062,86.0,85.13999938964844,85.79000091552734,37.79904556274414,2331900
2011-09-14,86.06999969482422,86.55999755859375,85.66000366210938,86.36000061035156,38.050193786621094,1648300
2011-09-15,86.55999755859375,86.95999908447266,86.37000274658203,86.94000244140625,38.305728912353516,1534000
2011-09-16,87.1500015258789,87.1500015258789,86.5999984741211,86.88999938964844,38.28369903564453,1217200
2011-09-19,86.73999786376953,86.93000030517578,86.37999725341797,86.76000213623047,38.22642135620117,1251000
2011-09-20,86.91999816894531,87.08000183105469,86.56999969482422,86.9000015258789,38.28812789916992,1509100
2011-09-21,86.9000015258789,87.08000183105469,86.13999938964844,86.1500015258789,37.95769500732422,2524900
2011-09-22,85.16999816894531,85.5199966430664,84.77999877929688,84.9800033569336,37.442161560058594,2295700
2011-09-23,84.7300033569336,85.62000274658203,84.69999694824219,85.20999908447266,37.543487548828125,2251300
2011-09-26,85.38999938964844,86.37999725341797,85.01000213623047,85.52999877929688,37.684471130371094,2451400
2011-09-27,86.04000091552734,86.04000091552734,85.5,85.62999725341797,37.72853469848633,3481300
2011-09-28,85.58000183105469,85.5999984741211,84.51000213623047,84.66999816894531,37.30557632446289,2696800
2011-09-29,85.0,85.27999877929688,84.36000061035156,84.51000213623047,37.235084533691406,1643100
2011-09-30,83.9800033569336,83.9800033569336,82.7300033569336,82.83000183105469,36.49485778808594,2510700
2011-10-03,81.91999816894531,82.45999908447266,81.30000305175781,81.30000305175781,36.05494689941406,2560600
2011-10-04,80.61000061035156,81.18000030517578,77.9000015258789,81.05000305175781,35.94407653808594,4870500
2011-10-05,81.43000030517578,82.11000061035156,80.7300033569336,82.04000091552734,36.383094787597656,2563800
2011-10-06,82.29000091552734,83.31999969482422,81.9000015258789,83.30999755859375,36.94633483886719,2317200
2011-10-07,83.77999877929688,83.80000305175781,82.66999816894531,83.37999725341797,36.97737121582031,2686900
2011-10-10,84.37999725341797,85.18000030517578,83.87000274658203,85.16999816894531,37.771202087402344,2014300
2011-10-11,85.02999877929688,85.02999877929688,84.18000030517578,84.2300033569336,37.35433578491211,2278800
2011-10-12,84.7699966430664,86.27999877929688,84.41999816894531,86.19000244140625,38.22356414794922,4223000
2011-10-13,85.83999633789062,86.0199966430664,85.11000061035156,85.83000183105469,38.06391906738281,3361300
2011-10-14,86.30999755859375,86.45999908447266,86.0,86.43000030517578,38.329994201660156,2760400
2011-10-17,86.0199966430664,86.06999969482422,85.7300033569336,85.93000030517578,38.10825729370117,1904100
2011-10-18,85.91999816894531,86.58000183105469,85.43000030517578,86.38999938964844,38.31224822998047,2890000
2011-10-19,86.55000305175781,87.22000122070312,86.05999755859375,86.11000061035156,38.18806838989258,3574500
2011-10-20,86.4000015258789,86.87999725341797,86.19999694824219,86.87000274658203,38.52510452270508,1759800
2011-10-21,87.44999694824219,87.94000244140625,87.25,87.91999816894531,38.990779876708984,2405600
2011-10-24,88.0,90.4800033569336,87.8499984741211,90.30000305175781,40.0462532043457,5630300
2011-10-25,89.41000366210938,89.83000183105469,88.66000366210938,88.69999694824219,39.3366813659668,4506500
2011-10-26,89.5,89.5,88.44999694824219,89.08000183105469,39.50520706176758,2839500
2011-10-27,90.73999786376953,91.41999816894531,90.0,90.38999938964844,40.086158752441406,5132100
2011-10-28,90.16000366210938,90.19999694824219,89.83999633789062,90.12000274658203,39.96641540527344,2820700
2011-10-31,89.66000366210938,89.66999816894531,89.19999694824219,89.27999877929688,39.5938835144043,2972600
2011-11-01,87.52999877929688,88.12000274658203,86.75,87.16999816894531,38.88728332519531,3132800
2011-11-02,87.62999725341797,88.18000030517578,87.45999908447266,88.0,39.2575569152832,1812500
2011-11-03,88.69000244140625,88.98999786376953,88.12000274658203,88.87000274658203,39.645652770996094,1409900
2011-11-04,88.37999725341797,88.86000061035156,88.06999969482422,88.77999877929688,39.605525970458984,3759500
2011-11-07,88.7300033569336,88.79000091552734,88.0199966430664,88.4800033569336,39.47167205810547,1756000
2011-11-08,88.75,88.81999969482422,88.33000183105469,88.68000030517578,39.560890197753906,1823800
2011-11-09,87.70999908447266,87.97000122070312,86.80000305175781,86.80000305175781,38.72220993041992,2151500
2011-11-10,87.56999969482422,87.70999908447266,86.87000274658203,86.88999938964844,38.76235580444336,2487700
2011-11-11,87.4000015258789,88.11000061035156,87.33000183105469,88.04000091552734,39.275390625,1270200
2011-11-14,87.87999725341797,87.87999725341797,87.0,87.44999694824219,39.0121955871582,1603100
2011-11-15,87.30999755859375,87.4000015258789,86.9000015258789,87.22000122070312,38.909584045410156,1450000
2011-11-16,86.97000122070312,87.12000274658203,86.3499984741211,86.37000274658203,38.5303955078125,1788500
2011-11-17,86.51000213623047,86.7699966430664,85.52999877929688,85.94999694824219,38.343021392822266,2131700
2011-11-18,86.27999877929688,86.30999755859375,85.79000091552734,85.88999938964844,38.316253662109375,2226100
2011-11-21,85.79000091552734,85.91999816894531,84.81999969482422,84.91999816894531,37.88352584838867,3219000
2011-11-22,84.9000015258789,85.13999938964844,84.19000244140625,84.2699966430664,37.59355163574219,4123400
2011-11-23,84.01000213623047,84.19999694824219,82.62999725341797,82.75,36.915470123291016,4483000
2011-11-25,82.98999786376953,83.69000244140625,82.52999877929688,82.75,36.915470123291016,1476200
2011-11-28,84.52999877929688,84.91999816894531,84.0199966430664,84.5999984741211,37.74077606201172,2455000
2011-11-29,84.91999816894531,85.1500015258789,84.62000274658203,85.1500015258789,37.986148834228516,2010300
2011-11-30,86.30000305175781,86.68000030517578,86.06999969482422,86.5999984741211,38.63301467895508,2944100
2011-12-01,86.0,86.5199966430664,85.83999633789062,86.43000030517578,38.80316162109375,2442000
2011-12-02,86.69000244140625,87.0,86.43000030517578,86.91999816894531,39.02313232421875,2664700
2011-12-05,87.44000244140625,87.63999938964844,87.12000274658203,87.41000366210938,39.24312973022461,2719200
2011-12-06,87.37000274658203,87.86000061035156,87.12999725341797,87.80000305175781,39.41822052001953,2355600
2011-12-07,87.58000183105469,87.68000030517578,87.19000244140625,87.5199966430664,39.29250717163086,1740600
2011-12-08,87.38999938964844,87.5199966430664,86.94000244140625,86.94999694824219,39.036598205566406,1994200
2011-12-09,87.0999984741211,87.75,87.0,87.69999694824219,39.37333297729492,1355900
2011-12-12,87.37999725341797,87.37999725341797,87.05000305175781,87.2300033569336,39.16230010986328,1772000
2011-12-13,87.51000213623047,87.70999908447266,86.87000274658203,86.9000015258789,39.014156341552734,1742400
2011-12-14,86.93000030517578,86.9800033569336,86.47000122070312,86.75,38.94681930541992,1317700
2011-12-15,87.33999633789062,87.3499984741211,86.93000030517578,87.05999755859375,39.085968017578125,1562200
2011-12-16,87.25,87.51000213623047,87.0,87.47000122070312,39.27006912231445,1383900
2011-12-19,87.54000091552734,87.94999694824219,87.3499984741211,87.36000061035156,39.220672607421875,2268000
2011-12-20,87.94000244140625,88.5199966430664,87.86000061035156,88.44999694824219,39.71006393432617,1957100
2011-12-21,88.20999908447266,88.69999694824219,88.0999984741211,88.69999694824219,39.822269439697266,1792300
2011-12-22,88.62999725341797,89.16000366210938,88.45999908447266,89.04000091552734,39.97491455078125,1885800
2011-12-23,88.98999786376953,89.51000213623047,88.87000274658203,89.44999694824219,40.158966064453125,1255200
2011-12-27,89.02999877929688,89.30000305175781,88.80000305175781,89.2699966430664,40.319332122802734,2282000
2011-12-28,89.41000366210938,89.48999786376953,88.76000213623047,88.8499984741211,40.12961959838867,1899200
2011-12-29,89.0999984741211,89.44000244140625,88.86000061035156,89.37999725341797,40.3690299987793,1558600
2011-12-30,89.37000274658203,89.6500015258789,89.26000213623047,89.43000030517578,40.3916015625,1553400
2012-01-03,89.81999969482422,89.98999786376953,89.44999694824219,89.72000122070312,40.5225715637207,3118800
2012-01-04,89.69999694824219,89.70999908447266,89.11000061035156,89.56999969482422,40.454837799072266,3010000
2012-01-05,89.54000091552734,89.58000183105469,88.98999786376953,89.18000030517578,40.27867126464844,2579700
2012-01-06,89.38999938964844,89.38999938964844,88.75,88.9000015258789,40.15221405029297,1916400
2012-01-09,88.91000366210938,89.2300033569336,88.91000366210938,89.0199966430664,40.20640182495117,2157800
2012-01-10,89.4000015258789,89.4800033569336,89.19999694824219,89.33000183105469,40.34644317626953,2318000
2012-01-11,89.2699966430664,89.33000183105469,89.04000091552734,89.23999786376953,40.30576705932617,1191100
2012-01-12,89.23999786376953,89.44000244140625,89.04000091552734,89.12000274658203,40.2515869140625,1558100
2012-01-13,89.06999969482422,89.12999725341797,88.55000305175781,89.0199966430664,40.20640182495117,1929400
2012-01-17,89.37999725341797,89.37999725341797,89.05999755859375,89.19999694824219,40.28771209716797,4144200
2012-01-18,89.20999908447266,89.45999908447266,88.94999694824219,89.44999694824219,40.400604248046875,2725800
2012-01-19,89.72000122070312,89.8499984741211,89.45999908447266,89.58000183105469,40.45934295654297,2953000
2012-01-20,89.61000061035156,89.73999786376953,89.54000091552734,89.58000183105469,40.45934295654297,2037500
2012-01-23,89.7699966430664,90.0199966430664,89.66000366210938,89.88999938964844,40.599334716796875,1680100
2012-01-24,89.88999938964844,90.16999816894531,89.72000122070312,90.12000274658203,40.7032356262207,2863800
2012-01-25,90.30000305175781,91.0,89.91999816894531,90.91000366210938,41.06003952026367,3882800
2012-01-26,91.30000305175781,91.4800033569336,90.91999816894531,91.12999725341797,41.1594123840332,6487500
2012-01-27,91.01000213623047,91.18000030517578,90.80000305175781,90.80000305175781,41.01035690307617,2431100
2012-01-30,90.45999908447266,90.7300033569336,90.3499984741211,90.51000213623047,40.8793830871582,2553000
2012-01-31,90.75,90.87000274658203,90.52999877929688,90.73999786376953,40.98324203491211,2864400
2012-02-01,90.27999877929688,90.72000122070312,90.27999877929688,90.4000015258789,41.05910110473633,4284200
2012-02-02,90.58999633789062,90.62000274658203,90.41000366210938,90.45999908447266,41.08637619018555,2079600
2012-02-03,91.22000122070312,91.23999786376953,90.58000183105469,90.72000122070312,41.20446014404297,2312900
2012-02-06,90.63999938964844,90.76000213623047,90.5,90.73999786376953,41.21352005004883,2270500
2012-02-07,90.79000091552734,90.98999786376953,90.66999816894531,90.91999816894531,41.29530334472656,2467000
2012-02-08,91.04000091552734,91.08999633789062,90.80999755859375,91.0,41.33161163330078,3336000
2012-02-09,91.05999755859375,91.08999633789062,90.66999816894531,91.04000091552734,41.34980010986328,3258700
2012-02-10,90.58000183105469,90.62000274658203,90.25,90.25,40.99098205566406,2909600
2012-02-13,90.5,90.72000122070312,90.33000183105469,90.51000213623047,41.10905838012695,2193100
2012-02-14,90.45999908447266,90.6500015258789,90.38999938964844,90.51000213623047,41.10905838012695,3000100
2012-02-15,90.52999877929688,90.7699966430664,90.19999694824219,90.22000122070312,40.97734832763672,1986600
2012-02-16,90.22000122070312,90.62000274658203,89.98999786376953,90.5999984741211,41.14995193481445,2514100
2012-02-17,90.83999633789062,90.86000061035156,90.44999694824219,90.56999969482422,41.13632583618164,2402700
2012-02-21,90.68000030517578,91.08999633789062,90.6500015258789,90.91000366210938,41.290733337402344,2265100
2012-02-22,91.02999877929688,91.25,90.97000122070312,91.19999694824219,41.422447204589844,3570600
2012-02-23,91.26000213623047,91.73999786376953,91.19999694824219,91.52999877929688,41.57233810424805,3212300
2012-02-24,91.55000305175781,91.8499984741211,91.4800033569336,91.80999755859375,41.69951629638672,1795500
2012-02-27,91.58999633789062,91.94999694824219,91.58999633789062,91.83000183105469,41.70861053466797,1608100
2012-02-28,91.9000015258789,92.12000274658203,91.8499984741211,92.01000213623047,41.79037094116211,2813200
2012-02-29,92.0999984741211,92.26000213623047,91.7699966430664,92.12999725341797,41.844852447509766,3085800
2012-03-01,91.6500015258789,91.83999633789062,91.5,91.75,41.91657257080078,3802800
2012-03-02,91.7300033569336,91.7300033569336,91.33999633789062,91.37000274658203,41.743019104003906,1709000
2012-03-05,91.44999694824219,91.4800033569336,90.8499984741211,90.86000061035156,41.50999069213867,2333700
2012-03-06,90.54000091552734,90.73999786376953,89.6500015258789,89.6500015258789,40.95719528198242,5792700
2012-03-07,89.93000030517578,90.01000213623047,89.63999938964844,89.9000015258789,41.071414947509766,5840700
2012-03-08,90.25,90.62000274658203,90.04000091552734,90.5999984741211,41.39118957519531,2249700
2012-03-09,90.69000244140625,90.94000244140625,90.62999725341797,90.69999694824219,41.43690490722656,2531300
2012-03-12,90.62000274658203,90.72000122070312,90.5,90.69999694824219,41.43690490722656,2153000
2012-03-13,90.9800033569336,91.36000061035156,90.76000213623047,91.36000061035156,41.73839569091797,2890700
2012-03-14,91.30999755859375,91.3499984741211,90.66999816894531,91.12999725341797,41.63333511352539,2928800
2012-03-15,91.19999694824219,91.19999694824219,90.73999786376953,90.81999969482422,41.49171829223633,1726800
2012-03-16,90.91000366210938,91.0,90.30000305175781,90.48999786376953,41.3409423828125,3570300
2012-03-19,90.48999786376953,90.86000061035156,90.33000183105469,90.83000183105469,41.496299743652344,2283900
2012-03-20,90.76000213623047,90.91999816894531,90.61000061035156,90.76000213623047,41.46430587768555,2756600
2012-03-21,90.93000030517578,90.93000030517578,90.44999694824219,90.47000122070312,41.331809997558594,3280100
2012-03-22,90.44999694824219,90.77999877929688,90.43000030517578,90.69000244140625,41.43231964111328,3500900
2012-03-23,90.66000366210938,90.75,90.4000015258789,90.5,41.34553909301758,3465200
2012-03-26,90.62000274658203,91.05999755859375,90.56999969482422,91.05000305175781,41.59678649902344,2081200
2012-03-27,91.01000213623047,91.30999755859375,90.94000244140625,91.20999908447266,41.669864654541016,4196700
2012-03-28,91.25,91.25,90.7699966430664,90.91000366210938,41.532833099365234,2803700
2012-03-29,90.81999969482422,90.94999694824219,90.5999984741211,90.9000015258789,41.52825164794922,2158600
2012-03-30,90.97000122070312,91.06999969482422,90.58999633789062,90.72000122070312,41.4460334777832,4020300
2012-04-02,90.36000061035156,90.47000122070312,90.19999694824219,90.33000183105469,41.51726150512695,5883800
2012-04-03,90.30999755859375,90.5199966430664,90.23999786376953,90.25,41.480491638183594,4099700
2012-04-04,89.97000122070312,90.0999984741211,89.79000091552734,89.91999816894531,41.32884216308594,2297600
2012-04-05,89.87000274658203,89.9000015258789,89.58999633789062,89.69999694824219,41.22768783569336,3658900
2012-04-09,89.52999877929688,89.56999969482422,89.13999938964844,89.23999786376953,41.01628112792969,2692500
2012-04-10,89.2699966430664,89.43000030517578,88.72000122070312,88.80000305175781,40.81406021118164,4471100
2012-04-11,89.23999786376953,89.38999938964844,89.06999969482422,89.33999633789062,41.0622673034668,2003700
2012-04-12,89.41999816894531,90.20999908447266,89.33999633789062,90.13999938964844,41.429954528808594,2753500
2012-04-13,90.11000061035156,90.19999694824219,89.79000091552734,89.8499984741211,41.29666519165039,2767400
2012-04-16,90.04000091552734,90.16999816894531,89.70999908447266,89.98999786376953,41.36102294921875,3804300
2012-04-17,90.26000213623047,90.48999786376953,90.1500015258789,90.37999725341797,41.54023361206055,2787400
2012-04-18,90.23999786376953,90.45999908447266,90.19000244140625,90.3499984741211,41.526451110839844,3322600
2012-04-19,90.31999969482422,90.48999786376953,90.08000183105469,90.18000030517578,41.44833755493164,2597800
2012-04-20,90.45999908447266,90.45999908447266,90.11000061035156,90.31999969482422,41.51267623901367,2241500
2012-04-23,90.0199966430664,90.16000366210938,89.8499984741211,90.12999725341797,41.42535400390625,2850700
2012-04-24,90.2300033569336,90.33999633789062,90.0999984741211,90.33999633789062,41.52186584472656,2049300
2012-04-25,90.56999969482422,91.0,90.45999908447266,91.0,41.82522201538086,3351000
2012-04-26,91.0,91.13999938964844,90.95999908447266,91.05999755859375,41.85279846191406,2641100
2012-04-27,91.13999938964844,91.1500015258789,90.9000015258789,91.0199966430664,41.83440399169922,2413000
2012-04-30,91.02999877929688,91.22000122070312,90.80000305175781,91.19999694824219,41.91712951660156,3989000
2012-05-01,90.8499984741211,91.16999816894531,90.7300033569336,90.76000213623047,41.949039459228516,3624600
2012-05-02,90.66000366210938,91.18000030517578,90.5999984741211,91.11000061035156,42.110782623291016,2040700
2012-05-03,91.19999694824219,91.25,90.94999694824219,91.05000305175781,42.08308029174805,1871900
2012-05-04,90.94000244140625,91.08000183105469,90.80000305175781,90.87000274658203,41.99985122680664,2381400
2012-05-07,90.83999633789062,91.23999786376953,90.61000061035156,91.0199966430664,42.06920623779297,1906100
2012-05-08,90.88999938964844,91.06999969482422,90.72000122070312,91.0,42.059967041015625,1688900
2012-05-09,90.7699966430664,90.86000061035156,90.44000244140625,90.68000030517578,41.91204071044922,3146800
2012-05-10,90.9800033569336,91.02999877929688,90.5199966430664,90.58000183105469,41.86582946777344,3354000
2012-05-11,90.54000091552734,91.1500015258789,90.4800033569336,90.80999755859375,41.972164154052734,2765200
2012-05-14,90.5,90.56999969482422,90.0,90.13999938964844,41.662479400634766,4544000
2012-05-15,90.0999984741211,90.18000030517578,89.69999694824219,89.69999694824219,41.45906448364258,5242100
2012-05-16,89.80999755859375,90.05000305175781,88.79000091552734,88.81999969482422,41.05238723754883,6224400
2012-05-17,88.81999969482422,88.83000183105469,87.37000274658203,87.58999633789062,40.483863830566406,8867800
2012-05-18,88.01000213623047,88.29000091552734,87.4800033569336,87.58999633789062,40.483863830566406,6525600
2012-05-21,87.69000244140625,88.55999755859375,87.68000030517578,88.5,40.90446472167969,4276900
2012-05-22,88.76000213623047,89.11000061035156,88.37999725341797,88.48999786376953,40.89985656738281,3675300
2012-05-23,88.29000091552734,88.68000030517578,87.94999694824219,88.4000015258789,40.85824966430664,4320900
2012-05-24,88.25,88.6500015258789,88.25,88.41999816894531,40.86751174926758,2183000
2012-05-25,88.56999969482422,88.63999938964844,88.08999633789062,88.13999938964844,40.73808288574219,1651500
2012-05-29,88.52999877929688,89.25,88.44999694824219,89.11000061035156,41.18642044067383,4380300
2012-05-30,88.7300033569336,88.80999755859375,88.52999877929688,88.70999908447266,41.001529693603516,2543300
2012-05-31,88.80000305175781,88.80000305175781,87.75,87.7699966430664,40.56705856323242,10706100
2012-06-01,86.58000183105469,87.16000366210938,86.36000061035156,86.47000122070312,40.21451950073242,5945600
2012-06-04,86.54000091552734,86.8499984741211,86.43000030517578,86.54000091552734,40.2470817565918,3125700
2012-06-05,86.54000091552734,87.37999725341797,86.44999694824219,87.08999633789062,40.502864837646484,2970100
2012-06-06,87.48999786376953,88.04000091552734,87.30999755859375,88.0199966430664,40.935394287109375,2334800
2012-06-07,88.5,88.73999786376953,88.04000091552734,88.3499984741211,41.0888786315918,5454300
2012-06-08,88.33000183105469,88.9000015258789,88.19000244140625,88.69000244140625,41.24699020385742,3738100
2012-06-11,88.9000015258789,88.98999786376953,88.0999984741211,88.11000061035156,40.97725296020508,5266700
2012-06-12,88.41000366210938,88.81999969482422,88.26000213623047,88.7300033569336,41.265625,3648400
2012-06-13,88.5999984741211,88.91999816894531,88.26000213623047,88.47000122070312,41.14466857910156,3527200
2012-06-14,88.48999786376953,89.23999786376953,88.43000030517578,89.12999725341797,41.45161819458008,3874100
2012-06-15,89.0,89.37999725341797,89.0,89.29000091552734,41.52605438232422,2683200
2012-06-18,89.08999633789062,89.33999633789062,89.0,89.31999969482422,41.53999710083008,3628200
2012-06-19,89.69000244140625,90.11000061035156,89.33999633789062,89.94999694824219,41.832977294921875,2809100
2012-06-20,90.18000030517578,90.33999633789062,89.81999969482422,90.30000305175781,41.995750427246094,3719000
2012-06-21,90.4000015258789,90.69999694824219,89.41999816894531,89.55999755859375,41.65161895751953,4843700
2012-06-22,89.87000274658203,90.27999877929688,89.8499984741211,90.16999816894531,41.93528747558594,3211700
2012-06-25,89.80999755859375,90.05000305175781,89.66999816894531,90.02999877929688,41.87019729614258,3385600
2012-06-26,90.11000061035156,90.12000274658203,89.66000366210938,89.9000015258789,41.80973434448242,2357900
2012-06-27,90.05999755859375,90.45999908447266,90.05999755859375,90.44000244140625,42.060890197753906,1918000
2012-06-28,90.19000244140625,90.48999786376953,90.08000183105469,90.43000030517578,42.05622100830078,3068700
2012-06-29,90.9800033569336,91.29000091552734,90.77999877929688,91.29000091552734,42.456172943115234,3394900
2012-07-02,90.80000305175781,90.87000274658203,90.4000015258789,90.87000274658203,42.50202560424805,3810700
2012-07-03,90.94999694824219,91.26000213623047,90.83000183105469,91.19999694824219,42.65635681152344,1987500
2012-07-05,91.0,91.41000366210938,90.72000122070312,91.20999908447266,42.661048889160156,2221300
2012-07-06,90.73999786376953,91.12999725341797,90.69999694824219,91.08999633789062,42.604888916015625,2612400
2012-07-09,90.98999786376953,91.23999786376953,90.88999938964844,91.12000274658203,42.61893844604492,1916600
2012-07-10,91.19999694824219,91.33999633789062,90.5999984741211,90.72000122070312,42.43183898925781,1832600
2012-07-11,90.86000061035156,91.08000183105469,90.63999938964844,91.01000213623047,42.56748962402344,3188700
2012-07-12,90.93000030517578,90.95999908447266,90.45999908447266,90.80999755859375,42.47395706176758,1989100
2012-07-13,90.91000366210938,91.12999725341797,90.76000213623047,91.08999633789062,42.604888916015625,2316400
2012-07-16,90.69000244140625,91.02999877929688,90.66000366210938,90.73999786376953,42.44119644165039,2178900
2012-07-17,91.0,91.19000244140625,90.69000244140625,91.16999816894531,42.64232635498047,4036500
2012-07-18,91.12999725341797,91.55000305175781,91.08999633789062,91.55000305175781,42.82008743286133,3958600
2012-07-19,91.51000213623047,91.88999938964844,91.4800033569336,91.77999877929688,42.92761993408203,4718200
2012-07-20,91.51000213623047,91.61000061035156,91.2300033569336,91.3499984741211,42.72650146484375,2733500
2012-07-23,90.83999633789062,91.29000091552734,90.58000183105469,91.19999694824219,42.65635681152344,4561700
2012-07-24,91.12000274658203,91.16000366210938,90.56999969482422,90.63999938964844,42.39441680908203,3447700
2012-07-25,90.88999938964844,90.93000030517578,90.44000244140625,90.44999694824219,42.305580139160156,2891000
2012-07-26,90.88999938964844,91.41999816894531,90.83000183105469,91.37999725341797,42.74052047729492,4330900
2012-07-27,91.37000274658203,91.94000244140625,91.37000274658203,91.91999816894531,42.993125915527344,5556800
2012-07-30,91.9000015258789,91.94999694824219,91.6500015258789,91.91999816894531,42.993125915527344,3889700
2012-07-31,91.94999694824219,91.98999786376953,91.54000091552734,91.69999694824219,42.89024353027344,3530800
2012-08-01,91.41000366210938,91.69000244140625,91.1500015258789,91.69000244140625,43.12302017211914,3598100
2012-08-02,91.45999908447266,91.58999633789062,91.1500015258789,91.31999969482422,42.94903564453125,4516600
2012-08-03,91.5999984741211,91.9000015258789,91.56999969482422,91.69999694824219,43.12773513793945,4602000
2012-08-06,91.6500015258789,91.98999786376953,91.63999938964844,91.63999938964844,43.09950637817383,2864400
2012-08-07,91.81999969482422,91.9000015258789,91.36000061035156,91.45999908447266,43.01486587524414,3680600
2012-08-08,91.58000183105469,91.70999908447266,91.4800033569336,91.5199966430664,43.043052673339844,3162100
2012-08-09,91.62000274658203,91.66000366210938,91.37999725341797,91.52999877929688,43.04777526855469,2975600
2012-08-10,91.41999816894531,91.58000183105469,91.30999755859375,91.44999694824219,43.010135650634766,1533600
2012-08-13,91.41000366210938,91.5,91.25,91.5,43.03367614746094,2007800
2012-08-14,91.5,91.79000091552734,91.47000122070312,91.63999938964844,43.09950637817383,2381000
2012-08-15,91.7300033569336,91.7300033569336,91.19999694824219,91.19999694824219,42.892555236816406,2580400
2012-08-16,91.33999633789062,91.58000183105469,91.08000183105469,91.54000091552734,43.052459716796875,2914300
2012-08-17,91.48999786376953,91.6500015258789,91.38999938964844,91.54000091552734,43.052459716796875,2222000
2012-08-20,91.55999755859375,91.69999694824219,91.41000366210938,91.6500015258789,43.10420227050781,2333200
2012-08-21,91.7300033569336,91.86000061035156,91.69999694824219,91.8499984741211,43.19829177856445,2531200
2012-08-22,91.76000213623047,91.87000274658203,91.68000030517578,91.76000213623047,43.155948638916016,1889100
2012-08-23,91.7699966430664,91.8499984741211,91.61000061035156,91.73999786376953,43.14653396606445,1141700
2012-08-24,91.7699966430664,92.16000366210938,91.69000244140625,92.1500015258789,43.33937072753906,2082100
2012-08-27,92.12000274658203,92.22000122070312,91.91999816894531,92.08000183105469,43.30645751953125,1883600
2012-08-28,92.06999969482422,92.1500015258789,91.94999694824219,92.0,43.2688102722168,1795700
2012-08-29,92.12999725341797,92.16999816894531,92.0,92.12999725341797,43.32994842529297,1617600
2012-08-30,92.08000183105469,92.18000030517578,92.0,92.08999633789062,43.311153411865234,2022400
2012-08-31,92.25,92.4000015258789,92.08999633789062,92.33000183105469,43.424041748046875,1801800
2012-09-04,91.87000274658203,91.87000274658203,91.55999755859375,91.81999969482422,43.4230842590332,3921500
2012-09-05,91.91000366210938,91.91999816894531,91.76000213623047,91.83000183105469,43.427791595458984,1541000
2012-09-06,91.86000061035156,92.37999725341797,91.86000061035156,92.37000274658203,43.68320083618164,3306000
2012-09-07,92.5,92.5999984741211,92.37000274658203,92.52999877929688,43.75883483886719,3403300
2012-09-10,92.4800033569336,92.70999908447266,92.31999969482422,92.37999725341797,43.68790817260742,2138600
2012-09-11,92.43000030517578,93.01000213623047,92.43000030517578,93.01000213623047,43.985836029052734,4400300
2012-09-12,93.12999725341797,93.30999755859375,93.08000183105469,93.29000091552734,44.11826705932617,1957400
2012-09-13,93.33000183105469,93.91000366210938,93.26000213623047,93.88999938964844,44.402008056640625,5946800
2012-09-14,93.9000015258789,94.04000091552734,93.70999908447266,93.87999725341797,44.397281646728516,3467200
2012-09-17,93.77999877929688,93.9800033569336,93.69999694824219,93.80000305175781,44.35944747924805,3075500
2012-09-18,93.83000183105469,93.91999816894531,93.62000274658203,93.83999633789062,44.37837219238281,4099400
2012-09-19,93.94000244140625,93.94000244140625,93.72000122070312,93.72000122070312,44.32160949707031,3306500
2012-09-20,93.62999725341797,93.63999938964844,93.2699966430664,93.27999877929688,44.113521575927734,2122200
2012-09-21,93.47000122070312,93.47000122070312,93.02999877929688,93.1500015258789,44.05207443237305,3121700
2012-09-24,93.0199966430664,93.12000274658203,92.94000244140625,93.02999877929688,43.99531936645508,1867200
2012-09-25,93.05000305175781,93.0999984741211,92.12999725341797,92.19999694824219,43.60279083251953,5726800
2012-09-26,92.18000030517578,92.19999694824219,91.4800033569336,91.73999786376953,43.38524627685547,6554200
2012-09-27,92.18000030517578,92.73999786376953,92.0,92.73999786376953,43.858184814453125,3882600
2012-09-28,92.66000366210938,92.66999816894531,92.29000091552734,92.30000305175781,43.65004348754883,3668200
2012-10-01,92.2699966430664,92.2699966430664,91.5999984741211,91.66000366210938,43.5764045715332,5386700
2012-10-02,91.83999633789062,91.97000122070312,91.63999938964844,91.88999938964844,43.68574142456055,3151900
2012-10-03,91.97000122070312,92.3499984741211,91.91000366210938,92.12000274658203,43.79509735107422,3201000
2012-10-04,92.2300033569336,92.56999969482422,92.18000030517578,92.51000213623047,43.980472564697266,1847200
2012-10-05,92.77999877929688,92.79000091552734,92.27999877929688,92.45999908447266,43.956722259521484,2513500
2012-10-08,92.26000213623047,92.4000015258789,92.19000244140625,92.33000183105469,43.89493942260742,1143300
2012-10-09,92.51000213623047,92.51000213623047,92.05000305175781,92.06999969482422,43.771305084228516,5777300
2012-10-10,92.1500015258789,92.20999908447266,91.80000305175781,91.8499984741211,43.66674041748047,5431800
2012-10-11,92.19999694824219,92.37000274658203,92.12000274658203,92.3499984741211,43.90443420410156,2811000
2012-10-12,92.44000244140625,92.76000213623047,92.30999755859375,92.51000213623047,43.980472564697266,3696800
2012-10-15,92.76000213623047,92.97000122070312,92.58000183105469,92.93000030517578,44.18014144897461,2378500
2012-10-16,93.05999755859375,93.33000183105469,92.94000244140625,93.2699966430664,44.341819763183594,3536300
2012-10-17,93.4000015258789,93.55999755859375,93.30000305175781,93.4800033569336,44.4416618347168,2971500
2012-10-18,93.3499984741211,93.52999877929688,93.30000305175781,93.43000030517578,44.41787338256836,1676300
2012-10-19,93.37000274658203,93.41999816894531,92.87999725341797,92.95999908447266,44.19440841674805,2041200
2012-10-22,93.0,93.19000244140625,92.91999816894531,92.9800033569336,44.20393371582031,3021700
2012-10-23,92.69999694824219,92.80999755859375,92.5,92.62999725341797,44.037567138671875,3916900
2012-10-24,92.83999633789062,92.87000274658203,92.5,92.55000305175781,43.999515533447266,4332900
2012-10-25,92.91999816894531,92.95999908447266,92.5999984741211,92.69999694824219,44.07080841064453,2005600
2012-10-26,92.7300033569336,92.79000091552734,92.27999877929688,92.4800033569336,43.966209411621094,4591800
2012-10-31,92.4800033569336,92.66999816894531,92.44000244140625,92.58999633789062,44.01852798461914,2914100
2012-11-01,92.18000030517578,92.62999725341797,92.05999755859375,92.54000091552734,43.994754791259766,2092300
2012-11-02,92.66000366210938,92.75,92.38999938964844,92.41000366210938,43.93295669555664,2829300
2012-11-05,92.4000015258789,92.58999633789062,92.11000061035156,92.26000213623047,43.86162185668945,3361700
2012-11-06,92.43000030517578,92.5199966430664,92.2699966430664,92.4000015258789,43.92818832397461,1409000
2012-11-07,92.25,92.2699966430664,91.80000305175781,91.8499984741211,43.66674041748047,3698200
2012-11-08,91.95999908447266,92.16000366210938,91.5,91.55000305175781,43.52409744262695,5829400
2012-11-09,91.27999877929688,91.68000030517578,91.25,91.38999938964844,43.44803237915039,3953900
2012-11-12,91.48999786376953,91.56999969482422,91.31999969482422,91.41999816894531,43.462276458740234,2066000
2012-11-13,91.27999877929688,91.37999725341797,91.06999969482422,91.20999908447266,43.36244583129883,4347400
2012-11-14,91.45999908447266,91.5,90.63999938964844,90.70999908447266,43.12474822998047,5017500
2012-11-15,90.55000305175781,90.91999816894531,90.08999633789062,90.66999816894531,43.10573196411133,6989700
2012-11-16,90.76000213623047,91.0,90.52999877929688,90.93000030517578,43.22931671142578,4730200
2012-11-19,91.2300033569336,92.12000274658203,91.20999908447266,92.08000183105469,43.77606201171875,9498500
2012-11-20,92.08000183105469,92.18000030517578,91.83999633789062,92.08999633789062,43.78083801269531,4010400
2012-11-21,92.0,92.2300033569336,91.97000122070312,92.05999755859375,43.76655578613281,2984700
2012-11-23,92.25,92.44000244140625,92.11000061035156,92.37000274658203,43.91395950317383,1041100
2012-11-26,92.30999755859375,92.38999938964844,92.01000213623047,92.38999938964844,43.92343521118164,2160700
2012-11-27,92.26000213623047,92.56999969482422,92.26000213623047,92.4800033569336,43.966209411621094,4194100
2012-11-28,92.41000366210938,92.73999786376953,92.23999786376953,92.5,43.97575378417969,6528000
2012-11-29,92.7300033569336,92.94999694824219,92.5999984741211,92.91000366210938,44.170677185058594,3870500
2012-11-30,92.9000015258789,93.1500015258789,92.87000274658203,93.05000305175781,44.23724365234375,3276200
2012-12-03,92.86000061035156,93.02999877929688,92.66000366210938,93.02999877929688,44.461360931396484,5444400
2012-12-04,92.98999786376953,93.16999816894531,92.8499984741211,93.02999877929688,44.461360931396484,3121100
2012-12-05,93.2699966430664,93.29000091552734,92.8499984741211,93.18000030517578,44.53306198120117,4580900
2012-12-06,93.1500015258789,93.38999938964844,93.1500015258789,93.3499984741211,44.614315032958984,2261500
2012-12-07,93.44999694824219,93.5,93.16000366210938,93.20999908447266,44.547401428222656,2294400
2012-12-10,93.5,93.5,93.16999816894531,93.29000091552734,44.585609436035156,2140700
2012-12-11,93.52999877929688,93.70999908447266,93.3499984741211,93.37999725341797,44.628639221191406,3206300
2012-12-12,93.55000305175781,93.80000305175781,93.44000244140625,93.66000366210938,44.76248550415039,3305600
2012-12-13,93.5999984741211,93.80000305175781,93.30000305175781,93.33000183105469,44.604759216308594,4898700
2012-12-14,93.36000061035156,93.5,93.26000213623047,93.26000213623047,44.5712890625,2741400
2012-12-17,93.31999969482422,93.69999694824219,93.31999969482422,93.62000274658203,44.74335479736328,2195600
2012-12-18,93.7699966430664,93.80999755859375,93.58000183105469,93.66999816894531,44.76725769042969,3409800
2012-12-19,93.73999786376953,93.73999786376953,93.56999969482422,93.56999969482422,44.71946334838867,2566400
2012-12-20,93.5999984741211,93.91000366210938,93.58999633789062,93.9000015258789,44.877174377441406,3191200
2012-12-21,93.44000244140625,93.68000030517578,93.44000244140625,93.62999725341797,44.74811553955078,3187900
2012-12-24,93.43000030517578,93.55000305175781,93.19000244140625,93.29000091552734,44.585609436035156,1221400
2012-12-26,93.0,93.13999938964844,92.79000091552734,93.01000213623047,44.6937370300293,2257200
2012-12-27,93.05000305175781,93.19999694824219,92.88999938964844,93.19999694824219,44.78501510620117,2332600
2012-12-28,93.01000213623047,93.23999786376953,92.86000061035156,92.94999694824219,44.6649055480957,2426100
2012-12-31,92.97000122070312,93.4000015258789,92.93000030517578,93.3499984741211,44.85709762573242,2918500
2013-01-02,94.06999969482422,94.2300033569336,93.80000305175781,94.2300033569336,45.2800178527832,3975200
2013-01-03,94.08000183105469,94.29000091552734,93.87999725341797,93.94000244140625,45.14064407348633,3950700
2013-01-04,93.9800033569336,94.08000183105469,93.83000183105469,94.0,45.16944885253906,2968000
2013-01-07,94.0199966430664,94.08999633789062,93.83000183105469,94.08000183105469,45.20790100097656,4137300
2013-01-08,94.0999984741211,94.12000274658203,93.93000030517578,94.01000213623047,45.17428207397461,2179100
2013-01-09,94.23999786376953,94.23999786376953,94.01000213623047,94.19000244140625,45.26075744628906,2183900
2013-01-10,94.33000183105469,94.37999725341797,94.19999694824219,94.3499984741211,45.33766174316406,1684300
2013-01-11,94.30000305175781,94.5199966430664,94.20999908447266,94.5199966430664,45.4193115234375,1982600
2013-01-14,94.44999694824219,94.47000122070312,94.22000122070312,94.38999938964844,45.35687255859375,2182400
2013-01-15,94.22000122070312,94.41999816894531,94.16999816894531,94.41000366210938,45.366493225097656,2136000
2013-01-16,94.27999877929688,94.4000015258789,94.16999816894531,94.25,45.289588928222656,3272700
2013-01-17,94.41999816894531,94.61000061035156,94.30999755859375,94.58999633789062,45.4529914855957,6058900
2013-01-18,94.54000091552734,94.72000122070312,94.4800033569336,94.72000122070312,45.51546859741211,2836800
2013-01-22,94.6500015258789,94.87000274658203,94.54000091552734,94.77999877929688,45.544273376464844,2295200
2013-01-23,94.70999908447266,94.79000091552734,94.6500015258789,94.66999816894531,45.4914436340332,2227900
2013-01-24,94.7699966430664,94.93000030517578,94.69000244140625,94.87999725341797,45.59233474731445,3175400
2013-01-25,94.97000122070312,94.97000122070312,94.77999877929688,94.8499984741211,45.57788848876953,2525100
2013-01-28,94.7699966430664,94.83999633789062,94.69000244140625,94.80000305175781,45.55390548706055,2331000
2013-01-29,94.70999908447266,94.75,94.54000091552734,94.63999938964844,45.47698211669922,1514300
2013-01-30,94.44999694824219,94.51000213623047,93.88999938964844,93.95999908447266,45.150245666503906,6595600
2013-01-31,93.93000030517578,94.11000061035156,93.62000274658203,93.66999816894531,45.01090621948242,5963700
2013-02-01,93.54000091552734,93.76000213623047,93.45999908447266,93.4800033569336,45.16018295288086,5713000
2013-02-04,93.29000091552734,93.4000015258789,93.01000213623047,93.08999633789062,44.97174072265625,3878000
2013-02-05,93.23999786376953,93.4000015258789,93.19999694824219,93.30000305175781,45.07322692871094,2590900
2013-02-06,93.16000366210938,93.29000091552734,93.05999755859375,93.16000366210938,45.00558853149414,2850500
2013-02-07,93.11000061035156,93.12999725341797,92.80999755859375,92.9800033569336,44.91864776611328,4071400
2013-02-08,92.91999816894531,93.0999984741211,92.91000366210938,93.0,44.92825698852539,3220400
2013-02-11,92.88999938964844,93.08000183105469,92.86000061035156,92.98999786376953,44.923458099365234,3146100
2013-02-12,92.91999816894531,93.36000061035156,92.91000366210938,93.30999755859375,45.07805252075195,3490600
2013-02-13,93.41999816894531,93.4800033569336,93.16999816894531,93.44999694824219,45.14564895629883,3672200
2013-02-14,93.25,93.55000305175781,93.25,93.41000366210938,45.126346588134766,2731800
2013-02-15,93.45999908447266,93.66000366210938,93.26000213623047,93.41999816894531,45.13117599487305,2483000
2013-02-19,93.5,93.58999633789062,93.41000366210938,93.51000213623047,45.17465591430664,3074300
2013-02-20,93.58000183105469,93.72000122070312,93.4000015258789,93.41999816894531,45.13117599487305,3830300
2013-02-21,93.41999816894531,93.58999633789062,93.30000305175781,93.5199966430664,45.17945861816406,7185300
2013-02-22,93.62999725341797,93.75,93.51000213623047,93.75,45.29058837890625,3367000
2013-02-25,93.77999877929688,93.93000030517578,93.44999694824219,93.45999908447266,45.15052032470703,5259300
2013-02-26,93.63999938964844,93.91999816894531,93.47000122070312,93.91999816894531,45.37270736694336,4075600
2013-02-27,93.8499984741211,94.1500015258789,93.75,94.08000183105469,45.450035095214844,3681600
2013-02-28,94.06999969482422,94.12999725341797,93.94000244140625,94.04000091552734,45.43069076538086,3822000
2013-03-01,93.48999786376953,93.98999786376953,93.4800033569336,93.72000122070312,45.52105712890625,4833200
2013-03-04,93.6500015258789,93.80000305175781,93.61000061035156,93.7300033569336,45.525909423828125,2222500
2013-03-05,93.79000091552734,94.0199966430664,93.79000091552734,93.91999816894531,45.618167877197266,3733400
2013-03-06,94.02999877929688,94.05999755859375,93.83999633789062,93.86000061035156,45.58905029296875,2118000
2013-03-07,93.94999694824219,94.0,93.9000015258789,94.0,45.65705108642578,2124900
2013-03-08,94.16999816894531,94.19000244140625,93.91999816894531,94.11000061035156,45.71045684814453,2464100
2013-03-11,94.08000183105469,94.1500015258789,94.0,94.05000305175781,45.68133544921875,2782800
2013-03-12,93.98999786376953,94.0999984741211,93.95999908447266,94.01000213623047,45.661895751953125,1526200
2013-03-13,94.0999984741211,94.16999816894531,93.94999694824219,94.02999877929688,45.6716194152832,1431200
2013-03-14,94.16999816894531,94.38999938964844,94.06999969482422,94.38999938964844,45.846466064453125,2954100
2013-03-15,94.25,94.4000015258789,94.19999694824219,94.37999725341797,45.84162902832031,2024300
2013-03-18,94.0,94.45999908447266,94.0,94.4000015258789,45.85132598876953,3000600
2013-03-19,94.44999694824219,94.52999877929688,94.20999908447266,94.23999786376953,45.77360916137695,3742800
2013-03-20,94.33000183105469,94.5999984741211,94.31999969482422,94.55000305175781,45.924217224121094,2553200
2013-03-21,94.37000274658203,94.55999755859375,94.22000122070312,94.37999725341797,45.84162902832031,3532400
2013-03-22,94.37999725341797,94.45999908447266,94.25,94.30999755859375,45.8076057434082,2201500
2013-03-25,94.30000305175781,94.44000244140625,94.1500015258789,94.16999816894531,45.739662170410156,2131700
2013-03-26,94.38999938964844,94.4000015258789,94.25,94.33999633789062,45.82219314575195,1169400
2013-03-27,94.19000244140625,94.29000091552734,94.16999816894531,94.18000030517578,45.744503021240234,2195100
2013-03-28,94.23999786376953,94.37999725341797,94.16000366210938,94.3499984741211,45.827056884765625,1959100
2013-04-01,93.83000183105469,94.08999633789062,93.6500015258789,94.02999877929688,45.909061431884766,3823000
2013-04-02,93.94999694824219,94.18000030517578,93.91999816894531,93.95999908447266,45.87492752075195,2528700
2013-04-03,93.98999786376953,94.05000305175781,93.77999877929688,93.95999908447266,45.87492752075195,2773100
2013-04-04,93.91999816894531,94.1500015258789,93.87000274658203,93.93000030517578,45.86026382446289,3040600
2013-04-05,93.7699966430664,94.0199966430664,93.68000030517578,94.0199966430664,45.90418243408203,2243800
2013-04-08,94.06999969482422,94.1500015258789,93.94999694824219,94.12000274658203,45.95302963256836,2346800
2013-04-09,94.19999694824219,94.41999816894531,94.12000274658203,94.41999816894531,46.0994873046875,2985400
2013-04-10,94.3499984741211,94.76000213623047,94.3499984741211,94.72000122070312,46.245948791503906,2932600
2013-04-11,94.75,94.79000091552734,94.63999938964844,94.72000122070312,46.245948791503906,2676200
2013-04-12,94.63999938964844,94.80999755859375,94.55000305175781,94.75,46.26060485839844,2040900
2013-04-15,94.75,94.75,94.12999725341797,94.1500015258789,45.9676399230957,3910600
2013-04-16,94.41000366210938,94.80999755859375,94.31999969482422,94.80000305175781,46.28499984741211,4138300
2013-04-17,94.61000061035156,94.66999816894531,94.4000015258789,94.6500015258789,46.21177673339844,5778600
2013-04-18,94.61000061035156,94.66999816894531,94.45999908447266,94.5,46.1385498046875,2476900
2013-04-19,94.5999984741211,94.66000366210938,94.43000030517578,94.44999694824219,46.114112854003906,2474800
2013-04-22,94.69000244140625,94.88999938964844,94.52999877929688,94.66999816894531,46.2215690612793,3641900
2013-04-23,94.7699966430664,95.05000305175781,94.7699966430664,95.04000091552734,46.40221405029297,2217400
2013-04-24,95.08999633789062,95.26000213623047,95.01000213623047,95.20999908447266,46.48518371582031,3872600
2013-04-25,95.22000122070312,95.5199966430664,95.13999938964844,95.47000122070312,46.61213302612305,2453100
2013-04-26,95.45999908447266,95.4800033569336,95.33000183105469,95.37000274658203,46.563289642333984,2679000
2013-04-29,95.38999938964844,95.58999633789062,95.37999725341797,95.55000305175781,46.65116500854492,1785300
2013-04-30,95.62999725341797,95.8499984741211,95.55000305175781,95.8499984741211,46.797664642333984,2953100
2013-05-01,95.33999633789062,95.55999755859375,95.18000030517578,95.19999694824219,46.708351135253906,4812400
2013-05-02,95.5,95.83000183105469,95.37000274658203,95.80999755859375,47.00767135620117,3368200
2013-05-03,95.97000122070312,96.12999725341797,95.86000061035156,95.95999908447266,47.081275939941406,2407400
2013-05-06,95.91999816894531,96.05999755859375,95.87999725341797,96.0199966430664,47.11071014404297,1458700
2013-05-07,96.12000274658203,96.1500015258789,95.91999816894531,95.94999694824219,47.07632827758789,2590900
2013-05-08,96.0199966430664,96.30000305175781,96.0199966430664,96.29000091552734,47.24317932128906,3801200
2013-05-09,96.19999694824219,96.29000091552734,96.0,96.01000213623047,47.10576629638672,1644900
2013-05-10,96.05000305175781,96.05000305175781,95.45999908447266,95.51000213623047,46.860443115234375,4654400
2013-05-13,95.41000366210938,95.5,95.11000061035156,95.12000274658203,46.66911315917969,2710000
2013-05-14,95.19999694824219,95.45999908447266,95.11000061035156,95.22000122070312,46.718177795410156,4473900
2013-05-15,95.22000122070312,95.33999633789062,95.08999633789062,95.2300033569336,46.72306442260742,3179800
2013-05-16,95.29000091552734,95.63999938964844,95.18000030517578,95.45999908447266,46.835906982421875,6036800
2013-05-17,95.5999984741211,95.62999725341797,95.33999633789062,95.45999908447266,46.835906982421875,4313300
2013-05-20,95.45999908447266,95.63999938964844,95.36000061035156,95.55999755859375,46.88499450683594,2086200
2013-05-21,95.55999755859375,95.77999877929688,95.54000091552734,95.73999786376953,46.97331237792969,4666500
2013-05-22,95.72000122070312,95.87999725341797,95.0999984741211,95.1500015258789,46.68383026123047,5243800
2013-05-23,95.0,95.0199966430664,94.69000244140625,94.88999938964844,46.5562744140625,3294400
2013-05-24,94.75,94.79000091552734,94.66999816894531,94.70999908447266,46.467933654785156,3420400
2013-05-28,95.02999877929688,95.02999877929688,94.30999755859375,94.36000061035156,46.29625701904297,3486700
2013-05-29,94.04000091552734,94.26000213623047,93.55000305175781,93.9800033569336,46.10979461669922,10958100
2013-05-30,94.0,94.36000061035156,93.69000244140625,94.16999816894531,46.20301818847656,5462100
2013-05-31,93.97000122070312,94.11000061035156,92.9000015258789,92.91999816894531,45.589752197265625,6809400
2013-06-03,92.37999725341797,92.5199966430664,91.80000305175781,92.36000061035156,45.549808502197266,14320900
2013-06-04,92.5,93.05000305175781,92.19000244140625,92.36000061035156,45.549808502197266,7927000
2013-06-05,92.19000244140625,92.23999786376953,91.44000244140625,91.55999755859375,45.15523147583008,10309200
2013-06-06,91.4000015258789,92.58999633789062,91.31999969482422,92.27999877929688,45.51029968261719,11849800
2013-06-07,92.44000244140625,92.97000122070312,92.19999694824219,92.33999633789062,45.53989791870117,8879800
2013-06-10,92.33999633789062,92.58999633789062,92.08000183105469,92.1500015258789,45.44619369506836,7678000
2013-06-11,91.58000183105469,92.23999786376953,91.29000091552734,91.58000183105469,45.16506576538086,9065200
2013-06-12,91.93000030517578,92.12000274658203,91.62999725341797,91.6500015258789,45.19962692260742,9193300
2013-06-13,91.6500015258789,92.81999969482422,91.6500015258789,92.69999694824219,45.71745300292969,7526400
2013-06-14,92.77999877929688,92.94000244140625,92.55000305175781,92.80999755859375,45.77171325683594,3909200
2013-06-17,92.93000030517578,93.44999694824219,92.80000305175781,92.80000305175781,45.76676940917969,3830700
2013-06-18,92.76000213623047,93.11000061035156,92.76000213623047,93.02999877929688,45.88019561767578,3609700
2013-06-19,92.94999694824219,93.2699966430664,91.62000274658203,91.63999938964844,45.194671630859375,7971700
2013-06-20,91.08999633789062,91.58000183105469,90.27999877929688,90.73999786376953,44.75082015991211,11094000
2013-06-21,91.01000213623047,91.11000061035156,90.12000274658203,90.1500015258789,44.459869384765625,9245400
2013-06-24,89.44999694824219,90.0,88.2699966430664,89.04000091552734,43.91240310668945,12116100
2013-06-25,89.5,90.30999755859375,89.5,90.30999755859375,44.53876876831055,6233300
2013-06-26,90.69999694824219,91.18000030517578,90.56999969482422,91.05999755859375,44.90864944458008,5527200
2013-06-27,91.4000015258789,91.94000244140625,91.4000015258789,91.5,45.12564468383789,5578600
2013-06-28,91.30000305175781,91.31999969482422,90.47000122070312,90.87999725341797,44.81987380981445,6112000
2013-07-01,90.56999969482422,90.98999786376953,90.5,90.88999938964844,45.06283187866211,5213400
2013-07-02,90.79000091552734,91.05000305175781,90.3499984741211,90.61000061035156,44.92397689819336,3799800
2013-07-03,90.29000091552734,90.86000061035156,90.27999877929688,90.81999969482422,45.02812576293945,1679600
2013-07-05,90.38999938964844,90.44000244140625,89.62999725341797,89.8499984741211,44.547176361083984,3312600
2013-07-08,90.08999633789062,91.08999633789062,90.0,91.08999633789062,45.161949157714844,5638400
2013-07-09,91.0999984741211,91.19000244140625,90.87000274658203,91.13999938964844,45.18675994873047,6127700
2013-07-10,91.18000030517578,91.54000091552734,91.08000183105469,91.5,45.3652458190918,6529900
2013-07-11,92.18000030517578,92.66999816894531,92.0,92.6500015258789,45.93543243408203,5865400
2013-07-12,92.41000366210938,92.66999816894531,92.25,92.55999755859375,45.89079284667969,5788300
2013-07-15,92.66999816894531,93.08999633789062,92.55999755859375,92.94999694824219,46.084129333496094,6791500
2013-07-16,93.08999633789062,93.08999633789062,92.47000122070312,92.72000122070312,45.97014236450195,3292100
2013-07-17,93.02999877929688,93.5199966430664,93.0,93.4000015258789,46.307273864746094,8660500
2013-07-18,93.5,94.0,93.44000244140625,93.95999908447266,46.58491134643555,6825000
2013-07-19,93.94999694824219,93.97000122070312,93.7699966430664,93.9000015258789,46.55513000488281,2603100
2013-07-22,93.93000030517578,94.01000213623047,93.75,93.97000122070312,46.589866638183594,3888200
2013-07-23,93.88999938964844,93.9800033569336,93.66999816894531,93.73999786376953,46.475830078125,2483700
2013-07-24,93.54000091552734,93.63999938964844,92.66000366210938,92.94999694824219,46.084129333496094,5249800
2013-07-25,92.51000213623047,92.87999725341797,92.44000244140625,92.73999786376953,45.980018615722656,5995400
2013-07-26,92.4800033569336,92.77999877929688,92.38999938964844,92.77999877929688,45.99985885620117,4213600
2013-07-29,92.5999984741211,92.7300033569336,92.41999816894531,92.58000183105469,45.900726318359375,3850100
2013-07-30,92.5199966430664,92.87000274658203,92.5199966430664,92.70999908447266,45.96516799926758,4239400
2013-07-31,92.48999786376953,93.01000213623047,92.27999877929688,92.9800033569336,46.099021911621094,4076500
2013-08-01,92.41999816894531,92.58999633789062,91.61000061035156,91.6500015258789,45.662078857421875,4616600
2013-08-02,91.95999908447266,92.26000213623047,91.80999755859375,92.20999908447266,45.941078186035156,4309400
2013-08-05,92.18000030517578,92.18000030517578,91.69999694824219,91.73999786376953,45.70691680908203,2231000
2013-08-06,91.93000030517578,91.93000030517578,91.36000061035156,91.6500015258789,45.662078857421875,3398800
2013-08-07,91.44999694824219,91.54000091552734,91.29000091552734,91.36000061035156,45.51759719848633,2253300
2013-08-08,91.41999816894531,91.58999633789062,91.37999725341797,91.55999755859375,45.61724090576172,2857100
2013-08-09,91.43000030517578,91.66999816894531,91.12000274658203,91.56999969482422,45.62224578857422,1765600
2013-08-12,91.44000244140625,91.72000122070312,91.41999816894531,91.48999786376953,45.582359313964844,3840800
2013-08-13,91.4800033569336,91.56999969482422,91.30000305175781,91.48999786376953,45.582359313964844,2290500
2013-08-14,91.43000030517578,91.48999786376953,91.26000213623047,91.30999755859375,45.4926872253418,4605800
2013-08-15,91.0,91.08999633789062,90.75,90.83999633789062,45.258541107177734,6446100
2013-08-16,90.97000122070312,91.0999984741211,90.41999816894531,90.52999877929688,45.104103088378906,6922400
2013-08-19,90.56999969482422,90.62999725341797,89.80000305175781,89.93000030517578,44.80515670776367,6536300
2013-08-20,90.30000305175781,90.86000061035156,90.27999877929688,90.76000213623047,45.21866226196289,4208300
2013-08-21,90.66999816894531,90.77999877929688,90.37000274658203,90.43000030517578,45.05426025390625,3098100
2013-08-22,90.56999969482422,90.91999816894531,90.48999786376953,90.91999816894531,45.29837417602539,4049900
2013-08-23,90.9000015258789,91.36000061035156,90.8499984741211,91.30000305175781,45.48771667480469,3370400
2013-08-26,91.31999969482422,91.38999938964844,91.12999725341797,91.30999755859375,45.4926872253418,2365400
2013-08-27,91.05000305175781,91.12999725341797,90.70999908447266,90.72000122070312,45.19875717163086,3578500
2013-08-28,90.76000213623047,91.08999633789062,90.66000366210938,91.05999755859375,45.36813735961914,3860600
2013-08-29,90.91000366210938,91.5,90.81999969482422,91.43000030517578,45.55246353149414,4012900
2013-08-30,91.47000122070312,91.58999633789062,91.19000244140625,91.3499984741211,45.512603759765625,2486900
2013-09-03,90.94000244140625,91.18000030517578,90.30999755859375,90.38999938964844,45.272216796875,9986800
2013-09-04,90.52999877929688,90.83999633789062,90.51000213623047,90.7300033569336,45.442474365234375,3507400
2013-09-05,90.56999969482422,90.6500015258789,90.2699966430664,90.2699966430664,45.21210861206055,3622300
2013-09-06,90.79000091552734,91.0999984741211,90.41999816894531,90.56999969482422,45.362342834472656,4713800
2013-09-09,90.7300033569336,91.0,90.70999908447266,90.80000305175781,45.47754669189453,4227400
2013-09-10,90.87999725341797,91.12999725341797,90.87000274658203,91.12000274658203,45.63780975341797,5287100
2013-09-11,90.98999786376953,91.26000213623047,90.9000015258789,91.23999786376953,45.69792556762695,3514200
2013-09-12,91.19000244140625,91.30999755859375,91.0999984741211,91.12999725341797,45.642860412597656,3594500
2013-09-13,91.23999786376953,91.31999969482422,90.9800033569336,91.05999755859375,45.60776901245117,2789300
2013-09-16,91.70999908447266,91.80999755859375,91.44999694824219,91.55999755859375,45.858192443847656,4331300
2013-09-17,91.66999816894531,91.9800033569336,91.61000061035156,91.86000061035156,46.008480072021484,5978600
2013-09-18,91.83999633789062,92.87999725341797,91.70999908447266,92.73999786376953,46.44920349121094,7476300
2013-09-19,92.98999786376953,92.98999786376953,92.4000015258789,92.47000122070312,46.31397247314453,5821100
2013-09-20,92.44000244140625,92.48999786376953,92.27999877929688,92.36000061035156,46.2588996887207,4033900
2013-09-23,92.3499984741211,92.45999908447266,92.22000122070312,92.3499984741211,46.25387954711914,6564600
2013-09-24,92.2699966430664,92.41000366210938,92.05999755859375,92.1500015258789,46.153724670410156,7947700
2013-09-25,92.13999938964844,92.26000213623047,91.94999694824219,91.98999786376953,46.07355499267578,3535700
2013-09-26,92.11000061035156,92.12999725341797,91.7699966430664,91.94000244140625,46.04853057861328,4751200
2013-09-27,91.87000274658203,91.94000244140625,91.61000061035156,91.83999633789062,45.99844741821289,6779700
2013-09-30,91.58999633789062,91.94999694824219,91.5,91.58000183105469,45.86821746826172,6248900
2013-10-01,91.16000366210938,91.55000305175781,91.05999755859375,91.52999877929688,46.06703567504883,5743900
2013-10-02,91.45999908447266,91.56999969482422,91.25,91.56999969482422,46.08718490600586,2765700
2013-10-03,91.6500015258789,91.69000244140625,91.43000030517578,91.62999725341797,46.11735534667969,3169700
2013-10-04,91.5999984741211,91.87000274658203,91.54000091552734,91.79000091552734,46.1978874206543,2048300
2013-10-07,91.45999908447266,91.76000213623047,91.45999908447266,91.55000305175781,46.077091217041016,2391700
2013-10-08,91.75,91.86000061035156,91.48999786376953,91.51000213623047,46.056976318359375,2944700
2013-10-09,91.77999877929688,91.77999877929688,91.51000213623047,91.58999633789062,46.09724426269531,2973700
2013-10-10,91.81999969482422,92.0999984741211,91.81999969482422,92.01000213623047,46.30862045288086,2899500
2013-10-11,92.16000366210938,92.23999786376953,92.01000213623047,92.18000030517578,46.394187927246094,3293900
2013-10-14,92.0,92.41000366210938,92.0,92.31999969482422,46.46464157104492,1003900
2013-10-15,92.4000015258789,92.4000015258789,92.05000305175781,92.29000091552734,46.44957733154297,2310100
2013-10-16,92.33000183105469,92.79000091552734,92.31999969482422,92.77999877929688,46.696136474609375,6949700
2013-10-17,92.75,93.25,92.7300033569336,93.2300033569336,46.92264938354492,7277900
2013-10-18,93.27999877929688,93.5,93.25,93.41999816894531,47.01824951171875,2873800
2013-10-21,93.44999694824219,93.45999908447266,93.20999908447266,93.20999908447266,46.912559509277344,2471400
2013-10-22,93.37999725341797,93.61000061035156,93.36000061035156,93.48999786376953,47.05347442626953,5488400
2013-10-23,93.56999969482422,93.58999633789062,93.31999969482422,93.56999969482422,47.09375,2434200
2013-10-24,93.5999984741211,93.69000244140625,93.45999908447266,93.5999984741211,47.1088752746582,2284400
2013-10-25,93.63999938964844,93.69999694824219,93.55000305175781,93.62999725341797,47.123966217041016,2026000
2013-10-28,93.6500015258789,93.69999694824219,93.58000183105469,93.61000061035156,47.1138801574707,1697900
2013-10-29,93.58999633789062,93.79000091552734,93.56999969482422,93.76000213623047,47.189388275146484,1864600
2013-10-30,93.76000213623047,93.83000183105469,93.30999755859375,93.37999725341797,46.998130798339844,3691100
2013-10-31,93.44000244140625,93.54000091552734,93.22000122070312,93.43000030517578,47.023311614990234,5846500
2013-11-01,93.0,93.26000213623047,92.80000305175781,92.81999969482422,46.94236755371094,7882000
2013-11-04,93.08000183105469,93.08000183105469,92.93000030517578,92.9800033569336,47.023319244384766,2025500
2013-11-05,92.91999816894531,92.91999816894531,92.7300033569336,92.7300033569336,46.896846771240234,2770300
2013-11-06,92.88999938964844,93.01000213623047,92.81999969482422,93.0,47.033416748046875,4936700
2013-11-07,93.0999984741211,93.13999938964844,92.91999816894531,93.05999755859375,47.0637321472168,4802700
2013-11-08,92.69000244140625,92.95999908447266,92.66000366210938,92.9000015258789,46.98286437988281,4191100
2013-11-11,92.94000244140625,92.94000244140625,92.52999877929688,92.55000305175781,46.80585479736328,1607600
2013-11-12,92.55999755859375,92.58999633789062,92.37000274658203,92.41999816894531,46.74005126953125,2148900
2013-11-13,92.37000274658203,92.77999877929688,92.31999969482422,92.7699966430664,46.91709518432617,2795100
2013-11-14,92.75,93.05000305175781,92.6500015258789,93.04000091552734,47.053646087646484,4216800
2013-11-15,93.05999755859375,93.18000030517578,92.95999908447266,93.18000030517578,47.12443161010742,2990600
2013-11-18,93.2300033569336,93.25,92.83000183105469,92.91000366210938,46.9879035949707,3694600
2013-11-19,92.87999725341797,93.01000213623047,92.79000091552734,92.87000274658203,46.9676628112793,1415800
2013-11-20,92.83000183105469,93.06999969482422,92.66999816894531,92.77999877929688,46.92214584350586,2470600
2013-11-21,92.83000183105469,93.0999984741211,92.76000213623047,93.0999984741211,47.083988189697266,1895800
2013-11-22,93.05999755859375,93.19999694824219,92.98999786376953,93.16999816894531,47.119384765625,1649200
2013-11-25,93.19999694824219,93.33999633789062,93.05999755859375,93.30999755859375,47.19017028808594,2813900
2013-11-26,93.22000122070312,93.43000030517578,93.1500015258789,93.37999725341797,47.22557830810547,2835300
2013-11-27,93.63999938964844,93.63999938964844,93.30000305175781,93.31999969482422,47.19526290893555,1845300
2013-11-29,93.33000183105469,93.44999694824219,93.30999755859375,93.41999816894531,47.245819091796875,958700
2013-12-02,92.88999938964844,93.02999877929688,92.8499984741211,93.0,47.261070251464844,5748100
2013-12-03,92.86000061035156,93.0,92.76000213623047,92.91000366210938,47.21532440185547,2710300
2013-12-04,92.75,92.87000274658203,92.54000091552734,92.66999816894531,47.093379974365234,3076100
2013-12-05,92.66999816894531,92.76000213623047,92.54000091552734,92.5999984741211,47.057777404785156,5354700
2013-12-06,92.83000183105469,92.9800033569336,92.6500015258789,92.86000061035156,47.189918518066406,2487900
2013-12-09,93.05000305175781,93.25,92.9000015258789,93.19999694824219,47.36268615722656,4313000
2013-12-10,93.19999694824219,93.23999786376953,93.08999633789062,93.19999694824219,47.36268615722656,1473200
2013-12-11,93.19999694824219,93.19999694824219,92.79000091552734,92.91999816894531,47.220436096191406,3586600
2013-12-12,92.93000030517578,93.01000213623047,92.75,92.75,47.13404846191406,4268800
2013-12-13,92.86000061035156,92.97000122070312,92.79000091552734,92.9000015258789,47.21027755737305,3523200
2013-12-16,92.87000274658203,93.04000091552734,92.87000274658203,92.9800033569336,47.25093460083008,3108500
2013-12-17,93.08000183105469,93.08000183105469,92.87999725341797,92.98999786376953,47.2559700012207,2799900
2013-12-18,93.0,93.27999877929688,92.75,93.1500015258789,47.3372802734375,4893500
2013-12-19,93.0,93.08999633789062,92.91000366210938,93.05000305175781,47.28644943237305,5775500
2013-12-20,93.05000305175781,93.11000061035156,92.93000030517578,93.11000061035156,47.31696701049805,12743900
2013-12-23,93.08999633789062,93.33000183105469,93.01000213623047,93.18000030517578,47.35252380371094,5525100
2013-12-24,93.0999984741211,93.20999908447266,93.0999984741211,93.12999725341797,47.32712936401367,1281600
2013-12-26,92.61000061035156,92.7699966430664,92.61000061035156,92.75,47.3715705871582,1577400
2013-12-27,92.77999877929688,92.77999877929688,92.6500015258789,92.73999786376953,47.36647415161133,1357300
2013-12-30,92.7699966430664,92.87000274658203,92.66999816894531,92.81999969482422,47.40729904174805,1888600
2013-12-31,92.8499984741211,92.95999908447266,92.7699966430664,92.87999725341797,47.43797302246094,2413400
2014-01-02,92.86000061035156,93.05000305175781,92.70999908447266,93.04000091552734,47.519683837890625,7412500
2014-01-03,92.98999786376953,93.11000061035156,92.94000244140625,93.01000213623047,47.50434494018555,1903300
2014-01-06,93.1500015258789,93.2300033569336,93.05999755859375,93.20999908447266,47.60651397705078,2622700
2014-01-07,93.2300033569336,93.30999755859375,93.16000366210938,93.20999908447266,47.60651397705078,3953000
2014-01-08,93.20999908447266,93.29000091552734,93.12000274658203,93.1500015258789,47.57583999633789,4540500
2014-01-09,93.25,93.30000305175781,93.19000244140625,93.29000091552734,47.647361755371094,3036600
2014-01-10,93.41000366210938,93.56999969482422,93.3499984741211,93.56999969482422,47.790374755859375,2423900
2014-01-13,93.55000305175781,93.61000061035156,93.41000366210938,93.47000122070312,47.739261627197266,4716600
2014-01-14,93.4800033569336,93.68000030517578,93.4800033569336,93.61000061035156,47.810813903808594,2636100
2014-01-15,93.69999694824219,93.80000305175781,93.61000061035156,93.80000305175781,47.907875061035156,1797400
2014-01-16,93.79000091552734,93.83000183105469,93.7300033569336,93.76000213623047,47.88740158081055,1269800
2014-01-17,93.83000183105469,93.88999938964844,93.72000122070312,93.77999877929688,47.89763641357422,2192300
2014-01-21,93.9000015258789,93.94999694824219,93.81999969482422,93.9000015258789,47.958892822265625,2056000
2014-01-22,93.93000030517578,93.94000244140625,93.7300033569336,93.76000213623047,47.88740158081055,3235400
2014-01-23,93.77999877929688,93.80999755859375,93.58000183105469,93.63999938964844,47.82612991333008,4989500
2014-01-24,93.45999908447266,93.47000122070312,92.98999786376953,93.0199966430664,47.50946807861328,7575400
2014-01-27,93.1500015258789,93.22000122070312,92.94999694824219,92.98999786376953,47.494144439697266,5482900
2014-01-28,93.11000061035156,93.4800033569336,93.04000091552734,93.4000015258789,47.70357131958008,5393600
2014-01-29,93.25,93.26000213623047,93.0999984741211,93.12000274658203,47.560543060302734,5781700
2014-01-30,93.30000305175781,93.43000030517578,93.20999908447266,93.27999877929688,47.64225769042969,3940200
2014-01-31,93.12999725341797,93.37000274658203,93.12000274658203,93.25,47.62691879272461,7756900
2014-02-03,93.0199966430664,93.0199966430664,92.30000305175781,92.51000213623047,47.48420333862305,16150600
2014-02-04,92.75,92.80000305175781,92.58000183105469,92.62000274658203,47.54072189331055,5246900
2014-02-05,92.62000274658203,92.69999694824219,92.52999877929688,92.62000274658203,47.54072189331055,3893000
2014-02-06,92.77999877929688,92.97000122070312,92.66000366210938,92.94999694824219,47.71009063720703,3426100
2014-02-07,93.05999755859375,93.41999816894531,93.05999755859375,93.41999816894531,47.951351165771484,5193300
2014-02-10,93.41999816894531,93.54000091552734,93.30999755859375,93.4800033569336,47.9821662902832,5199700
2014-02-11,93.52999877929688,93.75,93.44000244140625,93.63999938964844,48.06426239013672,3950800
2014-02-12,93.66999816894531,93.72000122070312,93.45999908447266,93.48999786376953,47.98725128173828,2432100
2014-02-13,93.44000244140625,93.77999877929688,93.44000244140625,93.76000213623047,48.12583923339844,3078400
2014-02-14,93.69999694824219,93.94999694824219,93.69000244140625,93.91000366210938,48.202842712402344,2158700
2014-02-18,93.81999969482422,94.08999633789062,93.81999969482422,94.04000091552734,48.269554138183594,3734700
2014-02-19,94.11000061035156,94.19000244140625,93.77999877929688,93.80000305175781,48.14641189575195,7273600
2014-02-20,93.88999938964844,94.08999633789062,93.87000274658203,94.08999633789062,48.29524230957031,3756900
2014-02-21,94.0999984741211,94.2300033569336,94.0999984741211,94.16999816894531,48.3363037109375,2574600
2014-02-24,94.25,94.44000244140625,94.25,94.37999725341797,48.444087982177734,3531600
2014-02-25,94.4000015258789,94.5199966430664,94.37999725341797,94.48999786376953,48.50056457519531,2979500
2014-02-26,94.56999969482422,94.6500015258789,94.5,94.6500015258789,48.582664489746094,2722100
2014-02-27,94.6500015258789,94.83999633789062,94.6500015258789,94.83000183105469,48.67507553100586,4377300
2014-02-28,94.81999969482422,95.0199966430664,94.72000122070312,94.93000030517578,48.726375579833984,3919300
2014-03-03,94.37000274658203,94.5,94.11000061035156,94.37999725341797,48.681541442871094,9488700
2014-03-04,94.61000061035156,94.75,94.4800033569336,94.72000122070312,48.85688781738281,9313600
2014-03-05,94.69000244140625,94.69999694824219,94.5,94.55000305175781,48.769229888916016,4531600
2014-03-06,94.62999725341797,94.66999816894531,94.37000274658203,94.41000366210938,48.69698715209961,4075500
2014-03-07,94.30999755859375,94.37999725341797,94.01000213623047,94.05000305175781,48.511322021484375,4552000
2014-03-10,94.04000091552734,94.08999633789062,93.91999816894531,94.05999755859375,48.516441345214844,1908200
2014-03-11,94.13999938964844,94.16000366210938,93.94000244140625,93.95999908447266,48.464874267578125,1618500
2014-03-12,93.9800033569336,94.13999938964844,93.97000122070312,94.12000274658203,48.547401428222656,2595000
2014-03-13,94.18000030517578,94.18000030517578,93.83000183105469,93.87000274658203,48.418460845947266,4829700
2014-03-14,93.88999938964844,94.01000213623047,93.73999786376953,93.80000305175781,48.38235092163086,4088200
2014-03-17,93.91000366210938,94.01000213623047,93.8499984741211,93.93000030517578,48.44939422607422,2943100
2014-03-18,94.02999877929688,94.2300033569336,93.93000030517578,94.20999908447266,48.59383010864258,2903500
2014-03-19,94.19000244140625,94.29000091552734,93.54000091552734,93.7300033569336,48.34624099731445,9983600
2014-03-20,93.9000015258789,94.06999969482422,93.66999816894531,94.05000305175781,48.511322021484375,4872300
2014-03-21,94.01000213623047,94.16000366210938,93.95999908447266,93.98999786376953,48.480377197265625,6106500
2014-03-24,94.19999694824219,94.19999694824219,93.95999908447266,94.0199966430664,48.49582290649414,5986100
2014-03-25,94.08999633789062,94.29000091552734,94.08999633789062,94.20999908447266,48.59383010864258,3468800
2014-03-26,94.3499984741211,94.3499984741211,94.16000366210938,94.2300033569336,48.60417938232422,3887200
2014-03-27,94.16999816894531,94.23999786376953,94.06999969482422,94.08999633789062,48.53192138671875,2255400
2014-03-28,94.2300033569336,94.3499984741211,94.16999816894531,94.25,48.614463806152344,2732600
2014-03-31,94.44999694824219,94.48999786376953,94.33999633789062,94.38999938964844,48.686676025390625,2641400
2014-04-01,94.05000305175781,94.12000274658203,93.97000122070312,94.12000274658203,48.777366638183594,4514900
2014-04-02,94.13999938964844,94.13999938964844,93.9800033569336,94.0199966430664,48.72553634643555,2285900
2014-04-03,94.0999984741211,94.1500015258789,94.04000091552734,94.05999755859375,48.74625778198242,2812400
2014-04-04,94.18000030517578,94.36000061035156,94.1500015258789,94.27999877929688,48.86027526855469,4555000
2014-04-07,94.2699966430664,94.30000305175781,94.06999969482422,94.08000183105469,48.75661849975586,1520900
2014-04-08,94.1500015258789,94.30000305175781,94.08000183105469,94.30000305175781,48.87067794799805,2804400
2014-04-09,94.30000305175781,94.45999908447266,94.19999694824219,94.44999694824219,48.94838333129883,4383400
2014-04-10,94.5,94.5,94.18000030517578,94.18000030517578,48.80845642089844,3226900
2014-04-11,94.22000122070312,94.22000122070312,93.7699966430664,93.77999877929688,48.60117721557617,7228500
2014-04-14,93.83999633789062,94.13999938964844,93.83999633789062,94.08000183105469,48.75661849975586,3355800
2014-04-15,94.22000122070312,94.22000122070312,94.0,94.18000030517578,48.80845642089844,3104900
2014-04-16,94.22000122070312,94.25,94.0999984741211,94.2300033569336,48.83440399169922,3450100
2014-04-17,94.18000030517578,94.25,94.0999984741211,94.12000274658203,48.777366638183594,2443800
2014-04-21,94.23999786376953,94.27999877929688,94.0999984741211,94.12000274658203,48.777366638183594,1682200
2014-04-22,94.25,94.2699966430664,94.12000274658203,94.22000122070312,48.82920837402344,2442800
2014-04-23,94.23999786376953,94.44000244140625,94.19999694824219,94.25,48.84475326538086,1591300
2014-04-24,94.25,94.4000015258789,94.1500015258789,94.2699966430664,48.8551025390625,1021700
2014-04-25,94.30999755859375,94.31999969482422,94.16000366210938,94.23999786376953,48.83955383300781,1195400
2014-04-28,94.26000213623047,94.30000305175781,94.12999725341797,94.22000122070312,48.82920837402344,1903900
2014-04-29,94.36000061035156,94.37999725341797,94.19000244140625,94.36000061035156,48.90174865722656,1775300
2014-04-30,94.36000061035156,94.41999816894531,94.19999694824219,94.33999633789062,48.891380310058594,4393100
2014-05-01,94.01000213623047,94.05000305175781,93.81999969482422,93.81999969482422,48.84086990356445,7322200
2014-05-02,94.04000091552734,94.04000091552734,93.83000183105469,94.04000091552734,48.9554328918457,2146000
2014-05-05,93.7699966430664,94.08000183105469,93.75,94.0,48.93459701538086,3541300
2014-05-06,94.1500015258789,94.1500015258789,93.9800033569336,94.0199966430664,48.94499588012695,2567800
2014-05-07,94.08999633789062,94.26000213623047,94.05000305175781,94.16000366210938,49.01786422729492,1578600
2014-05-08,94.2699966430664,94.30999755859375,94.08999633789062,94.13999938964844,49.00748062133789,4522400
2014-05-09,94.16000366210938,94.30000305175781,94.13999938964844,94.2300033569336,49.054359436035156,1736600
2014-05-12,94.37999725341797,94.37999725341797,94.22000122070312,94.33000183105469,49.10639190673828,1123000
2014-05-13,94.2699966430664,94.62000274658203,94.25,94.4800033569336,49.18448257446289,1933600
2014-05-14,94.4000015258789,94.58999633789062,94.38999938964844,94.52999877929688,49.21051025390625,1721400
2014-05-15,94.5999984741211,94.5999984741211,94.33999633789062,94.44000244140625,49.16364669799805,4240700
2014-05-16,94.5,94.6500015258789,94.37999725341797,94.62999725341797,49.2625732421875,3185000
2014-05-19,94.5999984741211,94.8499984741211,94.51000213623047,94.7699966430664,49.33544158935547,7351000
2014-05-20,94.7699966430664,94.77999877929688,94.63999938964844,94.6500015258789,49.27298355102539,4217800
2014-05-21,94.7300033569336,94.7699966430664,94.5,94.63999938964844,49.26777648925781,2925900
2014-05-22,94.66000366210938,94.7300033569336,94.58999633789062,94.70999908447266,49.30422592163086,1950900
2014-05-23,94.66000366210938,94.83999633789062,94.66000366210938,94.73999786376953,49.319828033447266,2289100
2014-05-27,94.7699966430664,94.8499984741211,94.72000122070312,94.83000183105469,49.36666488647461,4384700
2014-05-28,94.8499984741211,94.9000015258789,94.80999755859375,94.86000061035156,49.38228225708008,3904400
2014-05-29,94.9000015258789,95.0,94.83999633789062,94.94999694824219,49.42916488647461,4734800
2014-05-30,94.9800033569336,95.06999969482422,94.93000030517578,95.05000305175781,49.481224060058594,4445800
2014-06-02,94.75,94.75,94.30999755859375,94.31999969482422,49.323768615722656,5722500
2014-06-03,94.41000366210938,94.43000030517578,94.30999755859375,94.33000183105469,49.329017639160156,2978300
2014-06-04,94.30999755859375,94.4000015258789,94.26000213623047,94.33000183105469,49.329017639160156,2527200
2014-06-05,94.41999816894531,94.58999633789062,94.33000183105469,94.55999755859375,49.44934844970703,2034100
2014-06-06,94.5999984741211,94.91000366210938,94.58999633789062,94.83000183105469,49.59050369262695,3059100
2014-06-09,94.97000122070312,94.9800033569336,94.77999877929688,94.94000244140625,49.648033142089844,2906800
2014-06-10,94.76000213623047,95.0,94.76000213623047,94.88999938964844,49.62187194824219,2091000
2014-06-11,94.87999725341797,94.91999816894531,94.77999877929688,94.9000015258789,49.62709045410156,1699500
2014-06-12,94.80999755859375,94.93000030517578,94.80999755859375,94.83999633789062,49.5957145690918,1354000
2014-06-13,94.9800033569336,94.9800033569336,94.83000183105469,94.94999694824219,49.653221130371094,1276500
2014-06-16,94.91999816894531,95.0,94.88999938964844,94.9000015258789,49.62709045410156,1869500
2014-06-17,94.88999938964844,95.0,94.77999877929688,94.83000183105469,49.59050369262695,7251700
2014-06-18,94.83999633789062,95.30999755859375,94.83999633789062,95.26000213623047,49.815364837646484,4284800
2014-06-19,95.2699966430664,95.30999755859375,95.1500015258789,95.23999786376953,49.80488586425781,2882500
2014-06-20,95.26000213623047,95.4000015258789,95.23999786376953,95.33000183105469,49.85196304321289,2372300
2014-06-23,95.33999633789062,95.43000030517578,95.29000091552734,95.31999969482422,49.84675216674805,1551000
2014-06-24,95.2699966430664,95.41000366210938,95.23999786376953,95.23999786376953,49.80488586425781,1839300
2014-06-25,95.30000305175781,95.4000015258789,95.25,95.37999725341797,49.87810516357422,2385000
2014-06-26,95.33999633789062,95.38999938964844,95.19999694824219,95.27999877929688,49.82581329345703,1806400
2014-06-27,95.30999755859375,95.33000183105469,95.19000244140625,95.27999877929688,49.82581329345703,1702700
2014-06-30,95.11000061035156,95.31999969482422,95.11000061035156,95.19999694824219,49.78396987915039,2647600
2014-07-01,94.93000030517578,95.02999877929688,94.77999877929688,94.80999755859375,49.79716110229492,3472700
2014-07-02,94.87000274658203,95.0,94.80999755859375,94.87000274658203,49.82865905761719,2819400
2014-07-03,94.86000061035156,94.91000366210938,94.69999694824219,94.7300033569336,49.75510787963867,2776100
2014-07-07,94.69999694824219,94.80000305175781,94.6500015258789,94.66000366210938,49.71833801269531,1941300
2014-07-08,94.73999786376953,94.77999877929688,94.66000366210938,94.68000030517578,49.728843688964844,2035300
2014-07-09,94.75,94.80000305175781,94.58000183105469,94.61000061035156,49.69207000732422,3945400
2014-07-10,94.54000091552734,94.54000091552734,94.29000091552734,94.31999969482422,49.53974151611328,6011600
2014-07-11,94.33000183105469,94.52999877929688,94.33000183105469,94.4800033569336,49.62376403808594,2071400
2014-07-14,94.80000305175781,94.80000305175781,94.44000244140625,94.44999694824219,49.608055114746094,2632700
2014-07-15,94.45999908447266,94.51000213623047,94.29000091552734,94.30000305175781,49.52924728393555,2888400
2014-07-16,94.41000366210938,94.41000366210938,94.12999725341797,94.1500015258789,49.450469970703125,4264900
2014-07-17,94.11000061035156,94.13999938964844,93.4800033569336,93.48999786376953,49.10382843017578,5767800
2014-07-18,93.7699966430664,93.9800033569336,93.6500015258789,93.87999725341797,49.30865478515625,1994800
2014-07-21,93.8499984741211,93.87999725341797,93.62999725341797,93.72000122070312,49.224639892578125,3111700
2014-07-22,93.7699966430664,94.0,93.76000213623047,93.8499984741211,49.29290771484375,3707100
2014-07-23,93.95999908447266,94.08000183105469,93.93000030517578,94.02999877929688,49.38744354248047,1995900
2014-07-24,94.06999969482422,94.29000091552734,93.98999786376953,94.19999694824219,49.476707458496094,3089100
2014-07-25,94.18000030517578,94.2300033569336,94.01000213623047,94.04000091552734,49.392677307128906,3072300
2014-07-28,94.01000213623047,94.04000091552734,93.73999786376953,93.76000213623047,49.245628356933594,5355100
2014-07-29,93.81999969482422,94.0,93.61000061035156,93.62999725341797,49.1773796081543,3877100
2014-07-30,93.7300033569336,93.7699966430664,93.0999984741211,93.23999786376953,48.972511291503906,5415100
2014-07-31,92.83000183105469,92.97000122070312,92.44000244140625,92.4800033569336,48.57333755493164,7460000
2014-08-01,92.05999755859375,92.3499984741211,91.31999969482422,92.04000091552734,48.568603515625,10942000
2014-08-04,92.05999755859375,92.62999725341797,92.02999877929688,92.5999984741211,48.86410140991211,7020400
2014-08-05,92.61000061035156,92.62999725341797,92.27999877929688,92.41999816894531,48.76911163330078,3612500
2014-08-06,92.37999725341797,92.7300033569336,92.3499984741211,92.63999938964844,48.885189056396484,4167700
2014-08-07,92.69000244140625,92.94999694824219,92.66999816894531,92.69999694824219,48.9168701171875,3833900
2014-08-08,92.5,93.05999755859375,92.5,92.98999786376953,49.06989288330078,3426300
2014-08-11,93.12000274658203,93.48999786376953,92.98999786376953,93.43000030517578,49.30205535888672,6908300
2014-08-12,93.47000122070312,93.55999755859375,93.31999969482422,93.41000366210938,49.291534423828125,4231700
2014-08-13,93.6500015258789,93.69999694824219,93.45999908447266,93.68000030517578,49.43402862548828,4960200
2014-08-14,93.72000122070312,93.95999908447266,93.70999908447266,93.86000061035156,49.528961181640625,4246600
2014-08-15,94.0199966430664,94.11000061035156,93.87000274658203,94.05000305175781,49.62924575805664,6051300
2014-08-18,94.06999969482422,94.33999633789062,94.01000213623047,94.31999969482422,49.771690368652344,5112800
2014-08-19,94.37000274658203,94.37999725341797,94.23999786376953,94.29000091552734,49.755882263183594,2747200
2014-08-20,94.31999969482422,94.4800033569336,94.16999816894531,94.36000061035156,49.792823791503906,2470000
2014-08-21,94.36000061035156,94.45999908447266,94.33999633789062,94.36000061035156,49.792823791503906,1869100
2014-08-22,94.3499984741211,94.41000366210938,94.08999633789062,94.12999725341797,49.67145919799805,3065500
2014-08-25,94.26000213623047,94.37999725341797,94.08000183105469,94.33000183105469,49.77699279785156,1958000
2014-08-26,94.33000183105469,94.47000122070312,94.30999755859375,94.4000015258789,49.81393814086914,1562400
2014-08-27,94.47000122070312,94.4800033569336,94.30000305175781,94.30999755859375,49.76640701293945,3685200
2014-08-28,94.27999877929688,94.38999938964844,94.12999725341797,94.16999816894531,49.692527770996094,1815400
2014-08-29,94.23999786376953,94.27999877929688,94.12000274658203,94.23999786376953,49.729515075683594,2046000
2014-09-02,93.7699966430664,93.9800033569336,93.75,93.91999816894531,49.787784576416016,4484800
2014-09-03,93.91999816894531,93.91999816894531,93.66999816894531,93.68000030517578,49.66061782836914,3200200
2014-09-04,93.7300033569336,93.7699966430664,93.26000213623047,93.37000274658203,49.49625778198242,4754500
2014-09-05,93.37999725341797,93.44999694824219,93.25,93.26000213623047,49.43791961669922,4752700
2014-09-08,93.23999786376953,93.3499984741211,93.08000183105469,93.16999816894531,49.390228271484375,2549200
2014-09-09,93.13999938964844,93.13999938964844,92.70999908447266,92.73999786376953,49.162315368652344,4647900
2014-09-10,92.75,92.81999969482422,92.55000305175781,92.77999877929688,49.18349838256836,3290600
2014-09-11,92.68000030517578,92.83999633789062,92.58000183105469,92.77999877929688,49.18349838256836,2822400
2014-09-12,92.69999694824219,92.80000305175781,92.5199966430664,92.66999816894531,49.12520980834961,5372500
2014-09-15,92.75,92.76000213623047,92.47000122070312,92.5,49.03505325317383,3592400
2014-09-16,92.44999694824219,92.86000061035156,92.43000030517578,92.69000244140625,49.135772705078125,5132200
2014-09-17,92.87000274658203,93.08999633789062,92.76000213623047,92.98999786376953,49.2948112487793,4399300
2014-09-18,92.9800033569336,93.08000183105469,92.91000366210938,93.0199966430664,49.31069564819336,3640300
2014-09-19,93.0999984741211,93.19000244140625,93.0199966430664,93.16000366210938,49.384944915771484,6000600
2014-09-22,93.16000366210938,93.23999786376953,92.91000366210938,92.98999786376953,49.2948112487793,4355300
2014-09-23,92.79000091552734,92.91999816894531,92.44000244140625,92.5199966430664,49.04566192626953,3573100
2014-09-24,92.5,92.5,92.05999755859375,92.23999786376953,48.897220611572266,6342700
2014-09-25,92.0999984741211,92.0999984741211,91.5,91.61000061035156,48.563262939453125,7348000
2014-09-26,91.22000122070312,91.7300033569336,90.94999694824219,91.55000305175781,48.53144073486328,11842500
2014-09-29,91.04000091552734,91.37000274658203,90.88999938964844,91.36000061035156,48.430721282958984,6289400
2014-09-30,91.63999938964844,92.02999877929688,91.55000305175781,91.94999694824219,48.74348831176758,6905400
2014-10-01,91.75,91.9000015258789,91.5199966430664,91.66000366210938,48.79726028442383,9996600
2014-10-02,91.62000274658203,91.87999725341797,91.4000015258789,91.83999633789062,48.893104553222656,6197300
2014-10-03,92.0999984741211,92.43000030517578,91.97000122070312,92.1500015258789,49.05811309814453,6371600
2014-10-06,92.30000305175781,92.44000244140625,92.13999938964844,92.25,49.111351013183594,4213800
2014-10-07,92.12999725341797,92.20999908447266,91.80999755859375,91.9000015258789,48.925052642822266,4994200
2014-10-08,91.87999725341797,92.37999725341797,91.7300033569336,92.33999633789062,49.15928649902344,7589400
2014-10-09,92.1500015258789,92.2300033569336,91.2699966430664,91.36000061035156,48.63755798339844,7177500
2014-10-10,91.18000030517578,91.30999755859375,90.51000213623047,90.62000274658203,48.24361038208008,14239800
2014-10-13,90.55000305175781,90.95999908447266,90.1500015258789,90.16999816894531,48.0040283203125,7908500
2014-10-14,90.5,90.7699966430664,90.22000122070312,90.47000122070312,48.16374206542969,11695300
2014-10-15,90.20999908447266,90.48999786376953,89.20999908447266,90.48999786376953,48.174373626708984,11711300
2014-10-16,89.98999786376953,91.0999984741211,89.8499984741211,91.0,48.44591522216797,12623100
2014-10-17,91.73999786376953,92.23999786376953,91.4000015258789,91.7699966430664,48.85580062866211,13575900
2014-10-20,91.83000183105469,92.5,91.7300033569336,92.43000030517578,49.20719528198242,7331400
2014-10-21,92.62000274658203,93.19999694824219,92.62000274658203,93.18000030517578,49.60650634765625,7453700
2014-10-22,93.16000366210938,93.19999694824219,92.44999694824219,92.56999969482422,49.2817268371582,8363900
2014-10-23,92.87000274658203,94.91999816894531,92.51000213623047,92.52999877929688,49.260440826416016,9482300
2014-10-24,92.44999694824219,92.91999816894531,92.44999694824219,92.79000091552734,49.398868560791016,5764300
2014-10-27,92.7300033569336,92.75,92.33999633789062,92.41000366210938,49.196533203125,4911400
2014-10-28,92.54000091552734,92.70999908447266,92.37999725341797,92.55999755859375,49.27639389038086,6024200
2014-10-29,92.62999725341797,92.68000030517578,92.20999908447266,92.48999786376953,49.23911666870117,5320700
2014-10-30,92.5,94.94999694824219,92.38999938964844,92.44999694824219,49.21784591674805,3341700
2014-10-31,92.80999755859375,92.80999755859375,92.5,92.52999877929688,49.260440826416016,5065400
2014-11-03,92.22000122070312,92.51000213623047,92.18000030517578,92.31999969482422,49.36415100097656,4936200
2014-11-04,92.29000091552734,92.29000091552734,91.95999908447266,92.02999877929688,49.2091064453125,5886200
2014-11-05,92.16000366210938,92.18000030517578,91.91000366210938,92.01000213623047,49.19842529296875,4399300
2014-11-06,92.08000183105469,92.2699966430664,92.06999969482422,92.25,49.32672882080078,3747700
2014-11-07,92.25,92.37999725341797,92.13999938964844,92.33999633789062,49.374874114990234,3456300
2014-11-10,92.30999755859375,92.41999816894531,92.29000091552734,92.37999725341797,49.3962287902832,2680400
2014-11-11,92.37999725341797,92.62000274658203,92.25,92.58999633789062,49.508548736572266,2730700
2014-11-12,92.4800033569336,92.51000213623047,92.26000213623047,92.29000091552734,49.34813690185547,3218900
2014-11-13,92.37999725341797,92.37999725341797,91.80000305175781,91.91000366210938,49.144935607910156,5081300
2014-11-14,91.80999755859375,91.94000244140625,91.41000366210938,91.44999694824219,48.898963928222656,7868000
2014-11-17,91.5199966430664,91.66999816894531,91.3499984741211,91.44000244140625,48.89363098144531,5213700
2014-11-18,91.41000366210938,91.55999755859375,91.25,91.26000213623047,48.797386169433594,5227200
2014-11-19,91.0999984741211,91.26000213623047,90.86000061035156,91.23999786376953,48.78667449951172,7733300
2014-11-20,91.0,91.30000305175781,90.91999816894531,91.25,48.792030334472656,3274300
2014-11-21,91.62000274658203,92.01000213623047,91.52999877929688,91.75,49.05936813354492,7983000
2014-11-24,91.87000274658203,91.94000244140625,91.62999725341797,91.73999786376953,49.05405044555664,4569100
2014-11-25,91.69999694824219,91.94999694824219,91.66000366210938,91.88999938964844,49.13426208496094,4878500
2014-11-26,91.94999694824219,92.12999725341797,91.9000015258789,92.01000213623047,49.19842529296875,3055800
2014-11-28,91.58999633789062,91.6500015258789,91.04000091552734,91.12999725341797,48.727882385253906,5290500
2014-12-01,90.66999816894531,90.66999816894531,89.73999786376953,89.80000305175781,48.237449645996094,12432400
2014-12-02,90.05000305175781,90.31999969482422,89.87000274658203,90.29000091552734,48.500640869140625,6821200
2014-12-03,90.31999969482422,90.51000213623047,90.19999694824219,90.44000244140625,48.58122634887695,7627000
2014-12-04,90.36000061035156,90.5,90.30000305175781,90.37999725341797,48.548980712890625,4581600
2014-12-05,90.26000213623047,90.38999938964844,90.04000091552734,90.30999755859375,48.511356353759766,5237400
2014-12-08,90.12999725341797,90.19999694824219,89.69999694824219,89.8499984741211,48.26430130004883,6770800
2014-12-09,89.30999755859375,89.87999725341797,89.2300033569336,89.80000305175781,48.237449645996094,9702100
2014-12-10,89.37000274658203,89.5,88.41999816894531,88.7699966430664,47.68415069580078,15409400
2014-12-11,88.62000274658203,88.91000366210938,87.91999816894531,88.44999694824219,47.51227569580078,12053000
2014-12-12,87.80000305175781,87.94000244140625,87.0999984741211,87.25,46.8676643371582,11563300
2014-12-15,87.44000244140625,87.5999984741211,86.45999908447266,87.19999694824219,46.84080123901367,14114000
2014-12-16,86.44000244140625,87.66000366210938,86.12000274658203,86.88999938964844,46.67430114746094,14875500
2014-12-17,86.95999908447266,88.9800033569336,86.88999938964844,88.66000366210938,47.62506103515625,16864000
2014-12-18,90.0,90.30999755859375,88.72000122070312,89.37000274658203,48.00645065307617,16638700
2014-12-19,89.62000274658203,90.30999755859375,89.5199966430664,90.2300033569336,48.468387603759766,9952800
2014-12-22,90.1500015258789,90.30000305175781,89.69999694824219,90.01000213623047,48.350257873535156,6622400
2014-12-23,90.23999786376953,90.41000366210938,89.94999694824219,90.33000183105469,48.52212142944336,5314400
2014-12-24,89.9800033569336,90.30000305175781,89.91999816894531,90.25,48.687198638916016,2285700
2014-12-26,90.3499984741211,90.5,89.9000015258789,89.97000122070312,48.53617477416992,1815500
2014-12-29,90.0199966430664,90.23999786376953,89.7300033569336,90.0199966430664,48.563148498535156,4717100
2014-12-30,89.7699966430664,89.95999908447266,89.66000366210938,89.83999633789062,48.46601867675781,3624300
2014-12-31,89.87999725341797,90.0,89.44000244140625,89.5999984741211,48.33656311035156,4185400
2015-01-02,89.69000244140625,89.93000030517578,89.48999786376953,89.5999984741211,48.33656311035156,3271900
2015-01-05,89.0999984741211,89.23999786376953,88.6500015258789,88.7699966430664,47.888797760009766,7523100
2015-01-06,88.5999984741211,88.95999908447266,88.33999633789062,88.43000030517578,47.705352783203125,9489700
2015-01-07,89.12000274658203,89.27999877929688,88.87000274658203,88.9800033569336,48.002079010009766,8353100
2015-01-08,89.30999755859375,89.83000183105469,88.9800033569336,89.6500015258789,48.363529205322266,8388600
2015-01-09,89.72000122070312,90.13999938964844,89.37000274658203,90.0999984741211,48.606327056884766,6766700
2015-01-12,90.16999816894531,90.16999816894531,89.63999938964844,89.98999786376953,48.54693603515625,8698500
2015-01-13,90.0,90.2300033569336,89.54000091552734,89.98999786376953,48.54693603515625,7738700
2015-01-14,89.51000213623047,89.83999633789062,89.3499984741211,89.77999877929688,48.43366241455078,7415500
2015-01-15,89.9800033569336,89.9800033569336,89.20999908447266,89.2300033569336,48.136959075927734,7061300
2015-01-16,89.33999633789062,89.69999694824219,89.33000183105469,89.56999969482422,48.32038116455078,7685500
2015-01-20,89.83999633789062,89.83999633789062,89.26000213623047,89.41000366210938,48.23406982421875,5915300
2015-01-21,89.36000061035156,89.91000366210938,89.30000305175781,89.88999938964844,48.49300765991211,6110700
2015-01-22,90.0199966430664,90.16999816894531,89.77999877929688,90.01000213623047,48.557762145996094,6940100
2015-01-23,90.01000213623047,90.13999938964844,89.93000030517578,90.01000213623047,48.557762145996094,5134500
2015-01-26,90.06999969482422,90.48999786376953,89.93000030517578,90.41999816894531,48.77891540527344,8252300
2015-01-27,90.08000183105469,90.43000030517578,90.01000213623047,90.3499984741211,48.741153717041016,8771100
2015-01-28,90.41000366210938,90.5,90.01000213623047,90.16000366210938,48.6386604309082,5622400
2015-01-29,90.33999633789062,90.5199966430664,90.1500015258789,90.4800033569336,48.811279296875,4923200
2015-01-30,90.37999725341797,90.4800033569336,90.19000244140625,90.2300033569336,48.676422119140625,6383000
2015-02-02,90.02999877929688,90.20999908447266,89.87999725341797,90.20999908447266,48.86330032348633,4120600
2015-02-03,90.37999725341797,90.83000183105469,90.30000305175781,90.72000122070312,49.13953399658203,11682400
2015-02-04,90.63999938964844,90.63999938964844,90.30000305175781,90.33999633789062,48.9337158203125,8333900
2015-02-05,90.55000305175781,90.87999725341797,90.4000015258789,90.87000274658203,49.22081756591797,10172500
2015-02-06,91.06999969482422,91.08000183105469,90.77999877929688,90.94000244140625,49.25871276855469,6076700
2015-02-09,90.87999725341797,90.98999786376953,90.69999694824219,90.72000122070312,49.13953399658203,4672800
2015-02-10,90.9000015258789,91.02999877929688,90.88999938964844,91.02999877929688,49.307456970214844,6846600
2015-02-11,90.9800033569336,91.02999877929688,90.83000183105469,91.0,49.291221618652344,5688000
2015-02-12,91.13999938964844,91.13999938964844,90.94000244140625,90.98999786376953,49.28579330444336,3185400
2015-02-13,91.01000213623047,91.19000244140625,90.94000244140625,91.12000274658203,49.356201171875,4676600
2015-02-17,91.23999786376953,91.27999877929688,91.02999877929688,91.05999755859375,49.32371520996094,6624200
2015-02-18,91.1500015258789,91.38999938964844,91.04000091552734,91.37000274658203,49.491600036621094,4744400
2015-02-19,91.2699966430664,91.31999969482422,91.13999938964844,91.16000366210938,49.377864837646484,2964800
2015-02-20,91.1500015258789,91.41999816894531,91.08000183105469,91.41000366210938,49.51329803466797,5470600
2015-02-23,91.44999694824219,91.4800033569336,91.2699966430664,91.4800033569336,49.55120086669922,4165700
2015-02-24,91.45999908447266,91.5999984741211,91.38999938964844,91.56999969482422,49.59994888305664,3689300
2015-02-25,91.62999725341797,91.9000015258789,91.56999969482422,91.87000274658203,49.762447357177734,9048500
2015-02-26,91.83999633789062,91.97000122070312,91.73999786376953,91.8499984741211,49.75163269042969,7928200
2015-02-27,91.9000015258789,91.94999694824219,91.80999755859375,91.87000274658203,49.762447357177734,4521800
2015-03-02,91.55999755859375,91.5999984741211,91.30000305175781,91.45999908447266,49.7531852722168,6933000
2015-03-03,91.31999969482422,91.4000015258789,91.12000274658203,91.19999694824219,49.61178207397461,10032000
2015-03-04,91.05000305175781,91.16000366210938,90.9800033569336,91.02999877929688,49.51929473876953,7832800
2015-03-05,91.16999816894531,91.19999694824219,91.04000091552734,91.19999694824219,49.61178207397461,6412500
2015-03-06,90.94999694824219,90.97000122070312,90.52999877929688,90.62000274658203,49.2962646484375,9271900
2015-03-09,90.7300033569336,90.73999786376953,90.37999725341797,90.43000030517578,49.1928825378418,9607500
2015-03-10,90.27999877929688,90.33999633789062,89.9000015258789,90.08000183105469,49.002506256103516,12447300
2015-03-11,90.3499984741211,90.45999908447266,90.06999969482422,90.33000183105469,49.138484954833984,9214800
2015-03-12,90.5999984741211,90.63999938964844,90.36000061035156,90.51000213623047,49.236419677734375,4469900
2015-03-13,90.36000061035156,90.4000015258789,89.97000122070312,90.19999694824219,49.067752838134766,6184500
2015-03-16,90.2699966430664,90.33999633789062,90.05000305175781,90.11000061035156,49.01881790161133,4772600
2015-03-17,89.87999725341797,90.0199966430664,89.48999786376953,89.66000366210938,48.774024963378906,13059600
2015-03-18,89.66000366210938,90.47000122070312,89.48999786376953,90.45999908447266,49.209205627441406,11633900
2015-03-19,90.16999816894531,90.36000061035156,89.68000030517578,89.73999786376953,48.81753921508789,9226000
2015-03-20,90.0999984741211,90.4800033569336,89.97000122070312,90.44000244140625,49.19834518432617,9127300
2015-03-23,90.43000030517578,90.54000091552734,90.30999755859375,90.51000213623047,49.236419677734375,5459200
2015-03-24,90.4800033569336,90.72000122070312,90.44999694824219,90.6500015258789,49.31258773803711,6767200
2015-03-25,90.70999908447266,90.83000183105469,90.4000015258789,90.41000366210938,49.182010650634766,5364600
2015-03-26,90.51000213623047,90.52999877929688,90.2300033569336,90.4000015258789,49.17658615112305,4876400
2015-03-27,90.38999938964844,90.55999755859375,90.3499984741211,90.47000122070312,49.21464538574219,3822000
2015-03-30,90.51000213623047,90.79000091552734,90.5,90.72000122070312,49.35063934326172,4197700
2015-03-31,90.69000244140625,90.83999633789062,90.55999755859375,90.61000061035156,49.29085159301758,4498400
2015-04-01,90.3499984741211,90.43000030517578,90.0999984741211,90.38999938964844,49.3924560546875,9298200
2015-04-02,90.45999908447266,90.58999633789062,90.3499984741211,90.45999908447266,49.43068313598633,4774400
2015-04-06,90.37999725341797,90.80999755859375,90.37999725341797,90.69000244140625,49.556392669677734,5020700
2015-04-07,90.7699966430664,91.19999694824219,90.69000244140625,91.16999816894531,49.81863784790039,8659800
2015-04-08,91.20999908447266,91.30000305175781,91.01000213623047,91.1500015258789,49.80774688720703,7151900
2015-04-09,91.19000244140625,91.26000213623047,91.0,91.05999755859375,49.758544921875,3415700
2015-04-10,91.05000305175781,91.27999877929688,91.05000305175781,91.2699966430664,49.873291015625,3012700
2015-04-13,91.2699966430664,91.31999969482422,91.08000183105469,91.0999984741211,49.780399322509766,2866600
2015-04-14,91.12999725341797,91.19999694824219,90.93000030517578,91.13999938964844,49.80228805541992,2830000
2015-04-15,91.23999786376953,91.55999755859375,91.20999908447266,91.5,49.999000549316406,4438300
2015-04-16,91.44000244140625,91.44000244140625,91.2699966430664,91.30999755859375,49.89516067504883,5285400
2015-04-17,91.23999786376953,91.23999786376953,91.0,91.02999877929688,49.74216842651367,3901300
2015-04-20,91.23999786376953,91.37999725341797,91.11000061035156,91.2300033569336,49.85145950317383,3641000
2015-04-21,91.4800033569336,91.4800033569336,91.23999786376953,91.29000091552734,49.884254455566406,3730700
2015-04-22,91.43000030517578,91.44000244140625,91.18000030517578,91.19999694824219,49.83507537841797,4031100
2015-04-23,91.26000213623047,91.36000061035156,91.08000183105469,91.16999816894531,49.81863784790039,4755200
2015-04-24,91.19000244140625,91.33999633789062,91.19000244140625,91.31999969482422,49.900611877441406,4221400
2015-04-27,91.44999694824219,91.48999786376953,91.2699966430664,91.3499984741211,49.91701889038086,5049600
2015-04-28,91.27999877929688,91.30999755859375,91.16999816894531,91.20999908447266,49.84053039550781,4697400
2015-04-29,91.0,91.19999694824219,90.91999816894531,91.04000091552734,49.74761962890625,8152700
2015-04-30,91.0,91.08000183105469,90.80999755859375,90.98999786376953,49.720298767089844,11463800
2015-05-01,90.66000366210938,90.80999755859375,90.61000061035156,90.79000091552734,49.83119583129883,8053700
2015-05-04,90.94999694824219,90.97000122070312,90.6500015258789,90.7699966430664,49.820213317871094,6683700
2015-05-05,90.69000244140625,90.77999877929688,90.48999786376953,90.6500015258789,49.75432205200195,12736900
2015-05-06,90.6500015258789,90.69000244140625,90.31999969482422,90.37999725341797,49.60615539550781,13677500
2015-05-07,90.30000305175781,90.58000183105469,90.2699966430664,90.37000274658203,49.60064697265625,8676400
2015-05-08,90.86000061035156,91.08000183105469,90.80000305175781,91.08000183105469,49.9903564453125,10319600
2015-05-11,91.01000213623047,91.05999755859375,90.4800033569336,90.51000213623047,49.6775016784668,5499200
2015-05-12,90.36000061035156,90.7300033569336,90.29000091552734,90.5,49.67201614379883,6569200
2015-05-13,90.62000274658203,90.7699966430664,90.33000183105469,90.37000274658203,49.60064697265625,4349000
2015-05-14,90.58999633789062,90.87000274658203,90.58999633789062,90.80999755859375,49.84213638305664,5147100
2015-05-15,90.9000015258789,91.08000183105469,90.80999755859375,91.01000213623047,49.95192337036133,8939400
2015-05-18,91.0,91.0,90.75,90.86000061035156,49.86960220336914,2843700
2015-05-19,90.87999725341797,90.87999725341797,90.63999938964844,90.72000122070312,49.792747497558594,4743200
2015-05-20,90.7300033569336,90.86000061035156,90.61000061035156,90.61000061035156,49.73237609863281,2841700
2015-05-21,90.5999984741211,90.83000183105469,90.5999984741211,90.73999786376953,49.8037109375,3709300
2015-05-22,90.7300033569336,90.8499984741211,90.69000244140625,90.80999755859375,49.84213638305664,3716900
2015-05-26,90.66999816894531,90.79000091552734,90.61000061035156,90.62000274658203,49.73785400390625,3951500
2015-05-27,90.77999877929688,90.9000015258789,90.68000030517578,90.81999969482422,49.847652435302734,3737800
2015-05-28,90.80999755859375,90.83000183105469,90.69000244140625,90.77999877929688,49.825679779052734,5440700
2015-05-29,90.76000213623047,90.97000122070312,90.76000213623047,90.91000366210938,49.89706039428711,4764000
2015-06-01,90.6500015258789,90.7699966430664,90.45999908447266,90.66000366210938,49.98082733154297,9372600
2015-06-02,90.75,90.75,90.33999633789062,90.48999786376953,49.88711929321289,5203700
2015-06-03,90.38999938964844,90.44999694824219,89.94000244140625,90.0,49.61698532104492,9532700
2015-06-04,89.93000030517578,90.01000213623047,89.70999908447266,89.70999908447266,49.45711898803711,11381700
2015-06-05,89.48999786376953,89.62999725341797,89.33000183105469,89.44000244140625,49.30825424194336,7747600
2015-06-08,89.5199966430664,89.61000061035156,89.33999633789062,89.44000244140625,49.30825424194336,6487800
2015-06-09,89.41999816894531,89.44000244140625,89.16999816894531,89.29000091552734,49.22557067871094,11416200
2015-06-10,89.30999755859375,89.4800033569336,89.26000213623047,89.41000366210938,49.29172897338867,5187500
2015-06-11,89.47000122070312,89.5999984741211,89.37999725341797,89.58999633789062,49.39094161987305,5202100
2015-06-12,89.41999816894531,89.5199966430664,89.23999786376953,89.26000213623047,49.20902633666992,5713500
2015-06-15,89.06999969482422,89.22000122070312,88.80999755859375,88.83999633789062,48.977474212646484,12726200
2015-06-16,88.80999755859375,89.33999633789062,88.80999755859375,89.33999633789062,49.25312042236328,5249800
2015-06-17,89.19999694824219,89.4000015258789,88.94000244140625,89.26000213623047,49.20902633666992,5660400
2015-06-18,89.29000091552734,89.69000244140625,89.29000091552734,89.58999633789062,49.39094161987305,6869900
2015-06-19,89.76000213623047,89.76000213623047,89.45999908447266,89.63999938964844,49.41848373413086,12585700
2015-06-22,89.88999938964844,89.98999786376953,89.63999938964844,89.81999969482422,49.51774215698242,5035400
2015-06-23,89.7699966430664,89.80000305175781,89.63999938964844,89.76000213623047,49.48463821411133,3474800
2015-06-24,89.69999694824219,89.79000091552734,89.5199966430664,89.5199966430664,49.35236358642578,2636900
2015-06-25,89.56999969482422,89.63999938964844,89.25,89.25,49.203487396240234,5176700
2015-06-26,89.25,89.31999969482422,88.94999694824219,88.98999786376953,49.0601692199707,6683200
2015-06-29,88.6500015258789,88.80000305175781,88.37000274658203,88.37999725341797,48.723876953125,10156900
2015-06-30,88.76000213623047,88.86000061035156,88.58000183105469,88.80000305175781,48.955413818359375,4912700
2015-07-01,88.80999755859375,88.80999755859375,88.36000061035156,88.41999816894531,48.963722229003906,13614700
2015-07-02,88.6500015258789,88.8499984741211,88.5199966430664,88.75,49.14649200439453,5586300
2015-07-06,88.58000183105469,88.75,88.41000366210938,88.45999908447266,48.98588180541992,4719100
2015-07-07,88.33000183105469,88.62999725341797,88.12999725341797,88.52999877929688,49.02463912963867,8406300
2015-07-08,88.16999816894531,88.41999816894531,88.05999755859375,88.08999633789062,48.78097915649414,5744800
2015-07-09,88.44999694824219,88.7300033569336,88.29000091552734,88.29000091552734,48.89169692993164,6291000
2015-07-10,88.58999633789062,88.87000274658203,88.55999755859375,88.80000305175781,49.17414855957031,7097900
2015-07-13,88.91000366210938,88.94000244140625,88.72000122070312,88.87999725341797,49.218441009521484,6119200
2015-07-14,88.73999786376953,88.83000183105469,88.63999938964844,88.79000091552734,49.16862869262695,6354100
2015-07-15,88.77999877929688,88.9000015258789,88.6500015258789,88.79000091552734,49.16862869262695,5983300
2015-07-16,88.88999938964844,89.02999877929688,88.87999725341797,88.93000030517578,49.24613952636719,7523600
2015-07-17,88.98999786376953,88.98999786376953,88.5999984741211,88.69000244140625,49.11323928833008,7788400
2015-07-20,88.6500015258789,88.66000366210938,88.2699966430664,88.27999877929688,48.886226654052734,6740400
2015-07-21,88.20999908447266,88.31999969482422,88.11000061035156,88.12000274658203,48.79759216308594,4904800
2015-07-22,87.87000274658203,87.93000030517578,87.5199966430664,87.55000305175781,48.48195266723633,10578500
2015-07-23,87.5199966430664,87.70999908447266,87.5,87.5,48.454288482666016,4918400
2015-07-24,87.5,87.55000305175781,87.19999694824219,87.25,48.31582260131836,4702900
2015-07-27,87.01000213623047,87.2699966430664,86.80999755859375,86.87999725341797,48.11094665527344,11061700
2015-07-28,86.97000122070312,87.44999694824219,86.93000030517578,87.3499984741211,48.37120056152344,10471000
2015-07-29,87.3499984741211,87.93000030517578,87.3499984741211,87.86000061035156,48.6536750793457,8839500
2015-07-30,87.80999755859375,88.16999816894531,87.80999755859375,88.12000274658203,48.79759216308594,6127600
2015-07-31,88.01000213623047,88.23999786376953,87.94000244140625,87.97000122070312,48.71455383300781,5936500
2015-08-03,87.58999633789062,87.5999984741211,87.37000274658203,87.41000366210938,48.623321533203125,5416900
2015-08-04,87.5,87.62999725341797,87.44000244140625,87.45999908447266,48.65113067626953,3691400
2015-08-05,87.63999938964844,87.7300033569336,87.33000183105469,87.33999633789062,48.584354400634766,7778300
2015-08-06,87.2300033569336,87.33000183105469,86.95999908447266,86.9800033569336,48.384124755859375,10794800
2015-08-07,86.8499984741211,86.88999938964844,86.68000030517578,86.70999908447266,48.23390579223633,5483500
2015-08-10,86.7699966430664,86.97000122070312,86.7300033569336,86.95999908447266,48.37300109863281,3234500
2015-08-11,86.62999725341797,86.69999694824219,86.45999908447266,86.55999755859375,48.150482177734375,4598600
2015-08-12,86.26000213623047,86.4800033569336,86.04000091552734,86.44000244140625,48.08372116088867,6371900
2015-08-13,86.37000274658203,86.44000244140625,86.27999877929688,86.33000183105469,48.02251052856445,7422100
2015-08-14,86.29000091552734,86.51000213623047,86.27999877929688,86.37999725341797,48.05035400390625,3437900
2015-08-17,86.29000091552734,86.51000213623047,86.19999694824219,86.37999725341797,48.05035400390625,4153600
2015-08-18,86.2699966430664,86.4000015258789,86.18000030517578,86.2699966430664,47.98916244506836,5471300
2015-08-19,86.20999908447266,86.44999694824219,86.0199966430664,86.19000244140625,47.944664001464844,7208500
2015-08-20,85.9000015258789,85.97000122070312,85.6500015258789,85.7699966430664,47.71103286743164,11099100
2015-08-21,85.52999877929688,85.75,85.37000274658203,85.45999908447266,47.538597106933594,13158600
2015-08-24,83.80999755859375,85.37999725341797,83.43000030517578,84.76000213623047,47.14920425415039,19116200
2015-08-25,85.55999755859375,85.69000244140625,84.91000366210938,84.93000030517578,47.24375534057617,18194700
2015-08-26,85.26000213623047,85.80000305175781,85.19000244140625,85.63999938964844,47.638710021972656,10654800
2015-08-27,85.86000061035156,86.44999694824219,85.86000061035156,86.27999877929688,47.99470901489258,12772100
2015-08-28,86.22000122070312,86.5,86.05999755859375,86.36000061035156,48.03923034667969,9100000
2015-08-31,86.23999786376953,86.30000305175781,85.7300033569336,86.23999786376953,47.97246170043945,5408800
2015-09-01,85.69999694824219,85.7699966430664,85.44000244140625,85.58000183105469,47.81772232055664,4739100
2015-09-02,85.93000030517578,85.95999908447266,85.68000030517578,85.93000030517578,48.01322555541992,5259700
2015-09-03,86.0,86.2300033569336,85.86000061035156,86.05000305175781,48.080326080322266,8779000
2015-09-04,85.86000061035156,86.06999969482422,85.8499984741211,85.95999908447266,48.029998779296875,4671000
2015-09-08,86.3499984741211,86.44000244140625,86.23999786376953,86.43000030517578,48.292625427246094,5450300
2015-09-09,86.5999984741211,86.62000274658203,86.23999786376953,86.31999969482422,48.23115921020508,4914800
2015-09-10,86.27999877929688,86.5999984741211,86.27999877929688,86.52999877929688,48.34852981567383,4744100
2015-09-11,86.1500015258789,86.55000305175781,86.11000061035156,86.5,48.33176803588867,4834900
2015-09-14,86.36000061035156,86.44000244140625,86.22000122070312,86.3499984741211,48.247962951660156,4383100
2015-09-15,86.25,86.41000366210938,86.19999694824219,86.33000183105469,48.23674392700195,4247800
2015-09-16,86.02999877929688,86.2300033569336,85.94000244140625,86.0199966430664,48.06353759765625,5026700
2015-09-17,86.01000213623047,86.41000366210938,85.8499984741211,86.08999633789062,48.102657318115234,6576800
2015-09-18,85.83999633789062,86.05000305175781,85.69000244140625,85.8499984741211,47.968563079833984,10827600
2015-09-21,85.86000061035156,85.9000015258789,85.61000061035156,85.69000244140625,47.87916946411133,7579000
2015-09-22,85.3499984741211,85.69000244140625,84.95999908447266,85.06999969482422,47.532737731933594,7366900
2015-09-23,85.05000305175781,85.11000061035156,84.86000061035156,84.91999816894531,47.44892883300781,7686000
2015-09-24,84.75,84.75,84.3499984741211,84.5,47.214229583740234,9167500
2015-09-25,84.5999984741211,84.76000213623047,84.04000091552734,84.06999969482422,46.97399139404297,8384200
2015-09-28,83.66999816894531,84.0199966430664,82.72000122070312,82.77999877929688,46.25320816040039,12416300
2015-09-29,82.70999908447266,83.08999633789062,82.62999725341797,82.7699966430664,46.247589111328125,11417600
2015-09-30,83.12999725341797,83.33999633789062,82.83000183105469,83.29000091552734,46.53814697265625,14539800
2015-10-01,82.75,82.87999725341797,82.31999969482422,82.36000061035156,46.23947525024414,12179800
2015-10-02,81.88999938964844,82.47000122070312,81.66000366210938,82.44000244140625,46.28440856933594,14060200
2015-10-05,82.87000274658203,83.47000122070312,82.80999755859375,83.43000030517578,46.84021759033203,13531400
2015-10-06,83.4800033569336,83.9800033569336,83.36000061035156,83.88999938964844,47.09846878051758,13985800
2015-10-07,84.3499984741211,84.83000183105469,84.19999694824219,84.75,47.58130645751953,18000700
2015-10-08,84.62000274658203,85.12999725341797,84.45999908447266,85.0999984741211,47.77778625488281,9466900
2015-10-09,85.2300033569336,85.5999984741211,84.9800033569336,85.11000061035156,47.783424377441406,9900600
2015-10-12,85.18000030517578,85.25,84.83000183105469,84.94999694824219,47.6935920715332,3867000
2015-10-13,84.79000091552734,84.94999694824219,84.62999725341797,84.75,47.58130645751953,7772600
2015-10-14,84.76000213623047,84.94999694824219,84.63999938964844,84.69000244140625,47.5476188659668,7748100
2015-10-15,84.81999969482422,84.94999694824219,84.61000061035156,84.88999938964844,47.659908294677734,8049200
2015-10-16,84.91000366210938,85.29000091552734,84.88999938964844,85.27999877929688,47.87885284423828,5978200
2015-10-19,85.1500015258789,85.56999969482422,85.08000183105469,85.51000213623047,48.007991790771484,10347000
2015-10-20,85.37999725341797,85.69000244140625,85.29000091552734,85.58999633789062,48.05287170410156,10294800
2015-10-21,85.6500015258789,85.7699966430664,85.26000213623047,85.5,48.00238800048828,14332200
2015-10-22,85.58000183105469,85.68000030517578,85.41000366210938,85.52999877929688,48.01921081542969,11805100
2015-10-23,85.9000015258789,86.08999633789062,85.58000183105469,85.83000183105469,48.187660217285156,13201700
2015-10-26,85.93000030517578,85.94000244140625,85.68000030517578,85.73999786376953,48.13713836669922,9354100
2015-10-27,85.66999816894531,85.68000030517578,85.33999633789062,85.45999908447266,47.979915618896484,5585800
2015-10-28,85.45999908447266,85.70999908447266,85.30000305175781,85.69000244140625,48.10906219482422,8637000
2015-10-29,85.44999694824219,85.68000030517578,85.43000030517578,85.47000122070312,47.985511779785156,6064500
2015-10-30,85.52999877929688,85.76000213623047,85.38999938964844,85.56999969482422,48.04164505004883,8803100
2015-11-02,85.18000030517578,85.4800033569336,85.11000061035156,85.44000244140625,48.19058609008789,5476000
2015-11-03,85.36000061035156,85.58000183105469,85.36000061035156,85.52999877929688,48.24132537841797,5873700
2015-11-04,85.56999969482422,85.56999969482422,85.23999786376953,85.27999877929688,48.10032272338867,6082100
2015-11-05,85.25,85.33999633789062,84.94000244140625,84.94999694824219,47.914207458496094,8529600
2015-11-06,84.62000274658203,84.69000244140625,84.33999633789062,84.54000091552734,47.68294143676758,8207700
2015-11-09,84.36000061035156,84.44000244140625,84.12999725341797,84.19000244140625,47.48554611206055,10127900
2015-11-10,84.0999984741211,84.19000244140625,83.87000274658203,84.0,47.37837600708008,9673000
2015-11-11,84.04000091552734,84.0999984741211,83.75,83.80000305175781,47.26554870605469,3943900
2015-11-12,83.47000122070312,83.68000030517578,83.22000122070312,83.23999786376953,46.949729919433594,11570600
2015-11-13,83.27999877929688,83.36000061035156,82.98999786376953,83.0,46.81435012817383,7487900
2015-11-16,82.91000366210938,83.44000244140625,82.80999755859375,83.38999938964844,47.03436279296875,8228200
2015-11-17,83.5999984741211,83.73999786376953,83.37000274658203,83.44999694824219,47.06818389892578,9106400
2015-11-18,83.4000015258789,83.66000366210938,83.4000015258789,83.61000061035156,47.15842056274414,7479000
2015-11-19,83.33000183105469,83.48999786376953,82.8499984741211,82.86000061035156,46.735382080078125,9428300
2015-11-20,82.87999725341797,83.20999908447266,82.80999755859375,82.83999633789062,46.724124908447266,9763700
2015-11-23,82.73999786376953,82.88999938964844,82.69000244140625,82.7699966430664,46.684608459472656,5138900
2015-11-24,82.6500015258789,82.91000366210938,82.56999969482422,82.87999725341797,46.746673583984375,9529200
2015-11-25,82.83999633789062,82.98999786376953,82.83999633789062,82.97000122070312,46.79743957519531,7132500
2015-11-27,83.0199966430664,83.1500015258789,82.94000244140625,83.0999984741211,46.870758056640625,2259900
2015-11-30,83.0999984741211,83.1500015258789,82.98999786376953,83.05000305175781,46.842567443847656,5356300
2015-12-01,82.8499984741211,83.27999877929688,82.80000305175781,83.23999786376953,47.175811767578125,9849200
2015-12-02,83.18000030517578,83.44000244140625,83.02999877929688,83.06999969482422,47.079437255859375,11871300
2015-12-03,82.91999816894531,83.12999725341797,82.72000122070312,82.8499984741211,46.95476531982422,15290200
2015-12-04,82.80000305175781,82.93000030517578,82.5,82.66000366210938,46.84709167480469,14027900
2015-12-07,82.33000183105469,82.5,82.0199966430664,82.08000183105469,46.51836013793945,11989900
2015-12-08,81.43000030517578,81.62000274658203,80.95999908447266,81.05999755859375,45.94028854370117,25199100
2015-12-09,81.05999755859375,81.69999694824219,81.05000305175781,81.4800033569336,46.17833709716797,16703900
2015-12-10,81.2699966430664,81.56999969482422,81.0,81.13999938964844,45.98564529418945,14206800
2015-12-11,80.54000091552734,80.54000091552734,78.62000274658203,79.5199966430664,45.067481994628906,54233300
2015-12-14,79.4000015258789,79.51000213623047,78.20999908447266,78.83000183105469,44.676456451416016,38540500
2015-12-15,79.80000305175781,80.44999694824219,79.76000213623047,80.12000274658203,45.407554626464844,36337800
2015-12-16,80.38999938964844,80.88999938964844,80.05999755859375,80.7300033569336,45.753257751464844,30575300
2015-12-17,80.69999694824219,80.80999755859375,79.80000305175781,79.83000183105469,45.24319839477539,17345300
2015-12-18,79.55999755859375,79.79000091552734,79.33999633789062,79.52999877929688,45.07317352294922,23548900
2015-12-21,79.69999694824219,79.9000015258789,79.06999969482422,79.27999877929688,44.931488037109375,14468700
2015-12-22,79.4000015258789,80.26000213623047,79.36000061035156,80.23999786376953,45.47557067871094,12569500
2015-12-23,80.51000213623047,80.88999938964844,80.41999816894531,80.75,45.764610290527344,12824900
2015-12-24,80.3499984741211,80.69999694824219,80.2699966430664,80.48999786376953,45.85804748535156,5284300
2015-12-28,80.23999786376953,80.25,79.87999725341797,80.01000213623047,45.58456039428711,7151600
2015-12-29,80.16000366210938,80.52999877929688,80.1500015258789,80.47000122070312,45.846656799316406,7485500
2015-12-30,80.37000274658203,80.63999938964844,80.18000030517578,80.52999877929688,45.88083267211914,13145300
2015-12-31,80.4800033569336,80.87999725341797,80.38999938964844,80.58000183105469,45.909324645996094,7935200
2016-01-04,80.01000213623047,80.16000366210938,79.66999816894531,80.0999984741211,45.635833740234375,14787700
2016-01-05,80.33999633789062,80.52999877929688,80.06999969482422,80.25,45.72129440307617,11491300
2016-01-06,79.93000030517578,80.33000183105469,79.93000030517578,80.25,45.72129440307617,11320100
2016-01-07,79.66999816894531,80.0,79.62000274658203,79.7300033569336,45.42505645751953,11004700
2016-01-08,80.04000091552734,80.22000122070312,79.5,79.5199966430664,45.30536651611328,17902100
2016-01-11,79.86000061035156,79.94999694824219,79.30999755859375,79.4000015258789,45.237030029296875,16917700
2016-01-12,79.88999938964844,79.94999694824219,79.30000305175781,79.4800033569336,45.282615661621094,15217700
2016-01-13,79.54000091552734,79.62000274658203,78.48999786376953,78.5999984741211,44.781227111816406,20352700
2016-01-14,78.66000366210938,79.04000091552734,78.27999877929688,78.94999694824219,44.98066711425781,18572700
2016-01-15,77.66999816894531,78.68000030517578,77.41999816894531,77.91000366210938,44.38814926147461,27309900
2016-01-19,77.94999694824219,78.12999725341797,77.38999938964844,77.63999938964844,44.23429489135742,15975700
2016-01-20,77.02999877929688,77.41999816894531,75.81999969482422,77.12000274658203,43.93803024291992,25973500
2016-01-21,77.12000274658203,77.95999908447266,76.80000305175781,77.63999938964844,44.23429489135742,20065800
2016-01-22,78.4000015258789,78.91999816894531,78.23999786376953,78.83000183105469,44.91228103637695,17653100
2016-01-25,78.58999633789062,78.73999786376953,78.02999877929688,78.05000305175781,44.46790313720703,16448400
2016-01-26,78.36000061035156,78.79000091552734,78.18000030517578,78.75,44.86670684814453,12010900
2016-01-27,78.72000122070312,79.08000183105469,78.37999725341797,78.62999725341797,44.7983283996582,14563000
2016-01-28,79.11000061035156,79.29000091552734,78.73999786376953,79.02999877929688,45.02622604370117,14622600
2016-01-29,79.19999694824219,79.44999694824219,79.12999725341797,79.29000091552734,45.17435073852539,14218700
2016-02-01,78.76000213623047,78.79000091552734,78.30999755859375,78.43000030517578,44.90583038330078,8865500
2016-02-02,78.05000305175781,78.22000122070312,77.83000183105469,77.87000274658203,44.58518600463867,15442100
2016-02-03,78.11000061035156,78.4000015258789,77.62999725341797,78.25,44.80278778076172,15465200
2016-02-04,78.22000122070312,78.38999938964844,77.93000030517578,78.0,44.65961456298828,8989700
2016-02-05,77.98999786376953,77.98999786376953,77.27999877929688,77.4000015258789,44.316078186035156,14632300
2016-02-08,76.7699966430664,76.80000305175781,76.27999877929688,76.5,43.80079650878906,15649900
2016-02-09,76.08999633789062,76.55999755859375,75.87000274658203,76.20999908447266,43.63473129272461,18685000
2016-02-10,76.41000366210938,76.7300033569336,75.94999694824219,76.0999984741211,43.57175827026367,13086000
2016-02-11,75.3499984741211,75.87000274658203,75.08999633789062,75.58999633789062,43.279747009277344,22158200
2016-02-12,75.86000061035156,76.79000091552734,75.7699966430664,76.72000122070312,43.92675018310547,17751500
2016-02-16,76.80999755859375,77.02999877929688,76.69000244140625,76.79000091552734,43.966827392578125,14106000
2016-02-17,77.18000030517578,77.58999633789062,77.11000061035156,77.41999816894531,44.32754135131836,16353000
2016-02-18,77.69999694824219,77.75,77.44000244140625,77.48999786376953,44.36764144897461,13247300
2016-02-19,77.1500015258789,77.68000030517578,77.05000305175781,77.63999938964844,44.453495025634766,12879900
2016-02-22,78.04000091552734,78.3499984741211,77.94999694824219,78.30999755859375,44.83713912963867,13826600
2016-02-23,78.05999755859375,78.27999877929688,77.73999786376953,78.1500015258789,44.74550247192383,16809700
2016-02-24,77.55999755859375,78.37000274658203,77.45999908447266,78.27999877929688,44.81993865966797,13622100
2016-02-25,78.33000183105469,78.7300033569336,78.05999755859375,78.69999694824219,45.060428619384766,10699100
2016-02-26,78.94999694824219,79.30000305175781,78.86000061035156,79.2300033569336,45.363895416259766,12060200
2016-02-29,79.27999877929688,80.12999725341797,79.26000213623047,80.08000183105469,45.850555419921875,23746800
2016-03-01,79.83000183105469,81.01000213623047,79.54000091552734,80.91999816894531,46.575191497802734,24023200
2016-03-02,80.5,80.61000061035156,80.22000122070312,80.37000274658203,46.258636474609375,14987400
2016-03-03,80.2699966430664,80.87000274658203,79.98999786376953,80.63999938964844,46.41403579711914,12018400
2016-03-04,80.77999877929688,81.23999786376953,80.5,80.87000274658203,46.546409606933594,18029900
2016-03-07,80.68000030517578,81.0,80.66999816894531,80.97000122070312,46.6039924621582,12656200
2016-03-08,80.79000091552734,80.8499984741211,80.36000061035156,80.4000015258789,46.27588653564453,17813700
2016-03-09,80.55000305175781,80.69999694824219,80.36000061035156,80.5999984741211,46.39101028442383,7699600
2016-03-10,81.05999755859375,81.19000244140625,80.55000305175781,81.16000366210938,46.71332931518555,18167000
2016-03-11,81.72000122070312,82.26000213623047,81.63999938964844,82.13999938964844,47.277381896972656,18662700
2016-03-14,81.87999725341797,82.05999755859375,81.52999877929688,81.91000366210938,47.14502716064453,12512400
2016-03-15,81.4000015258789,81.4800033569336,81.11000061035156,81.1500015258789,46.707576751708984,16442600
2016-03-16,80.93000030517578,81.98999786376953,80.81999969482422,81.69000244140625,47.018367767333984,21567100
2016-03-17,81.87999725341797,82.3499984741211,81.72000122070312,82.20999908447266,47.317684173583984,18423000
2016-03-18,82.30000305175781,82.61000061035156,82.27999877929688,82.4000015258789,47.427005767822266,12922000
2016-03-21,82.38999938964844,82.45999908447266,82.13999938964844,82.30999755859375,47.37522888183594,12653600
2016-03-22,82.13999938964844,82.25,81.9800033569336,82.08999633789062,47.248600006103516,8941200
2016-03-23,82.06999969482422,82.06999969482422,81.68000030517578,81.70999908447266,47.0298957824707,11354200
2016-03-24,81.12000274658203,81.48999786376953,81.08000183105469,81.3499984741211,46.822669982910156,13497800
2016-03-28,81.26000213623047,81.43000030517578,80.94000244140625,80.9800033569336,46.6097297668457,11298900
2016-03-29,80.73999786376953,81.31999969482422,80.68000030517578,81.29000091552734,46.78816223144531,11348400
2016-03-30,81.44000244140625,81.70999908447266,81.38999938964844,81.58000183105469,46.95507049560547,11796400
2016-03-31,81.48999786376953,81.9000015258789,81.4800033569336,81.69000244140625,47.018367767333984,9436700
2016-04-01,80.9800033569336,81.51000213623047,80.80000305175781,81.37000274658203,47.052520751953125,10822400
2016-04-04,81.26000213623047,81.51000213623047,81.08000183105469,81.16999816894531,46.936832427978516,9269700
2016-04-05,80.81999969482422,81.06999969482422,80.77999877929688,80.87000274658203,46.763362884521484,13254500
2016-04-06,81.01000213623047,81.62000274658203,80.9800033569336,81.55000305175781,47.15659713745117,13935000
2016-04-07,81.22000122070312,81.41000366210938,81.05999755859375,81.1500015258789,46.925289154052734,11306100
2016-04-08,81.58000183105469,81.63999938964844,81.41999816894531,81.5199966430664,47.139225006103516,7953000
2016-04-11,81.6500015258789,81.86000061035156,81.62000274658203,81.62999725341797,47.20283508300781,8126900
2016-04-12,81.7699966430664,82.13999938964844,81.72000122070312,82.11000061035156,47.48040008544922,11772800
2016-04-13,82.30999755859375,82.81999969482422,82.30999755859375,82.6500015258789,47.792659759521484,13596100
2016-04-14,82.6500015258789,82.7300033569336,82.5,82.62000274658203,47.77532958984375,10758400
2016-04-15,82.47000122070312,82.56999969482422,82.4000015258789,82.48999786376953,47.700172424316406,7857300
2016-04-18,82.16000366210938,82.97000122070312,82.12999725341797,82.95999908447266,47.971923828125,9211400
2016-04-19,83.1500015258789,83.41000366210938,83.08000183105469,83.30999755859375,48.17429733276367,11623600
2016-04-20,83.37999725341797,83.69999694824219,83.22000122070312,83.47000122070312,48.26683044433594,10128800
2016-04-21,83.56999969482422,83.5999984741211,83.16999816894531,83.20999908447266,48.11647033691406,13349500
2016-04-22,83.27999877929688,83.44999694824219,83.20999908447266,83.4000015258789,48.226356506347656,10982300
2016-04-25,83.25,83.37000274658203,83.05000305175781,83.08000183105469,48.04133987426758,8972400
2016-04-26,83.29000091552734,83.37000274658203,83.16000366210938,83.36000061035156,48.20321273803711,8291000
2016-04-27,83.44000244140625,83.91000366210938,83.41000366210938,83.8499984741211,48.4865608215332,10505400
2016-04-28,83.83000183105469,84.04000091552734,83.6500015258789,83.70999908447266,48.405601501464844,9229000
2016-04-29,83.62999725341797,83.91000366210938,83.3499984741211,83.8499984741211,48.4865608215332,20284700
2016-05-02,83.37999725341797,83.52999877929688,83.29000091552734,83.5,48.50515365600586,11420700
2016-05-03,83.19999694824219,83.22000122070312,82.83999633789062,82.95999908447266,48.19147872924805,18449200
2016-05-04,82.80999755859375,82.86000061035156,82.61000061035156,82.6500015258789,48.01140213012695,17645200
2016-05-05,82.91000366210938,82.91999816894531,82.54000091552734,82.58000183105469,47.970733642578125,18782100
2016-05-06,82.2300033569336,82.70999908447266,82.20999908447266,82.52999877929688,47.94169235229492,16204400
2016-05-09,82.4000015258789,82.58999633789062,82.27999877929688,82.37999725341797,47.854557037353516,11622800
2016-05-10,82.43000030517578,83.0999984741211,82.43000030517578,83.08000183105469,48.26118087768555,11420700
2016-05-11,83.08000183105469,83.36000061035156,82.93000030517578,83.0199966430664,48.22632598876953,20692000
2016-05-12,83.23999786376953,83.23999786376953,82.95999908447266,83.1500015258789,48.30186462402344,11312400
2016-05-13,83.06999969482422,83.18000030517578,82.73999786376953,82.77999877929688,48.08692169189453,11332400
2016-05-16,82.93000030517578,83.27999877929688,82.87000274658203,83.23999786376953,48.35414123535156,12981700
2016-05-17,83.0999984741211,83.31999969482422,83.01000213623047,83.06999969482422,48.255374908447266,7489900
2016-05-18,83.0999984741211,83.33000183105469,82.8499984741211,83.08000183105469,48.26118087768555,16612500
2016-05-19,82.79000091552734,82.91000366210938,82.58999633789062,82.8499984741211,48.127559661865234,20290200
2016-05-20,82.86000061035156,83.16000366210938,82.86000061035156,83.13999938964844,48.296051025390625,10556700
2016-05-23,83.12000274658203,83.5999984741211,82.95999908447266,83.16000366210938,48.30767822265625,10457400
2016-05-24,83.37000274658203,83.66000366210938,83.30999755859375,83.66000366210938,48.598114013671875,10838400
2016-05-25,83.83000183105469,83.91999816894531,83.75,83.79000091552734,48.67364501953125,15119600
2016-05-26,83.94000244140625,83.94000244140625,83.54000091552734,83.55000305175781,48.534202575683594,12269000
2016-05-27,83.58999633789062,83.69000244140625,83.52999877929688,83.69000244140625,48.615543365478516,6225600
2016-05-31,83.75,83.87000274658203,83.5199966430664,83.61000061035156,48.56903839111328,11994100
2016-06-01,82.98999786376953,83.37999725341797,82.9000015258789,83.33999633789062,48.6461067199707,16488600
2016-06-02,83.19999694824219,83.41000366210938,83.11000061035156,83.36000061035156,48.657779693603516,12118900
2016-06-03,83.44000244140625,83.55999755859375,83.2300033569336,83.51000213623047,48.74536895751953,13093000
2016-06-06,83.77999877929688,83.93000030517578,83.62000274658203,83.87999725341797,48.961307525634766,16126200
2016-06-07,83.9800033569336,84.3499984741211,83.93000030517578,84.25,49.17727279663086,18423500
2016-06-08,84.36000061035156,84.5999984741211,84.3499984741211,84.56999969482422,49.36404800415039,14652800
2016-06-09,84.56999969482422,84.56999969482422,84.13999938964844,84.23999786376953,49.171443939208984,11188300
2016-06-10,83.9000015258789,84.0199966430664,83.66000366210938,83.83000183105469,48.932106018066406,15259900
2016-06-13,83.5,83.80999755859375,83.2699966430664,83.2699966430664,48.605255126953125,17257900
2016-06-14,83.12999725341797,83.23999786376953,82.7699966430664,82.98999786376953,48.441810607910156,20578800
2016-06-15,83.26000213623047,83.37999725341797,82.97000122070312,83.02999877929688,48.46516418457031,14202800
2016-06-16,82.8499984741211,83.1500015258789,82.44999694824219,83.08000183105469,48.49435806274414,19195500
2016-06-17,83.08999633789062,83.33000183105469,83.05999755859375,83.12999725341797,48.523536682128906,16113800
2016-06-20,83.7300033569336,83.97000122070312,83.52999877929688,83.62000274658203,48.80955505371094,13368400
2016-06-21,83.7699966430664,83.9800033569336,83.62999725341797,83.94000244140625,48.9963264465332,12141800
2016-06-22,83.98999786376953,84.12000274658203,83.88999938964844,84.0199966430664,49.043033599853516,10759500
2016-06-23,84.38999938964844,84.63999938964844,84.31999969482422,84.63999938964844,49.40491485595703,9920200
2016-06-24,82.98999786376953,84.19999694824219,82.9000015258789,83.25,48.59356689453125,31416700
2016-06-27,83.0,83.05999755859375,82.01000213623047,82.05000305175781,47.89314270019531,27244200
2016-06-28,82.83000183105469,83.11000061035156,82.69000244140625,83.08000183105469,48.49435806274414,13910300
2016-06-29,83.58000183105469,84.30000305175781,83.54000091552734,84.12999725341797,49.10724639892578,23604300
2016-06-30,84.05999755859375,84.80000305175781,83.94000244140625,84.69999694824219,49.43994140625,26304600
2016-07-01,84.30000305175781,84.69999694824219,84.25,84.47000122070312,49.53789138793945,16343000
2016-07-05,84.30000305175781,84.30000305175781,83.8499984741211,83.98999786376953,49.256385803222656,12078200
2016-07-06,83.87999725341797,84.37000274658203,83.75,84.36000061035156,49.473388671875,9607000
2016-07-07,84.37999725341797,84.5999984741211,84.25,84.47000122070312,49.53789138793945,13058100
2016-07-08,84.81999969482422,85.63999938964844,84.79000091552734,85.58999633789062,50.19470977783203,21395600
2016-07-11,85.63999938964844,85.91999816894531,85.5999984741211,85.63999938964844,50.224037170410156,18313500
2016-07-12,86.05999755859375,86.31999969482422,85.86000061035156,85.87999725341797,50.36478042602539,16074300
2016-07-13,85.87000274658203,85.9000015258789,85.51000213623047,85.62999725341797,50.21815490722656,13040300
2016-07-14,85.9000015258789,85.91000366210938,85.5999984741211,85.80000305175781,50.317840576171875,7764400
2016-07-15,85.8499984741211,85.94000244140625,85.5999984741211,85.62999725341797,50.21815490722656,9163800
2016-07-18,85.68000030517578,85.94000244140625,85.62999725341797,85.91999816894531,50.38825225830078,7447200
2016-07-19,85.7300033569336,85.87000274658203,85.54000091552734,85.69000244140625,50.253360748291016,7349700
2016-07-20,85.80999755859375,85.98999786376953,85.6500015258789,85.91000366210938,50.38240051269531,7247500
2016-07-21,85.77999877929688,86.08000183105469,85.73999786376953,85.79000091552734,50.312015533447266,11265000
2016-07-22,85.80999755859375,86.26000213623047,85.7300033569336,86.16999816894531,50.53486251831055,10523500
2016-07-25,86.08999633789062,86.08999633789062,85.68000030517578,85.76000213623047,50.2944221496582,14768400
2016-07-26,85.69999694824219,85.75,85.37999725341797,85.43000030517578,50.10087585449219,14292600
2016-07-27,85.58000183105469,85.72000122070312,85.33999633789062,85.69000244140625,50.253360748291016,11730800
2016-07-28,85.51000213623047,85.51000213623047,85.23999786376953,85.33000183105469,50.042232513427734,17968100
2016-07-29,85.18000030517578,85.43000030517578,84.98999786376953,85.41000366210938,50.08914566040039,15202400
2016-08-01,84.97000122070312,84.9800033569336,84.4800033569336,84.55000305175781,49.80816650390625,18335300
2016-08-02,84.5199966430664,84.61000061035156,84.29000091552734,84.43000030517578,49.737457275390625,21959800
2016-08-03,84.5,84.88999938964844,84.44999694824219,84.80999755859375,49.9613037109375,13733700
2016-08-04,85.12000274658203,85.45999908447266,85.0,85.3499984741211,50.27943801879883,11832000
2016-08-05,85.62999725341797,85.77999877929688,85.51000213623047,85.54000091552734,50.39137268066406,12314900
2016-08-08,85.69999694824219,85.93000030517578,85.5999984741211,85.88999938964844,50.597557067871094,10800900
2016-08-09,85.94000244140625,86.25,85.91999816894531,86.19000244140625,50.77426528930664,13772300
2016-08-10,86.20999908447266,86.25,86.0,86.02999877929688,50.680015563964844,7250400
2016-08-11,86.16999816894531,86.36000061035156,86.0999984741211,86.23999786376953,50.8036994934082,6732600
2016-08-12,86.19000244140625,86.33000183105469,86.12000274658203,86.30999755859375,50.84495544433594,3996500
2016-08-15,86.48999786376953,86.62000274658203,86.33000183105469,86.56999969482422,50.99812316894531,9396400
2016-08-16,86.5999984741211,86.5999984741211,86.3499984741211,86.38999938964844,50.89207077026367,8104400
2016-08-17,86.44999694824219,86.55000305175781,86.31999969482422,86.51000213623047,50.96278381347656,14139600
2016-08-18,86.58000183105469,86.8499984741211,86.5199966430664,86.8499984741211,51.16309356689453,8582700
2016-08-19,86.73999786376953,86.80999755859375,86.55000305175781,86.58999633789062,51.00990676879883,7474000
2016-08-22,86.5,86.55999755859375,86.30999755859375,86.44999694824219,50.927459716796875,5364700
2016-08-23,86.66999816894531,86.81999969482422,86.58999633789062,86.73999786376953,51.098289489746094,7476400
2016-08-24,86.7300033569336,86.77999877929688,86.48999786376953,86.5,50.95691680908203,6655300
2016-08-25,86.55000305175781,86.7699966430664,86.52999877929688,86.66000366210938,51.05113220214844,7482800
2016-08-26,86.61000061035156,87.0199966430664,86.41000366210938,86.55999755859375,50.992252349853516,10544900
2016-08-29,86.69000244140625,87.04000091552734,86.66000366210938,86.98999786376953,51.24555206298828,10038500
2016-08-30,86.98999786376953,87.13999938964844,86.79000091552734,87.04000091552734,51.27499771118164,16157400
2016-08-31,86.97000122070312,87.02999877929688,86.62000274658203,86.69999694824219,51.0747184753418,16985000
2016-09-01,86.4000015258789,86.52999877929688,86.12000274658203,86.5,51.1759033203125,14952700
2016-09-02,86.76000213623047,87.02999877929688,86.62000274658203,86.9000015258789,51.412559509277344,13540100
2016-09-06,86.87000274658203,87.01000213623047,86.8499984741211,87.0,51.47168731689453,12662000
2016-09-07,86.94999694824219,87.01000213623047,86.69999694824219,86.76000213623047,51.329708099365234,8245100
2016-09-08,86.7699966430664,86.81999969482422,86.58999633789062,86.5999984741211,51.23503112792969,8430700
2016-09-09,86.3499984741211,86.55999755859375,85.73999786376953,85.7699966430664,50.74399185180664,25087600
2016-09-12,85.5999984741211,86.2300033569336,85.55000305175781,86.06999969482422,50.92148208618164,17718300
2016-09-13,85.86000061035156,85.97000122070312,85.2699966430664,85.41000366210938,50.5310173034668,21907200
2016-09-14,85.52999877929688,85.80999755859375,85.29000091552734,85.38999938964844,50.5191535949707,14257700
2016-09-15,85.5,85.93000030517578,85.44000244140625,85.88999938964844,50.81499099731445,9964800
2016-09-16,85.77999877929688,85.93000030517578,85.58000183105469,85.91000366210938,50.826839447021484,8396600
2016-09-19,85.97000122070312,86.06999969482422,85.81999969482422,85.95999908447266,50.85639953613281,9855500
2016-09-20,86.0,86.0999984741211,85.72000122070312,85.86000061035156,50.7972526550293,8705600
2016-09-21,85.91000366210938,86.62000274658203,85.87999725341797,86.56999969482422,51.217288970947266,17484300
2016-09-22,86.86000061035156,87.12999725341797,86.70999908447266,86.86000061035156,51.388858795166016,11813600
2016-09-23,86.80000305175781,86.97000122070312,86.69999694824219,86.76000213623047,51.329708099365234,13122600
2016-09-26,86.56999969482422,86.68000030517578,86.30999755859375,86.37999725341797,51.104881286621094,6590500
2016-09-27,86.26000213623047,86.63999938964844,86.12999725341797,86.62999725341797,51.25279235839844,8516500
2016-09-28,86.77999877929688,87.2300033569336,86.47000122070312,87.20999908447266,51.595924377441406,11149300
2016-09-29,87.16999816894531,87.19000244140625,86.55999755859375,86.87999725341797,51.40070343017578,13425800
2016-09-30,87.0,87.29000091552734,86.9800033569336,87.26000213623047,51.62550735473633,12158000
2016-10-03,86.81999969482422,86.91000366210938,86.6500015258789,86.81999969482422,51.59344482421875,10708800
2016-10-04,86.94000244140625,87.0,86.55999755859375,86.66999816894531,51.50429153442383,11057500
2016-10-05,86.97000122070312,86.98999786376953,86.76000213623047,86.9000015258789,51.64099884033203,9424500
2016-10-06,86.97000122070312,86.98999786376953,86.7300033569336,86.94999694824219,51.670677185058594,9455200
2016-10-07,86.98999786376953,87.19000244140625,86.73999786376953,87.1500015258789,51.789520263671875,10824200
2016-10-10,87.20999908447266,87.5,87.1500015258789,87.4000015258789,51.93809509277344,4182300
2016-10-11,87.2699966430664,87.27999877929688,86.7699966430664,86.91000366210938,51.64692306518555,8855400
2016-10-12,86.87000274658203,87.02999877929688,86.7300033569336,86.87999725341797,51.62907791137695,7915300
2016-10-13,86.61000061035156,86.7699966430664,86.43000030517578,86.66000366210938,51.49834442138672,10614800
2016-10-14,86.91000366210938,86.9800033569336,86.73999786376953,86.86000061035156,51.6171875,6766300
2016-10-17,86.83999633789062,86.98999786376953,86.70999908447266,86.73999786376953,51.54590606689453,7790000
2016-10-18,87.05000305175781,87.12000274658203,86.81999969482422,87.08999633789062,51.753902435302734,8404600
2016-10-19,87.16000366210938,87.38999938964844,87.13999938964844,87.33999633789062,51.90244674682617,9874300
2016-10-20,87.33999633789062,87.41000366210938,87.18000030517578,87.3499984741211,51.90837097167969,12558000
2016-10-21,87.18000030517578,87.44999694824219,87.06999969482422,87.37000274658203,51.92025375366211,8332900
2016-10-24,87.4800033569336,87.55999755859375,87.27999877929688,87.41999816894531,51.94996643066406,7200800
2016-10-25,87.33000183105469,87.41999816894531,87.2300033569336,87.37000274658203,51.92025375366211,6906500
2016-10-26,87.1500015258789,87.3499984741211,86.98999786376953,87.0199966430664,51.7122917175293,13813300
2016-10-27,87.08999633789062,87.12999725341797,86.55000305175781,86.69999694824219,51.52210235595703,19333100
2016-10-28,86.5999984741211,86.66000366210938,86.20999908447266,86.27999877929688,51.27254104614258,19745600
2016-10-31,86.26000213623047,86.30999755859375,85.93000030517578,86.0199966430664,51.118038177490234,21174600
2016-11-01,85.68000030517578,85.68000030517578,84.97000122070312,85.30000305175781,50.918643951416016,26184000
2016-11-02,85.16000366210938,85.23999786376953,84.81999969482422,84.91999816894531,50.691829681396484,19593600
2016-11-03,85.0999984741211,85.2300033569336,84.87000274658203,84.94000244140625,50.70374298095703,12699700
2016-11-04,85.08999633789062,85.25,84.91000366210938,84.9800033569336,50.72762680053711,10970400
2016-11-07,85.75,86.22000122070312,85.69000244140625,86.16999816894531,51.437992095947266,14416200
2016-11-08,85.7699966430664,86.12999725341797,85.73999786376953,85.9800033569336,51.32455062866211,20370600
2016-11-09,85.44999694824219,86.0,85.30000305175781,85.37999725341797,50.966392517089844,24858900
2016-11-10,85.19999694824219,85.19999694824219,84.20999908447266,84.26000213623047,50.297847747802734,33213300
2016-11-11,83.98999786376953,84.19999694824219,83.25,83.47000122070312,49.826263427734375,16442900
2016-11-14,83.25,84.19000244140625,83.23999786376953,84.08999633789062,50.19636535644531,21036000
2016-11-15,84.5199966430664,85.30999755859375,84.5199966430664,85.19999694824219,50.85895919799805,17888600
2016-11-16,84.83999633789062,85.0,84.7300033569336,84.86000061035156,50.655975341796875,11965700
2016-11-17,84.8499984741211,85.08999633789062,84.62999725341797,84.62999725341797,50.518699645996094,12017600
2016-11-18,84.80999755859375,84.94000244140625,84.4800033569336,84.62999725341797,50.518699645996094,17781800
2016-11-21,84.8499984741211,85.3499984741211,84.83999633789062,85.30999755859375,50.92460250854492,11581600
2016-11-22,85.44999694824219,86.02999877929688,85.41999816894531,85.94000244140625,51.30070114135742,16648100
2016-11-23,85.29000091552734,85.69000244140625,85.27999877929688,85.62000274658203,51.109649658203125,10662900
2016-11-25,85.66999816894531,85.76000213623047,85.5999984741211,85.7300033569336,51.17530822753906,2009600
2016-11-28,85.62000274658203,86.0,85.47000122070312,85.72000122070312,51.16936492919922,16897400
2016-11-29,85.5,85.69999694824219,85.43000030517578,85.61000061035156,51.10369110107422,9164000
2016-11-30,85.69999694824219,85.80000305175781,85.43000030517578,85.6500015258789,51.12758255004883,15211300
2016-12-01,85.27999877929688,85.31999969482422,84.87000274658203,84.87000274658203,50.888328552246094,18249400
2016-12-02,85.06999969482422,85.38999938964844,84.9800033569336,85.37999725341797,51.194122314453125,9360400
2016-12-05,85.41999816894531,85.66999816894531,85.37999725341797,85.5999984741211,51.32606887817383,9782100
2016-12-06,85.7300033569336,86.05999755859375,85.6500015258789,86.02999877929688,51.583885192871094,16090600
2016-12-07,86.13999938964844,86.5999984741211,86.06999969482422,86.45999908447266,51.84169387817383,20886400
2016-12-08,86.37000274658203,86.5,86.12999725341797,86.44999694824219,51.83571243286133,10782100
2016-12-09,86.41000366210938,86.62000274658203,86.36000061035156,86.48999786376953,51.85969543457031,6463400
2016-12-12,86.6500015258789,86.68000030517578,86.27999877929688,86.37000274658203,51.787750244140625,8457100
2016-12-13,86.69000244140625,86.83999633789062,86.55999755859375,86.58000183105469,51.91368103027344,10739200
2016-12-14,86.58000183105469,86.83999633789062,85.8499984741211,85.93000030517578,51.523921966552734,15672400
2016-12-15,85.79000091552734,86.13999938964844,85.75,85.97000122070312,51.54788589477539,11221700
2016-12-16,86.20999908447266,86.26000213623047,86.02999877929688,86.05000305175781,51.59587097167969,15722200
2016-12-19,86.12000274658203,86.37999725341797,86.0999984741211,86.2699966430664,51.72780227661133,5897900
2016-12-20,86.30000305175781,86.4800033569336,86.19000244140625,86.38999938964844,51.79970932006836,11072400
2016-12-21,86.3499984741211,86.62000274658203,86.33000183105469,86.54000091552734,51.88967514038086,17461400
2016-12-22,86.2699966430664,86.44000244140625,86.16999816894531,86.44000244140625,52.00157165527344,8507600
2016-12-23,86.47000122070312,86.61000061035156,86.41000366210938,86.5999984741211,52.09780502319336,4230500
2016-12-27,86.48999786376953,86.66000366210938,86.44999694824219,86.5199966430664,52.049686431884766,5840600
2016-12-28,86.63999938964844,86.63999938964844,86.36000061035156,86.4000015258789,51.977500915527344,6961200
2016-12-29,86.47000122070312,86.55000305175781,86.37999725341797,86.5199966430664,52.049686431884766,3794300
2016-12-30,86.58000183105469,86.69999694824219,86.37999725341797,86.55000305175781,52.06773376464844,7513400
2017-01-03,86.87999725341797,86.94999694824219,86.69999694824219,86.91000366210938,52.28432083129883,14050100
2017-01-04,87.0,87.38999938964844,87.0,87.37999725341797,52.56704330444336,11912400
2017-01-05,87.26000213623047,87.41999816894531,87.19999694824219,87.25,52.48884201049805,10458600
2017-01-06,87.16000366210938,87.27999877929688,87.04000091552734,87.2300033569336,52.4768180847168,6836400
2017-01-09,87.20999908447266,87.27999877929688,87.05000305175781,87.20999908447266,52.46477127075195,6648800
2017-01-10,87.30999755859375,87.43000030517578,87.18000030517578,87.22000122070312,52.47077941894531,11777000
2017-01-11,87.25,87.31999969482422,87.11000061035156,87.2699966430664,52.50088119506836,11914200
2017-01-12,87.25,87.30000305175781,87.12999725341797,87.29000091552734,52.51295471191406,12512300
2017-01-13,87.26000213623047,87.4000015258789,87.0999984741211,87.31999969482422,52.53096008300781,8861000
2017-01-17,87.26000213623047,87.29000091552734,87.1500015258789,87.2300033569336,52.4768180847168,8633000
2017-01-18,87.19999694824219,87.30999755859375,87.0999984741211,87.30999755859375,52.52495574951172,12715500
2017-01-19,87.25,87.30000305175781,86.94000244140625,87.02999877929688,52.356510162353516,10703200
2017-01-20,87.05999755859375,87.22000122070312,86.97000122070312,87.19999694824219,52.458797454833984,9262000
2017-01-23,87.12999725341797,87.22000122070312,87.04000091552734,87.19999694824219,52.458797454833984,13561300
2017-01-24,87.1500015258789,87.31999969482422,87.11000061035156,87.26000213623047,52.49484634399414,7490500
2017-01-25,87.4000015258789,87.56999969482422,87.33999633789062,87.56999969482422,52.68138885498047,8953900
2017-01-26,87.5,87.58999633789062,87.41000366210938,87.52999877929688,52.65732955932617,7443900
2017-01-27,87.45999908447266,87.69000244140625,87.44999694824219,87.61000061035156,52.7054328918457,7888100
2017-01-30,87.4800033569336,87.54000091552734,87.30999755859375,87.43000030517578,52.59714889526367,7637600
2017-01-31,87.38999938964844,87.41999816894531,87.18000030517578,87.33999633789062,52.54301452636719,12249400
2017-02-01,87.19999694824219,87.33000183105469,86.94999694824219,87.27999877929688,52.737552642822266,12489400
2017-02-02,87.2699966430664,87.37000274658203,87.13999938964844,87.33000183105469,52.767784118652344,10886200
2017-02-03,87.5199966430664,87.58000183105469,87.43000030517578,87.4800033569336,52.85842514038086,12674000
2017-02-06,87.5,87.52999877929688,87.3499984741211,87.41999816894531,52.82216262817383,7004900
2017-02-07,87.5199966430664,87.5199966430664,87.27999877929688,87.29000091552734,52.74359893798828,11170100
2017-02-08,87.29000091552734,87.36000061035156,87.12000274658203,87.3499984741211,52.779842376708984,11107300
2017-02-09,87.3499984741211,87.54000091552734,87.3499984741211,87.47000122070312,52.85237121582031,7292600
2017-02-10,87.5199966430664,87.55000305175781,87.4000015258789,87.52999877929688,52.88862228393555,5471800
2017-02-13,87.5999984741211,87.72000122070312,87.58999633789062,87.66000366210938,52.96715545654297,7477200
2017-02-14,87.6500015258789,87.76000213623047,87.47000122070312,87.72000122070312,53.003440856933594,8785000
2017-02-15,87.62999725341797,87.7699966430664,87.56999969482422,87.75,53.021541595458984,10582800
2017-02-16,87.66000366210938,88.08000183105469,87.51000213623047,87.68000030517578,52.97925567626953,8917800
2017-02-17,87.58999633789062,87.79000091552734,87.51000213623047,87.7699966430664,53.03366470336914,6247300
2017-02-21,87.7699966430664,88.05999755859375,87.7699966430664,88.05999755859375,53.20887756347656,10437800
2017-02-22,88.01000213623047,88.12000274658203,87.94000244140625,88.0999984741211,53.23305892944336,10963600
2017-02-23,88.29000091552734,88.30000305175781,88.08000183105469,88.18000030517578,53.2813835144043,8150200
2017-02-24,88.11000061035156,88.37000274658203,88.05999755859375,88.25,53.32366943359375,8390200
2017-02-27,88.25,88.36000061035156,88.19000244140625,88.36000061035156,53.39013671875,5693300
2017-02-28,88.30000305175781,88.37000274658203,88.23999786376953,88.29000091552734,53.34783172607422,5868400
2017-03-01,88.18000030517578,88.30999755859375,88.18000030517578,88.2300033569336,53.54446792602539,10612100
2017-03-02,88.25,88.25,87.94999694824219,87.94999694824219,53.3745231628418,9193000
2017-03-03,88.0199966430664,88.08999633789062,87.81999969482422,87.98999786376953,53.39881134033203,15059300
2017-03-06,87.8499984741211,87.88999938964844,87.69000244140625,87.70999908447266,53.228919982910156,17066300
2017-03-07,87.52999877929688,87.5999984741211,87.12000274658203,87.13999938964844,52.88298034667969,17023100
2017-03-08,86.93000030517578,87.06999969482422,86.55000305175781,86.55999755859375,52.53099060058594,22433500
2017-03-09,86.37999725341797,86.72000122070312,86.19999694824219,86.33000183105469,52.391380310058594,21260700
2017-03-10,86.87999725341797,86.87999725341797,86.08000183105469,86.30000305175781,52.373207092285156,20643900
2017-03-13,86.37999725341797,86.4800033569336,86.12000274658203,86.37000274658203,52.415687561035156,13512300
2017-03-14,86.12000274658203,86.20999908447266,85.98999786376953,86.11000061035156,52.25790786743164,12808500
2017-03-15,86.4000015258789,87.30000305175781,86.31999969482422,87.30000305175781,52.98006820678711,19654600
2017-03-16,87.5,87.52999877929688,87.02999877929688,87.05000305175781,52.82835006713867,15807500
2017-03-17,87.25,87.25,87.04000091552734,87.08000183105469,52.84656524658203,9984500
2017-03-20,87.06999969482422,87.06999969482422,86.91000366210938,86.91000366210938,52.743408203125,12220600
2017-03-21,87.08000183105469,87.16999816894531,86.27999877929688,86.29000091552734,52.36713409423828,16918200
2017-03-22,86.23999786376953,86.56999969482422,86.0199966430664,86.5,52.49458694458008,14054600
2017-03-23,86.43000030517578,86.75,86.37000274658203,86.52999877929688,52.512821197509766,10618900
2017-03-24,86.5999984741211,86.86000061035156,86.5999984741211,86.83000183105469,52.694847106933594,8920800
2017-03-27,86.5199966430664,86.77999877929688,86.4000015258789,86.73999786376953,52.64022445678711,7788700
2017-03-28,86.69999694824219,87.25,86.69999694824219,87.22000122070312,52.93151092529297,16871700
2017-03-29,87.27999877929688,87.55000305175781,87.22000122070312,87.4000015258789,53.040767669677734,12266300
2017-03-30,87.5999984741211,87.83000183105469,87.47000122070312,87.80999755859375,53.289581298828125,16367900
2017-03-31,87.7300033569336,87.9000015258789,87.69000244140625,87.77999877929688,53.27139663696289,11778400
2017-04-03,87.45999908447266,87.47000122070312,87.2300033569336,87.36000061035156,53.242740631103516,20664400
2017-04-04,87.37000274658203,87.48999786376953,87.29000091552734,87.38999938964844,53.2609977722168,8473900
2017-04-05,87.52999877929688,87.70999908447266,87.2699966430664,87.31999969482422,53.2183723449707,11102300
2017-04-06,87.4000015258789,87.5199966430664,87.30000305175781,87.43000030517578,53.28538131713867,7234500
2017-04-07,87.55000305175781,87.62000274658203,87.38999938964844,87.38999938964844,53.2609977722168,5457800
2017-04-10,87.52999877929688,87.62000274658203,87.44999694824219,87.51000213623047,53.334136962890625,7996900
2017-04-11,87.56999969482422,87.56999969482422,87.23999786376953,87.33999633789062,53.230525970458984,8005800
2017-04-12,87.4000015258789,87.5999984741211,87.31999969482422,87.4000015258789,53.26711654663086,8723800
2017-04-13,87.37000274658203,87.48999786376953,87.16000366210938,87.22000122070312,53.15739440917969,10446700
2017-04-17,87.33000183105469,87.5,87.2300033569336,87.4800033569336,53.315887451171875,7158700
2017-04-18,87.47000122070312,87.55999755859375,87.2300033569336,87.45999908447266,53.303680419921875,9062800
2017-04-19,87.51000213623047,87.69999694824219,87.33000183105469,87.37999725341797,53.254913330078125,8643200
2017-04-20,87.4800033569336,87.69000244140625,87.44000244140625,87.66999816894531,53.431663513183594,7766000
2017-04-21,87.63999938964844,87.70999908447266,87.48999786376953,87.5999984741211,53.389007568359375,11328200
2017-04-24,87.95999908447266,88.0199966430664,87.87999725341797,88.01000213623047,53.63890838623047,8904700
2017-04-25,88.06999969482422,88.19999694824219,88.02999877929688,88.16999816894531,53.73640441894531,12493400
2017-04-26,88.08999633789062,88.2300033569336,88.06999969482422,88.08999633789062,53.68763732910156,7269000
2017-04-27,88.08999633789062,88.16000366210938,88.01000213623047,88.1500015258789,53.72418975830078,6897900
2017-04-28,88.16000366210938,88.23999786376953,88.06999969482422,88.12000274658203,53.70592498779297,7542800
2017-05-01,87.75,87.8499984741211,87.69999694824219,87.79000091552734,53.73346710205078,10336000
2017-05-02,87.88999938964844,87.9000015258789,87.76000213623047,87.81999969482422,53.75181198120117,10792800
2017-05-03,87.88999938964844,87.94999694824219,87.80000305175781,87.9000015258789,53.80077362060547,7413400
2017-05-04,87.83999633789062,87.83999633789062,87.3499984741211,87.43000030517578,53.513118743896484,20562500
2017-05-05,87.43000030517578,87.66000366210938,87.37999725341797,87.58000183105469,53.60492706298828,14935200
2017-05-08,87.61000061035156,87.7300033569336,87.54000091552734,87.68000030517578,53.666114807128906,8199200
2017-05-09,87.80000305175781,87.8499984741211,87.61000061035156,87.62000274658203,53.629432678222656,10810000
2017-05-10,87.8499984741211,88.04000091552734,87.7300033569336,88.0,53.861995697021484,10824900
2017-05-11,87.94000244140625,88.04000091552734,87.83000183105469,88.01000213623047,53.8681526184082,8461400
2017-05-12,88.05999755859375,88.06999969482422,87.91000366210938,87.9800033569336,53.84974670410156,8929900
2017-05-15,88.12000274658203,88.25,88.11000061035156,88.18000030517578,53.97216033935547,10690200
2017-05-16,88.2699966430664,88.3499984741211,88.18000030517578,88.30999755859375,54.051727294921875,12638900
2017-05-17,88.0199966430664,88.0999984741211,87.87000274658203,87.91999816894531,53.81303024291992,14055700
2017-05-18,87.66000366210938,88.16000366210938,87.62999725341797,88.0199966430664,53.87425994873047,10731800
2017-05-19,88.16999816894531,88.30999755859375,88.12999725341797,88.18000030517578,53.97216033935547,15998800
2017-05-22,88.36000061035156,88.44999694824219,88.2699966430664,88.44999694824219,54.13741683959961,7181800
2017-05-23,88.48999786376953,88.48999786376953,88.3499984741211,88.44000244140625,54.13132095336914,6998400
2017-05-24,88.5,88.61000061035156,88.4000015258789,88.58999633789062,54.22313690185547,8533600
2017-05-25,88.58999633789062,88.75,88.48999786376953,88.5199966430664,54.18025588989258,7985500
2017-05-26,88.5,88.58999633789062,88.5,88.56999969482422,54.21088790893555,2909500
2017-05-30,88.55999755859375,88.69999694824219,88.5199966430664,88.66000366210938,54.26597213745117,5371100
2017-05-31,88.66999816894531,88.69999694824219,88.52999877929688,88.6500015258789,54.25985336303711,13758400
2017-06-01,88.36000061035156,88.5999984741211,88.29000091552734,88.52999877929688,54.4178352355957,19189300
2017-06-02,88.55000305175781,88.66000366210938,88.5,88.58000183105469,54.448543548583984,9491600
2017-06-05,88.55000305175781,88.63999938964844,88.45999908447266,88.5,54.39938735961914,10384400
2017-06-06,88.4800033569336,88.51000213623047,88.30999755859375,88.36000061035156,54.31332778930664,14386500
2017-06-07,88.44000244140625,88.44000244140625,88.06999969482422,88.18000030517578,54.202674865722656,13329000
2017-06-08,88.19999694824219,88.33999633789062,88.02999877929688,88.25,54.245689392089844,14208300
2017-06-09,88.33999633789062,88.44999694824219,88.19999694824219,88.31999969482422,54.288719177246094,10414900
2017-06-12,88.3499984741211,88.54000091552734,88.29000091552734,88.47000122070312,54.380958557128906,9900000
2017-06-13,88.51000213623047,88.63999938964844,88.5,88.62999725341797,54.4792594909668,8640400
2017-06-14,88.73999786376953,88.75,88.5199966430664,88.63999938964844,54.48543167114258,8850700
2017-06-15,88.41999816894531,88.44999694824219,88.12000274658203,88.30000305175781,54.27643585205078,10860500
2017-06-16,88.37999725341797,88.37999725341797,88.12999725341797,88.1500015258789,54.18423080444336,11996100
2017-06-19,88.31999969482422,88.44999694824219,88.29000091552734,88.41999816894531,54.35018539428711,6398400
2017-06-20,88.1500015258789,88.22000122070312,88.0999984741211,88.11000061035156,54.159637451171875,18318500
2017-06-21,88.12000274658203,88.16000366210938,87.5199966430664,87.5999984741211,53.84615707397461,26728100
2017-06-22,87.69000244140625,87.87999725341797,87.62999725341797,87.83999633789062,53.993682861328125,18699400
2017-06-23,87.87999725341797,88.22000122070312,87.87000274658203,88.19999694824219,54.21497344970703,11337700
2017-06-26,88.18000030517578,88.36000061035156,88.1500015258789,88.31999969482422,54.288719177246094,9504500
2017-06-27,88.31999969482422,88.33999633789062,87.9800033569336,88.04000091552734,54.11663055419922,15293300
2017-06-28,88.20999908447266,88.44000244140625,88.11000061035156,88.4000015258789,54.33794021606445,9755500
2017-06-29,88.26000213623047,88.38999938964844,88.05999755859375,88.18000030517578,54.202674865722656,14548400
2017-06-30,88.30000305175781,88.4800033569336,88.20999908447266,88.38999938964844,54.33174514770508,8202000
2017-07-03,88.01000213623047,88.25,87.87999725341797,87.97000122070312,54.305240631103516,13882000
2017-07-05,88.02999877929688,88.11000061035156,87.83999633789062,87.9000015258789,54.262020111083984,16269100
2017-07-06,87.87000274658203,87.88999938964844,87.54000091552734,87.68000030517578,54.12617492675781,15424700
2017-07-07,87.61000061035156,87.70999908447266,87.44999694824219,87.5999984741211,54.07679748535156,15731200
2017-07-10,87.5999984741211,87.73999786376953,87.56999969482422,87.69999694824219,54.138545989990234,12286600
2017-07-11,87.69999694824219,87.72000122070312,87.5199966430664,87.63999938964844,54.10148239135742,9261400
2017-07-12,87.98999786376953,88.20999908447266,87.87000274658203,88.20999908447266,54.45337677001953,17979900
2017-07-13,88.22000122070312,88.31999969482422,88.12999725341797,88.27999877929688,54.4965705871582,11744600
2017-07-14,88.33999633789062,88.56999969482422,88.25,88.52999877929688,54.65091323852539,12626700
2017-07-17,88.55000305175781,88.58999633789062,88.4800033569336,88.55999755859375,54.669464111328125,10158100
2017-07-18,88.54000091552734,88.63999938964844,88.47000122070312,88.5999984741211,54.694122314453125,9221100
2017-07-19,88.69000244140625,88.83000183105469,88.62999725341797,88.75,54.786720275878906,8250900
2017-07-20,88.83999633789062,88.8499984741211,88.66999816894531,88.80000305175781,54.81757354736328,11827800
2017-07-21,88.77999877929688,88.79000091552734,88.6500015258789,88.7300033569336,54.774375915527344,8771700
2017-07-24,88.70999908447266,88.80000305175781,88.6500015258789,88.80000305175781,54.81757354736328,4707500
2017-07-25,88.87000274658203,88.91000366210938,88.79000091552734,88.83999633789062,54.84229278564453,7292900
2017-07-26,88.97000122070312,89.04000091552734,88.86000061035156,88.97000122070312,54.92251968383789,7279800
2017-07-27,88.95999908447266,89.0,88.80999755859375,88.9000015258789,54.87932586669922,11624500
2017-07-28,88.8499984741211,88.91000366210938,88.7699966430664,88.91000366210938,54.885520935058594,4945300
2017-07-31,88.80000305175781,88.98999786376953,88.79000091552734,88.91000366210938,54.885520935058594,9779900
2017-08-01,88.61000061035156,88.68000030517578,88.56999969482422,88.62999725341797,54.94001007080078,14946800
2017-08-02,88.62999725341797,88.72000122070312,88.58999633789062,88.6500015258789,54.95243835449219,7422700
2017-08-03,88.56999969482422,88.66000366210938,88.41999816894531,88.4800033569336,54.84707260131836,9548300
2017-08-04,88.4800033569336,88.5199966430664,88.41000366210938,88.5,54.85947799682617,6451600
2017-08-07,88.5,88.5,88.4000015258789,88.45999908447266,54.834651947021484,5204700
2017-08-08,88.41999816894531,88.5,87.98999786376953,88.08000183105469,54.599117279052734,18534700
2017-08-09,87.9000015258789,87.9800033569336,87.68000030517578,87.73999786376953,54.388336181640625,15001700
2017-08-10,87.55999755859375,87.63999938964844,87.11000061035156,87.18000030517578,54.04121398925781,24749700
2017-08-11,87.37000274658203,87.45999908447266,87.26000213623047,87.33000183105469,54.13419723510742,17434300
2017-08-14,87.58999633789062,87.94000244140625,87.58999633789062,87.79000091552734,54.41935729980469,12566000
2017-08-15,87.80000305175781,87.88999938964844,87.7300033569336,87.81999969482422,54.43791961669922,6830500
2017-08-16,87.88999938964844,87.97000122070312,87.80000305175781,87.83000183105469,54.44413375854492,11716100
2017-08-17,87.72000122070312,87.80000305175781,87.29000091552734,87.33999633789062,54.140384674072266,14112300
2017-08-18,87.48999786376953,87.69000244140625,87.29000091552734,87.47000122070312,54.22100830078125,14324400
2017-08-21,87.58000183105469,87.61000061035156,87.44999694824219,87.55999755859375,54.27676010131836,7763400
2017-08-22,87.63999938964844,88.0,87.58999633789062,87.91999816894531,54.49991226196289,12982200
2017-08-23,87.7699966430664,87.97000122070312,87.70999908447266,87.93000030517578,54.506099700927734,6449500
2017-08-24,87.97000122070312,88.06999969482422,87.87999725341797,88.05999755859375,54.58671188354492,8480100
2017-08-25,88.04000091552734,88.25,88.01000213623047,88.22000122070312,54.6859016418457,6622800
2017-08-28,88.2699966430664,88.2699966430664,88.13999938964844,88.2300033569336,54.69208526611328,5161700
2017-08-29,88.01000213623047,88.1500015258789,87.98999786376953,88.12000274658203,54.62390899658203,8991600
2017-08-30,88.1500015258789,88.4000015258789,88.13999938964844,88.36000061035156,54.77267074584961,13431100
2017-08-31,88.41999816894531,88.61000061035156,88.41999816894531,88.5999984741211,54.921443939208984,12705200
2017-09-01,88.1500015258789,88.3499984741211,88.1500015258789,88.31999969482422,54.977481842041016,10535700
2017-09-05,88.26000213623047,88.26000213623047,87.95999908447266,88.12000274658203,54.85294723510742,9560500
2017-09-06,88.2300033569336,88.27999877929688,88.04000091552734,88.05999755859375,54.81563186645508,9023300
2017-09-07,88.19999694824219,88.19999694824219,88.05999755859375,88.06999969482422,54.821868896484375,8784000
2017-09-08,88.05999755859375,88.05999755859375,87.79000091552734,87.79000091552734,54.64757537841797,7688700
2017-09-11,87.94000244140625,88.19000244140625,87.8499984741211,88.06999969482422,54.821868896484375,8047600
2017-09-12,88.11000061035156,88.19000244140625,88.05000305175781,88.18000030517578,54.89031219482422,4752800
2017-09-13,88.0999984741211,88.2300033569336,88.05000305175781,88.20999908447266,54.909019470214844,11725900
2017-09-14,88.16999816894531,88.37000274658203,88.16000366210938,88.33000183105469,54.98371887207031,9554600
2017-09-15,88.27999877929688,88.43000030517578,88.23999786376953,88.41000366210938,55.03350067138672,8248000
2017-09-18,88.37999725341797,88.41999816894531,88.31999969482422,88.37000274658203,55.00860595703125,7442200
2017-09-19,88.4000015258789,88.47000122070312,88.31999969482422,88.45999908447266,55.064605712890625,7208300
2017-09-20,88.4800033569336,88.52999877929688,88.31999969482422,88.44999694824219,55.058387756347656,10087200
2017-09-21,88.4800033569336,88.48999786376953,88.31999969482422,88.33999633789062,54.989933013916016,6932300
2017-09-22,88.33000183105469,88.43000030517578,88.30000305175781,88.43000030517578,55.04593276977539,7570500
2017-09-25,88.4000015258789,88.5,88.36000061035156,88.4800033569336,55.077083587646484,4326200
2017-09-26,88.55999755859375,88.68000030517578,88.54000091552734,88.58999633789062,55.14553451538086,8816500
2017-09-27,88.58999633789062,88.66000366210938,88.48999786376953,88.62999725341797,55.17042922973633,7490100
2017-09-28,88.62999725341797,88.66999816894531,88.58000183105469,88.62999725341797,55.17042922973633,5934000
2017-09-29,88.69999694824219,88.76000213623047,88.5999984741211,88.76000213623047,55.25136947631836,8906900
2017-10-02,88.26000213623047,88.4000015258789,88.23999786376953,88.3499984741211,55.22322082519531,13097600
2017-10-03,88.3499984741211,88.5199966430664,88.3499984741211,88.51000213623047,55.32324981689453,5928800
2017-10-04,88.4800033569336,88.51000213623047,88.37000274658203,88.41999816894531,55.2669792175293,5832400
2017-10-05,88.41000366210938,88.52999877929688,88.41000366210938,88.52999877929688,55.33576202392578,5967900
2017-10-06,88.44999694824219,88.48999786376953,88.3499984741211,88.4000015258789,55.25448226928711,5847400
2017-10-09,88.44000244140625,88.47000122070312,88.37999725341797,88.41000366210938,55.260711669921875,3278400
2017-10-10,88.52999877929688,88.52999877929688,88.4000015258789,88.4800033569336,55.304473876953125,8786500
2017-10-11,88.4800033569336,88.4800033569336,88.37000274658203,88.38999938964844,55.24823760986328,7948700
2017-10-12,88.4000015258789,88.4000015258789,88.29000091552734,88.29000091552734,55.185707092285156,6181100
2017-10-13,88.41000366210938,88.43000030517578,88.27999877929688,88.33000183105469,55.21072769165039,3941200
2017-10-16,88.38999938964844,88.4000015258789,88.27999877929688,88.37999725341797,55.24200439453125,6060300
2017-10-17,88.37999725341797,88.55999755859375,88.37999725341797,88.51000213623047,55.32324981689453,7468100
2017-10-18,88.54000091552734,88.6500015258789,88.5199966430664,88.5999984741211,55.37947463989258,7974400
2017-10-19,88.4800033569336,88.6500015258789,88.44000244140625,88.61000061035156,55.385738372802734,7270600
2017-10-20,88.66000366210938,88.7300033569336,88.61000061035156,88.69000244140625,55.43574142456055,7107000
2017-10-23,88.69999694824219,88.73999786376953,88.58999633789062,88.58999633789062,55.373226165771484,7227200
2017-10-24,88.62000274658203,88.69000244140625,88.58000183105469,88.58999633789062,55.373226165771484,7103700
2017-10-25,88.52999877929688,88.52999877929688,88.22000122070312,88.33999633789062,55.21699905395508,16817000
2017-10-26,88.43000030517578,88.45999908447266,88.19000244140625,88.2300033569336,55.14820098876953,10649800
2017-10-27,88.30000305175781,88.48999786376953,88.2300033569336,88.47000122070312,55.29823303222656,13720000
2017-10-30,88.30000305175781,88.51000213623047,88.30000305175781,88.44999694824219,55.285728454589844,5954500
2017-10-31,88.48999786376953,88.51000213623047,88.44000244140625,88.47000122070312,55.29823303222656,7198400
2017-11-01,88.18000030517578,88.19999694824219,88.01000213623047,88.0199966430664,55.24551773071289,9505500
2017-11-02,88.01000213623047,88.08000183105469,87.9000015258789,87.97000122070312,55.2141227722168,6096800
2017-11-03,88.0199966430664,88.08000183105469,87.87000274658203,87.9800033569336,55.220401763916016,7003200
2017-11-06,87.93000030517578,88.04000091552734,87.88999938964844,87.98999786376953,55.226646423339844,12262400
2017-11-07,87.97000122070312,87.9800033569336,87.70999908447266,87.73999786376953,55.06978225708008,11805400
2017-11-08,87.73999786376953,87.73999786376953,87.30999755859375,87.3499984741211,54.824974060058594,18120000
2017-11-09,87.13999938964844,87.13999938964844,86.72000122070312,86.91999816894531,54.55510330200195,38343500
2017-11-10,86.94000244140625,87.18000030517578,86.87999725341797,87.11000061035156,54.67437744140625,24521600
2017-11-13,87.04000091552734,87.16000366210938,87.02999877929688,87.05000305175781,54.6367073059082,16280500
2017-11-14,86.91999816894531,86.95999908447266,86.62000274658203,86.68000030517578,54.40447998046875,13870600
2017-11-15,86.45999908447266,86.76000213623047,86.22000122070312,86.68000030517578,54.40447998046875,25382000
2017-11-16,87.12000274658203,87.5999984741211,87.04000091552734,87.52999877929688,54.937992095947266,30075200
2017-11-17,87.36000061035156,87.51000213623047,87.33999633789062,87.47000122070312,54.900306701660156,15942100
2017-11-20,87.5199966430664,87.62999725341797,87.43000030517578,87.48999786376953,54.91286087036133,8930300
2017-11-21,87.56999969482422,87.70999908447266,87.56999969482422,87.66999816894531,55.02586364746094,10102400
2017-11-22,87.72000122070312,87.87000274658203,87.69999694824219,87.80999755859375,55.11369323730469,9473800
2017-11-24,87.87000274658203,87.91999816894531,87.83000183105469,87.87000274658203,55.151371002197266,3126500
2017-11-27,87.87000274658203,87.87000274658203,87.54000091552734,87.5999984741211,54.98191833496094,10645400
2017-11-28,87.63999938964844,87.88999938964844,87.62999725341797,87.87000274658203,55.151371002197266,10403700
2017-11-29,87.81999969482422,87.87999725341797,87.68000030517578,87.76000213623047,55.08234786987305,11806200
2017-11-30,87.79000091552734,87.94999694824219,87.77999877929688,87.77999877929688,55.09486770629883,17981500
2017-12-01,87.41999816894531,87.5,86.9800033569336,87.37999725341797,55.07722473144531,15485800
2017-12-04,87.5,87.61000061035156,87.31999969482422,87.3499984741211,55.05829620361328,14801700
2017-12-05,87.4000015258789,87.44999694824219,87.27999877929688,87.30000305175781,55.02682113647461,9347600
2017-12-06,87.29000091552734,87.41000366210938,87.19999694824219,87.22000122070312,54.97637176513672,10081700
2017-12-07,87.26000213623047,87.30999755859375,87.16999816894531,87.26000213623047,55.00160598754883,8955900
2017-12-08,87.33000183105469,87.37000274658203,87.2699966430664,87.3499984741211,55.05829620361328,9100400
2017-12-11,87.3499984741211,87.38999938964844,87.29000091552734,87.37000274658203,55.07094192504883,11847900
2017-12-12,87.44999694824219,87.44999694824219,87.31999969482422,87.33000183105469,55.04574203491211,8846700
2017-12-13,87.37000274658203,87.44999694824219,87.33000183105469,87.37999725341797,55.07722473144531,7495000
2017-12-14,87.33999633789062,87.4000015258789,87.06999969482422,87.19999694824219,54.96377944946289,19337000
2017-12-15,87.30000305175781,87.33999633789062,87.19999694824219,87.20999908447266,54.970096588134766,14223900
2017-12-18,87.23999786376953,87.38999938964844,87.2300033569336,87.30000305175781,55.02682113647461,11735200
2017-12-19,87.30000305175781,87.3499984741211,87.08999633789062,87.12000274658203,54.913352966308594,10985000
2017-12-20,87.19999694824219,87.26000213623047,87.08999633789062,87.19000244140625,54.95744705200195,11857400
2017-12-21,86.93000030517578,86.98999786376953,86.87000274658203,86.91999816894531,55.01506805419922,11195700
2017-12-22,86.97000122070312,87.06999969482422,86.91000366210938,87.0,55.06571578979492,11136900
2017-12-26,86.94000244140625,87.12999725341797,86.93000030517578,87.12999725341797,55.14799499511719,5798900
2017-12-27,87.08000183105469,87.20999908447266,87.08000183105469,87.16999816894531,55.173301696777344,5625500
2017-12-28,87.19000244140625,87.20999908447266,87.0999984741211,87.12999725341797,55.14799499511719,6116500
2017-12-29,87.13999938964844,87.30999755859375,87.08000183105469,87.26000213623047,55.23024368286133,5116800
2018-01-02,87.30000305175781,87.36000061035156,87.25,87.33999633789062,55.28089904785156,7223500
2018-01-03,87.33999633789062,87.77999877929688,87.33999633789062,87.76000213623047,55.5467529296875,20557100
2018-01-04,87.81999969482422,87.98999786376953,87.7699966430664,87.91000366210938,55.641658782958984,13610900
2018-01-05,87.97000122070312,88.01000213623047,87.87999725341797,87.97000122070312,55.67965316772461,9851600
2018-01-08,87.95999908447266,88.02999877929688,87.86000061035156,87.9000015258789,55.635353088378906,9804000
2018-01-09,87.98999786376953,87.98999786376953,87.61000061035156,87.62999725341797,55.464420318603516,13550400
2018-01-10,87.5,87.55999755859375,87.2699966430664,87.44000244140625,55.34416961669922,33182000
2018-01-11,87.5199966430664,87.73999786376953,87.45999908447266,87.7300033569336,55.527740478515625,12911500
2018-01-12,87.58999633789062,87.70999908447266,87.55000305175781,87.58000183105469,55.43281936645508,12088500
2018-01-16,87.63999938964844,87.7300033569336,87.44999694824219,87.52999877929688,55.40116500854492,18474100
2018-01-17,87.55999755859375,87.69000244140625,87.5199966430664,87.54000091552734,55.40748596191406,16340400
2018-01-18,87.5,87.55999755859375,87.4000015258789,87.44999694824219,55.35053253173828,16134900
2018-01-19,87.44000244140625,87.55000305175781,87.38999938964844,87.54000091552734,55.40748596191406,14401800
2018-01-22,87.48999786376953,87.6500015258789,87.48999786376953,87.62000274658203,55.45813751220703,16674700
2018-01-23,87.68000030517578,87.9000015258789,87.62999725341797,87.87999725341797,55.62268829345703,11600300
2018-01-24,87.80000305175781,87.87999725341797,87.6500015258789,87.75,55.54039764404297,10746300
2018-01-25,87.9000015258789,87.9000015258789,87.61000061035156,87.69000244140625,55.50242614746094,11039300
2018-01-26,87.72000122070312,87.83999633789062,87.62999725341797,87.76000213623047,55.5467529296875,7164100
2018-01-29,87.62999725341797,87.68000030517578,87.43000030517578,87.44999694824219,55.35053253173828,19590800
2018-01-30,87.44999694824219,87.45999908447266,87.13999938964844,87.1500015258789,55.160640716552734,18469300
2018-01-31,87.30000305175781,87.41999816894531,87.20999908447266,87.30000305175781,55.255584716796875,12692800
2018-02-01,86.86000061035156,86.98999786376953,86.72000122070312,86.7699966430664,55.1513671875,17920000
2018-02-02,86.55000305175781,86.62000274658203,86.1500015258789,86.22000122070312,54.80177307128906,24787000
2018-02-05,86.12999725341797,86.51000213623047,85.58000183105469,85.73999786376953,54.49665832519531,28071300
2018-02-06,85.51000213623047,86.36000061035156,85.51000213623047,86.26000213623047,54.82720184326172,33924300
2018-02-07,86.37999725341797,86.62000274658203,85.86000061035156,85.94000244140625,54.6237907409668,24298100
2018-02-08,85.91000366210938,86.0,85.18000030517578,85.19000244140625,54.147071838378906,25419300
2018-02-09,85.27999877929688,85.41999816894531,84.06999969482422,84.94999694824219,53.99453353881836,47230300
2018-02-12,85.19999694824219,85.66000366210938,85.16000366210938,85.52999877929688,54.363182067871094,23448100
2018-02-13,85.31999969482422,85.41999816894531,85.11000061035156,85.26000213623047,54.19158935546875,14679900
2018-02-14,84.98999786376953,85.44000244140625,84.9000015258789,85.41000366210938,54.28692626953125,19332400
2018-02-15,85.61000061035156,86.0999984741211,85.61000061035156,86.0999984741211,54.725486755371094,21931600
2018-02-16,86.08999633789062,86.51000213623047,86.06999969482422,86.44999694824219,54.947959899902344,29195600
2018-02-20,86.19999694824219,86.37999725341797,86.11000061035156,86.1500015258789,54.75728988647461,22740600
2018-02-21,86.23999786376953,86.37999725341797,85.73999786376953,85.76000213623047,54.50939178466797,15656700
2018-02-22,85.80000305175781,86.13999938964844,85.73999786376953,85.81999969482422,54.547515869140625,14626900
2018-02-23,85.88999938964844,86.41999816894531,85.83000183105469,86.38999938964844,54.909812927246094,15919500
2018-02-26,86.44999694824219,86.68000030517578,86.38999938964844,86.54000091552734,55.00514221191406,10996300
2018-02-27,86.4800033569336,86.5,86.19999694824219,86.30999755859375,54.858924865722656,13840900
2018-02-28,86.41000366210938,86.4800033569336,86.12000274658203,86.18000030517578,54.77634048461914,8751000
2018-03-01,85.91000366210938,85.93000030517578,85.2699966430664,85.2699966430664,54.41325378417969,24974200
2018-03-02,85.31999969482422,85.79000091552734,85.29000091552734,85.75,54.71954345703125,18767600
2018-03-05,85.56999969482422,85.80999755859375,85.56999969482422,85.75,54.71954345703125,9000200
2018-03-06,85.83000183105469,85.94999694824219,85.69000244140625,85.87000274658203,54.79610824584961,14462900
2018-03-07,85.7699966430664,85.80999755859375,85.5999984741211,85.66000366210938,54.66210174560547,8195200
2018-03-08,85.76000213623047,85.80000305175781,85.61000061035156,85.76000213623047,54.725921630859375,10201800
2018-03-09,85.86000061035156,86.12999725341797,85.77999877929688,86.06999969482422,54.92375183105469,8942600
2018-03-12,86.0,86.06999969482422,85.79000091552734,85.93000030517578,54.83442687988281,10126500
2018-03-13,85.93000030517578,86.04000091552734,85.61000061035156,85.66000366210938,54.66210174560547,19020400
2018-03-14,85.7300033569336,85.77999877929688,85.5199966430664,85.55999755859375,54.5982780456543,10802500
2018-03-15,85.55000305175781,85.75,85.5,85.62000274658203,54.636558532714844,8647900
2018-03-16,85.63999938964844,85.80999755859375,85.58999633789062,85.80000305175781,54.7514762878418,11006000
2018-03-19,85.66000366210938,85.69000244140625,85.3499984741211,85.44999694824219,54.52810287475586,14298800
2018-03-20,85.43000030517578,85.6500015258789,85.43000030517578,85.62000274658203,54.636558532714844,14317800
2018-03-21,85.58000183105469,85.80999755859375,85.5199966430664,85.6500015258789,54.65570831298828,8643700
2018-03-22,85.44999694824219,85.56999969482422,85.12000274658203,85.13999938964844,54.33028030395508,15972300
2018-03-23,85.29000091552734,85.38999938964844,84.81999969482422,84.91999816894531,54.189910888671875,21847400
2018-03-26,85.3499984741211,85.48999786376953,85.12999725341797,85.47000122070312,54.54084396362305,12454200
2018-03-27,85.4800033569336,85.62999725341797,85.20999908447266,85.38999938964844,54.48981857299805,12661500
2018-03-28,85.36000061035156,85.44000244140625,85.19999694824219,85.3499984741211,54.46427917480469,14642900
2018-03-29,85.48999786376953,85.69999694824219,85.38999938964844,85.63999938964844,54.649356842041016,10299600
2018-04-02,85.12000274658203,85.2699966430664,84.88999938964844,84.95999908447266,54.43726348876953,18902700
2018-04-03,85.11000061035156,85.20999908447266,84.88999938964844,85.19999694824219,54.5910530090332,12994100
2018-04-04,84.9000015258789,85.44000244140625,84.9000015258789,85.38999938964844,54.712806701660156,9677200
2018-04-05,85.43000030517578,85.58000183105469,85.41000366210938,85.45999908447266,54.75762176513672,10152000
2018-04-06,85.41000366210938,85.5,85.16999816894531,85.2699966430664,54.635929107666016,12680800
2018-04-09,85.44999694824219,85.61000061035156,85.41000366210938,85.58999633789062,54.84093475341797,9043200
2018-04-10,85.69999694824219,85.94000244140625,85.68000030517578,85.9000015258789,55.0395622253418,11434100
2018-04-11,85.87000274658203,86.0,85.80999755859375,85.93000030517578,55.058780670166016,7675500
2018-04-12,86.02999877929688,86.26000213623047,85.97000122070312,86.23999786376953,55.25739669799805,23692600
2018-04-13,86.30000305175781,86.41000366210938,86.23999786376953,86.29000091552734,55.28944778442383,16213400
2018-04-16,86.38999938964844,86.51000213623047,86.27999877929688,86.41999816894531,55.37272262573242,10781600
2018-04-17,86.55000305175781,86.66000366210938,86.43000030517578,86.45999908447266,55.39834976196289,15577600
2018-04-18,86.5199966430664,86.55000305175781,86.33999633789062,86.37000274658203,55.340721130371094,13745600
2018-04-19,86.20999908447266,86.23999786376953,85.98999786376953,86.0999984741211,55.16769027709961,19345500
2018-04-20,86.05000305175781,86.08999633789062,85.87000274658203,85.88999938964844,55.03314971923828,17693500
2018-04-23,85.83000183105469,85.83999633789062,85.58000183105469,85.66000366210938,54.885772705078125,15971100
2018-04-24,85.69000244140625,85.7699966430664,85.37999725341797,85.48999786376953,54.77688980102539,17872600
2018-04-25,85.41000366210938,85.54000091552734,85.23999786376953,85.5,54.78327941894531,15078400
2018-04-26,85.56999969482422,85.86000061035156,85.5199966430664,85.80000305175781,54.97550582885742,17479700
2018-04-27,85.87000274658203,85.91999816894531,85.61000061035156,85.76000213623047,54.949867248535156,7014700
2018-04-30,85.69999694824219,85.8499984741211,85.69000244140625,85.69999694824219,54.91141128540039,12473000
2018-05-01,85.27999877929688,85.4000015258789,85.18000030517578,85.4000015258789,54.95195007324219,18707700
2018-05-02,85.4000015258789,85.55000305175781,85.31999969482422,85.37000274658203,54.93265914916992,12057000
2018-05-03,85.4000015258789,85.4000015258789,85.22000122070312,85.36000061035156,54.92623519897461,21626200
2018-05-04,85.20999908447266,85.44999694824219,85.16000366210938,85.41999816894531,54.96480178833008,14862100
2018-05-07,85.43000030517578,85.52999877929688,85.4000015258789,85.5,55.01629638671875,23063900
2018-05-08,85.44999694824219,85.47000122070312,85.30999755859375,85.37000274658203,54.93265914916992,13693500
2018-05-09,85.3499984741211,85.54000091552734,85.33999633789062,85.51000213623047,55.02275848388672,10476200
2018-05-10,85.56999969482422,85.79000091552734,85.55000305175781,85.76000213623047,55.18359375,13375800
2018-05-11,85.76000213623047,85.83999633789062,85.62999725341797,85.7300033569336,55.164310455322266,8505100
2018-05-14,85.72000122070312,85.81999969482422,85.56999969482422,85.75,55.17717361450195,14695800
2018-05-15,85.55999755859375,85.5999984741211,85.2699966430664,85.33000183105469,54.90693283081055,20008800
2018-05-16,85.37000274658203,85.47000122070312,85.29000091552734,85.44000244140625,54.977684020996094,13028100
2018-05-17,85.33999633789062,85.55999755859375,85.33999633789062,85.48999786376953,55.00984573364258,13198300
2018-05-18,85.3499984741211,85.45999908447266,85.33000183105469,85.4000015258789,54.95195007324219,14241600
2018-05-21,85.38999938964844,85.56999969482422,85.38999938964844,85.5199966430664,55.0291862487793,7000400
2018-05-22,85.55999755859375,85.62999725341797,85.51000213623047,85.58000183105469,55.06776428222656,6220700
2018-05-23,85.4800033569336,85.6500015258789,85.38999938964844,85.6500015258789,55.11280822753906,13053100
2018-05-24,85.5199966430664,85.72000122070312,85.5199966430664,85.69999694824219,55.14498519897461,12468600
2018-05-25,85.58000183105469,85.63999938964844,85.45999908447266,85.55999755859375,55.05489730834961,12895700
2018-05-29,85.37000274658203,85.4000015258789,85.16000366210938,85.19999694824219,54.82326889038086,13519800
2018-05-30,85.29000091552734,85.48999786376953,85.29000091552734,85.45999908447266,54.990543365478516,15145000
2018-05-31,85.48999786376953,85.5,85.36000061035156,85.37999725341797,54.939064025878906,17391000
2018-06-01,85.1500015258789,85.2300033569336,85.0999984741211,85.19000244140625,55.064491271972656,12891000
2018-06-04,85.2699966430664,85.41999816894531,85.2300033569336,85.37000274658203,55.18081283569336,13830900
2018-06-05,85.37000274658203,85.5199966430664,85.30000305175781,85.47000122070312,55.24546813964844,10614100
2018-06-06,85.41000366210938,85.70999908447266,85.37999725341797,85.68000030517578,55.38123321533203,6920900
2018-06-07,85.62999725341797,85.7699966430664,85.55000305175781,85.70999908447266,55.400577545166016,13764400
2018-06-08,85.5999984741211,85.7300033569336,85.56999969482422,85.66000366210938,55.368255615234375,9784000
2018-06-11,85.69999694824219,85.8499984741211,85.69000244140625,85.81999969482422,55.471683502197266,10429300
2018-06-12,85.83000183105469,85.97000122070312,85.7699966430664,85.88999938964844,55.51693344116211,12432400
2018-06-13,85.91000366210938,86.05000305175781,85.83000183105469,85.91999816894531,55.53632354736328,9958900
2018-06-14,86.08000183105469,86.19000244140625,86.02999877929688,86.16999816894531,55.697906494140625,13954300
2018-06-15,86.11000061035156,86.16000366210938,85.98999786376953,86.12000274658203,55.66560363769531,16303700
2018-06-18,86.05000305175781,86.12999725341797,85.9800033569336,86.11000061035156,55.659114837646484,11512000
2018-06-19,85.94000244140625,86.02999877929688,85.87000274658203,85.98999786376953,55.58159255981445,12543200
2018-06-20,86.08000183105469,86.12999725341797,86.02999877929688,86.08000183105469,55.639766693115234,10422800
2018-06-21,86.06999969482422,86.06999969482422,85.87000274658203,85.9000015258789,55.52340316772461,8132500
2018-06-22,86.04000091552734,86.08999633789062,85.87999725341797,85.91000366210938,55.529869079589844,7385200
2018-06-25,85.7699966430664,85.80999755859375,85.62999725341797,85.70999908447266,55.400577545166016,13975400
2018-06-26,85.70999908447266,85.7300033569336,85.5999984741211,85.69999694824219,55.39412307739258,7503900
2018-06-27,85.6500015258789,85.70999908447266,85.47000122070312,85.5199966430664,55.27778625488281,13119200
2018-06-28,85.3499984741211,85.41000366210938,85.16000366210938,85.27999877929688,55.12263107299805,13829300
2018-06-29,85.38999938964844,85.5199966430664,85.05999755859375,85.08000183105469,54.993385314941406,17450500
2018-07-02,84.63999938964844,84.80000305175781,84.5999984741211,84.77999877929688,55.04595947265625,22438600
2018-07-03,84.83999633789062,84.95999908447266,84.73999786376953,84.79000091552734,55.05244445800781,10098600
2018-07-05,84.9000015258789,85.12999725341797,84.88999938964844,85.11000061035156,55.26021194458008,12729400
2018-07-06,85.12999725341797,85.33000183105469,85.12000274658203,85.33000183105469,55.40305709838867,9640300
2018-07-09,85.37000274658203,85.54000091552734,85.36000061035156,85.45999908447266,55.487457275390625,11517200
2018-07-10,85.5,85.58000183105469,85.45999908447266,85.47000122070312,55.493980407714844,7531700
2018-07-11,85.38999938964844,85.44999694824219,85.30000305175781,85.33999633789062,55.4095573425293,14111200
2018-07-12,85.4800033569336,85.6500015258789,85.44000244140625,85.61000061035156,55.5848503112793,10327300
2018-07-13,85.68000030517578,85.72000122070312,85.61000061035156,85.61000061035156,55.5848503112793,9860300
2018-07-16,85.62000274658203,85.62999725341797,85.51000213623047,85.55000305175781,55.54591751098633,7963100
2018-07-17,85.48999786376953,85.6500015258789,85.44999694824219,85.58000183105469,55.565406799316406,10721000
2018-07-18,85.61000061035156,85.68000030517578,85.52999877929688,85.62000274658203,55.59138107299805,12838600
2018-07-19,85.56999969482422,85.63999938964844,85.48999786376953,85.58000183105469,55.565406799316406,6907300
2018-07-20,85.62000274658203,85.69000244140625,85.58000183105469,85.62000274658203,55.59138107299805,9329000
2018-07-23,85.66999816894531,85.69000244140625,85.58999633789062,85.58999633789062,55.571861267089844,7459200
2018-07-24,85.5999984741211,85.83000183105469,85.5999984741211,85.7699966430664,55.68873596191406,11803700
2018-07-25,85.79000091552734,85.94999694824219,85.72000122070312,85.93000030517578,55.792640686035156,11342300
2018-07-26,85.94000244140625,86.01000213623047,85.9000015258789,85.94000244140625,55.79912185668945,9233600
2018-07-27,85.94999694824219,85.9800033569336,85.80999755859375,85.91000366210938,55.779659271240234,10811200
2018-07-30,85.94000244140625,86.01000213623047,85.8499984741211,85.94000244140625,55.79912185668945,8400500
2018-07-31,86.0999984741211,86.1500015258789,86.05000305175781,86.12000274658203,55.91599655151367,10709500
2018-08-01,85.76000213623047,85.87999725341797,85.66999816894531,85.83000183105469,55.966209411621094,23297900
2018-08-02,85.76000213623047,85.88999938964844,85.72000122070312,85.87999725341797,55.99880599975586,10989200
2018-08-03,85.86000061035156,85.98999786376953,85.8499984741211,85.94999694824219,56.044464111328125,6940500
2018-08-06,85.87000274658203,86.11000061035156,85.87000274658203,86.11000061035156,56.14877700805664,7521900
2018-08-07,85.87000274658203,86.2300033569336,85.87000274658203,86.1500015258789,56.17487335205078,8408200
2018-08-08,86.12999725341797,86.16999816894531,86.08000183105469,86.0999984741211,56.14226531982422,10103600
2018-08-09,86.11000061035156,86.13999938964844,86.0,86.04000091552734,56.103153228759766,6354700
2018-08-10,85.9000015258789,86.01000213623047,85.81999969482422,85.88999938964844,56.00532531738281,9473300
2018-08-13,85.95999908447266,85.95999908447266,85.7699966430664,85.83000183105469,55.966209411621094,10479000
2018-08-14,85.87999725341797,86.01000213623047,85.86000061035156,85.9800033569336,56.06402587890625,9767700
2018-08-15,85.87000274658203,85.9000015258789,85.7300033569336,85.83000183105469,55.966209411621094,14684800
2018-08-16,85.91000366210938,85.98999786376953,85.86000061035156,85.94000244140625,56.03794479370117,14931800
2018-08-17,85.9000015258789,86.06999969482422,85.9000015258789,86.04000091552734,56.103153228759766,15280900
2018-08-20,86.08999633789062,86.1500015258789,86.02999877929688,86.08000183105469,56.12923049926758,8174900
2018-08-21,86.11000061035156,86.29000091552734,86.08999633789062,86.20999908447266,56.21401596069336,9281400
2018-08-22,86.19999694824219,86.27999877929688,86.19999694824219,86.23999786376953,56.23357009887695,8297400
2018-08-23,86.23999786376953,86.31999969482422,86.19000244140625,86.2300033569336,56.22703552246094,7751800
2018-08-24,86.27999877929688,86.41000366210938,86.25,86.37999725341797,56.32484817504883,7458500
2018-08-27,86.4000015258789,86.45999908447266,86.37000274658203,86.41000366210938,56.34440612792969,5581700
2018-08-28,86.37000274658203,86.41000366210938,86.31999969482422,86.37000274658203,56.31833267211914,8175300
2018-08-29,86.33999633789062,86.38999938964844,86.27999877929688,86.31999969482422,56.28569030761719,7403700
2018-08-30,86.33000183105469,86.3499984741211,86.22000122070312,86.25,56.24006652832031,8481700
2018-08-31,86.29000091552734,86.41999816894531,86.27999877929688,86.36000061035156,56.31180191040039,9569300
2018-09-04,85.88999938964844,85.93000030517578,85.72000122070312,85.80999755859375,56.19458770751953,16029000
2018-09-05,85.80000305175781,85.83000183105469,85.69000244140625,85.72000122070312,56.1356201171875,13369200
2018-09-06,85.80000305175781,85.83000183105469,85.72000122070312,85.79000091552734,56.181488037109375,13137500
2018-09-07,85.62999725341797,85.7699966430664,85.62999725341797,85.69999694824219,56.12254333496094,12374700
2018-09-10,85.80000305175781,85.88999938964844,85.7699966430664,85.87000274658203,56.233890533447266,6997900
2018-09-11,85.76000213623047,85.9800033569336,85.76000213623047,85.88999938964844,56.24696731567383,17897800
2018-09-12,85.91999816894531,86.1500015258789,85.91999816894531,86.08999633789062,56.37795639038086,14041900
2018-09-13,86.16999816894531,86.30999755859375,86.16999816894531,86.25,56.48273468017578,10375800
2018-09-14,86.23999786376953,86.38999938964844,86.2300033569336,86.33000183105469,56.53512954711914,12945000
2018-09-17,86.30999755859375,86.33000183105469,86.2300033569336,86.2699966430664,56.49580383300781,13279900
2018-09-18,86.29000091552734,86.36000061035156,86.23999786376953,86.26000213623047,56.489253997802734,19882300
2018-09-19,86.23999786376953,86.29000091552734,86.08000183105469,86.0999984741211,56.384498596191406,14471100
2018-09-20,86.12000274658203,86.22000122070312,85.93000030517578,86.22000122070312,56.46305847167969,15360100
2018-09-21,86.22000122070312,86.27999877929688,86.19999694824219,86.23999786376953,56.47618103027344,10966700
2018-09-24,86.19999694824219,86.25,86.08000183105469,86.19999694824219,56.44997024536133,10229400
2018-09-25,86.12999725341797,86.18000030517578,86.08999633789062,86.12999725341797,56.40412902832031,13240400
2018-09-26,86.19000244140625,86.33999633789062,86.16999816894531,86.22000122070312,56.46305847167969,19504800
2018-09-27,86.30999755859375,86.4000015258789,86.2699966430664,86.37999725341797,56.56785202026367,7996600
2018-09-28,86.3499984741211,86.47000122070312,86.27999877929688,86.44000244140625,56.607139587402344,17085200
2018-10-01,86.16000366210938,86.30000305175781,86.13999938964844,86.30000305175781,56.77094650268555,22566000
2018-10-02,86.26000213623047,86.30000305175781,86.18000030517578,86.2300033569336,56.72490692138672,13577600
2018-10-03,86.27999877929688,86.30999755859375,85.91000366210938,86.0,56.57359313964844,17930600
2018-10-04,85.81999969482422,85.9000015258789,85.58000183105469,85.68000030517578,56.36310577392578,24935100
2018-10-05,85.6500015258789,85.66999816894531,85.30000305175781,85.30000305175781,56.11313247680664,25063300
2018-10-08,85.3499984741211,85.36000061035156,85.08000183105469,85.11000061035156,55.98811340332031,12869500
2018-10-09,85.13999938964844,85.30999755859375,85.12000274658203,85.23999786376953,56.073638916015625,19488500
2018-10-10,85.11000061035156,85.11000061035156,84.61000061035156,84.62999725341797,55.6723747253418,25204700
2018-10-11,84.83000183105469,85.0,84.56999969482422,84.69999694824219,55.71841812133789,37665300
2018-10-12,85.11000061035156,85.20999908447266,84.94000244140625,85.1500015258789,56.014469146728516,31877600
2018-10-15,85.08000183105469,85.19000244140625,85.04000091552734,85.08999633789062,55.97494125366211,16658500
2018-10-16,85.25,85.4000015258789,85.23999786376953,85.37999725341797,56.165740966796875,18955700
2018-10-17,85.26000213623047,85.36000061035156,85.13999938964844,85.20999908447266,56.053916931152344,18739400
2018-10-18,85.1500015258789,85.19000244140625,84.8499984741211,84.8499984741211,55.81707763671875,28653800
2018-10-19,85.05000305175781,85.06999969482422,84.8499984741211,84.9000015258789,55.849971771240234,20606400
2018-10-22,85.0999984741211,85.1500015258789,84.87000274658203,84.94000244140625,55.87630081176758,15049900
2018-10-23,84.6500015258789,84.9000015258789,84.55000305175781,84.86000061035156,55.82367706298828,20873200
2018-10-24,84.87999725341797,84.91999816894531,84.41000366210938,84.44000244140625,55.54737854003906,23827800
2018-10-25,84.61000061035156,84.66999816894531,84.43000030517578,84.61000061035156,55.65922546386719,29513700
2018-10-26,84.30999755859375,84.52999877929688,84.16999816894531,84.2300033569336,55.40922546386719,27424100
2018-10-29,84.4000015258789,84.44000244140625,84.04000091552734,84.1500015258789,55.35660934448242,23379400
2018-10-30,84.16999816894531,84.3499984741211,83.98999786376953,84.3499984741211,55.48817825317383,24105300
2018-10-31,84.44999694824219,84.58999633789062,84.3499984741211,84.3499984741211,55.48817825317383,23047900
2018-11-01,84.08999633789062,84.41000366210938,84.0,84.31999969482422,55.7426872253418,33115700
2018-11-02,84.41999816894531,84.52999877929688,84.13999938964844,84.2699966430664,55.70962142944336,19675800
2018-11-05,84.2699966430664,84.44000244140625,84.2300033569336,84.33999633789062,55.755924224853516,12299600
2018-11-06,84.41000366210938,84.55999755859375,84.37999725341797,84.55999755859375,55.90132522583008,14675500
2018-11-07,84.63999938964844,85.06999969482422,84.63999938964844,85.05000305175781,56.22527313232422,26155500
2018-11-08,84.8499984741211,85.08000183105469,84.81999969482422,84.83999633789062,56.08644485473633,20677500
2018-11-09,84.66999816894531,84.68000030517578,84.27999877929688,84.36000061035156,55.76911163330078,20869300
2018-11-12,84.33000183105469,84.41000366210938,83.80999755859375,83.83999633789062,55.42536163330078,22319600
2018-11-13,83.86000061035156,84.0199966430664,83.62999725341797,83.69999694824219,55.33282470703125,22907600
2018-11-14,83.80999755859375,83.98999786376953,83.33999633789062,83.54000091552734,55.22705078125,44747700
2018-11-15,83.19000244140625,83.5199966430664,82.98999786376953,83.5199966430664,55.21379852294922,32332600
2018-11-16,83.16000366210938,83.30000305175781,83.0,83.2699966430664,55.04853820800781,64912800
2018-11-19,83.05000305175781,83.23999786376953,82.9000015258789,83.01000213623047,54.87665557861328,36567300
2018-11-20,82.77999877929688,82.97000122070312,82.69999694824219,82.75,54.70478439331055,21901900
2018-11-21,83.16999816894531,83.33999633789062,83.06999969482422,83.16999816894531,54.98242950439453,16560400
2018-11-23,82.83000183105469,82.9000015258789,82.70999908447266,82.70999908447266,54.67832946777344,9708100
2018-11-26,83.02999877929688,83.13999938964844,82.91000366210938,83.0999984741211,54.93618392944336,19807100
2018-11-27,82.94000244140625,83.06999969482422,82.87000274658203,83.05999755859375,54.90974807739258,14370700
2018-11-28,83.11000061035156,83.7699966430664,83.05999755859375,83.75,55.365875244140625,23513100
2018-11-29,83.58999633789062,83.88999938964844,83.54000091552734,83.7699966430664,55.379085540771484,17927900
2018-11-30,83.55999755859375,83.73999786376953,83.55000305175781,83.5999984741211,55.2667236328125,15081000
2018-12-03,83.6500015258789,83.83000183105469,83.5,83.80000305175781,55.64922332763672,27052900
2018-12-04,83.62999725341797,83.70999908447266,83.19999694824219,83.27999877929688,55.30388259887695,32066500
2018-12-06,82.8499984741211,83.08999633789062,82.72000122070312,82.98999786376953,55.11132049560547,27661900
2018-12-07,83.26000213623047,83.38999938964844,82.83000183105469,82.83000183105469,55.00505065917969,28901200
2018-12-10,82.81999969482422,82.95999908447266,82.55999755859375,82.88999938964844,55.04487991333008,23434700
2018-12-11,83.18000030517578,83.26000213623047,82.97000122070312,83.04000091552734,55.14454650878906,19243900
2018-12-12,83.31999969482422,83.58999633789062,83.29000091552734,83.30999755859375,55.32384490966797,17571500
2018-12-13,83.5,83.5999984741211,83.43000030517578,83.51000213623047,55.456661224365234,15859200
2018-12-14,83.37000274658203,83.4800033569336,83.0999984741211,83.16000366210938,55.22422790527344,16397600
2018-12-17,83.08999633789062,83.16000366210938,82.55000305175781,82.62000274658203,54.865623474121094,24124900
2018-12-18,82.36000061035156,82.43000030517578,81.9000015258789,82.08000183105469,54.76618957519531,25284300
2018-12-19,82.12000274658203,82.26000213623047,81.23999786376953,81.33999633789062,54.27243423461914,32062700
2018-12-20,81.06999969482422,81.19000244140625,80.01000213623047,80.62999725341797,53.79869842529297,68796100
2018-12-21,80.58999633789062,80.93000030517578,80.0999984741211,80.2300033569336,53.53181076049805,56295000
2018-12-24,80.2300033569336,80.3499984741211,79.62999725341797,79.62999725341797,53.13148498535156,18853600
2018-12-26,79.7300033569336,80.97000122070312,79.55000305175781,80.97000122070312,54.025550842285156,25010300
2018-12-27,80.48999786376953,80.97000122070312,80.37999725341797,80.91999816894531,53.99221420288086,31806100
2018-12-28,80.98999786376953,81.31999969482422,80.8499984741211,81.04000091552734,54.072288513183594,30106400
2018-12-31,81.19000244140625,81.33000183105469,81.08999633789062,81.0999984741211,54.11233139038086,14153600
2019-01-02,80.72000122070312,81.11000061035156,80.6500015258789,80.98999786376953,54.038883209228516,26977400
2019-01-03,80.91000366210938,81.16000366210938,80.77999877929688,81.02999877929688,54.06562042236328,32776600
2019-01-04,81.66999816894531,82.5,81.56999969482422,82.38999938964844,54.9730339050293,38754000
2019-01-07,82.58000183105469,83.19000244140625,82.56999969482422,83.19000244140625,55.50681686401367,38127600
2019-01-08,83.38999938964844,83.73999786376953,83.26000213623047,83.7300033569336,55.86712646484375,30795000
2019-01-09,83.8499984741211,84.01000213623047,83.79000091552734,83.83000183105469,55.93383026123047,40909400
2019-01-10,83.66000366210938,84.20999908447266,83.55000305175781,84.16000366210938,56.154014587402344,50520000
2019-01-11,83.81999969482422,83.9800033569336,83.77999877929688,83.88999938964844,55.97386932373047,19793300
2019-01-14,83.66999816894531,83.7699966430664,83.55000305175781,83.62000274658203,55.7937126159668,20137700
2019-01-15,83.62000274658203,83.94000244140625,83.55000305175781,83.9000015258789,55.98055648803711,24799000
2019-01-16,84.01000213623047,84.13999938964844,83.95999908447266,84.02999877929688,56.06727600097656,26508100
2019-01-17,83.94000244140625,84.29000091552734,83.88999938964844,84.26000213623047,56.220741271972656,24574400
2019-01-18,84.41999816894531,84.66999816894531,84.38999938964844,84.5,56.38088607788086,36236400
2019-01-22,84.33000183105469,84.33999633789062,83.83000183105469,83.94000244140625,56.00724411010742,25504200
2019-01-23,84.05999755859375,84.2300033569336,83.87000274658203,84.11000061035156,56.120670318603516,18529400
2019-01-24,84.08000183105469,84.22000122070312,83.94000244140625,84.19999694824219,56.18071365356445,17875500
2019-01-25,84.36000061035156,84.48999786376953,84.33999633789062,84.41000366210938,56.32085037231445,16775200
2019-01-28,84.19000244140625,84.33000183105469,84.06999969482422,84.27999877929688,56.23409652709961,14694100
2019-01-29,84.3499984741211,84.3499984741211,84.02999877929688,84.2300033569336,56.20071792602539,18717000
2019-01-30,84.33999633789062,85.02999877929688,84.33000183105469,84.9000015258789,56.647769927978516,25993500
2019-01-31,84.87999725341797,85.23999786376953,84.87999725341797,85.11000061035156,56.78787612915039,27070400
2019-02-01,84.66000366210938,84.76000213623047,84.54000091552734,84.68000030517578,56.76041793823242,24749900
2019-02-04,84.69000244140625,84.93000030517578,84.61000061035156,84.87999725341797,56.89445877075195,15968400
2019-02-05,84.94000244140625,85.2699966430664,84.93000030517578,85.18000030517578,57.095558166503906,33188300
2019-02-06,85.11000061035156,85.20999908447266,85.0199966430664,85.0999984741211,57.04193878173828,25936800
2019-02-07,84.83000183105469,84.9000015258789,84.66000366210938,84.80999755859375,56.847564697265625,27119400
2019-02-08,84.70999908447266,84.80999755859375,84.58000183105469,84.79000091552734,56.83414840698242,16728100
2019-02-11,84.7699966430664,84.87000274658203,84.69999694824219,84.83000183105469,56.86094284057617,10051800
2019-02-12,85.08000183105469,85.2699966430664,85.06999969482422,85.23999786376953,57.13576889038086,20174000
2019-02-13,85.29000091552734,85.30999755859375,85.05000305175781,85.12000274658203,57.05533218383789,25088400
2019-02-14,84.9800033569336,85.22000122070312,84.86000061035156,85.12999725341797,57.06203842163086,19406700
2019-02-15,85.27999877929688,85.45999908447266,85.27999877929688,85.4000015258789,57.24303436279297,24052000
2019-02-19,85.30000305175781,85.4800033569336,85.26000213623047,85.43000030517578,57.26313400268555,11317700
2019-02-20,85.45999908447266,85.55000305175781,85.33000183105469,85.5,57.31006622314453,9925700
2019-02-21,85.44999694824219,85.52999877929688,85.3499984741211,85.41999816894531,57.256446838378906,15479800
2019-02-22,85.5199966430664,85.66999816894531,85.48999786376953,85.58999633789062,57.370391845703125,12330300
2019-02-25,85.70999908447266,85.83000183105469,85.62000274658203,85.66000366210938,57.41728591918945,13698200
2019-02-26,85.72000122070312,85.87000274658203,85.66999816894531,85.7699966430664,57.49103927612305,16049300
2019-02-27,85.80000305175781,85.86000061035156,85.7300033569336,85.80000305175781,57.51112747192383,14818900
2019-02-28,85.77999877929688,85.83000183105469,85.69999694824219,85.75,57.47763442993164,21340600
2019-03-01,85.55000305175781,85.66000366210938,85.5,85.61000061035156,57.64056396484375,26455300
2019-03-04,85.70999908447266,85.75,85.33999633789062,85.4800033569336,57.55303192138672,16034400
2019-03-05,85.4800033569336,85.48999786376953,85.36000061035156,85.44000244140625,57.52611541748047,14510100
2019-03-06,85.4000015258789,85.41999816894531,85.26000213623047,85.30000305175781,57.431827545166016,16806400
2019-03-07,85.33000183105469,85.33999633789062,85.08000183105469,85.23999786376953,57.39143753051758,28101100
2019-03-08,84.9800033569336,85.12000274658203,84.80999755859375,85.0999984741211,57.29718780517578,21043400
2019-03-11,85.06999969482422,85.38999938964844,85.05000305175781,85.37999725341797,57.485694885253906,17922400
2019-03-12,85.30999755859375,85.58000183105469,85.29000091552734,85.52999877929688,57.586727142333984,20180500
2019-03-13,85.58000183105469,85.7699966430664,85.55999755859375,85.76000213623047,57.74153518676758,24524800
2019-03-14,85.72000122070312,85.83000183105469,85.68000030517578,85.69999694824219,57.70115661621094,12342500
2019-03-15,85.76000213623047,85.87999725341797,85.75,85.77999877929688,57.75501251220703,21775300
2019-03-18,85.79000091552734,85.83000183105469,85.66999816894531,85.75,57.73484420776367,10498900
2019-03-19,85.80999755859375,85.95999908447266,85.75,85.80000305175781,57.76848602294922,14067200
2019-03-20,85.80999755859375,86.30000305175781,85.6500015258789,86.16999816894531,58.01759719848633,31184400
2019-03-21,86.05999755859375,86.26000213623047,86.04000091552734,86.1500015258789,58.00415802001953,16400700
2019-03-22,86.0199966430664,86.05000305175781,85.75,85.83999633789062,57.79540252685547,27030400
2019-03-25,85.77999877929688,85.91000366210938,85.6500015258789,85.80999755859375,57.77518844604492,23592100
2019-03-26,85.94999694824219,86.1500015258789,85.88999938964844,86.0199966430664,57.9166145324707,18762700
2019-03-27,86.06999969482422,86.23999786376953,85.87999725341797,86.08000183105469,57.9570198059082,16706700
2019-03-28,86.08999633789062,86.25,86.04000091552734,86.25,58.07149124145508,19706700
2019-03-29,86.31999969482422,86.52999877929688,86.30000305175781,86.47000122070312,58.219608306884766,22358900
2019-04-01,86.20999908447266,86.27999877929688,86.05000305175781,86.06999969482422,58.20541000366211,21353900
2019-04-02,86.08999633789062,86.13999938964844,85.94000244140625,86.11000061035156,58.232425689697266,15129300
2019-04-03,86.19999694824219,86.30999755859375,86.0999984741211,86.13999938964844,58.252742767333984,13746500
2019-04-04,86.1500015258789,86.27999877929688,86.12999725341797,86.2699966430664,58.340675354003906,14435700
2019-04-05,86.36000061035156,86.5,86.33999633789062,86.43000030517578,58.448829650878906,14227000
2019-04-08,86.38999938964844,86.41000366210938,86.30999755859375,86.37999725341797,58.41503143310547,11472100
2019-04-09,86.33000183105469,86.41999816894531,86.2699966430664,86.31999969482422,58.37446212768555,19118700
2019-04-10,86.43000030517578,86.69999694824219,86.43000030517578,86.69999694824219,58.63144302368164,16767000
2019-04-11,86.69000244140625,86.86000061035156,86.6500015258789,86.83000183105469,58.71932601928711,20976100
2019-04-12,86.93000030517578,87.01000213623047,86.79000091552734,86.95999908447266,58.80728530883789,17442800
2019-04-15,86.94999694824219,86.94999694824219,86.83000183105469,86.9000015258789,58.76669692993164,13940000
2019-04-16,86.95999908447266,86.97000122070312,86.81999969482422,86.8499984741211,58.732879638671875,11543800
2019-04-17,86.94000244140625,86.94000244140625,86.62999725341797,86.63999938964844,58.59088134765625,11818600
2019-04-18,86.79000091552734,86.79000091552734,86.58000183105469,86.68000030517578,58.617897033691406,15295500
2019-04-22,86.62000274658203,86.66000366210938,86.5199966430664,86.52999877929688,58.51646041870117,24591400
2019-04-23,86.63999938964844,86.87999725341797,86.58999633789062,86.83000183105469,58.71932601928711,15094100
2019-04-24,86.8499984741211,86.8499984741211,86.69999694824219,86.70999908447266,58.6381950378418,11938800
2019-04-25,86.69999694824219,86.80999755859375,86.56999969482422,86.75,58.665279388427734,14369000
2019-04-26,86.8499984741211,86.9800033569336,86.8499984741211,86.97000122070312,58.81401443481445,11937200
2019-04-29,86.94999694824219,87.0,86.93000030517578,86.93000030517578,58.786949157714844,7601200
2019-04-30,86.97000122070312,87.04000091552734,86.91999816894531,86.94000244140625,58.79372787475586,11168100
2019-05-01,86.58999633789062,86.87000274658203,86.27999877929688,86.29000091552734,58.60086441040039,24574300
2019-05-02,86.36000061035156,86.4800033569336,86.18000030517578,86.3499984741211,58.641632080078125,24936600
2019-05-03,86.5199966430664,86.5999984741211,86.47000122070312,86.56999969482422,58.79100799560547,18522700
2019-05-06,86.18000030517578,86.62000274658203,86.0,86.61000061035156,58.81819534301758,18893700
2019-05-07,86.4000015258789,86.44999694824219,85.94999694824219,86.08999633789062,58.46503448486328,30266300
2019-05-08,86.0999984741211,86.30000305175781,86.02999877929688,86.12000274658203,58.48541259765625,27527500
2019-05-09,85.98999786376953,86.05999755859375,85.68000030517578,85.98999786376953,58.397151947021484,30890400
2019-05-10,85.95999908447266,86.30999755859375,85.75,86.2300033569336,58.56011199951172,33782400
2019-05-13,85.68000030517578,85.7699966430664,85.41999816894531,85.44000244140625,58.02362060546875,34801600
2019-05-14,85.61000061035156,85.83000183105469,85.52999877929688,85.62999725341797,58.15266799926758,18128500
2019-05-15,85.48999786376953,85.76000213623047,85.44000244140625,85.70999908447266,58.20698165893555,19543700
2019-05-16,85.83000183105469,86.11000061035156,85.80000305175781,85.97000122070312,58.383544921875,29384100
2019-05-17,85.79000091552734,86.0999984741211,85.79000091552734,85.94000244140625,58.3631706237793,27089400
2019-05-20,85.91999816894531,86.08000183105469,85.77999877929688,85.86000061035156,58.308841705322266,15780000
2019-05-21,85.98999786376953,86.1500015258789,85.98999786376953,86.12999725341797,58.4921989440918,15004300
2019-05-22,86.08000183105469,86.19999694824219,85.97000122070312,86.19999694824219,58.53975296020508,14976200
2019-05-23,85.95999908447266,85.98999786376953,85.66999816894531,85.7699966430664,58.24773025512695,18333400
2019-05-24,85.87000274658203,85.97000122070312,85.63999938964844,85.6500015258789,58.16621780395508,17611600
2019-05-28,85.75,85.81999969482422,85.48999786376953,85.56999969482422,58.111907958984375,20544600
2019-05-29,85.45999908447266,85.5199966430664,85.25,85.33999633789062,57.95570755004883,25441900
2019-05-30,85.48999786376953,85.6500015258789,85.44000244140625,85.5199966430664,58.077972412109375,20311900
2019-05-31,85.23999786376953,85.33999633789062,84.87999725341797,84.9000015258789,57.656917572021484,34947400
2019-06-03,84.6500015258789,84.77999877929688,84.47000122070312,84.6500015258789,57.74969482421875,58940600
2019-06-04,84.91000366210938,85.51000213623047,84.91000366210938,85.5,58.329566955566406,34113300
2019-06-05,85.58000183105469,85.72000122070312,85.43000030517578,85.69999694824219,58.46598434448242,28368700
2019-06-06,85.68000030517578,85.95999908447266,85.56999969482422,85.87999725341797,58.58882522583008,23538600
2019-06-07,86.0,86.20999908447266,85.16000366210938,86.0999984741211,58.738868713378906,29934000
2019-06-10,86.26000213623047,86.33999633789062,86.18000030517578,86.2300033569336,58.82756805419922,17482200
2019-06-11,86.51000213623047,86.66000366210938,86.22000122070312,86.3499984741211,58.909454345703125,34293700
2019-06-12,86.33000183105469,86.3499984741211,86.12999725341797,86.1500015258789,58.77302932739258,18195500
2019-06-13,86.30000305175781,86.41000366210938,86.25,86.3499984741211,58.909454345703125,19438500
2019-06-14,86.31999969482422,86.36000061035156,86.22000122070312,86.29000091552734,58.86851119995117,8842000
2019-06-17,86.23999786376953,86.29000091552734,86.12000274658203,86.16000366210938,58.779808044433594,10554000
2019-06-18,86.56999969482422,86.7699966430664,86.54000091552734,86.76000213623047,59.18917465209961,22540400
2019-06-19,86.69999694824219,87.19000244140625,86.55000305175781,87.16999816894531,59.46886444091797,28212600
2019-06-20,87.43000030517578,87.6500015258789,87.29000091552734,87.61000061035156,59.76907730102539,48362000
2019-06-21,87.37999725341797,87.44999694824219,87.33000183105469,87.33000183105469,59.5780143737793,22467800
2019-06-24,87.33000183105469,87.37000274658203,87.27999877929688,87.31999969482422,59.57119369506836,13764100
2019-06-25,87.30999755859375,87.30999755859375,86.88999938964844,86.94999694824219,59.31879425048828,26173600
2019-06-26,87.12000274658203,87.16000366210938,86.87999725341797,86.91000366210938,59.29150390625,19554600
2019-06-27,87.05999755859375,87.19999694824219,87.0199966430664,87.1500015258789,59.455196380615234,12995100
2019-06-28,87.19999694824219,87.25,87.1500015258789,87.18000030517578,59.47570037841797,14690800
2019-07-01,87.12999725341797,87.26000213623047,86.80000305175781,86.81999969482422,59.49349594116211,26036100
2019-07-02,86.87999725341797,87.05999755859375,86.83999633789062,87.01000213623047,59.62371063232422,20683200
2019-07-03,87.05000305175781,87.38999938964844,87.02999877929688,87.33999633789062,59.8498420715332,16237900
2019-07-05,87.08000183105469,87.08999633789062,86.8499984741211,86.98999786376953,59.61000061035156,17591400
2019-07-08,86.94999694824219,86.94999694824219,86.80999755859375,86.81999969482422,59.49349594116211,16679400
2019-07-09,86.76000213623047,86.80000305175781,86.69999694824219,86.72000122070312,59.42498779296875,19189100
2019-07-10,86.93000030517578,87.08000183105469,86.88999938964844,86.95999908447266,59.58943557739258,24497000
2019-07-11,87.01000213623047,87.01000213623047,86.66999816894531,86.79000091552734,59.472938537597656,19191200
2019-07-12,86.79000091552734,86.94000244140625,86.72000122070312,86.93000030517578,59.568870544433594,21291200
2019-07-15,86.91000366210938,87.06999969482422,86.86000061035156,86.98999786376953,59.61000061035156,10735200
2019-07-16,86.9800033569336,86.9800033569336,86.7300033569336,86.80999755859375,59.486637115478516,20147200
2019-07-17,86.87999725341797,86.87999725341797,86.69000244140625,86.69999694824219,59.41127014160156,9361300
2019-07-18,86.70999908447266,86.76000213623047,86.51000213623047,86.73999786376953,59.43870544433594,17236600
2019-07-19,86.73999786376953,86.77999877929688,86.55999755859375,86.58999633789062,59.33589172363281,14771000
2019-07-22,86.69000244140625,86.87999725341797,86.6500015258789,86.87999725341797,59.53462600708008,12852800
2019-07-23,86.94999694824219,87.05999755859375,86.8499984741211,87.02999877929688,59.63740539550781,14051800
2019-07-24,87.01000213623047,87.11000061035156,86.98999786376953,87.0999984741211,59.68540573120117,12713700
2019-07-25,87.1500015258789,87.1500015258789,86.91000366210938,86.9800033569336,59.60316848754883,14272500
2019-07-26,87.12000274658203,87.19000244140625,87.08000183105469,87.16999816894531,59.733333587646484,8512700
2019-07-29,87.1500015258789,87.16000366210938,86.95999908447266,87.04000091552734,59.64423370361328,14731800
2019-07-30,86.9000015258789,87.08999633789062,86.83999633789062,87.08000183105469,59.671661376953125,13794100
2019-07-31,87.1500015258789,87.26000213623047,86.58000183105469,86.93000030517578,59.568870544433594,23449700
2019-08-01,86.55000305175781,86.98999786376953,86.48999786376953,86.5199966430664,59.53929901123047,28839000
2019-08-02,86.48999786376953,86.48999786376953,86.18000030517578,86.38999938964844,59.44981002807617,23559600
2019-08-05,85.87000274658203,85.87000274658203,85.3499984741211,85.48999786376953,58.83048629760742,47727900
2019-08-06,85.87000274658203,86.12000274658203,85.66999816894531,86.04000091552734,59.20899200439453,28695000
2019-08-07,85.69000244140625,86.12999725341797,85.44999694824219,86.02999877929688,59.202091217041016,38028500
2019-08-08,86.05000305175781,86.41999816894531,86.05000305175781,86.37000274658203,59.43605422973633,27074700
2019-08-09,86.22000122070312,86.3499984741211,86.08000183105469,86.25,59.35350036621094,19090800
2019-08-12,86.01000213623047,86.13999938964844,85.87999725341797,85.94999694824219,59.147037506103516,17466700
2019-08-13,85.94000244140625,86.41000366210938,85.87999725341797,86.33000183105469,59.4085578918457,30078600
2019-08-14,85.94000244140625,85.97000122070312,85.5,85.55999755859375,58.878684997558594,29745300
2019-08-15,85.70999908447266,85.9000015258789,85.6500015258789,85.80999755859375,59.05067825317383,27296500
2019-08-16,85.94000244140625,86.12999725341797,85.94000244140625,86.0999984741211,59.2502555847168,15780200
2019-08-19,86.26000213623047,86.36000061035156,86.22000122070312,86.3499984741211,59.42231369018555,13603000
2019-08-20,86.38999938964844,86.47000122070312,86.25,86.41999816894531,59.47049331665039,16126800
2019-08-21,86.63999938964844,86.8499984741211,86.58000183105469,86.79000091552734,59.72507858276367,18334300
2019-08-22,86.94000244140625,87.02999877929688,86.75,86.94999694824219,59.835205078125,20677200
2019-08-23,86.79000091552734,87.13999938964844,86.4800033569336,86.55000305175781,59.5599365234375,30340300
2019-08-26,86.81999969482422,86.9800033569336,86.73999786376953,86.9800033569336,59.855838775634766,14187800
2019-08-27,87.1500015258789,87.18000030517578,86.79000091552734,86.94000244140625,59.82831573486328,14722700
2019-08-28,86.91999816894531,87.19000244140625,86.88999938964844,87.1500015258789,59.97280502319336,13576000
2019-08-29,87.33999633789062,87.41000366210938,87.19000244140625,87.23999786376953,60.03476333618164,16271400
2019-08-30,87.37999725341797,87.38999938964844,86.97000122070312,87.16000366210938,59.97970962524414,14413600
2019-09-03,86.72000122070312,86.72000122070312,86.38999938964844,86.54000091552734,59.807655334472656,20561500
2019-09-04,86.69000244140625,86.75,86.58999633789062,86.72000122070312,59.93202209472656,13526700
2019-09-05,86.80000305175781,87.12999725341797,86.77999877929688,87.05999755859375,60.16700744628906,23399100
2019-09-06,87.18000030517578,87.30000305175781,87.04000091552734,87.13999938964844,60.22229766845703,25162700
2019-09-09,87.19000244140625,87.26000213623047,87.0199966430664,87.2300033569336,60.284515380859375,17484200
2019-09-10,87.23999786376953,87.30999755859375,87.0999984741211,87.27999877929688,60.31903076171875,14055800
2019-09-11,87.2300033569336,87.30000305175781,87.16999816894531,87.2699966430664,60.31214141845703,13999200
2019-09-12,87.33999633789062,87.43000030517578,87.25,87.31999969482422,60.346675872802734,23246400
2019-09-13,87.16999816894531,87.30999755859375,87.11000061035156,87.16000366210938,60.23611831665039,34407300
2019-09-16,87.30000305175781,87.4800033569336,87.18000030517578,87.47000122070312,60.450355529785156,23020800
2019-09-17,87.5,87.52999877929688,87.33999633789062,87.5199966430664,60.48487091064453,14626400
2019-09-18,87.45999908447266,87.54000091552734,87.19000244140625,87.47000122070312,60.450355529785156,15913800
2019-09-19,87.41999816894531,87.54000091552734,87.33000183105469,87.37000274658203,60.38125228881836,13327000
2019-09-20,87.4000015258789,87.51000213623047,87.33999633789062,87.4800033569336,60.457275390625,23298400
2019-09-23,87.41000366210938,87.51000213623047,87.38999938964844,87.44000244140625,60.429630279541016,15456800
2019-09-24,87.5199966430664,87.52999877929688,87.20999908447266,87.31999969482422,60.346675872802734,21934200
2019-09-25,87.25,87.29000091552734,87.02999877929688,87.2300033569336,60.284515380859375,15142100
2019-09-26,87.2300033569336,87.26000213623047,87.04000091552734,87.16999816894531,60.24300765991211,13873100
2019-09-27,87.16000366210938,87.2300033569336,87.0,87.06999969482422,60.17388916015625,13419200
2019-09-30,87.05999755859375,87.16999816894531,87.0199966430664,87.16999816894531,60.24300765991211,21827700
2019-10-01,86.83999633789062,86.86000061035156,86.55000305175781,86.62000274658203,60.10424041748047,27665700
2019-10-02,86.56999969482422,86.58000183105469,86.04000091552734,86.11000061035156,59.750343322753906,33789500
2019-10-03,86.12000274658203,86.23999786376953,85.75,86.16000366210938,59.7850456237793,30387800
2019-10-04,86.2699966430664,86.44000244140625,86.19999694824219,86.43000030517578,59.972415924072266,17588600
2019-10-07,86.37000274658203,86.48999786376953,86.25,86.36000061035156,59.92384338378906,14542500
2019-10-08,86.2699966430664,86.31999969482422,86.04000091552734,86.04000091552734,59.701805114746094,15471500
2019-10-09,86.2699966430664,86.37999725341797,86.25,86.30000305175781,59.88220977783203,11351300
2019-10-10,86.31999969482422,86.4800033569336,86.30000305175781,86.41000366210938,59.95853805541992,11092800
2019-10-11,86.63999938964844,86.83000183105469,86.56999969482422,86.7699966430664,60.20830154418945,18661400
2019-10-14,86.7699966430664,86.87000274658203,86.69000244140625,86.83000183105469,60.24998474121094,9842600
2019-10-15,86.83999633789062,87.06999969482422,86.80000305175781,87.0199966430664,60.38176345825195,26321500
2019-10-16,86.98999786376953,87.01000213623047,86.94000244140625,86.94999694824219,60.33321762084961,11813000
2019-10-17,87.01000213623047,87.0999984741211,87.0,87.06999969482422,60.416481018066406,14814300
2019-10-18,87.06999969482422,87.12999725341797,86.95999908447266,87.08999633789062,60.43037414550781,21363700
2019-10-21,87.16000366210938,87.16999816894531,87.11000061035156,87.12000274658203,60.4511604309082,10090400
2019-10-22,87.18000030517578,87.18000030517578,87.08000183105469,87.13999938964844,60.46504592895508,15464300
2019-10-23,87.1500015258789,87.2300033569336,87.08999633789062,87.22000122070312,60.52057647705078,9097500
2019-10-24,87.26000213623047,87.31999969482422,87.16999816894531,87.31999969482422,60.5899543762207,14832800
2019-10-25,87.30000305175781,87.41999816894531,87.30000305175781,87.38999938964844,60.63853454589844,11593600
2019-10-28,87.4000015258789,87.44000244140625,87.36000061035156,87.37999725341797,60.631591796875,10646500
2019-10-29,87.37000274658203,87.4000015258789,87.19999694824219,87.22000122070312,60.52057647705078,10655700
2019-10-30,87.2699966430664,87.27999877929688,87.0,87.11000061035156,60.44424057006836,24566400
2019-10-31,87.08999633789062,87.0999984741211,86.79000091552734,86.80999755859375,60.236083984375,24576400
2019-11-01,86.58999633789062,86.91000366210938,86.58000183105469,86.81999969482422,60.49458694458008,23894100
2019-11-04,86.9800033569336,87.05000305175781,86.94000244140625,87.0,60.6199951171875,14135800
2019-11-05,87.06999969482422,87.08000183105469,86.81999969482422,86.91000366210938,60.55732727050781,21946800
2019-11-06,86.91000366210938,86.91000366210938,86.77999877929688,86.80999755859375,60.48763656616211,8976900
2019-11-07,86.94000244140625,86.9800033569336,86.75,86.7699966430664,60.45972442626953,15077600
2019-11-08,86.76000213623047,86.87999725341797,86.63999938964844,86.8499984741211,60.515472412109375,11692800
2019-11-11,86.7699966430664,86.83999633789062,86.68000030517578,86.80000305175781,60.48064422607422,4933600
2019-11-12,86.75,86.88999938964844,86.7300033569336,86.81999969482422,60.49458694458008,14690200
2019-11-13,86.7300033569336,86.7699966430664,86.68000030517578,86.7300033569336,60.431884765625,15333600
2019-11-14,86.73999786376953,86.80000305175781,86.6500015258789,86.68000030517578,60.39701461791992,14965100
2019-11-15,86.7699966430664,86.94999694824219,86.76000213623047,86.94000244140625,60.57819747924805,12996200
2019-11-18,86.87000274658203,86.9000015258789,86.79000091552734,86.83000183105469,60.50157165527344,13135800
2019-11-19,86.73999786376953,86.75,86.5199966430664,86.5199966430664,60.28555679321289,20175500
2019-11-20,86.47000122070312,86.58000183105469,86.33000183105469,86.33999633789062,60.1601448059082,22566100
2019-11-21,86.43000030517578,86.44999694824219,86.2699966430664,86.36000061035156,60.174068450927734,17853800
2019-11-22,86.48999786376953,86.69000244140625,86.4000015258789,86.69000244140625,60.403995513916016,20394800
2019-11-25,86.70999908447266,86.94000244140625,86.70999908447266,86.91999816894531,60.564292907714844,16885300
2019-11-26,86.94999694824219,87.0199966430664,86.9000015258789,87.0199966430664,60.63391876220703,11469400
2019-11-27,86.98999786376953,87.1500015258789,86.94999694824219,87.12999725341797,60.71058654785156,11814700
2019-11-29,87.11000061035156,87.11000061035156,86.93000030517578,86.94000244140625,60.57819747924805,11519500
2019-12-02,86.62999725341797,86.62999725341797,86.3499984741211,86.54000091552734,60.53693771362305,20966400
2019-12-03,86.33999633789062,86.47000122070312,86.23999786376953,86.41999816894531,60.453025817871094,29757200
2019-12-04,86.45999908447266,86.70999908447266,86.45999908447266,86.68000030517578,60.634849548339844,12406800
2019-12-05,86.73999786376953,86.80999755859375,86.58000183105469,86.80999755859375,60.725799560546875,18158900
2019-12-06,86.94999694824219,87.01000213623047,86.8499984741211,86.93000030517578,60.809722900390625,16094700
2019-12-09,86.9000015258789,87.0,86.9000015258789,86.93000030517578,60.809722900390625,18034300
2019-12-10,86.93000030517578,87.1500015258789,86.9000015258789,87.13999938964844,60.95663070678711,15117100
2019-12-11,87.16000366210938,87.33999633789062,87.08999633789062,87.31999969482422,61.082557678222656,14127500
2019-12-12,87.36000061035156,87.61000061035156,87.33000183105469,87.5199966430664,61.22243881225586,18958100
2019-12-13,87.55000305175781,87.6500015258789,87.5,87.61000061035156,61.285430908203125,18088100
2019-12-16,87.73999786376953,87.83000183105469,87.69999694824219,87.77999877929688,61.404319763183594,17517400
2019-12-17,87.79000091552734,88.05000305175781,87.79000091552734,88.05000305175781,61.59324264526367,18650700
2019-12-18,88.08999633789062,88.25,88.05999755859375,88.20999908447266,61.70512008666992,31575700
2019-12-19,87.91000366210938,87.93000030517578,87.72000122070312,87.8499984741211,61.67287063598633,29429300
2019-12-20,87.94999694824219,87.98999786376953,87.69999694824219,87.72000122070312,61.581573486328125,31918800
2019-12-23,87.75,87.80000305175781,87.7300033569336,87.76000213623047,61.609642028808594,9720200
2019-12-24,87.77999877929688,87.83000183105469,87.7300033569336,87.83000183105469,61.65876770019531,4854900
2019-12-26,87.94000244140625,87.98999786376953,87.88999938964844,87.95999908447266,61.75006866455078,11382700
2019-12-27,88.0199966430664,88.0199966430664,87.88999938964844,87.91999816894531,61.72200012207031,11627100
2019-12-30,88.0,88.0199966430664,87.7699966430664,87.86000061035156,61.67985916137695,12524300
2019-12-31,87.86000061035156,87.94999694824219,87.80999755859375,87.94000244140625,61.73603439331055,8310800
2020-01-02,88.0999984741211,88.31999969482422,88.05000305175781,88.30999755859375,61.995765686035156,15756600
2020-01-03,88.12000274658203,88.27999877929688,88.04000091552734,88.22000122070312,61.932586669921875,17342200
2020-01-06,88.11000061035156,88.18000030517578,88.05000305175781,88.12999725341797,61.869415283203125,17936900
2020-01-07,88.13999938964844,88.16000366210938,88.04000091552734,88.05000305175781,61.813262939453125,9640300
2020-01-08,88.06999969482422,88.2300033569336,88.0199966430664,88.12999725341797,61.869415283203125,16088100
2020-01-09,88.23999786376953,88.37000274658203,88.16999816894531,88.36000061035156,62.03089141845703,16649500
2020-01-10,88.37000274658203,88.41000366210938,88.30000305175781,88.38999938964844,62.05193328857422,16182900
2020-01-13,88.4000015258789,88.44999694824219,88.3499984741211,88.38999938964844,62.05193328857422,17762400
2020-01-14,88.37000274658203,88.48999786376953,88.27999877929688,88.37999725341797,62.044925689697266,29157100
2020-01-15,88.4000015258789,88.52999877929688,88.38999938964844,88.4000015258789,62.0589599609375,24637900
2020-01-16,88.47000122070312,88.52999877929688,88.37999725341797,88.43000030517578,62.08001708984375,22349200
2020-01-17,88.4800033569336,88.51000213623047,88.36000061035156,88.36000061035156,62.03089141845703,29626700
2020-01-21,88.33999633789062,88.43000030517578,88.16999816894531,88.16999816894531,61.89748001098633,19724900
2020-01-22,88.30999755859375,88.37000274658203,88.2300033569336,88.33000183105469,62.00979995727539,17731800
2020-01-23,88.18000030517578,88.19999694824219,88.0199966430664,88.05999755859375,61.820274353027344,28566200
2020-01-24,88.06999969482422,88.06999969482422,87.6500015258789,87.69000244140625,61.560546875,40838300
2020-01-27,87.23999786376953,87.37999725341797,86.95999908447266,87.0999984741211,61.14633560180664,41372700
2020-01-28,87.5,87.95999908447266,87.38999938964844,87.8499984741211,61.67287063598633,32628300
2020-01-29,87.97000122070312,88.2300033569336,87.77999877929688,87.80000305175781,61.63774871826172,17308200
2020-01-30,87.51000213623047,87.91000366210938,87.5,87.88999938964844,61.7009162902832,20103300
2020-01-31,87.80000305175781,87.80000305175781,87.38999938964844,87.52999877929688,61.448211669921875,35659700
2020-02-03,87.33000183105469,87.47000122070312,87.12999725341797,87.1500015258789,61.43832015991211,25754700
2020-02-04,87.5,87.69000244140625,87.4800033569336,87.66999816894531,61.804931640625,25063800
2020-02-05,87.87999725341797,88.05999755859375,87.83999633789062,88.02999877929688,62.058712005615234,36687700
2020-02-06,88.0,88.1500015258789,87.87000274658203,88.0999984741211,62.108070373535156,18329900
2020-02-07,87.98999786376953,88.05000305175781,87.87999725341797,87.97000122070312,62.016395568847656,12865100
2020-02-10,87.94999694824219,88.0999984741211,87.87999725341797,88.08999633789062,62.101009368896484,14220000
2020-02-11,88.2699966430664,88.27999877929688,88.1500015258789,88.1500015258789,62.14330291748047,16821500
2020-02-12,88.31999969482422,88.45999908447266,88.26000213623047,88.37999725341797,62.30545425415039,26688200
2020-02-13,88.30999755859375,88.45999908447266,88.29000091552734,88.41000366210938,62.326629638671875,13297900
2020-02-14,88.44000244140625,88.48999786376953,88.3499984741211,88.4000015258789,62.31953048706055,11398800
2020-02-18,88.3499984741211,88.4000015258789,88.1500015258789,88.22000122070312,62.192657470703125,26635300
2020-02-19,88.30999755859375,88.37000274658203,88.25,88.26000213623047,62.22087478637695,18547500
2020-02-20,88.31999969482422,88.44000244140625,88.05999755859375,88.41000366210938,62.326629638671875,31277000
2020-02-21,88.33999633789062,88.37999725341797,88.16000366210938,88.33000183105469,62.27017593383789,23027000
2020-02-24,87.5,87.5999984741211,87.19999694824219,87.37999725341797,61.600467681884766,57828300
2020-02-25,87.76000213623047,87.80999755859375,86.69000244140625,86.7699966430664,61.17041778564453,68418000
2020-02-26,86.93000030517578,87.25,86.5999984741211,86.86000061035156,61.233890533447266,69233800
2020-02-27,86.12999725341797,86.69000244140625,85.5199966430664,85.69000244140625,60.40907287597656,72596300
2020-02-28,84.69000244140625,86.1500015258789,84.69000244140625,86.04000091552734,60.655799865722656,97472600
2020-03-02,85.63999938964844,86.4000015258789,85.2300033569336,86.30999755859375,61.11608123779297,72357700
2020-03-03,86.37999725341797,87.19000244140625,85.73999786376953,85.94000244140625,60.85408401489258,58721000
2020-03-04,86.66000366210938,87.16000366210938,86.58999633789062,87.12000274658203,61.6895866394043,52664700
2020-03-05,86.36000061035156,86.51000213623047,85.8499984741211,86.0199966430664,60.91075897216797,62455700
2020-03-06,84.52999877929688,85.27999877929688,84.08999633789062,85.05000305175781,60.223880767822266,69860600
2020-03-09,79.63999938964844,83.48999786376953,79.63999938964844,81.38999938964844,57.63220977783203,73609600
2020-03-10,82.62000274658203,82.87000274658203,81.12999725341797,82.63999938964844,58.51734924316406,57598000
2020-03-11,81.25,81.69000244140625,80.19999694824219,80.83999633789062,57.24278259277344,60006600
2020-03-12,76.37999725341797,80.25,76.2300033569336,77.61000061035156,54.95561981201172,82926400
2020-03-13,80.12999725341797,80.27999877929688,78.13999938964844,80.05000305175781,56.683380126953125,69164600
2020-03-16,75.72000122070312,77.6500015258789,74.30000305175781,75.6500015258789,53.56772994995117,43080100
2020-03-17,75.55000305175781,77.69999694824219,74.62999725341797,76.36000061035156,54.07050704956055,68569400
2020-03-18,73.8499984741211,74.75,71.91000366210938,72.98999786376953,51.68417739868164,54289800
2020-03-19,71.86000061035156,72.66999816894531,70.7699966430664,71.3499984741211,50.52290725708008,45706300
2020-03-20,71.41000366210938,72.13999938964844,69.41000366210938,69.75,49.38993453979492,55796500
2020-03-23,70.05000305175781,70.12000274658203,67.5199966430664,68.62999725341797,48.59687423706055,48862100
2020-03-24,70.08999633789062,71.94999694824219,69.9000015258789,71.45999908447266,50.600791931152344,51304000
2020-03-25,72.25,75.56999969482422,72.08000183105469,73.47000122070312,52.024078369140625,45692600
2020-03-26,74.01000213623047,76.83000183105469,73.69999694824219,76.83000183105469,54.40330123901367,41965200
2020-03-27,75.44000244140625,78.37000274658203,75.36000061035156,77.02999877929688,54.5449333190918,66536800
2020-03-30,77.0999984741211,78.04000091552734,76.63999938964844,77.69000244140625,55.01226806640625,35016900
2020-03-31,77.37000274658203,77.70999908447266,76.9800033569336,77.06999969482422,54.5732421875,31103400
2020-04-01,75.18000030517578,75.2699966430664,74.37000274658203,74.58000183105469,53.07522201538086,36859100
2020-04-02,74.37000274658203,76.30000305175781,74.2300033569336,75.16000366210938,53.487953186035156,31824800
2020-04-03,75.0,75.19999694824219,73.31999969482422,73.55000305175781,52.34221649169922,39986200
2020-04-06,75.05999755859375,75.55999755859375,74.80999755859375,75.33999633789062,53.61606979370117,32347800
2020-04-07,76.43000030517578,76.72000122070312,75.23999786376953,75.33999633789062,53.61606979370117,35120800
2020-04-08,75.95999908447266,77.62999725341797,75.69000244140625,77.30000305175781,55.010902404785156,46291400
2020-04-09,81.97000122070312,84.05000305175781,81.48999786376953,82.36000061035156,58.61188888549805,88846900
2020-04-13,81.80999755859375,81.91999816894531,80.41999816894531,81.18000030517578,57.772132873535156,40390500
2020-04-14,81.91000366210938,82.08999633789062,80.97000122070312,81.5199966430664,58.014076232910156,37632800
2020-04-15,80.25,80.91000366210938,79.95999908447266,80.76000213623047,57.473228454589844,34367500
2020-04-16,80.55999755859375,80.75,79.93000030517578,80.68000030517578,57.41629409790039,25821900
2020-04-17,81.31999969482422,81.4000015258789,80.8499984741211,81.08999633789062,57.708091735839844,38251800
2020-04-20,80.29000091552734,80.79000091552734,79.72000122070312,79.87000274658203,56.83986282348633,24676200
2020-04-21,78.95999908447266,79.05999755859375,78.25,78.41000366210938,55.80084991455078,42335600
2020-04-22,79.26000213623047,79.37000274658203,78.83999633789062,79.0999984741211,56.2918815612793,15720900
2020-04-23,79.25,79.66000366210938,78.7300033569336,79.05999755859375,56.263423919677734,23896700
2020-04-24,79.12000274658203,79.2300033569336,78.16000366210938,78.31999969482422,55.736793518066406,37915200
2020-04-27,78.69999694824219,78.93000030517578,78.51000213623047,78.63999938964844,55.96451950073242,20550700
2020-04-28,79.06999969482422,79.12000274658203,78.44000244140625,78.87999725341797,56.13528823852539,23927600
2020-04-29,79.43000030517578,80.36000061035156,79.2699966430664,80.2699966430664,57.124542236328125,34838300
2020-04-30,79.8499984741211,80.55999755859375,79.52999877929688,80.43000030517578,57.238372802734375,34636000
2020-05-01,79.33999633789062,79.54000091552734,78.61000061035156,78.68000030517578,56.251041412353516,31859400
2020-05-04,78.52999877929688,78.87000274658203,78.19999694824219,78.56999969482422,56.17242431640625,20400900
2020-05-05,78.81999969482422,79.25,78.81999969482422,79.25,56.6585693359375,26484200
2020-05-06,79.33000183105469,79.43000030517578,78.7699966430664,78.80000305175781,56.336830139160156,18823300
2020-05-07,79.19999694824219,79.70999908447266,78.97000122070312,79.0,56.479820251464844,19581700
2020-05-08,79.33000183105469,79.76000213623047,79.2699966430664,79.75,57.016029357910156,21770400
2020-05-11,79.58000183105469,79.72000122070312,79.33999633789062,79.38999938964844,56.75864791870117,14285100
2020-05-12,79.91000366210938,80.0,79.29000091552734,79.29000091552734,56.68714141845703,25332700
2020-05-13,79.3499984741211,79.41999816894531,78.73999786376953,78.87000274658203,56.38692092895508,29962000
2020-05-14,78.45999908447266,78.9000015258789,77.9800033569336,78.5999984741211,56.193878173828125,30429100
2020-05-15,78.37000274658203,78.83999633789062,78.16999816894531,78.70999908447266,56.27251052856445,34133400
2020-05-18,79.95999908447266,80.16000366210938,79.66000366210938,80.0999984741211,57.266273498535156,31900200
2020-05-19,80.04000091552734,80.43000030517578,79.88999938964844,80.19999694824219,57.33776092529297,18536500
2020-05-20,80.62000274658203,81.25,80.55000305175781,81.05000305175781,57.94545364379883,36053700
2020-05-21,81.02999877929688,81.2300033569336,80.80000305175781,81.02999877929688,57.9311637878418,23307300
2020-05-22,80.94999694824219,81.33000183105469,80.80999755859375,81.2300033569336,58.07413101196289,11311900
2020-05-26,81.83000183105469,82.16000366210938,81.18000030517578,81.83999633789062,58.51026153564453,27673800
2020-05-27,82.41999816894531,82.44999694824219,81.66000366210938,82.01000213623047,58.63175582885742,24905000
2020-05-28,82.12999725341797,82.55000305175781,81.94000244140625,82.08999633789062,58.688968658447266,23282500
2020-05-29,82.05000305175781,82.62000274658203,81.87999725341797,82.41999816894531,58.924903869628906,32189000
2020-06-01,81.94000244140625,82.75,81.81999969482422,82.72000122070312,59.370609283447266,46987000
2020-06-02,82.8499984741211,83.58000183105469,82.62000274658203,83.54000091552734,59.95912551879883,35930900
2020-06-03,83.87999725341797,84.37999725341797,83.77999877929688,83.93000030517578,60.239070892333984,35991000
2020-06-04,83.83999633789062,83.9800033569336,83.5199966430664,83.66999816894531,60.05247116088867,36405800
2020-06-05,84.56999969482422,85.02999877929688,84.4000015258789,84.45999908447266,60.61947250366211,35306500
2020-06-08,84.66000366210938,84.68000030517578,84.3499984741211,84.55999755859375,60.69122314453125,20493100
2020-06-09,84.11000061035156,84.1500015258789,83.58000183105469,83.9000015258789,60.217525482177734,28412400
2020-06-10,83.79000091552734,84.22000122070312,83.26000213623047,83.77999877929688,60.13142776489258,36663100
2020-06-11,82.58000183105469,82.62000274658203,81.47000122070312,81.62999725341797,58.588287353515625,48794500
2020-06-12,82.73999786376953,82.87000274658203,81.8499984741211,82.44000244140625,59.16966247558594,36156800
2020-06-15,81.9000015258789,83.77999877929688,81.72000122070312,83.23999786376953,59.74385070800781,39432300
2020-06-16,84.25,84.33000183105469,83.30999755859375,83.58000183105469,59.98786544799805,40976300
2020-06-17,83.5199966430664,83.62000274658203,83.1500015258789,83.19000244140625,59.70793151855469,17066700
2020-06-18,82.95999908447266,83.20999908447266,82.83000183105469,83.16000366210938,59.68645095825195,22223600
2020-06-19,83.31999969482422,83.37000274658203,82.70999908447266,82.87999725341797,59.48545837402344,32037600
2020-06-22,82.87000274658203,83.02999877929688,82.69000244140625,82.81999969482422,59.44237518310547,21536000
2020-06-23,83.11000061035156,83.13999938964844,82.88999938964844,82.94000244140625,59.528541564941406,17438000
2020-06-24,82.68000030517578,82.77999877929688,81.54000091552734,82.08999633789062,58.91843032836914,43720600
2020-06-25,81.87000274658203,82.16999816894531,81.48999786376953,82.12000274658203,58.93996047973633,31159700
2020-06-26,82.01000213623047,82.01000213623047,81.2300033569336,81.33999633789062,58.380157470703125,33705800
2020-06-29,81.44000244140625,81.44999694824219,80.4800033569336,80.87999725341797,58.04998779296875,76540200
2020-06-30,81.1500015258789,81.80000305175781,81.08000183105469,81.62000274658203,58.581119537353516,40554300
2020-07-01,81.41000366210938,81.7699966430664,81.41000366210938,81.52999877929688,58.763484954833984,28799100
2020-07-02,82.23999786376953,82.51000213623047,81.97000122070312,82.12999725341797,59.19591522216797,30623300
2020-07-06,82.62000274658203,82.73999786376953,82.41000366210938,82.72000122070312,59.62116241455078,22888200
2020-07-07,82.62999725341797,82.83999633789062,82.12999725341797,82.16999816894531,59.22478485107422,22408000
2020-07-08,82.12999725341797,82.5,82.12000274658203,82.38999938964844,59.38334274291992,21155700
2020-07-09,82.38999938964844,82.45999908447266,81.83000183105469,82.20999908447266,59.253604888916016,21655600
2020-07-10,82.06999969482422,82.54000091552734,81.9800033569336,82.48999786376953,59.45540237426758,17903400
2020-07-13,82.80000305175781,82.91000366210938,82.02999877929688,82.04000091552734,59.13103103637695,20039400
2020-07-14,82.04000091552734,82.77999877929688,82.04000091552734,82.73999786376953,59.63558578491211,31929700
2020-07-15,83.23999786376953,83.30999755859375,82.91000366210938,83.20999908447266,59.974365234375,21291300
2020-07-16,83.16000366210938,83.30000305175781,83.08000183105469,83.29000091552734,60.03199768066406,17570400
2020-07-17,83.4800033569336,83.55000305175781,83.20999908447266,83.5199966430664,60.19778823852539,22863700
2020-07-20,83.58999633789062,84.05999755859375,83.51000213623047,84.0199966430664,60.55815887451172,16701600
2020-07-21,84.30000305175781,84.58000183105469,84.2699966430664,84.41000366210938,60.839256286621094,22331600
2020-07-22,84.5,84.62000274658203,84.33999633789062,84.58000183105469,60.961788177490234,15251400
2020-07-23,84.56999969482422,84.62000274658203,83.97000122070312,84.5199966430664,60.91854476928711,28434900
2020-07-24,84.33999633789062,84.69999694824219,84.30000305175781,84.5999984741211,60.97621154785156,14977500
2020-07-27,84.7300033569336,84.81999969482422,84.51000213623047,84.80000305175781,61.120365142822266,12931500
2020-07-28,84.72000122070312,84.80000305175781,84.5,84.58000183105469,60.961788177490234,14862900
2020-07-29,84.83999633789062,85.11000061035156,84.69999694824219,85.05000305175781,61.300537109375,18012800
2020-07-30,84.77999877929688,85.2699966430664,84.73999786376953,85.2300033569336,61.430274963378906,54812400
2020-07-31,85.19999694824219,85.4000015258789,84.9000015258789,85.38999938964844,61.54560089111328,28623100
2020-08-03,85.02999877929688,85.11000061035156,84.8499984741211,85.06999969482422,61.560791015625,17480600
2020-08-04,84.97000122070312,85.06999969482422,84.80000305175781,85.04000091552734,61.53908157348633,17120700
2020-08-05,85.05999755859375,85.2300033569336,85.01000213623047,85.19000244140625,61.647647857666016,14566000
2020-08-06,85.19000244140625,85.4000015258789,85.0999984741211,85.37999725341797,61.7851448059082,13258600
2020-08-07,85.3499984741211,85.3499984741211,85.05000305175781,85.16999816894531,61.63317108154297,14289900
2020-08-10,85.26000213623047,85.30000305175781,85.01000213623047,85.20999908447266,61.662113189697266,13708700
2020-08-11,85.25,85.2699966430664,84.4000015258789,84.44000244140625,61.104888916015625,20535400
2020-08-12,84.80999755859375,85.0199966430664,84.45999908447266,84.45999908447266,61.119354248046875,18003400
2020-08-13,84.4800033569336,84.80999755859375,84.1500015258789,84.2300033569336,60.952938079833984,28444900
2020-08-14,84.20999908447266,84.30000305175781,83.91999816894531,84.08000183105469,60.844390869140625,14072300
2020-08-17,84.16000366210938,84.62000274658203,84.0999984741211,84.58000183105469,61.206207275390625,13756500
2020-08-18,84.62000274658203,84.7699966430664,84.41000366210938,84.70999908447266,61.30028533935547,24900300
2020-08-19,84.66999816894531,84.79000091552734,84.37000274658203,84.47000122070312,61.12660598754883,18738300
2020-08-20,84.33000183105469,84.75,84.31999969482422,84.75,61.329227447509766,19912800
2020-08-21,84.75,84.80999755859375,84.62999725341797,84.73999786376953,61.32201385498047,17570600
2020-08-24,84.9000015258789,85.16999816894531,84.88999938964844,85.12999725341797,61.60421371459961,16058100
2020-08-25,85.13999938964844,85.27999877929688,84.91000366210938,85.22000122070312,61.66933822631836,24018600
2020-08-26,85.2300033569336,85.37000274658203,85.16999816894531,85.20999908447266,61.662113189697266,16243100
2020-08-27,85.31999969482422,85.3499984741211,84.9000015258789,85.08000183105469,61.56805419921875,19861800
2020-08-28,85.12999725341797,85.2699966430664,85.08999633789062,85.1500015258789,61.61867904663086,14418500
2020-08-31,85.12999725341797,85.2300033569336,84.98999786376953,85.02999877929688,61.53183364868164,21473800
2020-09-01,84.70999908447266,85.2300033569336,84.63999938964844,85.1500015258789,61.86676788330078,22774200
2020-09-02,85.19999694824219,85.38999938964844,84.94999694824219,85.25,61.93941116333008,15878600
2020-09-03,85.0999984741211,85.12000274658203,84.37000274658203,84.72000122070312,61.55438232421875,34169800
2020-09-04,84.80000305175781,84.94000244140625,83.9800033569336,84.48999786376953,61.387271881103516,36087300
2020-09-08,84.13999938964844,84.41000366210938,83.91000366210938,84.0199966430664,61.0457763671875,34967600
2020-09-09,84.37999725341797,84.73999786376953,84.25,84.68000030517578,61.52528381347656,32976800
2020-09-10,84.80999755859375,84.83000183105469,84.25,84.27999877929688,61.23468780517578,32866300
2020-09-11,84.33999633789062,84.48999786376953,84.0999984741211,84.44999694824219,61.35820007324219,20807100
2020-09-14,84.62000274658203,84.69999694824219,84.2699966430664,84.36000061035156,61.29280090332031,28958000
2020-09-15,84.55000305175781,84.72000122070312,84.44000244140625,84.58999633789062,61.45992660522461,22176900
2020-09-16,84.6500015258789,84.98999786376953,84.51000213623047,84.58999633789062,61.45992660522461,26951200
2020-09-17,84.30999755859375,84.66000366210938,84.2300033569336,84.5,61.39451599121094,25752400
2020-09-18,84.66999816894531,84.69000244140625,84.25,84.29000091552734,61.2419548034668,29891800
2020-09-21,83.93000030517578,84.02999877929688,83.37999725341797,83.61000061035156,60.74789047241211,42968900
2020-09-22,83.70999908447266,83.94999694824219,83.5199966430664,83.9000015258789,60.958587646484375,41396800
2020-09-23,83.9800033569336,83.9800033569336,82.95999908447266,83.05000305175781,60.341041564941406,39577800
2020-09-24,82.87000274658203,83.33999633789062,82.55999755859375,83.0999984741211,60.37734603881836,38755800
2020-09-25,83.0,83.16000366210938,82.76000213623047,82.94999694824219,60.268348693847656,36032200
2020-09-28,83.37999725341797,83.62000274658203,83.19000244140625,83.48999786376953,60.66069793701172,20277000
2020-09-29,83.55999755859375,83.61000061035156,83.29000091552734,83.55999755859375,60.711570739746094,20243400
2020-09-30,83.55999755859375,84.02999877929688,83.55000305175781,83.9000015258789,60.958587646484375,28797600
2020-10-01,83.80999755859375,83.88999938964844,83.69000244140625,83.83000183105469,61.16801071166992,31098000
2020-10-02,83.27999877929688,83.87000274658203,83.27999877929688,83.83000183105469,61.16801071166992,26284300
2020-10-05,83.98999786376953,84.4800033569336,83.91999816894531,84.45999908447266,61.62771224975586,27394000
2020-10-06,84.4800033569336,84.75,84.22000122070312,84.2699966430664,61.48907470703125,37848500
2020-10-07,84.5199966430664,84.62999725341797,84.47000122070312,84.56999969482422,61.70798110961914,20968200
2020-10-08,84.83999633789062,84.8499984741211,84.63999938964844,84.76000213623047,61.846580505371094,18738800
2020-10-09,84.88999938964844,85.02999877929688,84.76000213623047,84.94999694824219,61.985252380371094,21287800
2020-10-12,85.22000122070312,85.47000122070312,85.12999725341797,85.37999725341797,62.29901123046875,10503400
2020-10-13,85.16000366210938,85.26000213623047,84.93000030517578,85.0,62.021728515625,25183100
2020-10-14,84.95999908447266,85.0199966430664,84.72000122070312,84.79000091552734,61.86848831176758,31620600
2020-10-15,84.44999694824219,84.77999877929688,84.31999969482422,84.7300033569336,61.82469177246094,32232100
2020-10-16,84.86000061035156,84.94000244140625,84.5199966430664,84.62999725341797,61.75171661376953,27456900
2020-10-19,84.80000305175781,84.86000061035156,84.30000305175781,84.33000183105469,61.53285598754883,20998100
2020-10-20,84.4800033569336,84.7699966430664,84.47000122070312,84.62999725341797,61.75171661376953,27650700
2020-10-21,84.62000274658203,84.80000305175781,84.52999877929688,84.62000274658203,61.74443435668945,26901600
2020-10-22,84.61000061035156,84.83999633789062,84.44999694824219,84.7699966430664,61.85390090942383,28977800
2020-10-23,84.9000015258789,84.91999816894531,84.66999816894531,84.87000274658203,61.92687225341797,20734700
2020-10-26,84.55999755859375,84.62000274658203,84.08999633789062,84.12000274658203,61.37959671020508,50102400
2020-10-27,84.18000030517578,84.33999633789062,84.12000274658203,84.16000366210938,61.408782958984375,30880900
2020-10-28,83.61000061035156,83.72000122070312,83.30999755859375,83.45999908447266,60.89799118041992,45794300
2020-10-29,83.4000015258789,83.73999786376953,83.2699966430664,83.69999694824219,61.07313919067383,37112600
2020-10-30,83.62999725341797,83.91999816894531,83.43000030517578,83.87999725341797,61.2044677734375,36801700
2020-11-02,83.77999877929688,83.8499984741211,83.48999786376953,83.72000122070312,61.35033416748047,25665400
2020-11-03,83.88999938964844,84.44000244140625,83.88999938964844,84.44000244140625,61.8779182434082,39777600
2020-11-04,84.69000244140625,85.41000366210938,84.66000366210938,85.2300033569336,62.45686340332031,57673400
2020-11-05,85.63999938964844,85.87999725341797,85.41999816894531,85.52999877929688,62.676692962646484,55079000
2020-11-06,85.55999755859375,85.58000183105469,85.11000061035156,85.2300033569336,62.45686340332031,25953400
2020-11-09,86.87999725341797,86.9000015258789,85.83999633789062,85.87999725341797,62.93316650390625,59347100
2020-11-10,85.77999877929688,86.05999755859375,83.37999725341797,85.76000213623047,62.84522247314453,39295700
2020-11-11,85.91999816894531,85.93000030517578,85.62999725341797,85.7300033569336,62.82328414916992,14416200
2020-11-12,85.6500015258789,85.6500015258789,85.1500015258789,85.1500015258789,62.398197174072266,43300100
2020-11-13,85.25,85.52999877929688,85.23999786376953,85.44000244140625,62.61076736450195,20277100
2020-11-16,85.9000015258789,85.95999908447266,85.69000244140625,85.91999816894531,62.9625244140625,28350400
2020-11-17,85.77999877929688,86.11000061035156,85.72000122070312,85.94999694824219,62.98445510864258,23747100
2020-11-18,86.04000091552734,86.13999938964844,85.76000213623047,85.79000091552734,62.867210388183594,22098900
2020-11-19,85.70999908447266,86.13999938964844,85.6500015258789,86.08000183105469,63.07974624633789,21704200
2020-11-20,85.91999816894531,86.0199966430664,85.8499984741211,85.91999816894531,62.9625244140625,48530200
2020-11-23,86.13999938964844,86.20999908447266,85.95999908447266,86.05000305175781,63.057762145996094,23790600
2020-11-24,86.31999969482422,86.5199966430664,86.20999908447266,86.30999755859375,63.248268127441406,26080100
2020-11-25,86.30000305175781,86.41999816894531,86.19000244140625,86.2699966430664,63.218971252441406,26510900
2020-11-27,86.43000030517578,86.5,86.38999938964844,86.41000366210938,63.32155227661133,7338500
2020-11-30,86.43000030517578,86.43000030517578,86.1500015258789,86.31999969482422,63.25557327270508,24256900
2020-12-01,86.25,86.38999938964844,86.18000030517578,86.19999694824219,63.41819763183594,26256700
2020-12-02,86.22000122070312,86.55000305175781,86.1500015258789,86.44000244140625,63.59477996826172,23705000
2020-12-03,86.5199966430664,86.69999694824219,86.44000244140625,86.48999786376953,63.63154220581055,20748400
2020-12-04,86.66999816894531,86.9000015258789,86.5199966430664,86.8499984741211,63.896392822265625,19362000
2020-12-07,86.80000305175781,86.83999633789062,86.68000030517578,86.80999755859375,63.866973876953125,17811300
2020-12-08,86.7699966430664,86.8499984741211,86.69999694824219,86.73999786376953,63.81547927856445,21408300
2020-12-09,86.8499984741211,86.8499984741211,86.48999786376953,86.61000061035156,63.719825744628906,36608500
2020-12-10,86.4800033569336,86.87999725341797,86.45999908447266,86.7699966430664,63.83757019042969,24251500
2020-12-11,86.72000122070312,86.86000061035156,86.54000091552734,86.68000030517578,63.77132797241211,17699600
2020-12-14,86.83000183105469,86.87999725341797,86.5999984741211,86.69999694824219,63.786067962646484,20705200
2020-12-15,86.8499984741211,87.0,86.68000030517578,86.97000122070312,63.98469543457031,25052800
2020-12-16,86.94000244140625,86.97000122070312,86.5999984741211,86.83999633789062,63.88906478881836,42386700
2020-12-17,86.58999633789062,86.68000030517578,86.51000213623047,86.61000061035156,63.984352111816406,23911400
2020-12-18,86.6500015258789,86.72000122070312,86.55000305175781,86.68000030517578,64.03604888916016,26741200
2020-12-21,86.37999725341797,86.55000305175781,86.22000122070312,86.37000274658203,63.80707931518555,30308300
2020-12-22,86.43000030517578,86.54000091552734,86.3499984741211,86.4800033569336,63.8883056640625,21975100
2020-12-23,86.62000274658203,86.91000366210938,86.5999984741211,86.87000274658203,64.17644500732422,15913900
2020-12-24,86.94999694824219,87.05000305175781,86.94000244140625,87.05000305175781,64.30941009521484,7327300
2020-12-28,87.18000030517578,87.2300033569336,87.04000091552734,87.16000366210938,64.39069366455078,22575500
2020-12-29,87.30999755859375,87.30999755859375,87.04000091552734,87.05000305175781,64.30941009521484,22893000
2020-12-30,87.08000183105469,87.27999877929688,87.08000183105469,87.2300033569336,64.44237518310547,21080100
2020-12-31,87.20999908447266,87.33999633789062,87.16999816894531,87.30000305175781,64.49409484863281,12059900
2021-01-04,87.4000015258789,87.4000015258789,86.87000274658203,87.12000274658203,64.36109924316406,34528300
2021-01-05,87.0199966430664,87.25,86.9800033569336,87.1500015258789,64.38327026367188,33725500
2021-01-06,87.08999633789062,87.33999633789062,86.97000122070312,86.98999786376953,64.26509094238281,37148100
2021-01-07,87.18000030517578,87.37000274658203,87.12999725341797,87.23999786376953,64.44978332519531,25868200
2021-01-08,87.3499984741211,87.37999725341797,87.13999938964844,87.37000274658203,64.54579162597656,27403600
2021-01-11,87.0199966430664,87.16999816894531,86.88999938964844,86.9000015258789,64.1986083984375,26608000
2021-01-12,86.88999938964844,87.06999969482422,86.79000091552734,87.01000213623047,64.27985382080078,41746100
2021-01-13,86.9800033569336,87.30999755859375,86.94999694824219,87.2699966430664,64.47191619873047,47710300
2021-01-14,87.2699966430664,87.37999725341797,87.22000122070312,87.25,64.45719909667969,25484800
2021-01-15,87.13999938964844,87.2699966430664,87.05000305175781,87.11000061035156,64.35374450683594,48134800
2021-01-19,87.3499984741211,87.37999725341797,87.1500015258789,87.36000061035156,64.53843688964844,24270500
2021-01-20,87.62000274658203,87.62000274658203,87.37000274658203,87.5199966430664,64.6566162109375,24534700
2021-01-21,87.47000122070312,87.56999969482422,87.37999725341797,87.47000122070312,64.61968994140625,20451400
2021-01-22,87.27999877929688,87.38999938964844,87.18000030517578,87.30000305175781,64.49409484863281,26615900
2021-01-25,87.30000305175781,87.33999633789062,87.02999877929688,87.31999969482422,64.50886535644531,28718200
2021-01-26,87.29000091552734,87.33000183105469,87.18000030517578,87.19000244140625,64.41282653808594,39103500
2021-01-27,87.0199966430664,87.22000122070312,86.80999755859375,86.94000244140625,64.22816467285156,46378600
2021-01-28,87.16000366210938,87.48999786376953,87.13999938964844,87.19999694824219,64.42021179199219,38836200
2021-01-29,87.12999725341797,87.37000274658203,86.88999938964844,86.97000122070312,64.25033569335938,46095900
2021-02-01,86.80999755859375,86.97000122070312,86.66000366210938,86.93000030517578,64.45646667480469,35620700
2021-02-02,87.1500015258789,87.26000213623047,87.08999633789062,87.13999938964844,64.61213684082031,29522300
2021-02-03,87.19999694824219,87.36000061035156,87.16999816894531,87.20999908447266,64.66407012939453,31911000
2021-02-04,87.3499984741211,87.47000122070312,87.30999755859375,87.38999938964844,64.79751586914062,21181100
2021-02-05,87.62999725341797,87.6500015258789,87.4800033569336,87.5199966430664,64.89389038085938,21653100
2021-02-08,87.58999633789062,87.77999877929688,87.55999755859375,87.77999877929688,65.08670043945312,16590100
2021-02-09,87.6500015258789,87.7300033569336,87.56999969482422,87.62000274658203,64.96804809570312,14404300
2021-02-10,87.62000274658203,87.68000030517578,87.47000122070312,87.5999984741211,64.95323181152344,20469400
2021-02-11,87.63999938964844,87.68000030517578,87.54000091552734,87.63999938964844,64.98289489746094,17047200
2021-02-12,87.55000305175781,87.79000091552734,87.55000305175781,87.77999877929688,65.08670043945312,17800100
2021-02-16,87.7300033569336,87.73999786376953,87.56999969482422,87.63999938964844,64.98289489746094,22264400
2021-02-17,87.45999908447266,87.61000061035156,87.43000030517578,87.61000061035156,64.96064758300781,20276700
2021-02-18,87.47000122070312,87.58999633789062,87.38999938964844,87.48999786376953,64.87169647216797,26366700
2021-02-19,87.62999725341797,87.62999725341797,87.4800033569336,87.5,64.87908935546875,28124800
2021-02-22,87.37000274658203,87.45999908447266,87.2300033569336,87.2300033569336,64.67888641357422,25455400
2021-02-23,87.19000244140625,87.51000213623047,87.01000213623047,87.44000244140625,64.83460998535156,29015900
2021-02-24,87.30999755859375,87.52999877929688,87.2300033569336,87.52999877929688,64.90132904052734,21791800
2021-02-25,87.33000183105469,87.41999816894531,86.5999984741211,86.69999694824219,64.28589630126953,59413400
2021-02-26,86.87999725341797,86.91999816894531,86.41000366210938,86.44000244140625,64.09313201904297,46615300
2021-03-01,86.66999816894531,87.16000366210938,86.55999755859375,87.0999984741211,64.81269073486328,48014200
2021-03-02,87.1500015258789,87.16000366210938,86.93000030517578,86.97000122070312,64.7159652709961,23988500
2021-03-03,86.83999633789062,86.91000366210938,86.66000366210938,86.69000244140625,64.5075912475586,30197000
2021-03-04,86.75,86.94999694824219,86.08000183105469,86.36000061035156,64.26203918457031,49020300
2021-03-05,86.48999786376953,86.72000122070312,86.08999633789062,86.62000274658203,64.45551300048828,46950100
2021-03-08,86.56999969482422,86.63999938964844,85.97000122070312,85.98999786376953,63.98672103881836,39868700
2021-03-09,86.22000122070312,86.44999694824219,86.08000183105469,86.11000061035156,64.07597351074219,31441100
2021-03-10,86.22000122070312,86.5,86.1500015258789,86.37999725341797,64.27690887451172,23776600
2021-03-11,86.58000183105469,86.86000061035156,86.58000183105469,86.69999694824219,64.51500701904297,27728500
2021-03-12,86.55999755859375,86.5999984741211,86.37000274658203,86.45999908447266,64.33644104003906,21842000
2021-03-15,86.4000015258789,86.55000305175781,86.30999755859375,86.47000122070312,64.34388732910156,14719400
2021-03-16,86.43000030517578,86.48999786376953,86.18000030517578,86.2699966430664,64.19507598876953,22931400
2021-03-17,86.0999984741211,86.6500015258789,86.04000091552734,86.38999938964844,64.28435516357422,28345800
2021-03-18,86.05999755859375,86.16999816894531,85.70999908447266,85.7300033569336,63.79322814941406,37150300
2021-03-19,85.86000061035156,86.1500015258789,85.6500015258789,86.05999755859375,64.03878784179688,47467800
2021-03-22,86.19999694824219,86.5199966430664,86.1500015258789,86.37000274658203,64.26948547363281,32979500
2021-03-23,86.3499984741211,86.5,86.25,86.45999908447266,64.33644104003906,24705800
2021-03-24,86.54000091552734,86.80000305175781,86.51000213623047,86.51000213623047,64.3736572265625,31374500
2021-03-25,86.44999694824219,86.66000366210938,86.36000061035156,86.66000366210938,64.48529052734375,24070300
2021-03-26,86.76000213623047,86.93000030517578,86.56999969482422,86.91999816894531,64.67875671386719,25948000
2021-03-29,86.86000061035156,87.0,86.69999694824219,86.97000122070312,64.7159652709961,17447500
2021-03-30,86.83000183105469,86.87999725341797,86.73999786376953,86.76000213623047,64.5596923828125,19622100
2021-03-31,86.86000061035156,87.20999908447266,86.8499984741211,87.18000030517578,64.87218475341797,41604700
2021-04-01,86.97000122070312,87.06999969482422,86.8499984741211,87.06999969482422,65.00955963134766,30806600
2021-04-05,87.08000183105469,87.18000030517578,87.04000091552734,87.11000061035156,65.03945922851562,20758300
2021-04-06,87.12999725341797,87.30000305175781,87.12999725341797,87.26000213623047,65.1514663696289,15367900
2021-04-07,87.27999877929688,87.31999969482422,87.16999816894531,87.2300033569336,65.12904357910156,15645400
2021-04-08,87.33000183105469,87.36000061035156,87.23999786376953,87.26000213623047,65.1514663696289,11052100
2021-04-09,87.1500015258789,87.20999908447266,87.0999984741211,87.19999694824219,65.10664367675781,17413100
2021-04-12,87.0999984741211,87.13999938964844,87.0199966430664,87.11000061035156,65.03945922851562,15464500
2021-04-13,87.01000213623047,87.19999694824219,86.91000366210938,87.16999816894531,65.08422088623047,20643500
2021-04-14,87.19000244140625,87.29000091552734,87.08999633789062,87.12999725341797,65.05439758300781,17992800
2021-04-15,87.33000183105469,87.4800033569336,87.2699966430664,87.4800033569336,65.31571197509766,20944400
2021-04-16,87.5,87.52999877929688,87.30000305175781,87.30000305175781,65.18132019042969,32509300
2021-04-19,87.19999694824219,87.29000091552734,87.12000274658203,87.16000366210938,65.0767822265625,23904900
2021-04-20,87.05999755859375,87.13999938964844,86.95999908447266,87.01000213623047,64.96479797363281,22901000
2021-04-21,86.97000122070312,87.30000305175781,86.95999908447266,87.30000305175781,65.18132019042969,19527000
2021-04-22,87.31999969482422,87.33000183105469,87.12000274658203,87.13999938964844,65.06182861328125,18506500
2021-04-23,87.19999694824219,87.44999694824219,87.19000244140625,87.37000274658203,65.23358917236328,14388700
2021-04-26,87.37999725341797,87.4800033569336,87.29000091552734,87.33000183105469,65.20374298095703,12746100
2021-04-27,87.37999725341797,87.37999725341797,87.20999908447266,87.20999908447266,65.1141128540039,17660600
2021-04-28,87.23999786376953,87.44999694824219,87.16999816894531,87.37999725341797,65.24103546142578,14795000
2021-04-29,87.55000305175781,87.55000305175781,87.3499984741211,87.4800033569336,65.31571197509766,17152900
2021-04-30,87.37000274658203,87.48999786376953,87.3499984741211,87.44000244140625,65.28585815429688,23367500
2021-05-03,87.2300033569336,87.33000183105469,87.16999816894531,87.18000030517578,65.31130981445312,15782400
2021-05-04,87.11000061035156,87.1500015258789,86.97000122070312,87.12999725341797,65.27385711669922,23089700
2021-05-05,87.19000244140625,87.31999969482422,87.16999816894531,87.30000305175781,65.4012222290039,13676300
2021-05-06,87.29000091552734,87.33999633789062,87.1500015258789,87.2699966430664,65.37873840332031,23110100
2021-05-07,87.3499984741211,87.41000366210938,87.2300033569336,87.33000183105469,65.42371368408203,17872700
2021-05-10,87.36000061035156,87.37999725341797,87.12999725341797,87.12999725341797,65.27385711669922,16580800
2021-05-11,86.9000015258789,87.08999633789062,86.80999755859375,87.04000091552734,65.20643615722656,28683600
2021-05-12,86.91999816894531,86.9800033569336,86.62000274658203,86.62000274658203,64.89179229736328,31630100
2021-05-13,86.7699966430664,87.0,86.76000213623047,86.93000030517578,65.12403869628906,28689600
2021-05-14,87.05000305175781,87.20999908447266,87.0199966430664,87.20999908447266,65.33380889892578,22550800
2021-05-17,87.19999694824219,87.20999908447266,86.98999786376953,87.05000305175781,65.21390533447266,13545000
2021-05-18,87.16999816894531,87.16999816894531,86.83000183105469,86.83999633789062,65.0566177368164,16447500
2021-05-19,86.5999984741211,86.83999633789062,86.56999969482422,86.61000061035156,64.88429260253906,34701000
2021-05-20,86.68000030517578,87.33999633789062,86.68000030517578,86.9800033569336,65.16148376464844,28013700
2021-05-21,87.08000183105469,87.12999725341797,86.91999816894531,87.11000061035156,65.25886535644531,36466200
2021-05-24,87.18000030517578,87.30999755859375,87.0999984741211,87.20999908447266,65.33380889892578,24277800
2021-05-25,87.26000213623047,87.27999877929688,87.13999938964844,87.22000122070312,65.34127807617188,15466600
2021-05-26,87.16000366210938,87.2699966430664,87.16000366210938,87.25,65.3637466430664,14354900
2021-05-27,87.37999725341797,87.37999725341797,87.19999694824219,87.20999908447266,65.33380889892578,12682100
2021-05-28,87.30000305175781,87.3499984741211,87.18000030517578,87.18000030517578,65.31130981445312,15464100
2021-06-01,87.05999755859375,87.16000366210938,87.0,87.1500015258789,65.50750732421875,22655300
2021-06-02,87.1500015258789,87.2699966430664,87.12000274658203,87.26000213623047,65.59017944335938,13698300
2021-06-03,87.02999877929688,87.2300033569336,86.98999786376953,87.08000183105469,65.45487213134766,16701800
2021-06-04,87.2300033569336,87.30999755859375,87.16999816894531,87.2699966430664,65.59770965576172,26829200
2021-06-07,87.29000091552734,87.3499984741211,87.26000213623047,87.30000305175781,65.62024688720703,9189800
2021-06-08,87.44000244140625,87.44000244140625,87.30999755859375,87.36000061035156,65.66536712646484,10983900
2021-06-09,87.47000122070312,87.48999786376953,87.4000015258789,87.43000030517578,65.71796417236328,13232200
2021-06-10,87.5,87.66000366210938,87.45999908447266,87.58999633789062,65.83824157714844,15290000
2021-06-11,87.6500015258789,87.69000244140625,87.55000305175781,87.62000274658203,65.86078643798828,12559600
2021-06-14,87.58999633789062,87.58999633789062,87.47000122070312,87.54000091552734,65.80064392089844,19408600
2021-06-15,87.4800033569336,87.56999969482422,87.44000244140625,87.52999877929688,65.79312133789062,16037000
2021-06-16,87.52999877929688,87.56999969482422,87.26000213623047,87.41000366210938,65.70295715332031,21267200
2021-06-17,87.45999908447266,87.5,87.37999725341797,87.47000122070312,65.74800872802734,21099000
2021-06-18,87.33999633789062,87.44999694824219,87.29000091552734,87.43000030517578,65.71796417236328,35134500
2021-06-21,87.5199966430664,87.5999984741211,87.44999694824219,87.5999984741211,65.84575653076172,21265000
2021-06-22,87.56999969482422,87.66000366210938,87.5199966430664,87.66000366210938,65.89088439941406,14604400
2021-06-23,87.62999725341797,87.75,87.56999969482422,87.56999969482422,65.82319641113281,16583100
2021-06-24,87.73999786376953,87.83999633789062,87.69999694824219,87.83999633789062,66.02610778808594,12722300
2021-06-25,87.8499984741211,87.94999694824219,87.83000183105469,87.93000030517578,66.09380340576172,16175000
2021-06-28,87.97000122070312,87.97000122070312,87.86000061035156,87.91999816894531,66.08631134033203,16019300
2021-06-29,87.94000244140625,88.02999877929688,87.93000030517578,88.02999877929688,66.1689682006836,12728000
2021-06-30,87.97000122070312,88.06999969482422,87.95999908447266,88.04000091552734,66.17648315429688,26093500
2021-07-01,87.83000183105469,87.91999816894531,87.80999755859375,87.91999816894531,66.30619812011719,31932400
2021-07-02,87.95999908447266,88.06999969482422,87.91999816894531,88.05999755859375,66.41175842285156,11464800
2021-07-06,88.05999755859375,88.08000183105469,87.94000244140625,88.01000213623047,66.37407684326172,17784300
2021-07-07,88.08999633789062,88.0999984741211,87.93000030517578,88.04000091552734,66.39671325683594,11463700
2021-07-08,87.80999755859375,87.93000030517578,87.7699966430664,87.8499984741211,66.25340270996094,21936400
2021-07-09,87.87999725341797,88.0199966430664,87.87000274658203,88.0,66.36654663085938,17698100
2021-07-12,88.0,88.0199966430664,87.88999938964844,87.97000122070312,66.34391021728516,17546700
2021-07-13,87.91999816894531,87.95999908447266,87.69999694824219,87.70999908447266,66.14781188964844,26938600
2021-07-14,87.80999755859375,87.87999725341797,87.73999786376953,87.8499984741211,66.25340270996094,16100200
2021-07-15,87.7699966430664,87.81999969482422,87.72000122070312,87.79000091552734,66.20816802978516,16384800
2021-07-16,87.83999633789062,87.83999633789062,87.63999938964844,87.66999816894531,66.1176528930664,17820400
2021-07-19,87.45999908447266,87.48999786376953,86.9800033569336,87.08000183105469,65.67269897460938,54224700
2021-07-20,87.16000366210938,87.52999877929688,87.08000183105469,87.5199966430664,66.00453186035156,26941300
2021-07-21,87.58000183105469,87.76000213623047,87.55999755859375,87.7300033569336,66.16290283203125,18522600
2021-07-22,87.73999786376953,87.8499984741211,87.6500015258789,87.77999877929688,66.20063781738281,17110500
2021-07-23,87.87999725341797,87.98999786376953,87.83000183105469,87.94999694824219,66.32881164550781,19441000
2021-07-26,87.91999816894531,87.97000122070312,87.77999877929688,87.81999969482422,66.23075866699219,15282700
2021-07-27,87.69999694824219,87.7699966430664,87.55999755859375,87.69999694824219,66.1402587890625,19919000
2021-07-28,87.80000305175781,87.8499984741211,87.66999816894531,87.7699966430664,66.19304656982422,15129200
2021-07-29,87.83000183105469,88.0,87.83000183105469,87.95999908447266,66.33636474609375,18675000
2021-07-30,87.93000030517578,87.97000122070312,87.83999633789062,87.83999633789062,66.2458724975586,21062100
2021-08-02,87.66999816894531,87.69000244140625,87.33999633789062,87.33999633789062,66.08168029785156,27274400
2021-08-03,87.38999938964844,87.45999908447266,87.27999877929688,87.44000244140625,66.1573486328125,16058700
2021-08-04,87.37000274658203,87.41999816894531,87.27999877929688,87.27999877929688,66.03631591796875,17113300
2021-08-05,87.33000183105469,87.5199966430664,87.33000183105469,87.4800033569336,66.1876220703125,15465700
2021-08-06,87.43000030517578,87.5199966430664,87.37000274658203,87.37999725341797,66.11193084716797,12923200
2021-08-09,87.33999633789062,87.36000061035156,87.18000030517578,87.18000030517578,65.96061706542969,10788700
2021-08-10,87.19000244140625,87.19999694824219,86.97000122070312,86.9800033569336,65.80933380126953,31522900
2021-08-11,87.04000091552734,87.16000366210938,87.01000213623047,87.12000274658203,65.91522979736328,15834400
2021-08-12,87.12000274658203,87.29000091552734,87.08999633789062,87.2699966430664,66.02870178222656,14127800
2021-08-13,87.30000305175781,87.45999908447266,87.30000305175781,87.45999908447266,66.17247772216797,10016800
2021-08-16,87.44000244140625,87.48999786376953,87.3499984741211,87.48999786376953,66.1951904296875,12598100
2021-08-17,87.38999938964844,87.4000015258789,87.19999694824219,87.29000091552734,66.04383850097656,18468400
2021-08-18,87.30000305175781,87.38999938964844,87.08999633789062,87.08999633789062,65.89250946044922,12147600
2021-08-19,87.0,87.19999694824219,86.94999694824219,87.08000183105469,65.88497161865234,20026700
2021-08-20,87.0999984741211,87.33000183105469,87.08999633789062,87.29000091552734,66.04383850097656,16784100
2021-08-23,87.41000366210938,87.58999633789062,87.41000366210938,87.55999755859375,66.24812316894531,21933100
2021-08-24,87.58000183105469,87.69999694824219,87.55000305175781,87.68000030517578,66.33891296386719,20828100
2021-08-25,87.69999694824219,87.81999969482422,87.66000366210938,87.7699966430664,66.40699768066406,19085400
2021-08-26,87.76000213623047,87.7699966430664,87.58000183105469,87.72000122070312,66.36921691894531,17676100
2021-08-27,87.75,87.98999786376953,87.7300033569336,87.95999908447266,66.5507583618164,18519700
2021-08-30,87.9800033569336,88.0999984741211,87.95999908447266,88.06999969482422,66.63404083251953,11640000
2021-08-31,88.05999755859375,88.0999984741211,87.97000122070312,88.08999633789062,66.64912414550781,19163900
2021-09-01,87.83999633789062,87.9800033569336,87.81999969482422,87.88999938964844,66.70604705810547,22973500
2021-09-02,88.0,88.0199966430664,87.93000030517578,88.0,66.7895736694336,16521300
2021-09-03,87.95999908447266,88.04000091552734,87.88999938964844,88.01000213623047,66.79712677001953,6491000
2021-09-07,87.98999786376953,87.98999786376953,87.7699966430664,87.77999877929688,66.62256622314453,11728800
2021-09-08,87.79000091552734,87.91000366210938,87.70999908447266,87.87999725341797,66.69845581054688,13020900
2021-09-09,87.87000274658203,87.9800033569336,87.86000061035156,87.95999908447266,66.75919342041016,23024700
2021-09-10,88.08000183105469,88.08999633789062,87.81999969482422,87.83000183105469,66.66053009033203,16112600
2021-09-13,87.94999694824219,88.05999755859375,87.88999938964844,88.05000305175781,66.82747650146484,17136900
2021-09-14,88.08000183105469,88.12000274658203,87.97000122070312,88.01000213623047,66.79712677001953,20108000
2021-09-15,88.0199966430664,88.13999938964844,88.01000213623047,88.13999938964844,66.89580535888672,17069500
2021-09-16,88.11000061035156,88.13999938964844,87.94999694824219,88.11000061035156,66.87300872802734,13859700
2021-09-17,88.08000183105469,88.08999633789062,87.97000122070312,88.0,66.7895736694336,38948500
2021-09-20,87.5999984741211,87.80999755859375,87.55000305175781,87.69000244140625,66.55424499511719,49641000
2021-09-21,87.83000183105469,87.87999725341797,87.68000030517578,87.83999633789062,66.66809844970703,27304200
2021-09-22,87.97000122070312,88.08000183105469,87.8499984741211,88.0,66.7895736694336,24344800
2021-09-23,88.05000305175781,88.16000366210938,87.95999908447266,88.04000091552734,66.81990814208984,27590300
2021-09-24,87.95999908447266,88.0199966430664,87.86000061035156,87.91000366210938,66.72122192382812,21713200
2021-09-27,87.76000213623047,87.88999938964844,87.7300033569336,87.83000183105469,66.66053009033203,17652900
2021-09-28,87.66000366210938,87.69999694824219,87.37999725341797,87.43000030517578,66.35694122314453,35515900
2021-09-29,87.52999877929688,87.70999908447266,87.51000213623047,87.58999633789062,66.4783706665039,19783400
2021-09-30,87.63999938964844,87.68000030517578,87.37999725341797,87.48999786376953,66.4024887084961,41680700
2021-10-01,87.3499984741211,87.4800033569336,87.13999938964844,87.41000366210938,66.56163024902344,30062800
2021-10-04,87.3499984741211,87.37999725341797,87.08000183105469,87.0999984741211,66.32557678222656,24726400
2021-10-05,87.19000244140625,87.22000122070312,87.02999877929688,87.05999755859375,66.29508209228516,22347700
2021-10-06,86.87000274658203,87.04000091552734,86.7699966430664,87.01000213623047,66.25703430175781,28905900
2021-10-07,87.12999725341797,87.30000305175781,86.95999908447266,87.0199966430664,66.26464080810547,29054000
2021-10-08,87.0,87.05000305175781,86.76000213623047,86.76000213623047,66.06666564941406,28064300
2021-10-11,86.76000213623047,86.80999755859375,86.48999786376953,86.48999786376953,65.86104583740234,16068400
2021-10-12,86.5999984741211,86.7699966430664,86.58000183105469,86.6500015258789,65.98290252685547,32922200
2021-10-13,86.69999694824219,86.87999725341797,86.55999755859375,86.87999725341797,66.15802764892578,29370400
2021-10-14,87.05000305175781,87.37999725341797,87.04000091552734,87.37000274658203,66.53114318847656,26937000
2021-10-15,87.38999938964844,87.38999938964844,87.16999816894531,87.22000122070312,66.41696166992188,29782900
2021-10-18,87.0199966430664,87.18000030517578,86.98999786376953,87.18000030517578,66.38648223876953,20338400
2021-10-19,87.18000030517578,87.25,87.12000274658203,87.23999786376953,66.43215942382812,26103300
2021-10-20,87.25,87.29000091552734,87.19000244140625,87.2699966430664,66.45501708984375,19720100
2021-10-21,87.25,87.29000091552734,86.98999786376953,87.05000305175781,66.2874755859375,19273600
2021-10-22,87.0199966430664,87.05999755859375,86.80000305175781,86.83999633789062,66.1275634765625,20734400
2021-10-25,86.94000244140625,87.08000183105469,86.7699966430664,86.98999786376953,66.24177551269531,20230000
2021-10-26,87.12000274658203,87.19999694824219,87.01000213623047,87.01000213623047,66.25703430175781,19617200
2021-10-27,87.0999984741211,87.12999725341797,86.93000030517578,86.94000244140625,66.20374298095703,18521300
2021-10-28,86.9800033569336,87.16000366210938,86.9800033569336,87.16000366210938,66.37123107910156,16374700
2021-10-29,87.0199966430664,87.05000305175781,86.93000030517578,86.93000030517578,66.19609832763672,26521600
2021-11-01,86.7300033569336,86.77999877929688,86.55000305175781,86.55999755859375,66.12507629394531,29987000
2021-11-02,86.55999755859375,86.83999633789062,86.55999755859375,86.7699966430664,66.28547668457031,26441600
2021-11-03,86.70999908447266,86.95999908447266,86.69000244140625,86.94000244140625,66.41535186767578,22984200
2021-11-04,87.0199966430664,87.55999755859375,87.0,87.16999816894531,66.59105682373047,28989800
2021-11-05,87.30000305175781,87.5199966430664,87.25,87.5,66.84314727783203,27595000
2021-11-08,87.58999633789062,87.61000061035156,87.33999633789062,87.38999938964844,66.75912475585938,11957900
2021-11-09,87.38999938964844,87.45999908447266,87.27999877929688,87.45999908447266,66.81258392333984,13732600
2021-11-10,87.3499984741211,87.3499984741211,86.94000244140625,86.97000122070312,66.43827819824219,30438400
2021-11-11,87.02999877929688,87.04000091552734,86.81999969482422,86.81999969482422,66.32367706298828,10086100
2021-11-12,86.91999816894531,87.05000305175781,86.83999633789062,86.8499984741211,66.34657287597656,26392400
2021-11-15,86.91000366210938,86.91999816894531,86.7300033569336,86.75,66.27023315429688,17057100
2021-11-16,86.7699966430664,86.87000274658203,86.73999786376953,86.79000091552734,66.30076599121094,14302000
2021-11-17,86.81999969482422,86.83999633789062,86.69999694824219,86.69999694824219,66.23200988769531,17919200
2021-11-18,86.80999755859375,86.80999755859375,86.62999725341797,86.62999725341797,66.17853546142578,23421300
2021-11-19,86.62999725341797,86.7699966430664,86.55999755859375,86.55999755859375,66.12507629394531,45282700
2021-11-22,86.63999938964844,86.66999816894531,86.22000122070312,86.2300033569336,65.87295532226562,26266000
2021-11-23,86.2300033569336,86.37000274658203,86.02999877929688,86.11000061035156,65.78128814697266,33967100
2021-11-24,86.0,86.11000061035156,85.76000213623047,86.08999633789062,65.76602172851562,31158800
2021-11-26,85.61000061035156,85.62000274658203,85.33999633789062,85.47000122070312,65.29236602783203,36123400
2021-11-29,85.80999755859375,86.12999725341797,85.76000213623047,86.0,65.69723510742188,31728900
2021-11-30,85.95999908447266,86.06999969482422,85.5199966430664,85.63999938964844,65.4222640991211,35465700
2021-12-01,85.7699966430664,85.94000244140625,85.31999969482422,85.37000274658203,65.43147277832031,41845200
2021-12-02,85.41999816894531,86.05999755859375,85.41000366210938,86.0,65.91429138183594,42383500
2021-12-03,86.05000305175781,86.0999984741211,85.83000183105469,86.0,65.91429138183594,47368800
2021-12-06,86.02999877929688,86.4800033569336,86.0,86.37999725341797,66.20557403564453,28211300
2021-12-07,86.70999908447266,87.06999969482422,86.63999938964844,86.83999633789062,66.55811309814453,42893500
2021-12-08,86.77999877929688,86.87000274658203,86.68000030517578,86.81999969482422,66.54277801513672,26598200
2021-12-09,86.80000305175781,86.80000305175781,86.43000030517578,86.43000030517578,66.243896484375,24939100
2021-12-10,86.55999755859375,86.66000366210938,86.52999877929688,86.62999725341797,66.39717102050781,20247200
2021-12-13,86.62999725341797,86.70999908447266,86.55999755859375,86.62999725341797,66.39717102050781,17125800
2021-12-14,86.5,86.58999633789062,86.33000183105469,86.4800033569336,66.2822036743164,20310500
2021-12-15,86.47000122070312,86.83999633789062,86.33000183105469,86.80999755859375,66.53510284423828,31699000
2021-12-16,86.55000305175781,86.62999725341797,86.38999938964844,86.44999694824219,66.48589324951172,27374000
2021-12-17,86.36000061035156,86.51000213623047,86.20999908447266,86.37000274658203,66.42438507080078,27248200
2021-12-20,86.12999725341797,86.29000091552734,86.08999633789062,86.22000122070312,66.30902099609375,27560400
2021-12-21,86.33999633789062,86.69000244140625,86.33999633789062,86.68000030517578,66.66276550292969,24390500
2021-12-22,86.6500015258789,86.93000030517578,86.63999938964844,86.91000366210938,66.83966064453125,17433300
2021-12-23,86.95999908447266,87.20999908447266,86.94000244140625,87.16000366210938,67.03192901611328,15612100
2021-12-27,87.16999816894531,87.31999969482422,87.12999725341797,87.25,67.10116577148438,13396700
2021-12-28,87.22000122070312,87.23999786376953,87.08000183105469,87.20999908447266,67.07038879394531,17150700
2021-12-29,87.1500015258789,87.18000030517578,87.05000305175781,87.06999969482422,66.96273040771484,16760300
2021-12-30,87.0999984741211,87.0999984741211,86.98999786376953,87.02999877929688,66.93194580078125,12326100
2021-12-31,87.05999755859375,87.12000274658203,86.9800033569336,87.01000213623047,66.91661071777344,11505300
2022-01-03,86.91999816894531,86.97000122070312,86.76000213623047,86.97000122070312,66.88579559326172,35368400
2022-01-04,87.0,87.0,86.66999816894531,86.75,66.71664428710938,33609900
2022-01-05,86.73999786376953,86.77999877929688,86.08000183105469,86.08000183105469,66.20135498046875,44808500
2022-01-06,86.0999984741211,86.31999969482422,86.05000305175781,86.08999633789062,66.20903015136719,42823200
2022-01-07,86.08999633789062,86.0999984741211,85.86000061035156,85.87000274658203,66.03986358642578,34630100
2022-01-10,85.76000213623047,85.95999908447266,85.37000274658203,85.94000244140625,66.09371185302734,52621800
2022-01-11,85.98999786376953,86.33999633789062,85.75,86.33999633789062,66.40132141113281,32513100
2022-01-12,86.47000122070312,86.5199966430664,86.33999633789062,86.4800033569336,66.50897216796875,24621400
2022-01-13,86.45999908447266,86.5,86.13999938964844,86.16999816894531,66.27055358886719,31699700
2022-01-14,86.11000061035156,86.2300033569336,86.0,86.08999633789062,66.20903015136719,31046200
2022-01-18,85.83999633789062,85.8499984741211,85.61000061035156,85.66999816894531,65.88605499267578,46331500
2022-01-19,85.81999969482422,85.95999908447266,85.55999755859375,85.58999633789062,65.82449340820312,31390200
2022-01-20,85.75,85.97000122070312,85.41000366210938,85.43000030517578,65.70144653320312,38217700
2022-01-21,85.43000030517578,85.5999984741211,85.33000183105469,85.44000244140625,65.70917510986328,57098000
2022-01-24,85.19000244140625,85.41000366210938,84.7699966430664,85.3499984741211,65.6399154663086,79230800
2022-01-25,85.08999633789062,85.29000091552734,84.9000015258789,85.0999984741211,65.44768524169922,43642700
2022-01-26,85.47000122070312,85.87000274658203,84.69999694824219,84.80999755859375,65.22465515136719,63574900
2022-01-27,85.0199966430664,85.12000274658203,84.25,84.44000244140625,64.94007873535156,47351000
2022-01-28,84.25,84.69000244140625,83.94999694824219,84.68000030517578,65.12466430664062,51496700
2022-01-31,84.5,84.83000183105469,84.22000122070312,84.69999694824219,65.1400375366211,78932100
2022-02-01,84.6500015258789,84.77999877929688,84.37000274658203,84.7300033569336,65.39862823486328,42377300
2022-02-02,84.9000015258789,84.95999908447266,84.61000061035156,84.86000061035156,65.49897003173828,29261500
2022-02-03,84.47000122070312,84.54000091552734,84.08999633789062,84.0999984741211,64.91233825683594,44760800
2022-02-04,83.76000213623047,83.9000015258789,83.19999694824219,83.7699966430664,64.65766143798828,65508300
2022-02-07,83.54000091552734,83.86000061035156,83.41999816894531,83.70999908447266,64.61132049560547,37620700
2022-02-08,83.77999877929688,83.8499984741211,83.58000183105469,83.62000274658203,64.54186248779297,39549000
2022-02-09,83.94000244140625,84.12000274658203,83.94000244140625,84.05999755859375,64.88148498535156,37641800
2022-02-10,83.54000091552734,83.83000183105469,82.94000244140625,82.94999694824219,64.02468872070312,57751400
2022-02-11,83.2300033569336,83.25,82.44999694824219,82.66000366210938,63.8009033203125,58997100
2022-02-14,82.6500015258789,82.83000183105469,82.22000122070312,82.5199966430664,63.692813873291016,36550200
2022-02-15,82.73999786376953,82.80999755859375,82.55999755859375,82.66000366210938,63.8009033203125,32724800
2022-02-16,82.61000061035156,83.18000030517578,82.54000091552734,83.12000274658203,64.15594482421875,38996000
2022-02-17,82.97000122070312,82.97000122070312,82.70999908447266,82.7699966430664,63.88577651977539,30755200
2022-02-18,82.69000244140625,82.98999786376953,82.62000274658203,82.88999938964844,63.9783935546875,43848800
2022-02-22,82.83999633789062,83.05000305175781,82.58999633789062,82.69999694824219,63.831764221191406,37004300
2022-02-23,82.8499984741211,82.91000366210938,82.52999877929688,82.55000305175781,63.715980529785156,36545400
2022-02-24,81.91000366210938,83.18000030517578,81.83000183105469,83.13999938964844,64.17135620117188,56132500
2022-02-25,83.22000122070312,83.62999725341797,83.22000122070312,83.61000061035156,64.5341567993164,44118800
2022-02-28,83.22000122070312,83.87999725341797,83.22000122070312,83.66999816894531,64.58042907714844,54006400
2022-03-01,83.43000030517578,83.63999938964844,82.94999694824219,83.12999725341797,64.39997863769531,43268500
2022-03-02,83.08000183105469,83.36000061035156,82.94000244140625,83.33000183105469,64.55488586425781,41489200
2022-03-03,83.4800033569336,83.5,82.20999908447266,83.08000183105469,64.3612289428711,23594200
2022-03-04,82.94000244140625,82.94000244140625,82.4800033569336,82.54000091552734,63.94291305541992,32141100
2022-03-07,82.38999938964844,82.41000366210938,81.75,81.81999969482422,63.3851203918457,43675900
2022-03-08,81.87999725341797,82.08999633789062,81.5,81.52999877929688,63.16044998168945,57474500
2022-03-09,82.01000213623047,82.31999969482422,81.8499984741211,82.20999908447266,63.687217712402344,31143000
2022-03-10,81.76000213623047,81.87000274658203,81.41999816894531,81.5199966430664,63.15269470214844,46408900
2022-03-11,81.62999725341797,81.6500015258789,80.86000061035156,80.93000030517578,62.695648193359375,40097000
2022-03-14,80.8499984741211,80.87000274658203,79.87999725341797,79.97000122070312,61.95193862915039,61536700
2022-03-15,80.12999725341797,80.76000213623047,80.0999984741211,80.56999969482422,62.41674041748047,57385300
2022-03-16,80.95999908447266,81.73999786376953,80.55000305175781,81.69999694824219,63.292152404785156,66254800
2022-03-17,81.7699966430664,82.30000305175781,81.75,82.26000213623047,63.72599792480469,48573700
2022-03-18,82.0999984741211,82.54000091552734,81.94999694824219,82.52999877929688,63.93513488769531,59780500
2022-03-21,82.38999938964844,82.44999694824219,81.41999816894531,81.58000183105469,63.19921875,62364300
2022-03-22,81.66000366210938,82.06999969482422,81.5,82.0,63.52454376220703,40148600
2022-03-23,81.86000061035156,82.01000213623047,81.58999633789062,81.73999786376953,63.323116302490234,36294900
2022-03-24,81.7300033569336,81.94000244140625,81.5199966430664,81.91000366210938,63.45481872558594,18435800
2022-03-25,81.91999816894531,81.91999816894531,81.26000213623047,81.31999969482422,62.99775695800781,36497500
2022-03-28,81.27999877929688,81.8499984741211,81.26000213623047,81.83000183105469,63.39286804199219,26886100
2022-03-29,82.19999694824219,82.86000061035156,82.1500015258789,82.83999633789062,64.1752700805664,49781100
2022-03-30,82.62000274658203,82.69999694824219,82.38999938964844,82.58999633789062,63.98162078857422,43905200
2022-03-31,82.69000244140625,82.7300033569336,82.2699966430664,82.29000091552734,63.74919509887695,40717600
2022-04-01,81.83000183105469,82.02999877929688,81.6500015258789,81.94999694824219,63.74454116821289,31316100
2022-04-04,82.0199966430664,82.58000183105469,82.0,82.56999969482422,64.22681427001953,32710900
2022-04-05,82.38999938964844,82.47000122070312,81.47000122070312,81.5,63.394527435302734,51886400
2022-04-06,80.94000244140625,81.4000015258789,80.69000244140625,80.86000061035156,62.89667892456055,67118000
2022-04-07,80.94000244140625,81.04000091552734,80.72000122070312,80.7300033569336,62.79555892944336,42831400
2022-04-08,80.4800033569336,80.7300033569336,80.2300033569336,80.23999786376953,62.4144172668457,42177200
2022-04-11,79.9800033569336,80.06999969482422,79.58000183105469,79.69000244140625,61.98661804199219,42293400
2022-04-12,80.23999786376953,80.62000274658203,80.06999969482422,80.30000305175781,62.46108627319336,38031000
2022-04-13,80.44000244140625,80.87999725341797,80.37999725341797,80.77999877929688,62.83445739746094,31635500
2022-04-14,80.77999877929688,80.88999938964844,80.02999877929688,80.23999786376953,62.4144172668457,45130400
2022-04-18,80.16000366210938,80.36000061035156,80.0,80.11000061035156,62.313316345214844,20864100
2022-04-19,79.95999908447266,80.19000244140625,79.86000061035156,80.04000091552734,62.25885009765625,29920800
2022-04-20,80.27999877929688,80.44000244140625,80.16000366210938,80.29000091552734,62.45332336425781,25769700
2022-04-21,80.48999786376953,80.54000091552734,79.66999816894531,79.73999786376953,62.0255012512207,38695100
2022-04-22,79.63999938964844,79.66000366210938,79.16999816894531,79.26000213623047,61.65214538574219,28243000
2022-04-25,79.4000015258789,80.0,79.2699966430664,79.93000030517578,62.17329406738281,35914500
2022-04-26,79.9000015258789,79.9000015258789,79.44999694824219,79.45999908447266,61.807708740234375,31171600
2022-04-27,79.47000122070312,79.66999816894531,78.98999786376953,79.06999969482422,61.50434875488281,37598600
2022-04-28,79.23999786376953,79.62999725341797,78.94000244140625,79.51000213623047,61.84659957885742,30808800
2022-04-29,79.13999938964844,79.25,78.4800033569336,78.52999877929688,61.08431625366211,35697100
2022-05-02,78.16000366210938,78.30000305175781,77.83000183105469,78.2300033569336,61.088218688964844,38674400
2022-05-03,78.4000015258789,78.76000213623047,78.3499984741211,78.63999938964844,61.40835952758789,42665700
2022-05-04,78.6500015258789,79.6500015258789,78.08000183105469,79.44000244140625,62.033077239990234,55154900
2022-05-05,78.97000122070312,79.0199966430664,77.80999755859375,78.02999877929688,60.93201446533203,53807900
2022-05-06,77.62999725341797,78.0,77.41000366210938,77.58999633789062,60.588443756103516,39256900
2022-05-09,77.12999725341797,77.30999755859375,76.72000122070312,76.7699966430664,59.94812774658203,38442700
2022-05-10,77.38999938964844,77.52999877929688,76.83999633789062,77.20999908447266,60.29172134399414,48419700
2022-05-11,77.0,77.48999786376953,76.73999786376953,76.75,59.93251037597656,42473500
2022-05-12,76.66000366210938,76.9800033569336,76.4000015258789,76.72000122070312,59.909080505371094,49069700
2022-05-13,76.9800033569336,77.05999755859375,76.43000030517578,76.80999755859375,59.97937774658203,49084400
2022-05-16,76.83999633789062,76.95999908447266,76.56999969482422,76.69999694824219,59.893463134765625,33300100
2022-05-17,76.86000061035156,76.87000274658203,76.44000244140625,76.62999725341797,59.83877182006836,41666500
2022-05-18,76.20999908447266,76.25,75.91000366210938,76.0,59.34686279296875,47647800
2022-05-19,75.94999694824219,76.66999816894531,75.87000274658203,76.51000213623047,59.7451057434082,53929100
2022-05-20,76.77999877929688,76.80000305175781,76.2300033569336,76.45999908447266,59.70606994628906,56691000
2022-05-23,76.63999938964844,76.86000061035156,76.58000183105469,76.76000213623047,59.94032287597656,29917100
2022-05-24,76.58000183105469,77.26000213623047,76.55000305175781,77.22000122070312,60.29952621459961,42246500
2022-05-25,77.30999755859375,78.44000244140625,77.2699966430664,78.38999938964844,61.21318054199219,56661500
2022-05-26,78.68000030517578,79.5199966430664,78.47000122070312,79.4800033569336,62.064327239990234,64773400
2022-05-27,79.80000305175781,80.19000244140625,79.61000061035156,80.19000244140625,62.61873245239258,52813100
2022-05-31,79.73999786376953,79.86000061035156,79.31999969482422,79.5,62.07992172241211,68424700
2022-06-01,79.2300033569336,79.44999694824219,78.75,78.9000015258789,61.850250244140625,87646100
2022-06-02,78.91999816894531,79.23999786376953,78.69000244140625,79.2300033569336,62.10893249511719,34752500
2022-06-03,78.87000274658203,78.87000274658203,78.5199966430664,78.63999938964844,61.64641571044922,36008000
2022-06-06,78.77999877929688,78.80000305175781,77.95999908447266,78.05000305175781,61.18393325805664,35756100
2022-06-07,77.79000091552734,78.31999969482422,77.7300033569336,78.2300033569336,61.32502365112305,31499900
2022-06-08,78.04000091552734,78.06999969482422,77.45999908447266,77.55999755859375,60.7998046875,25361600
2022-06-09,77.26000213623047,77.51000213623047,76.79000091552734,76.94000244140625,60.313785552978516,49468700
2022-06-10,76.19999694824219,76.22000122070312,75.27999877929688,75.62999725341797,59.28684616088867,59907000
2022-06-13,74.25,74.30999755859375,72.88999938964844,73.0999984741211,57.30356979370117,122714600
2022-06-14,73.44999694824219,74.2300033569336,73.05000305175781,73.58000183105469,57.67986297607422,62818600
2022-06-15,74.19999694824219,75.38999938964844,74.04000091552734,75.01000213623047,58.800846099853516,70628200
2022-06-16,73.9000015258789,74.1500015258789,73.22000122070312,73.81999969482422,57.86800765991211,61583400
2022-06-17,73.98999786376953,74.56999969482422,73.80999755859375,74.05000305175781,58.04829406738281,49281000
2022-06-21,74.5,74.66999816894531,73.93000030517578,74.0,58.00910186767578,45924600
2022-06-22,73.87000274658203,74.25,73.80999755859375,73.9800033569336,57.993412017822266,38204800
2022-06-23,74.19000244140625,74.58000183105469,74.08000183105469,74.51000213623047,58.408897399902344,30961800
2022-06-24,74.75,75.36000061035156,74.58999633789062,75.04000091552734,58.82435607910156,38198600
2022-06-27,75.0999984741211,75.0999984741211,74.58000183105469,74.58000183105469,58.46377182006836,25658200
2022-06-28,74.69000244140625,74.79000091552734,73.75,73.76000213623047,57.82095718383789,39303800
2022-06-29,73.72000122070312,73.79000091552734,73.43000030517578,73.6500015258789,57.73472213745117,36806800
2022-06-30,73.33000183105469,73.83000183105469,73.05999755859375,73.61000061035156,57.703372955322266,45139900
2022-07-01,73.5,74.2300033569336,73.44999694824219,73.9800033569336,58.25377655029297,38849300
2022-07-05,73.51000213623047,73.9800033569336,73.02999877929688,73.91000366210938,58.198665618896484,38316200
2022-07-06,73.79000091552734,74.0,73.5199966430664,73.62999725341797,57.97819900512695,44706000
2022-07-07,74.08999633789062,74.87999725341797,74.02999877929688,74.83000183105469,58.923091888427734,44430400
2022-07-08,74.55999755859375,74.95999908447266,74.36000061035156,74.88999938964844,58.9703483581543,31230300
2022-07-11,74.80000305175781,74.91999816894531,74.44999694824219,74.47000122070312,58.63964080810547,28213700
2022-07-12,74.55999755859375,74.9000015258789,74.5,74.7699966430664,58.87586975097656,24036500
2022-07-13,74.0,74.91999816894531,73.91999816894531,74.69000244140625,58.81284713745117,46874900
2022-07-14,74.08000183105469,74.62999725341797,73.61000061035156,74.55000305175781,58.70261001586914,53953100
2022-07-15,74.7699966430664,75.5,74.76000213623047,75.5,59.45069885253906,48360800
2022-07-18,75.69000244140625,75.72000122070312,74.69000244140625,74.7699966430664,58.87586975097656,33302800
2022-07-19,75.04000091552734,75.94000244140625,75.04000091552734,75.76000213623047,59.6554069519043,31028200
2022-07-20,76.05999755859375,76.62000274658203,75.87999725341797,76.08999633789062,59.915218353271484,82881900
2022-07-21,76.0199966430664,77.05999755859375,75.93000030517578,76.98999786376953,60.62394332885742,52282000
2022-07-22,77.11000061035156,77.54000091552734,76.6500015258789,76.88999938964844,60.545196533203125,51055800
2022-07-25,76.94999694824219,77.08999633789062,76.6500015258789,76.87000274658203,60.52944564819336,26032000
2022-07-26,76.62000274658203,76.70999908447266,76.27999877929688,76.33000183105469,60.104251861572266,24151200
2022-07-27,76.66999816894531,77.47000122070312,76.66999816894531,77.16999816894531,60.76568603515625,35075700
2022-07-28,77.54000091552734,78.0199966430664,77.2300033569336,77.95999908447266,61.38774871826172,42335900
2022-07-29,77.95999908447266,78.3499984741211,77.75,78.19000244140625,61.568843841552734,33606800
2022-08-01,77.63999938964844,78.08000183105469,77.51000213623047,77.91000366210938,61.58783721923828,31595600
2022-08-02,77.7699966430664,77.86000061035156,77.5,77.55000305175781,61.3032341003418,40604400
2022-08-03,77.77999877929688,78.25,77.56999969482422,78.2300033569336,61.84077453613281,35660900
2022-08-04,78.33999633789062,78.44999694824219,78.11000061035156,78.44000244140625,62.00678253173828,24386400
2022-08-05,77.5,78.11000061035156,77.38999938964844,78.04000091552734,61.69059753417969,31006700
2022-08-08,78.33999633789062,78.6500015258789,78.05000305175781,78.11000061035156,61.74591064453125,19465600
2022-08-09,77.93000030517578,77.95999908447266,77.5,77.52999877929688,61.287410736083984,24675700
2022-08-10,78.5199966430664,78.7699966430664,78.38999938964844,78.69000244140625,62.20439910888672,38121800
2022-08-11,79.19999694824219,79.31999969482422,78.12999725341797,78.23999786376953,61.84869384765625,37778700
2022-08-12,78.5199966430664,78.97000122070312,78.29000091552734,78.94000244140625,62.40204620361328,16912300
2022-08-15,78.81999969482422,79.0,78.6500015258789,78.80000305175781,62.29136657714844,18441100
2022-08-16,78.7300033569336,78.7300033569336,78.26000213623047,78.43000030517578,61.99886703491211,22963200
2022-08-17,77.87999725341797,78.04000091552734,77.58999633789062,77.62000274658203,61.358558654785156,28774600
2022-08-18,77.80999755859375,77.87999725341797,77.66000366210938,77.73999786376953,61.453460693359375,19089300
2022-08-19,77.33000183105469,77.37000274658203,76.77999877929688,76.94999694824219,60.82892608642578,45428900
2022-08-22,76.36000061035156,76.4000015258789,76.01000213623047,76.08000183105469,60.14120864868164,42014200
2022-08-23,76.0999984741211,76.4000015258789,75.83000183105469,76.2699966430664,60.291412353515625,33240000
2022-08-24,76.23999786376953,76.5,76.16000366210938,76.36000061035156,60.362545013427734,16917400
2022-08-25,76.58000183105469,77.13999938964844,76.44999694824219,77.08000183105469,60.931724548339844,20080000
2022-08-26,77.12000274658203,77.12000274658203,75.73999786376953,75.80999755859375,59.92778396606445,34460600
2022-08-29,75.3499984741211,75.7699966430664,75.26000213623047,75.5199966430664,59.698524475097656,28020200
2022-08-30,75.5999984741211,75.66000366210938,74.69999694824219,74.94000244140625,59.24003219604492,66233900
2022-08-31,74.97000122070312,75.12000274658203,74.51000213623047,74.52999877929688,58.915958404541016,39161800
2022-09-01,73.94999694824219,74.41000366210938,73.61000061035156,74.36000061035156,59.071632385253906,38499700
2022-09-02,75.0,75.06999969482422,74.2300033569336,74.30999755859375,59.03191375732422,22364500
2022-09-06,74.30999755859375,74.38999938964844,73.8499984741211,74.11000061035156,58.8730583190918,28820900
2022-09-07,74.20999908447266,75.19000244140625,74.19000244140625,75.18000030517578,59.72305679321289,26853200
2022-09-08,74.9000015258789,75.55000305175781,74.77999877929688,75.51000213623047,59.98518371582031,26928000
2022-09-09,75.87999725341797,76.16999816894531,75.62999725341797,75.80999755859375,60.22352600097656,29526800
2022-09-12,76.08000183105469,76.2300033569336,75.7699966430664,76.04000091552734,60.4062385559082,30276100
2022-09-13,74.9800033569336,75.16999816894531,74.27999877929688,74.30999755859375,59.03191375732422,47111300
2022-09-14,74.36000061035156,74.91000366210938,74.30999755859375,74.41999816894531,59.119293212890625,29672400
2022-09-15,74.29000091552734,74.44000244140625,73.91000366210938,73.94999694824219,58.745948791503906,46282300
2022-09-16,73.5,74.19999694824219,73.37000274658203,74.19999694824219,58.94451904296875,56479900
2022-09-19,73.91000366210938,74.48999786376953,73.83999633789062,74.4800033569336,59.16697311401367,26891900
2022-09-20,74.0199966430664,74.06999969482422,73.66999816894531,73.72000122070312,58.56322479248047,32769500
2022-09-21,73.9000015258789,74.23999786376953,73.16000366210938,73.5,58.38844299316406,37851300
2022-09-22,73.25,73.38999938964844,72.80000305175781,73.05999755859375,58.03892135620117,48278100
2022-09-23,72.55999755859375,72.7300033569336,71.87999725341797,72.12999725341797,57.30011749267578,53312000
2022-09-26,71.91999816894531,72.18000030517578,71.26000213623047,71.27999877929688,56.62488555908203,42287400
2022-09-27,71.88999938964844,71.91999816894531,70.9000015258789,71.12999725341797,56.5057258605957,45295500
2022-09-28,71.66999816894531,72.48999786376953,71.44000244140625,72.4000015258789,57.514617919921875,48935800
2022-09-29,71.93000030517578,71.97000122070312,71.31999969482422,71.72000122070312,56.97439956665039,38068800
2022-09-30,71.7300033569336,72.27999877929688,71.37999725341797,71.38999938964844,56.7122917175293,42928700
2022-10-03,71.5999984741211,72.12999725341797,71.45999908447266,71.97000122070312,57.45552444458008,48967900
2022-10-04,72.9000015258789,73.52999877929688,72.7699966430664,73.5199966430664,58.69291305541992,45901300
2022-10-05,72.91999816894531,73.4000015258789,72.61000061035156,73.2300033569336,58.461395263671875,47833500
2022-10-06,73.1500015258789,73.45999908447266,72.9000015258789,73.01000213623047,58.28578567504883,37196000
2022-10-07,72.56999969482422,72.7699966430664,72.0999984741211,72.12000274658203,57.57525634765625,33983000
2022-10-10,72.06999969482422,72.11000061035156,70.91999816894531,71.23999786376953,56.87274169921875,37759700
2022-10-11,71.37999725341797,72.0199966430664,71.29000091552734,71.45999908447266,57.04835891723633,46344600
2022-10-12,71.41000366210938,71.8499984741211,71.41000366210938,71.58000183105469,57.14415740966797,32784800
2022-10-13,70.47000122070312,71.91000366210938,70.4000015258789,71.73999786376953,57.27187728881836,48832500
2022-10-14,72.19000244140625,72.37000274658203,71.33000183105469,71.51000213623047,57.088294982910156,37152100
2022-10-17,72.1500015258789,72.5999984741211,72.13999938964844,72.38999938964844,57.79082107543945,33820000
2022-10-18,73.12999725341797,73.30999755859375,72.58000183105469,72.9000015258789,58.197967529296875,37648400
2022-10-19,72.4000015258789,72.63999938964844,71.9800033569336,72.19999694824219,57.63910675048828,33194000
2022-10-20,72.20999908447266,72.75,71.7300033569336,71.80000305175781,57.319786071777344,47281100
2022-10-21,71.58999633789062,72.58000183105469,71.55999755859375,72.48999786376953,57.87064743041992,60211200
2022-10-24,72.55999755859375,72.7300033569336,72.16000366210938,72.54000091552734,57.91056442260742,29551200
2022-10-25,72.72000122070312,73.25,72.69999694824219,73.23999786376953,58.469398498535156,37459200
2022-10-26,73.05999755859375,73.70999908447266,72.94999694824219,73.44000244140625,58.62904357910156,50552100
2022-10-27,73.62000274658203,74.13999938964844,73.36000061035156,73.9800033569336,59.060142517089844,49481500
2022-10-28,74.25,74.69000244140625,74.12000274658203,74.55000305175781,59.51517868041992,123446800
2022-10-31,74.16999816894531,74.18000030517578,73.41999816894531,73.43000030517578,58.62104415893555,60269700
2022-11-01,73.94000244140625,73.94999694824219,73.20999908447266,73.58999633789062,58.97365951538086,39586700
2022-11-02,73.55999755859375,74.29000091552734,72.87999725341797,72.91999816894531,58.43674850463867,50659500
2022-11-03,72.16999816894531,72.63999938964844,71.88999938964844,72.4000015258789,58.0200309753418,37507100
2022-11-04,72.87000274658203,73.20999908447266,72.4000015258789,72.9000015258789,58.42072296142578,39849100
2022-11-07,73.05000305175781,73.11000061035156,72.68000030517578,72.88999938964844,58.4127082824707,24913000
2022-11-08,72.94999694824219,73.06999969482422,72.58999633789062,72.81999969482422,58.356597900390625,39489200
2022-11-09,72.5999984741211,72.73999786376953,71.81999969482422,71.94999694824219,57.65940475463867,45728900
2022-11-10,73.9800033569336,74.2699966430664,73.45999908447266,74.19000244140625,59.45449447631836,67165700
2022-11-11,74.22000122070312,74.69000244140625,73.93000030517578,74.44999694824219,59.6628532409668,20934800
2022-11-14,74.25,74.29000091552734,73.87000274658203,73.9000015258789,59.222076416015625,37932800
2022-11-15,74.63999938964844,74.69999694824219,74.06999969482422,74.55000305175781,59.74299621582031,50673700
2022-11-16,74.48999786376953,74.56999969482422,74.30999755859375,74.38999938964844,59.61477279663086,31124900
2022-11-17,73.80999755859375,74.16999816894531,73.7300033569336,74.06999969482422,59.35832595825195,34338000
2022-11-18,74.45999908447266,74.45999908447266,74.0199966430664,74.2300033569336,59.48654556274414,31663800
2022-11-21,74.1500015258789,74.3499984741211,74.0199966430664,74.19999694824219,59.4625129699707,19070500
2022-11-22,74.33999633789062,74.79000091552734,74.26000213623047,74.73999786376953,59.89525604248047,24572500
2022-11-23,74.68000030517578,75.30000305175781,74.66000366210938,75.16000366210938,60.23184585571289,30316300
2022-11-25,75.1500015258789,75.18000030517578,74.9000015258789,75.01000213623047,60.111629486083984,9465900
2022-11-28,74.80000305175781,74.93000030517578,74.19000244140625,74.22000122070312,59.47854995727539,31668900
2022-11-29,74.22000122070312,74.5999984741211,74.08000183105469,74.54000091552734,59.734989166259766,27162300
2022-11-30,74.5999984741211,75.69000244140625,74.38999938964844,75.66000366210938,60.63251495361328,41702100
2022-12-01,75.56999969482422,75.66000366210938,75.18000030517578,75.62000274658203,60.85707473754883,42134200
2022-12-02,74.98999786376953,75.58999633789062,74.98999786376953,75.55999755859375,60.80877685546875,27535800
2022-12-05,75.27999877929688,75.30000305175781,74.69000244140625,74.83999633789062,60.22932434082031,29736500
2022-12-06,74.87000274658203,75.0,74.43000030517578,74.56999969482422,60.01204299926758,24976800
2022-12-07,74.55000305175781,75.06999969482422,74.55000305175781,74.9800033569336,60.342018127441406,24614200
2022-12-08,75.06999969482422,75.13999938964844,74.80000305175781,75.04000091552734,60.390289306640625,23839500
2022-12-09,74.81999969482422,75.31999969482422,74.81999969482422,75.04000091552734,60.390289306640625,20687300
2022-12-12,75.22000122070312,75.4000015258789,75.0999984741211,75.33000183105469,60.62368392944336,22415700
2022-12-13,76.61000061035156,76.69999694824219,75.69000244140625,76.11000061035156,61.25140380859375,45923300
2022-12-14,76.01000213623047,76.20999908447266,75.22000122070312,75.68000030517578,60.90535354614258,57177300
2022-12-15,74.91000366210938,75.11000061035156,74.62999725341797,75.0,60.675594329833984,41666500
2022-12-16,74.56999969482422,74.80999755859375,74.41000366210938,74.5999984741211,60.35198211669922,38197100
2022-12-19,74.30999755859375,74.45999908447266,74.05999755859375,74.22000122070312,60.04456329345703,24135100
2022-12-20,73.8499984741211,74.19000244140625,73.69000244140625,74.02999877929688,59.89085388183594,32917800
2022-12-21,74.4000015258789,74.80000305175781,74.33999633789062,74.66000366210938,60.40056228637695,23211500
2022-12-22,74.37000274658203,74.48999786376953,73.91999816894531,74.19999694824219,60.02838134765625,26893700
2022-12-23,74.08000183105469,74.44999694824219,73.94999694824219,74.38999938964844,60.18210220336914,13196500
2022-12-27,74.31999969482422,74.37000274658203,73.58000183105469,73.62000274658203,59.55915451049805,22108000
2022-12-28,73.73999786376953,73.83000183105469,72.58999633789062,72.62999725341797,58.75825119018555,41064800
2022-12-29,72.91999816894531,73.62000274658203,72.75,73.56999969482422,59.51872253417969,33378900
2022-12-30,73.31999969482422,73.66999816894531,73.27999877929688,73.62999725341797,59.56724166870117,15170300
2023-01-03,74.11000061035156,74.19000244140625,73.66000366210938,73.7699966430664,59.680519104003906,28787700
2023-01-04,74.26000213623047,74.66000366210938,73.98999786376953,74.62000274658203,60.36817932128906,37120100
2023-01-05,74.36000061035156,74.54000091552734,74.18000030517578,74.47000122070312,60.246826171875,35142000
2023-01-06,74.87000274658203,75.77999877929688,74.69999694824219,75.52999877929688,61.1043586730957,60041200
2023-01-09,75.75,75.95999908447266,75.63999938964844,75.80000305175781,61.32280349731445,35806900
2023-01-10,75.76000213623047,75.87000274658203,75.52999877929688,75.70999908447266,61.24999237060547,35695500
2023-01-11,76.0,76.25,75.8499984741211,76.20999908447266,61.654483795166016,31826700
2023-01-12,76.4000015258789,76.69999694824219,76.05000305175781,76.63999938964844,62.00236511230469,29404900
2023-01-13,76.26000213623047,76.7699966430664,76.22000122070312,76.63999938964844,62.00236511230469,26301500
2023-01-17,76.5199966430664,76.55000305175781,76.29000091552734,76.37999725341797,61.792022705078125,30961200
2023-01-18,76.8499984741211,77.08000183105469,76.44999694824219,76.47000122070312,61.864845275878906,52989700
2023-01-19,76.20999908447266,76.33000183105469,75.94999694824219,76.0199966430664,61.50076675415039,50070900
2023-01-20,76.0,76.16999816894531,75.7300033569336,76.16999816894531,61.622135162353516,36625400
2023-01-23,76.0999984741211,76.37000274658203,75.97000122070312,76.16000366210938,61.614036560058594,26764800
2023-01-24,76.01000213623047,76.25,75.87999725341797,76.20999908447266,61.654483795166016,27774500
2023-01-25,75.95999908447266,76.27999877929688,75.87999725341797,76.19999694824219,61.64640426635742,25857700
2023-01-26,76.36000061035156,76.47000122070312,76.08999633789062,76.38999938964844,61.80012512207031,25512400
2023-01-27,76.2699966430664,76.37000274658203,76.05000305175781,76.16000366210938,61.614036560058594,35813400
2023-01-30,75.87999725341797,76.02999877929688,75.72000122070312,75.73999786376953,61.274261474609375,32002000
2023-01-31,75.94000244140625,76.36000061035156,75.91999816894531,76.33000183105469,61.7515983581543,41006600
2023-02-01,75.9800033569336,76.9800033569336,75.77999877929688,76.76000213623047,62.400291442871094,46900900
2023-02-02,77.31999969482422,77.33999633789062,77.06999969482422,77.19999694824219,62.75798416137695,56399900
2023-02-03,76.5999984741211,76.86000061035156,76.33000183105469,76.38999938964844,62.09951400756836,39682300
2023-02-06,76.05999755859375,76.0999984741211,75.79000091552734,75.9000015258789,61.70116424560547,40944200
2023-02-07,75.83000183105469,76.36000061035156,75.77999877929688,76.16999816894531,61.920658111572266,37101300
2023-02-08,76.05999755859375,76.16000366210938,75.69000244140625,75.8499984741211,61.6605224609375,34066600
2023-02-09,76.11000061035156,76.11000061035156,75.29000091552734,75.36000061035156,61.2622184753418,42581900
2023-02-10,75.02999877929688,75.25,74.69000244140625,74.77999877929688,60.790687561035156,65905000
2023-02-13,74.83000183105469,75.22000122070312,74.75,74.97000122070312,60.945152282714844,38741300
2023-02-14,74.83000183105469,75.19000244140625,74.51000213623047,74.98999786376953,60.961395263671875,54193600
2023-02-15,74.72000122070312,74.87999725341797,74.58000183105469,74.87000274658203,60.863861083984375,44897600
2023-02-16,74.54000091552734,74.58999633789062,74.2300033569336,74.2699966430664,60.376094818115234,89945400
2023-02-17,74.1500015258789,74.68000030517578,73.87000274658203,74.55999755859375,60.61183166503906,75910300
2023-02-21,73.8499984741211,74.02999877929688,73.11000061035156,73.41000366210938,59.67698669433594,98782400
2023-02-22,73.5999984741211,74.19000244140625,73.5999984741211,73.88999938964844,60.06718826293945,70093300
2023-02-23,74.2300033569336,74.7300033569336,74.12999725341797,74.62000274658203,60.660640716552734,47908100
2023-02-24,74.0,74.31999969482422,73.91999816894531,74.16999816894531,60.29482650756836,47576500
2023-02-27,74.5199966430664,74.7699966430664,74.37999725341797,74.66999816894531,60.70127868652344,40292000
2023-02-28,74.63999938964844,74.63999938964844,74.41999816894531,74.52999877929688,60.58748245239258,32999000
2023-03-01,74.08000183105469,74.0999984741211,73.69000244140625,73.87000274658203,60.41572189331055,45341400
2023-03-02,73.4800033569336,74.05000305175781,73.4800033569336,73.95999908447266,60.489315032958984,37886100
2023-03-03,74.29000091552734,74.80999755859375,74.16999816894531,74.72000122070312,61.11090087890625,50123300
2023-03-06,74.88999938964844,74.98999786376953,74.66000366210938,74.72000122070312,61.11090087890625,33430800
2023-03-07,74.7300033569336,74.7699966430664,74.18000030517578,74.19000244140625,60.67744064331055,40222100
2023-03-08,74.23999786376953,74.36000061035156,73.69000244140625,73.83999633789062,60.39116668701172,54303900
2023-03-09,73.91000366210938,74.22000122070312,73.3499984741211,73.43000030517578,60.055843353271484,52669500
2023-03-10,73.4800033569336,73.94999694824219,73.16999816894531,73.44000244140625,60.06403350830078,81516000
2023-03-13,73.19000244140625,73.9800033569336,72.83000183105469,73.04000091552734,59.73687744140625,78478100
2023-03-14,73.69000244140625,73.91000366210938,73.2699966430664,73.56999969482422,60.17033767700195,66395600
2023-03-15,72.80999755859375,73.4000015258789,72.61000061035156,73.33000183105469,59.97406768798828,81454700
2023-03-16,73.12999725341797,73.94999694824219,73.0199966430664,73.80999755859375,60.36664581298828,63386700
2023-03-17,73.44000244140625,73.77999877929688,73.23999786376953,73.37000274658203,60.006778717041016,55132200
2023-03-20,73.2300033569336,73.55999755859375,73.06999969482422,73.16999816894531,59.84320068359375,38540800
2023-03-21,73.6500015258789,74.08000183105469,73.5,73.97000122070312,60.497493743896484,38203400
2023-03-22,73.9800033569336,74.79000091552734,73.70999908447266,74.04000091552734,60.55474853515625,55263500
2023-03-23,74.02999877929688,74.37000274658203,73.5199966430664,73.75,60.31758499145508,54660900
2023-03-24,73.44999694824219,73.69000244140625,73.38999938964844,73.5999984741211,60.194889068603516,44225600
2023-03-27,73.75,73.86000061035156,73.41999816894531,73.41999816894531,60.04766845703125,30905100
2023-03-28,73.27999877929688,73.47000122070312,73.13999938964844,73.37999725341797,60.014923095703125,38277200
2023-03-29,73.6500015258789,74.30999755859375,73.6500015258789,74.30000305175781,60.76738739013672,44457300
2023-03-30,74.47000122070312,74.75,74.2699966430664,74.73999786376953,61.12725067138672,37130200
2023-03-31,74.97000122070312,75.6500015258789,74.94999694824219,75.55000305175781,61.78972244262695,54218900
2023-04-03,75.13999938964844,75.30000305175781,74.97000122070312,75.1500015258789,61.74209213256836,43302900
2023-04-04,75.1500015258789,75.26000213623047,74.8499984741211,74.93000030517578,61.56132507324219,46144300
2023-04-05,74.87999725341797,74.94999694824219,74.41999816894531,74.51000213623047,61.216270446777344,37633900
2023-04-06,74.38999938964844,74.95999908447266,74.29000091552734,74.83999633789062,61.48736572265625,35719600
2023-04-10,74.58000183105469,74.80999755859375,74.41000366210938,74.7699966430664,61.429866790771484,29083900
2023-04-11,74.7699966430664,75.0999984741211,74.70999908447266,74.93000030517578,61.56132507324219,28875100
2023-04-12,75.30999755859375,75.37999725341797,74.8499984741211,74.91000366210938,61.5449104309082,41457600
2023-04-13,75.04000091552734,75.62000274658203,75.04000091552734,75.41999816894531,61.96390914916992,95864000
2023-04-14,75.4000015258789,75.55000305175781,75.08000183105469,75.27999877929688,61.848876953125,43767600
2023-04-17,75.06999969482422,75.16000366210938,74.80999755859375,75.08000183105469,61.68456268310547,26391100
2023-04-18,75.26000213623047,75.36000061035156,74.9800033569336,75.12999725341797,61.72563934326172,28030700
2023-04-19,74.83000183105469,74.98999786376953,74.77999877929688,74.83000183105469,61.479164123535156,26979400
2023-04-20,74.6500015258789,74.87999725341797,74.55000305175781,74.76000213623047,61.42164993286133,30203900
2023-04-21,74.87999725341797,75.02999877929688,74.69000244140625,74.98999786376953,61.610626220703125,33061800
2023-04-24,75.02999877929688,75.26000213623047,74.94999694824219,75.19999694824219,61.78313446044922,24661600
2023-04-25,75.16000366210938,75.30000305175781,75.01000213623047,75.08000183105469,61.68456268310547,34575300
2023-04-26,75.05999755859375,75.11000061035156,74.68000030517578,74.79000091552734,61.44632339477539,33762700
2023-04-27,74.93000030517578,75.25,74.80000305175781,75.04000091552734,61.651710510253906,39687600
2023-04-28,75.05999755859375,75.4800033569336,75.05999755859375,75.36000061035156,61.91460037231445,33821100
2023-05-01,74.93000030517578,75.0,74.52999877929688,74.69000244140625,61.630767822265625,37748300
2023-05-02,74.69000244140625,74.73999786376953,74.37000274658203,74.62000274658203,61.572975158691406,39045300
2023-05-03,74.69999694824219,75.04000091552734,74.55999755859375,74.58000183105469,61.539981842041016,33178300
2023-05-04,74.37999725341797,74.41000366210938,74.08999633789062,74.36000061035156,61.35844421386719,45207600
2023-05-05,74.58000183105469,74.86000061035156,74.4800033569336,74.76000213623047,61.68851089477539,31591500
2023-05-08,74.69999694824219,74.69999694824219,74.37999725341797,74.55000305175781,61.515220642089844,18367400
2023-05-09,74.3499984741211,74.4800033569336,74.2699966430664,74.36000061035156,61.35844421386719,21732900
2023-05-10,74.7699966430664,74.91999816894531,74.52999877929688,74.80999755859375,61.72975158691406,35392700
2023-05-11,74.73999786376953,74.7699966430664,74.61000061035156,74.69000244140625,61.630767822265625,25265500
2023-05-12,74.68000030517578,74.79000091552734,74.27999877929688,74.41999816894531,61.407962799072266,27553200
2023-05-15,74.43000030517578,74.48999786376953,74.30000305175781,74.4000015258789,61.39146423339844,19764500
2023-05-16,74.26000213623047,74.27999877929688,73.80999755859375,73.87999725341797,60.962379455566406,40998700
2023-05-17,73.95999908447266,74.33999633789062,73.93000030517578,74.08000183105469,61.12742233276367,38534100
2023-05-18,73.86000061035156,74.19000244140625,73.80999755859375,74.12000274658203,61.16043472290039,29129200
2023-05-19,74.19000244140625,74.36000061035156,74.06999969482422,74.19999694824219,61.226436614990234,36044900
2023-05-22,74.22000122070312,74.66999816894531,74.22000122070312,74.52999877929688,61.49873352050781,34897700
2023-05-23,74.38999938964844,74.4800033569336,74.06999969482422,74.13999938964844,61.176937103271484,32415500
2023-05-24,73.93000030517578,74.0199966430664,73.47000122070312,73.62000274658203,60.747833251953125,38083200
2023-05-25,73.88999938964844,73.91000366210938,73.55000305175781,73.56999969482422,60.706573486328125,21457900
2023-05-26,73.6500015258789,74.11000061035156,73.62000274658203,74.0199966430664,61.07789611816406,23547600
2023-05-30,74.3499984741211,74.3499984741211,74.08999633789062,74.33999633789062,61.341949462890625,27482600
2023-05-31,74.13999938964844,74.25,73.94999694824219,74.11000061035156,61.15216064453125,43393600
2023-06-01,73.80000305175781,74.30999755859375,73.77999877929688,74.19999694824219,61.51945495605469,42425700
2023-06-02,74.45999908447266,74.7699966430664,74.30000305175781,74.58000183105469,61.83452606201172,49950900
2023-06-05,74.5199966430664,74.55000305175781,74.33999633789062,74.5199966430664,61.784759521484375,24080200
2023-06-06,74.44999694824219,74.66000366210938,74.31999969482422,74.63999938964844,61.88427734375,23006600
2023-06-07,74.69999694824219,74.79000091552734,74.13999938964844,74.2300033569336,61.544334411621094,32340900
2023-06-08,74.2300033569336,74.73999786376953,74.2300033569336,74.69999694824219,61.93400955200195,33987800
2023-06-09,74.76000213623047,74.86000061035156,74.69000244140625,74.72000122070312,61.95060729980469,27016700
2023-06-12,74.79000091552734,74.80000305175781,74.4800033569336,74.63999938964844,61.88427734375,30629500
2023-06-13,74.83000183105469,74.94000244140625,74.62000274658203,74.7300033569336,61.958858489990234,39425900
2023-06-14,74.80000305175781,74.98999786376953,74.41000366210938,74.76000213623047,61.98377227783203,32864600
2023-06-15,74.86000061035156,75.1500015258789,74.81999969482422,75.12000274658203,62.282203674316406,42412300
2023-06-16,75.08999633789062,75.11000061035156,74.9000015258789,74.93000030517578,62.12471008300781,47560800
2023-06-20,74.80999755859375,74.93000030517578,74.7300033569336,74.7300033569336,61.958858489990234,31930500
2023-06-21,74.58000183105469,74.69999694824219,74.38999938964844,74.54000091552734,61.80134963989258,39751900
2023-06-22,74.37000274658203,74.4800033569336,74.30000305175781,74.31999969482422,61.61897659301758,31504700
2023-06-23,74.20999908447266,74.26000213623047,74.0,74.19000244140625,61.511165618896484,33811100
2023-06-26,74.19999694824219,74.33000183105469,74.08999633789062,74.2300033569336,61.544334411621094,36111900
2023-06-27,74.30999755859375,74.55000305175781,74.29000091552734,74.4800033569336,61.751617431640625,31707600
2023-06-28,74.47000122070312,74.91000366210938,74.41999816894531,74.91000366210938,62.10812759399414,35679600
2023-06-29,74.63999938964844,74.72000122070312,74.43000030517578,74.70999908447266,61.942283630371094,41712000
2023-06-30,74.95999908447266,75.23999786376953,74.88999938964844,75.06999969482422,62.240760803222656,35842000
2023-07-03,74.68000030517578,74.69000244140625,74.5199966430664,74.55000305175781,62.143253326416016,13046500
2023-07-05,74.5199966430664,74.54000091552734,74.19999694824219,74.31999969482422,61.95155334472656,37947100
2023-07-06,73.77999877929688,73.86000061035156,73.58000183105469,73.77999877929688,61.50138854980469,52251100
2023-07-07,73.76000213623047,74.33000183105469,73.7300033569336,73.8499984741211,61.55976486206055,42269100
2023-07-10,73.91999816894531,74.30000305175781,73.91000366210938,74.22000122070312,61.868167877197266,45752200
2023-07-11,74.41000366210938,74.62000274658203,74.29000091552734,74.62000274658203,62.20160675048828,32000700
2023-07-12,75.08999633789062,75.30999755859375,75.0199966430664,75.19999694824219,62.68505859375,42820700
2023-07-13,75.5,75.7300033569336,75.41000366210938,75.6500015258789,63.060184478759766,33954200
2023-07-14,75.56999969482422,75.62999725341797,75.05000305175781,75.0999984741211,62.60176086425781,36081800
2023-07-17,75.05999755859375,75.36000061035156,75.0,75.23999786376953,62.718414306640625,28836600
2023-07-18,75.30000305175781,75.55000305175781,75.2699966430664,75.44999694824219,62.89348602294922,25990800
2023-07-19,75.58999633789062,75.6500015258789,75.45999908447266,75.51000213623047,62.94347381591797,26794800
2023-07-20,75.20999908447266,75.30000305175781,74.9800033569336,75.18000030517578,62.66839599609375,27028500
2023-07-21,75.19999694824219,75.48999786376953,75.19999694824219,75.37000274658203,62.826778411865234,37447800
2023-07-24,75.43000030517578,75.54000091552734,75.22000122070312,75.23999786376953,62.718414306640625,20925500
2023-07-25,75.16000366210938,75.2699966430664,75.05999755859375,75.19000244140625,62.676719665527344,30067600
2023-07-26,75.16000366210938,75.55999755859375,75.12000274658203,75.48999786376953,62.92679977416992,33068400
2023-07-27,75.62999725341797,75.69000244140625,74.7300033569336,74.88999938964844,62.426673889160156,48675800
2023-07-28,75.20999908447266,75.37999725341797,75.1500015258789,75.31999969482422,62.78510665893555,27588400
2023-07-31,75.41999816894531,75.5999984741211,75.37999725341797,75.5,62.935142517089844,30744800
2023-08-01,74.95999908447266,74.95999908447266,74.68000030517578,74.7699966430664,62.623565673828125,34529700
2023-08-02,74.44999694824219,74.5199966430664,74.26000213623047,74.44999694824219,62.355587005615234,37500500
2023-08-03,74.20999908447266,74.36000061035156,74.08999633789062,74.20999908447266,62.154544830322266,30348000
2023-08-04,74.6500015258789,74.94000244140625,74.56999969482422,74.6500015258789,62.523101806640625,37411900
2023-08-07,74.79000091552734,74.83000183105469,74.5999984741211,74.79000091552734,62.64031219482422,19412600
2023-08-08,74.73999786376953,75.0,74.66000366210938,74.94999694824219,62.77433395385742,32545600
2023-08-09,74.95999908447266,75.05000305175781,74.80000305175781,74.95999908447266,62.78271484375,27569200
2023-08-10,75.01000213623047,75.3499984741211,74.73999786376953,74.94000244140625,62.7659912109375,43697200
2023-08-11,74.68000030517578,74.86000061035156,74.58000183105469,74.83000183105469,62.673831939697266,23329000
2023-08-14,74.69999694824219,74.93000030517578,74.56999969482422,74.81999969482422,62.665462493896484,28545100
2023-08-15,74.62000274658203,74.79000091552734,74.55000305175781,74.58000183105469,62.46446228027344,32968600
2023-08-16,74.55000305175781,74.75,74.3499984741211,74.3499984741211,62.27181625366211,31759400
2023-08-17,74.38999938964844,74.41999816894531,73.86000061035156,74.04000091552734,62.01217269897461,38546600
2023-08-18,73.88999938964844,74.31999969482422,73.86000061035156,74.08999633789062,62.054054260253906,44130500
2023-08-21,74.08000183105469,74.13999938964844,73.83999633789062,74.06999969482422,62.037296295166016,30768700
2023-08-22,74.2300033569336,74.26000213623047,74.05000305175781,74.11000061035156,62.07081604003906,18135400
2023-08-23,74.4000015258789,74.81999969482422,74.4000015258789,74.70999908447266,62.57331848144531,33378000
2023-08-24,74.72000122070312,74.72000122070312,74.22000122070312,74.30000305175781,62.22993469238281,34336100
2023-08-25,74.31999969482422,74.69999694824219,74.26000213623047,74.61000061035156,62.489585876464844,31149300
2023-08-28,74.9000015258789,74.93000030517578,74.69000244140625,74.88999938964844,62.72408676147461,21461600
2023-08-29,74.80999755859375,75.36000061035156,74.77999877929688,75.36000061035156,63.11773681640625,42178200
2023-08-30,75.36000061035156,75.4800033569336,75.26000213623047,75.33000183105469,63.09263229370117,29458200
2023-08-31,75.2699966430664,75.37999725341797,75.16000366210938,75.27999877929688,63.050716400146484,30824500
2023-09-01,75.19000244140625,75.23999786376953,74.8499984741211,75.06999969482422,63.169376373291016,33213100
2023-09-05,74.95999908447266,74.95999908447266,74.5199966430664,74.58000183105469,62.75704574584961,29500600
2023-09-06,74.51000213623047,74.55000305175781,74.25,74.4000015258789,62.6055908203125,30797500
2023-09-07,74.27999877929688,74.69000244140625,74.27999877929688,74.6500015258789,62.81595993041992,28757400
2023-09-08,74.80000305175781,74.87999725341797,74.55999755859375,74.62000274658203,62.790706634521484,26389100
2023-09-11,74.72000122070312,74.75,74.56999969482422,74.75,62.90010070800781,29159400
2023-09-12,74.55999755859375,74.76000213623047,74.55999755859375,74.62999725341797,62.799137115478516,21668500
2023-09-13,74.5999984741211,74.91000366210938,74.5999984741211,74.83000183105469,62.96742630004883,27498900
2023-09-14,74.91000366210938,75.0,74.83000183105469,74.91999816894531,63.04315948486328,29575900
2023-09-15,74.69999694824219,74.8499984741211,74.63999938964844,74.63999938964844,62.80756378173828,41636900
2023-09-18,74.55000305175781,74.7699966430664,74.55000305175781,74.69000244140625,62.84961700439453,19549700
2023-09-19,74.52999877929688,74.63999938964844,74.41000366210938,74.45999908447266,62.65607833862305,33937200
2023-09-20,74.62999725341797,74.76000213623047,74.38999938964844,74.4000015258789,62.6055908203125,26715100
2023-09-21,74.0999984741211,74.16000366210938,73.87000274658203,73.87000274658203,62.15961837768555,43327300
2023-09-22,74.0199966430664,74.2699966430664,73.98999786376953,74.0,62.26899719238281,36657300
2023-09-25,73.80999755859375,74.02999877929688,73.7300033569336,73.9000015258789,62.18486022949219,30197500
2023-09-26,73.83999633789062,73.88999938964844,73.52999877929688,73.58000183105469,61.91557693481445,39193000
2023-09-27,73.79000091552734,73.8499984741211,73.3499984741211,73.4800033569336,61.8314323425293,45532200
2023-09-28,73.3499984741211,73.86000061035156,73.30999755859375,73.83000183105469,62.12595748901367,45776600
2023-09-29,74.13999938964844,74.20999908447266,73.70999908447266,73.72000122070312,62.033390045166016,51698300
2023-10-02,73.0999984741211,73.23999786376953,72.80000305175781,72.88999938964844,61.65696334838867,69255900
2023-10-03,72.5999984741211,72.80000305175781,72.12000274658203,72.1500015258789,61.031005859375,77754200
2023-10-04,72.31999969482422,72.62999725341797,72.12000274658203,72.5199966430664,61.343994140625,138971500
2023-10-05,72.47000122070312,72.68000030517578,72.4000015258789,72.58999633789062,61.4031982421875,56138500
2023-10-06,72.30000305175781,72.81999969482422,72.0999984741211,72.69000244140625,61.487789154052734,52741500
2023-10-09,72.69999694824219,73.23999786376953,72.69999694824219,73.2300033569336,61.94457244873047,27277200
2023-10-10,73.04000091552734,73.44000244140625,72.94999694824219,73.20999908447266,61.927635192871094,50761600
2023-10-11,73.3499984741211,73.44000244140625,72.87999725341797,73.19999694824219,61.919185638427734,53330500
2023-10-12,73.16999816894531,73.16999816894531,72.58999633789062,72.80999755859375,61.58928680419922,60368000
2023-10-13,73.01000213623047,73.23999786376953,72.68000030517578,72.75,61.53853988647461,54191200
2023-10-16,72.72000122070312,72.91000366210938,72.66999816894531,72.7300033569336,61.521629333496094,39352900
2023-10-17,72.41999816894531,72.61000061035156,72.29000091552734,72.38999938964844,61.23404312133789,50948700
2023-10-18,72.30999755859375,72.45999908447266,71.98999786376953,72.04000091552734,60.937957763671875,58306500
2023-10-19,72.04000091552734,72.4000015258789,71.77999877929688,71.77999877929688,60.71803283691406,70971900
2023-10-20,71.86000061035156,72.08999633789062,71.81999969482422,71.93000030517578,60.84492492675781,64845500
2023-10-23,71.7699966430664,72.41999816894531,71.68000030517578,72.22000122070312,61.0902099609375,47508700
2023-10-24,72.41000366210938,72.62000274658203,72.33000183105469,72.58999633789062,61.4031982421875,46427900
2023-10-25,72.41000366210938,72.47000122070312,72.12000274658203,72.19999694824219,61.07331085205078,42518300
2023-10-26,72.20999908447266,72.58000183105469,72.0999984741211,72.44999694824219,61.28477096557617,45233400
2023-10-27,72.5199966430664,72.61000061035156,72.2300033569336,72.36000061035156,61.20863342285156,35621800
2023-10-30,72.3499984741211,72.5,72.2699966430664,72.37999725341797,61.22554397583008,29094000
2023-10-31,72.41000366210938,72.80000305175781,72.37999725341797,72.56999969482422,61.38627624511719,42185900
2023-11-01,72.27999877929688,72.87000274658203,72.27999877929688,72.87000274658203,61.97138595581055,59313100
2023-11-02,73.33000183105469,73.79000091552734,73.31999969482422,73.69000244140625,62.66874694824219,68930600
2023-11-03,74.1500015258789,74.45999908447266,74.0,74.41000366210938,63.28105926513672,88763600
2023-11-06,74.23999786376953,74.38999938964844,74.04000091552734,74.11000061035156,63.025936126708984,93899100
2023-11-07,74.05999755859375,74.20999908447266,73.9000015258789,74.12000274658203,63.03443145751953,50458200
2023-11-08,74.0999984741211,74.2300033569336,74.05999755859375,74.16000366210938,63.068443298339844,41143500
2023-11-09,74.05000305175781,74.19000244140625,73.68000030517578,73.69999694824219,62.67723846435547,62856100
2023-11-10,73.91000366210938,74.0999984741211,73.87000274658203,74.05999755859375,62.983402252197266,35563300
2023-11-13,73.79000091552734,74.05999755859375,73.79000091552734,73.98999786376953,62.923866271972656,37530100
2023-11-14,74.62000274658203,74.93000030517578,74.62000274658203,74.73999786376953,63.561702728271484,68210800
2023-11-15,74.61000061035156,74.70999908447266,74.43000030517578,74.5,63.357574462890625,44022800
2023-11-16,74.52999877929688,74.66999816894531,74.44999694824219,74.5999984741211,63.44264602661133,52928200
2023-11-17,74.61000061035156,74.7699966430664,74.4800033569336,74.7699966430664,63.587215423583984,44272100
2023-11-20,74.6500015258789,74.94999694824219,74.6500015258789,74.8499984741211,63.65525817871094,30846200
2023-11-21,74.80000305175781,74.97000122070312,74.80000305175781,74.94999694824219,63.74028778076172,29493900
2023-11-22,75.05000305175781,75.16000366210938,74.87999725341797,75.08000183105469,63.850860595703125,40866800
2023-11-24,75.0199966430664,75.02999877929688,74.94999694824219,75.0,63.7828254699707,8536200
2023-11-27,75.0,75.19999694824219,74.93000030517578,75.11000061035156,63.87636184692383,31007400
2023-11-28,75.0999984741211,75.47000122070312,75.05000305175781,75.44000244140625,64.15701293945312,44031100
2023-11-29,75.73999786376953,76.04000091552734,75.70999908447266,75.8499984741211,64.50569152832031,48815500
2023-11-30,75.81999969482422,75.86000061035156,75.4800033569336,75.70999908447266,64.3866195678711,55047100
2023-12-01,75.29000091552734,76.01000213623047,75.19999694824219,75.98999786376953,64.91970825195312,60321100
2023-12-04,75.55000305175781,75.8499984741211,75.55000305175781,75.80000305175781,64.75740051269531,33105700
2023-12-05,75.66999816894531,75.95999908447266,75.66999816894531,75.87000274658203,64.81719970703125,32466500
2023-12-06,75.95999908447266,76.02999877929688,75.83000183105469,75.87999725341797,64.82575225830078,21297200
2023-12-07,75.98999786376953,76.13999938964844,75.91999816894531,76.01000213623047,64.93682098388672,27779300
2023-12-08,75.80999755859375,75.91000366210938,75.66999816894531,75.86000061035156,64.80865478515625,30123200
2023-12-11,75.80000305175781,75.81999969482422,75.56999969482422,75.80999755859375,64.76594543457031,30141700
2023-12-12,75.7699966430664,76.01000213623047,75.5999984741211,75.9800033569336,64.91117095947266,29203400
2023-12-13,76.0999984741211,77.1500015258789,76.05999755859375,77.13999938964844,65.90217590332031,64201300
2023-12-14,77.12999725341797,77.37999725341797,76.94999694824219,77.0999984741211,66.1932373046875,67220400
2023-12-15,77.02999877929688,77.3499984741211,76.75,76.93000030517578,66.0472640991211,36336400
2023-12-18,77.08000183105469,77.08000183105469,76.7300033569336,76.9800033569336,66.09021759033203,34793600
2023-12-19,77.06999969482422,77.29000091552734,77.04000091552734,77.19999694824219,66.27909088134766,25269400
2023-12-20,77.29000091552734,77.54000091552734,77.16999816894531,77.20999908447266,66.28766632080078,38376400
2023-12-21,77.51000213623047,77.62999725341797,77.31999969482422,77.55999755859375,66.588134765625,22861400
2023-12-22,77.69000244140625,77.75,77.41999816894531,77.47000122070312,66.5108871459961,18048400
2023-12-26,77.5,77.62999725341797,77.4800033569336,77.62000274658203,66.6396484375,12374700
2023-12-27,77.66999816894531,78.08000183105469,77.61000061035156,77.94000244140625,66.91438293457031,22835300
2023-12-28,77.9000015258789,77.91000366210938,77.54000091552734,77.69000244140625,66.69978332519531,22648100
2023-12-29,77.66999816894531,77.86000061035156,77.38999938964844,77.38999938964844,66.44221496582031,36993900
2024-01-02,77.12999725341797,77.23999786376953,77.04000091552734,77.12999725341797,66.21898651123047,41547100
2024-01-03,76.72000122070312,77.08000183105469,76.55000305175781,76.91999816894531,66.0386962890625,39495500
2024-01-04,76.80999755859375,76.9000015258789,76.5999984741211,76.62000274658203,65.78113555908203,32856100
2024-01-05,76.5999984741211,77.0,76.55000305175781,76.68000030517578,65.83267974853516,31158500
2024-01-08,76.69999694824219,77.16999816894531,76.69999694824219,77.11000061035156,66.20182037353516,33479100
2024-01-09,77.01000213623047,77.31999969482422,76.95999908447266,77.2300033569336,66.3048324584961,25593500
2024-01-10,77.41000366210938,77.48999786376953,77.27999877929688,77.37000274658203,66.42503356933594,35702800
2024-01-11,77.3499984741211,77.62999725341797,77.16999816894531,77.62000274658203,66.6396484375,35947100
2024-01-12,77.68000030517578,77.91999816894531,77.62999725341797,77.69999694824219,66.7083511352539,31155500
2024-01-16,77.55000305175781,77.55000305175781,77.12999725341797,77.20999908447266,66.28766632080078,43669900
2024-01-17,77.08000183105469,77.08000183105469,76.7300033569336,76.87999725341797,66.00435638427734,54160800
2024-01-18,76.98999786376953,77.05000305175781,76.8499984741211,77.04000091552734,66.14171600341797,34837600
2024-01-19,77.06999969482422,77.16999816894531,76.77999877929688,77.16999816894531,66.2533187866211,44359700
2024-01-22,77.18000030517578,77.43000030517578,77.18000030517578,77.2300033569336,66.3048324584961,36758900
2024-01-23,77.19000244140625,77.25,77.02999877929688,77.13999938964844,66.22756958007812,24561500
2024-01-24,77.4000015258789,77.43000030517578,77.02999877929688,77.0999984741211,66.1932373046875,27623300
2024-01-25,77.37000274658203,77.69000244140625,77.30000305175781,77.69000244140625,66.69978332519531,48268800
2024-01-26,77.6500015258789,77.7699966430664,77.58999633789062,77.62999725341797,66.64824676513672,26232800
2024-01-29,77.66000366210938,77.83000183105469,77.56999969482422,77.80000305175781,66.79419708251953,25924900
2024-01-30,77.80000305175781,77.83000183105469,77.52999877929688,77.69999694824219,66.7083511352539,32486600
2024-01-31,77.69999694824219,77.9000015258789,77.43000030517578,77.4800033569336,66.51949310302734,55548900
2024-02-01,77.33000183105469,77.61000061035156,77.11000061035156,77.54000091552734,66.902587890625,48019300
2024-02-02,77.05000305175781,77.29000091552734,77.04000091552734,77.19000244140625,66.60057830810547,42727400
2024-02-05,76.94999694824219,77.01000213623047,76.66000366210938,76.83000183105469,66.28997039794922,51908600
2024-02-06,76.87000274658203,77.22000122070312,76.87000274658203,77.11000061035156,66.53153991699219,32948200
2024-02-07,77.2699966430664,77.30000305175781,77.0199966430664,77.23999786376953,66.64372253417969,42954100
2024-02-08,77.18000030517578,77.30000305175781,77.12000274658203,77.19999694824219,66.60921478271484,25548400
2024-02-09,77.25,77.41000366210938,77.13999938964844,77.36000061035156,66.74725341796875,33951400
2024-02-12,77.33000183105469,77.45999908447266,77.16999816894531,77.19000244140625,66.60057830810547,36249100
2024-02-13,76.66999816894531,76.80000305175781,76.44000244140625,76.56999969482422,66.06564331054688,69904200
2024-02-14,76.79000091552734,76.98999786376953,76.7300033569336,76.87000274658203,66.32447052001953,38603100
2024-02-15,77.0,77.2300033569336,76.94000244140625,77.13999938964844,66.55743408203125,44319900
2024-02-16,76.93000030517578,77.01000213623047,76.81999969482422,76.91000366210938,66.35899353027344,50322900
2024-02-20,76.88999938964844,77.12999725341797,76.81999969482422,77.06999969482422,66.4970474243164,31994100
2024-02-21,77.05999755859375,77.12000274658203,76.81999969482422,76.93000030517578,66.37625885009766,38674100
2024-02-22,77.1500015258789,77.30999755859375,77.0999984741211,77.30000305175781,66.69550323486328,45450200
2024-02-23,77.37000274658203,77.45999908447266,77.29000091552734,77.3499984741211,66.73861694335938,24686900
2024-02-26,77.31999969482422,77.3499984741211,77.08000183105469,77.0999984741211,66.52293395996094,32795300
2024-02-27,77.1500015258789,77.19999694824219,77.05000305175781,77.19999694824219,66.60921478271484,30926600
2024-02-28,77.1500015258789,77.27999877929688,77.0999984741211,77.19000244140625,66.60057830810547,24667600
2024-02-29,77.30000305175781,77.47000122070312,77.23999786376953,77.33000183105469,66.72135925292969,43322400
2024-03-01,76.93000030517578,77.20999908447266,76.77999877929688,77.18000030517578,66.97128295898438,39342900
2024-03-04,77.12000274658203,77.2300033569336,77.02999877929688,77.16000366210938,66.95393371582031,21607300
2024-03-05,77.16000366210938,77.3499984741211,77.05999755859375,77.0999984741211,66.90186309814453,38076900
2024-03-06,77.30000305175781,77.41000366210938,77.18000030517578,77.29000091552734,67.0667495727539,34335200
2024-03-07,77.48999786376953,77.51000213623047,77.31999969482422,77.37999725341797,67.14482116699219,30393000
2024-03-08,77.48999786376953,77.7300033569336,77.38999938964844,77.4000015258789,67.16218566894531,38317900
2024-03-11,77.33999633789062,77.43000030517578,77.30000305175781,77.38999938964844,67.15349578857422,27177600
2024-03-12,77.51000213623047,77.51000213623047,77.26000213623047,77.45999908447266,67.2142562866211,33351700
2024-03-13,77.4000015258789,77.68000030517578,77.4000015258789,77.48999786376953,67.24027252197266,28482200
2024-03-14,77.47000122070312,77.51000213623047,77.02999877929688,77.12000274658203,66.91921997070312,46677200
2024-03-15,77.08000183105469,77.23999786376953,76.95999908447266,77.06999969482422,66.87582397460938,53985300
2024-03-18,77.2699966430664,77.31999969482422,77.18000030517578,77.25,67.03203582763672,34649300
2024-03-19,77.2300033569336,77.58000183105469,77.22000122070312,77.55999755859375,67.3010025024414,41841500
2024-03-20,77.54000091552734,77.8499984741211,77.47000122070312,77.81999969482422,67.526611328125,36886700
2024-03-21,77.94999694824219,77.95999908447266,77.68000030517578,77.77999877929688,67.49191284179688,34693300
2024-03-22,77.80999755859375,77.88999938964844,77.66000366210938,77.69999694824219,67.4225082397461,26955700
2024-03-25,77.55999755859375,77.66999816894531,77.54000091552734,77.58000183105469,67.3183822631836,29373100
2024-03-26,77.66999816894531,77.68000030517578,77.47000122070312,77.48999786376953,67.24027252197266,28522200
2024-03-27,77.68000030517578,77.9000015258789,77.5999984741211,77.9000015258789,67.5960464477539,28891100
2024-03-28,77.80000305175781,77.91999816894531,77.72000122070312,77.7300033569336,67.44854736328125,31546700
2024-04-01,77.3499984741211,77.3499984741211,76.98999786376953,77.0199966430664,67.17381286621094,47857400
2024-04-02,76.76000213623047,76.91000366210938,76.72000122070312,76.88999938964844,67.0604248046875,45551200
2024-04-03,76.77999877929688,76.98999786376953,76.70999908447266,76.94999694824219,67.11273956298828,29542300
2024-04-04,77.11000061035156,77.22000122070312,76.77999877929688,76.88999938964844,67.0604248046875,36056400
2024-04-05,76.83000183105469,76.93000030517578,76.79000091552734,76.81999969482422,66.9993667602539,30857300
2024-04-08,76.83000183105469,77.04000091552734,76.77999877929688,77.0,67.1563491821289,31067800
2024-04-09,77.12000274658203,77.2300033569336,77.0199966430664,77.16000366210938,67.29589080810547,32219100
2024-04-10,76.6500015258789,76.76000213623047,76.30000305175781,76.4800033569336,66.70285034179688,76623900
2024-04-11,76.51000213623047,76.55999755859375,76.20999908447266,76.41000366210938,66.64178466796875,50836000
2024-04-12,76.37999725341797,76.41999816894531,76.25,76.37000274658203,66.6069107055664,41441700
2024-04-15,76.44999694824219,76.44999694824219,75.83999633789062,75.93000030517578,66.22315216064453,55560400
2024-04-16,75.91000366210938,75.91000366210938,75.58999633789062,75.68000030517578,66.0051040649414,55746100
2024-04-17,75.88999938964844,76.04000091552734,75.70999908447266,75.77999877929688,66.09233093261719,48158800
2024-04-18,75.77999877929688,75.88999938964844,75.63999938964844,75.83999633789062,66.14463806152344,40291400
2024-04-19,75.91000366210938,76.08000183105469,75.9000015258789,75.9800033569336,66.2667465209961,54739500
2024-04-22,76.13999938964844,76.43000030517578,76.11000061035156,76.4000015258789,66.63306427001953,40772500
2024-04-23,76.47000122070312,76.76000213623047,76.37999725341797,76.70999908447266,66.90342712402344,43554400
2024-04-24,76.66999816894531,76.69999694824219,76.37000274658203,76.54000091552734,66.75516510009766,40496500
2024-04-25,76.08000183105469,76.4000015258789,75.91000366210938,76.37999725341797,66.61560821533203,46371600
2024-04-26,76.37000274658203,76.66000366210938,76.37000274658203,76.62000274658203,66.82494354248047,34500800
2024-04-29,76.72000122070312,76.8499984741211,76.66999816894531,76.8499984741211,67.02552032470703,33157800
2024-04-30,76.5999984741211,76.76000213623047,76.29000091552734,76.29000091552734,66.53714752197266,49937500
2024-05-01,75.94999694824219,76.62999725341797,75.93000030517578,76.29000091552734,66.8878402709961,71484700
2024-05-02,76.4800033569336,76.77999877929688,76.33000183105469,76.76000213623047,67.2999038696289,41497900
2024-05-03,77.1500015258789,77.38999938964844,76.94000244140625,77.08000183105469,67.58045959472656,44204400
2024-05-06,77.16999816894531,77.2300033569336,77.12000274658203,77.16999816894531,67.65938568115234,29547100
2024-05-07,77.26000213623047,77.27999877929688,77.02999877929688,77.18000030517578,67.66812896728516,34064000
2024-05-08,76.98999786376953,77.05999755859375,76.94999694824219,77.0,67.51029968261719,22959500
2024-05-09,76.95999908447266,77.05999755859375,76.86000061035156,77.0199966430664,67.52787017822266,24590900
2024-05-10,77.01000213623047,77.02999877929688,76.80999755859375,76.9000015258789,67.42265319824219,24633800
2024-05-13,77.05999755859375,77.05999755859375,76.8499984741211,76.87999725341797,67.40511322021484,22109800
2024-05-14,76.91999816894531,77.02999877929688,76.9000015258789,77.0,67.51029968261719,27298700
2024-05-15,77.25,77.45999908447266,77.19000244140625,77.44999694824219,67.90485382080078,56544400
2024-05-16,77.45999908447266,77.45999908447266,77.26000213623047,77.2699966430664,67.7470703125,31749800
2024-05-17,77.22000122070312,77.30999755859375,77.16000366210938,77.27999877929688,67.75582122802734,31550300
2024-05-20,77.2300033569336,77.31999969482422,77.19999694824219,77.31999969482422,67.79087829589844,18665000
2024-05-21,77.2699966430664,77.4000015258789,77.25,77.26000213623047,67.73828125,20295900
2024-05-22,77.1500015258789,77.19000244140625,77.0199966430664,77.08999633789062,67.5892333984375,31110700
2024-05-23,77.16999816894531,77.22000122070312,76.79000091552734,76.81999969482422,67.35250854492188,36464700
2024-05-24,76.94000244140625,77.11000061035156,76.83999633789062,77.08999633789062,67.5892333984375,20488500
2024-05-28,77.16999816894531,77.19000244140625,76.76000213623047,76.77999877929688,67.31742858886719,27771700
2024-05-29,76.54000091552734,76.6500015258789,76.5199966430664,76.55000305175781,67.11576843261719,38800000
2024-05-30,76.62999725341797,76.87999725341797,76.62999725341797,76.86000061035156,67.3875961303711,44210200
2024-05-31,76.91999816894531,77.1500015258789,76.91999816894531,77.12999725341797,67.62429809570312,45381900
2024-06-03,76.87000274658203,77.01000213623047,76.83999633789062,77.01000213623047,67.8339614868164,36791300
2024-06-04,76.91999816894531,77.0999984741211,76.91000366210938,76.97000122070312,67.79869842529297,39230600
2024-06-05,77.12000274658203,77.22000122070312,76.95999908447266,77.22000122070312,68.01891326904297,29793700
2024-06-06,77.18000030517578,77.18000030517578,77.04000091552734,77.08999633789062,67.9044189453125,24398300
2024-06-07,76.79000091552734,76.94000244140625,76.75,76.88999938964844,67.72824096679688,32498800
2024-06-10,76.80999755859375,76.97000122070312,76.76000213623047,76.95999908447266,67.7898941040039,24875700
2024-06-11,76.91999816894531,77.06999969482422,76.8499984741211,77.05999755859375,67.87798309326172,25339600
2024-06-12,77.58999633789062,77.63999938964844,77.3499984741211,77.37000274658203,68.15104675292969,51775700
2024-06-13,77.55000305175781,77.55000305175781,77.26000213623047,77.36000061035156,68.14226531982422,38532000
2024-06-14,77.11000061035156,77.18000030517578,76.94999694824219,77.05999755859375,67.87798309326172,52953300
2024-06-17,76.94000244140625,77.19000244140625,76.83999633789062,77.11000061035156,67.92203521728516,33165000
2024-06-18,77.19999694824219,77.41000366210938,77.18000030517578,77.3499984741211,68.1334228515625,46845500
2024-06-20,77.31999969482422,77.33999633789062,77.13999938964844,77.30000305175781,68.08940887451172,26989000
2024-06-21,77.29000091552734,77.41000366210938,77.20999908447266,77.38999938964844,68.16867065429688,26857600
2024-06-24,77.36000061035156,77.51000213623047,77.30999755859375,77.30999755859375,68.09819030761719,28766200
2024-06-25,77.36000061035156,77.41999816894531,77.27999877929688,77.41000366210938,68.18627166748047,26111600
2024-06-26,77.26000213623047,77.2699966430664,77.16999816894531,77.23999786376953,68.03654479980469,29282000
2024-06-27,77.19999694824219,77.33000183105469,77.18000030517578,77.33000183105469,68.11581420898438,29404500
2024-06-28,77.37999725341797,77.5199966430664,77.13999938964844,77.13999938964844,67.94844818115234,34952000
2024-07-01,76.87000274658203,76.91999816894531,76.69000244140625,76.72000122070312,67.9351577758789,31113100
2024-07-02,76.7300033569336,76.94999694824219,76.69000244140625,76.93000030517578,68.12112426757812,30418400
2024-07-03,76.91999816894531,77.19999694824219,76.91999816894531,77.19999694824219,68.36021423339844,22067300
2024-07-05,77.27999877929688,77.44999694824219,77.23999786376953,77.43000030517578,68.56388854980469,25941500
2024-07-08,77.41000366210938,77.4800033569336,77.30999755859375,77.41000366210938,68.54617309570312,26962000
2024-07-09,77.41000366210938,77.41000366210938,77.2300033569336,77.31999969482422,68.4664535522461,19108500
2024-07-10,77.41000366210938,77.5199966430664,77.37000274658203,77.5,68.62584686279297,25361900
2024-07-11,77.76000213623047,77.83999633789062,77.70999908447266,77.77999877929688,68.87378692626953,44932500
2024-07-12,77.79000091552734,78.0199966430664,77.79000091552734,77.9800033569336,69.0509033203125,31688100
2024-07-15,78.04000091552734,78.06999969482422,77.9000015258789,77.98999786376953,69.05973815917969,23235600
2024-07-16,78.06999969482422,78.33000183105469,78.0,78.29000091552734,69.32540893554688,41375400
2024-07-17,78.05999755859375,78.25,78.02999877929688,78.19999694824219,69.2457046508789,32750400
2024-07-18,78.23999786376953,78.2699966430664,77.97000122070312,78.04000091552734,69.10403442382812,42513000
2024-07-19,78.12000274658203,78.12999725341797,77.87999725341797,77.9800033569336,69.0509033203125,36125700
2024-07-22,78.16999816894531,78.27999877929688,78.11000061035156,78.2699966430664,69.30768585205078,32378800
2024-07-23,78.26000213623047,78.41999816894531,78.2300033569336,78.27999877929688,69.31654357910156,28826900
2024-07-24,78.19999694824219,78.30999755859375,78.01000213623047,78.02999877929688,69.09516906738281,37612800
2024-07-25,78.08000183105469,78.33000183105469,78.04000091552734,78.04000091552734,69.10403442382812,35409000
2024-07-26,78.37000274658203,78.37000274658203,78.20999908447266,78.29000091552734,69.32540893554688,23683700
2024-07-29,78.4000015258789,78.44000244140625,78.13999938964844,78.22000122070312,69.26341247558594,28468400
2024-07-30,78.33000183105469,78.3499984741211,78.12000274658203,78.26000213623047,69.29883575439453,33652100
2024-07-31,78.47000122070312,78.5999984741211,78.36000061035156,78.54000091552734,69.54679107666016,50714800
2024-08-01,78.19000244140625,78.30000305175781,77.94000244140625,77.95999908447266,69.39458465576172,51319800
2024-08-02,77.80999755859375,77.97000122070312,77.61000061035156,77.69999694824219,69.16313934326172,71578700
2024-08-05,76.63999938964844,77.37999725341797,76.58000183105469,77.22000122070312,68.73584747314453,104456100
2024-08-06,77.4800033569336,77.80999755859375,77.16999816894531,77.51000213623047,68.99401092529297,60113400
2024-08-07,77.9800033569336,78.01000213623047,77.61000061035156,77.66000366210938,69.12753295898438,56107800
2024-08-08,77.9000015258789,78.0199966430664,77.79000091552734,77.9800033569336,69.4123764038086,31528100
2024-08-09,78.0199966430664,78.08999633789062,77.83000183105469,77.97000122070312,69.40347290039062,29759900
2024-08-12,78.04000091552734,78.04000091552734,77.87000274658203,78.0199966430664,69.44795227050781,33878400
2024-08-13,78.11000061035156,78.38999938964844,78.08999633789062,78.37999725341797,69.7684326171875,37310200
2024-08-14,78.36000061035156,78.55000305175781,78.30000305175781,78.5199966430664,69.8930435180664,36086900
2024-08-15,78.55999755859375,78.62000274658203,78.44999694824219,78.58999633789062,69.95533752441406,39411300
2024-08-16,78.55000305175781,78.87999725341797,78.54000091552734,78.83999633789062,70.1778793334961,33682600
2024-08-19,78.80999755859375,79.0,78.75,78.97000122070312,70.29359436035156,29604300
2024-08-20,79.01000213623047,79.02999877929688,78.7699966430664,78.9000015258789,70.23126983642578,33189300
2024-08-21,78.9800033569336,79.11000061035156,78.91000366210938,79.08000183105469,70.39152526855469,34266700
2024-08-22,79.08000183105469,79.08999633789062,78.88999938964844,78.9800033569336,70.302490234375,29292100
2024-08-23,79.18000030517578,79.4000015258789,79.08000183105469,79.4000015258789,70.67636108398438,32590900
2024-08-26,79.38999938964844,79.43000030517578,79.2300033569336,79.23999786376953,70.533935546875,20460100
2024-08-27,79.1500015258789,79.37000274658203,79.11000061035156,79.29000091552734,70.57843017578125,22784300
2024-08-28,79.30999755859375,79.31999969482422,79.18000030517578,79.25,70.54283142089844,22351600
2024-08-29,79.33000183105469,79.36000061035156,79.2300033569336,79.33000183105469,70.6140365600586,18353000
2024-08-30,79.41999816894531,79.41999816894531,79.23999786376953,79.33999633789062,70.62293243408203,27633300
2024-09-03,78.87999725341797,78.95999908447266,78.6500015258789,78.68000030517578,70.37251281738281,31596800
2024-09-04,78.66000366210938,79.05000305175781,78.66000366210938,78.97000122070312,70.63188171386719,32371800
2024-09-05,79.11000061035156,79.27999877929688,79.05000305175781,79.23999786376953,70.87338256835938,44675300
2024-09-06,79.2699966430664,79.37999725341797,78.98999786376953,79.13999938964844,70.78394317626953,49888900
2024-09-09,79.2699966430664,79.37999725341797,79.16000366210938,79.33000183105469,70.95388793945312,24823800
2024-09-10,79.33999633789062,79.37000274658203,79.0999984741211,79.18000030517578,70.8197021484375,38347600
2024-09-11,79.08999633789062,79.30999755859375,78.97000122070312,79.30000305175781,70.92706298828125,42342700
2024-09-12,79.25,79.48999786376953,79.20999908447266,79.41000366210938,71.02543640136719,28515000
2024-09-13,79.5199966430664,79.68000030517578,79.5,79.62999725341797,71.22222137451172,31806800
2024-09-16,79.66000366210938,79.9000015258789,79.63999938964844,79.83000183105469,71.40107727050781,31402400
2024-09-17,79.9000015258789,79.94000244140625,79.80000305175781,79.8499984741211,71.41897583007812,27423900
2024-09-18,79.87999725341797,80.27999877929688,79.79000091552734,79.91999816894531,71.4815902709961,39546900
2024-09-19,80.29000091552734,80.33000183105469,80.08999633789062,80.16000366210938,71.69624328613281,48785900
2024-09-20,80.16000366210938,80.26000213623047,80.0,80.26000213623047,71.78567504882812,43626300
2024-09-23,80.19000244140625,80.20999908447266,80.08000183105469,80.11000061035156,71.65150451660156,29049400
2024-09-24,80.12000274658203,80.18000030517578,80.0,80.12000274658203,71.66046905517578,28674500
2024-09-25,80.08000183105469,80.11000061035156,80.0199966430664,80.02999877929688,71.5799560546875,28899100
2024-09-26,80.19000244140625,80.19000244140625,80.0199966430664,80.16000366210938,71.69624328613281,32732300
2024-09-27,80.22000122070312,80.37000274658203,80.19999694824219,80.36000061035156,71.87513732910156,36712700
2024-09-30,80.33000183105469,80.37000274658203,80.19000244140625,80.30000305175781,71.82147216796875,31551500
2024-10-01,79.98999786376953,80.0,79.80000305175781,79.87000274658203,71.78550720214844,45992200
2024-10-02,79.77999877929688,79.87999725341797,79.69000244140625,79.87999725341797,71.79450988769531,41214300
2024-10-03,79.77999877929688,79.80999755859375,79.62999725341797,79.69000244140625,71.62371826171875,31147700
2024-10-04,79.68000030517578,79.70999908447266,79.54000091552734,79.5999984741211,71.54283905029297,40122800
2024-10-07,79.54000091552734,79.54000091552734,79.25,79.26000213623047,71.23726654052734,69202500
2024-10-08,79.37000274658203,79.45999908447266,79.30000305175781,79.44999694824219,71.40800476074219,40947200
2024-10-09,79.44000244140625,79.4800033569336,79.33999633789062,79.4000015258789,71.36308288574219,42426500
2024-10-10,79.4000015258789,79.41000366210938,79.25,79.36000061035156,71.32713317871094,30091700
2024-10-11,79.33999633789062,79.58999633789062,79.33999633789062,79.56999969482422,71.51587677001953,26970800
2024-10-14,79.62000274658203,79.62999725341797,79.4000015258789,79.61000061035156,71.55183410644531,12065800
2024-10-15,79.5999984741211,79.72000122070312,79.58000183105469,79.58999633789062,71.53382873535156,31134400
2024-10-16,79.69999694824219,79.80999755859375,79.66000366210938,79.7300033569336,71.65967559814453,31626300
2024-10-17,79.7699966430664,79.80000305175781,79.4800033569336,79.61000061035156,71.55183410644531,46599300
2024-10-18,79.69999694824219,79.80000305175781,79.6500015258789,79.80000305175781,71.72259521484375,28905600
2024-10-21,79.66000366210938,79.70999908447266,79.4000015258789,79.4800033569336,71.43498992919922,36341500
2024-10-22,79.43000030517578,79.45999908447266,79.27999877929688,79.37000274658203,71.33612823486328,35466600
2024-10-23,79.26000213623047,79.30000305175781,79.06999969482422,79.12999725341797,71.12040710449219,39761500
2024-10-24,79.30000305175781,79.41999816894531,79.22000122070312,79.36000061035156,71.32713317871094,30163900
2024-10-25,79.45999908447266,79.55000305175781,79.25,79.27999877929688,71.2552490234375,35590200
2024-10-28,79.41999816894531,79.5199966430664,79.37999725341797,79.4800033569336,71.43498992919922,31854500
2024-10-29,79.25,79.5199966430664,79.2300033569336,79.5,71.45295715332031,42992200
2024-10-30,79.48999786376953,79.6500015258789,79.33000183105469,79.36000061035156,71.32713317871094,28728700
2024-10-31,79.37999725341797,79.37999725341797,79.13999938964844,79.13999938964844,71.12939453125,43194600
2024-11-01,79.02999877929688,79.08000183105469,78.7300033569336,78.75,71.13390350341797,44045700
2024-11-04,79.05000305175781,79.0999984741211,78.88999938964844,78.97000122070312,71.3326416015625,27291200
2024-11-05,78.94000244140625,79.19999694824219,78.94000244140625,79.19000244140625,71.53135681152344,31611900
2024-11-06,79.22000122070312,79.36000061035156,79.08000183105469,79.33000183105469,71.6578369140625,43173100
2024-11-07,79.30000305175781,79.69999694824219,79.25,79.66999816894531,71.96492767333984,51325800
2024-11-08,79.77999877929688,79.83000183105469,79.66999816894531,79.80000305175781,72.08235931396484,30543400
2024-11-11,79.79000091552734,79.81999969482422,79.70999908447266,79.70999908447266,72.00106811523438,11008700
2024-11-12,79.61000061035156,79.69999694824219,79.33000183105469,79.38999938964844,71.7120132446289,44594900
2024-11-13,79.58999633789062,79.5999984741211,79.37999725341797,79.41000366210938,71.73009490966797,33873600
2024-11-14,79.45999908447266,79.52999877929688,79.23999786376953,79.23999786376953,71.57653045654297,32749300
2024-11-15,79.19000244140625,79.27999877929688,79.05000305175781,79.2300033569336,71.5675048828125,33709500
2024-11-18,79.2699966430664,79.38999938964844,79.19000244140625,79.37999725341797,71.70298767089844,27780900
2024-11-19,79.31999969482422,79.56999969482422,79.30000305175781,79.5,71.8113784790039,34523200
2024-11-20,79.48999786376953,79.5,79.38999938964844,79.4800033569336,71.79332733154297,19934000
2024-11-21,79.54000091552734,79.63999938964844,79.47000122070312,79.51000213623047,71.82042694091797,28040000
2024-11-22,79.5,79.58999633789062,79.44999694824219,79.48999786376953,71.80233764648438,29564900
2024-11-25,79.72000122070312,79.8499984741211,79.72000122070312,79.79000091552734,72.07334899902344,35003000
2024-11-26,79.80000305175781,79.80000305175781,79.58000183105469,79.63999938964844,71.93785095214844,41103500
2024-11-27,79.70999908447266,79.87999725341797,79.69000244140625,79.87999725341797,72.15464782714844,30239600
2024-11-29,80.01000213623047,80.06999969482422,79.88999938964844,80.04000091552734,72.29916381835938,25037800
2024-12-02,79.93000030517578,79.93000030517578,79.52999877929688,79.6500015258789,72.27281951904297,32387400
2024-12-03,79.72000122070312,79.73999786376953,79.61000061035156,79.6500015258789,72.27281951904297,24868500
2024-12-04,79.70999908447266,79.83999633789062,79.63999938964844,79.83999633789062,72.44522857666016,22733500
2024-12-05,79.79000091552734,79.81999969482422,79.70999908447266,79.7699966430664,72.3817138671875,23106300
2024-12-06,79.88999938964844,80.0,79.8499984741211,79.9000015258789,72.49967193603516,29931300
2024-12-09,79.9000015258789,79.94000244140625,79.77999877929688,79.80000305175781,72.4089584350586,22095100
2024-12-10,79.94000244140625,79.94000244140625,79.73999786376953,79.83999633789062,72.44522857666016,27195200
2024-12-11,79.94000244140625,79.94999694824219,79.83000183105469,79.86000061035156,72.46339416503906,24730000
2024-12-12,79.80999755859375,79.98999786376953,79.62999725341797,79.63999938964844,72.26377868652344,29081600
2024-12-13,79.70999908447266,79.70999908447266,79.37999725341797,79.41000366210938,72.0550537109375,34201100
2024-12-16,79.55000305175781,79.62000274658203,79.4800033569336,79.55999755859375,72.19117736816406,22269000
2024-12-17,79.41000366210938,79.5,79.38999938964844,79.38999938964844,72.03693389892578,29039500
2024-12-18,79.13999938964844,79.13999938964844,78.1500015258789,78.16999816894531,71.29722595214844,80034500
2024-12-19,78.44999694824219,78.51000213623047,78.08999633789062,78.08999633789062,71.22425842285156,69005700
2024-12-20,78.0,78.66999816894531,78.0,78.58000183105469,71.67118072509766,63276200
2024-12-23,78.6500015258789,78.69000244140625,78.37000274658203,78.37000274658203,71.47965240478516,29239400
2024-12-24,78.4000015258789,78.63999938964844,78.3499984741211,78.62000274658203,71.7076644897461,11926100
2024-12-26,78.51000213623047,78.81999969482422,78.47000122070312,78.81999969482422,71.89008331298828,18384900
2024-12-27,78.73999786376953,78.76000213623047,78.52999877929688,78.55000305175781,71.64383697509766,20631800
2024-12-30,78.58000183105469,78.73999786376953,78.5,78.66000366210938,71.74415588378906,20659200
2024-12-31,78.77999877929688,78.83999633789062,78.55000305175781,78.6500015258789,71.73502349853516,18664900
2025-01-02,78.87999725341797,78.94999694824219,78.72000122070312,78.83999633789062,71.90831756591797,30415400
2025-01-03,78.98999786376953,79.02999877929688,78.93000030517578,78.95999908447266,72.01778411865234,32611000
2025-01-06,79.1500015258789,79.19000244140625,79.0199966430664,79.0999984741211,72.14544677734375,32110000
2025-01-07,79.13999938964844,79.22000122070312,78.81999969482422,78.83999633789062,71.90831756591797,43790200
2025-01-08,78.8499984741211,78.98999786376953,78.76000213623047,78.94000244140625,71.9995346069336,35304900
2025-01-10,78.80000305175781,78.80000305175781,78.5,78.52999877929688,71.62557220458984,37417300
2025-01-13,78.48999786376953,78.55999755859375,78.37000274658203,78.51000213623047,71.60734558105469,39180700
2025-01-14,78.69000244140625,78.7300033569336,78.55000305175781,78.61000061035156,71.69854736328125,29581100
2025-01-15,79.16000366210938,79.30999755859375,79.05999755859375,79.30000305175781,72.32786560058594,53574900
2025-01-16,79.20999908447266,79.41000366210938,79.12000274658203,79.38999938964844,72.40996551513672,32363000
2025-01-17,79.48999786376953,79.5199966430664,79.38999938964844,79.45999908447266,72.47380828857422,29546400
2025-01-21,79.61000061035156,79.69999694824219,79.5999984741211,79.66999816894531,72.66535186767578,32962700
2025-01-22,79.69999694824219,79.72000122070312,79.5199966430664,79.55999755859375,72.56501007080078,25028500
2025-01-23,79.5199966430664,79.66999816894531,79.44000244140625,79.66000366210938,72.65624237060547,27434800
2025-01-24,79.69999694824219,79.83000183105469,79.66000366210938,79.75,72.7383041381836,23648600
2025-01-27,79.66999816894531,79.86000061035156,79.61000061035156,79.80999755859375,72.79304504394531,28540600
2025-01-28,79.7699966430664,79.80999755859375,79.66999816894531,79.77999877929688,72.76567840576172,30439900
2025-01-29,79.76000213623047,79.83000183105469,79.62000274658203,79.7300033569336,72.7200698852539,20072100
2025-01-30,79.94000244140625,79.94000244140625,79.79000091552734,79.87999725341797,72.85686492919922,34495300
2025-01-31,79.9000015258789,79.97000122070312,79.66999816894531,79.72000122070312,72.71094512939453,37101100
2025-02-03,79.16999816894531,79.37000274658203,79.04000091552734,79.26000213623047,72.61933135986328,29965100
2025-02-04,79.30000305175781,79.51000213623047,79.2300033569336,79.51000213623047,72.84839630126953,28938600
2025-02-05,79.54000091552734,79.7699966430664,79.54000091552734,79.72000122070312,73.04078674316406,31834000
2025-02-06,79.72000122070312,79.79000091552734,79.58000183105469,79.5999984741211,72.93082427978516,24224100
2025-02-07,79.55999755859375,79.58000183105469,79.33999633789062,79.3499984741211,72.70178985595703,28778200
2025-02-10,79.54000091552734,79.58999633789062,79.47000122070312,79.51000213623047,72.84839630126953,23382600
2025-02-11,79.52999877929688,79.52999877929688,79.4000015258789,79.4800033569336,72.82090759277344,24410000
2025-02-12,79.20999908447266,79.43000030517578,79.1500015258789,79.30999755859375,72.66514587402344,34362700
2025-02-13,79.43000030517578,79.69999694824219,79.37999725341797,79.66999816894531,72.9949722290039,36149900
2025-02-14,79.79000091552734,79.88999938964844,79.72000122070312,79.76000213623047,73.07743072509766,26668300
2025-02-18,79.75,79.80999755859375,79.63999938964844,79.69000244140625,73.01329040527344,23274200
2025-02-19,79.63999938964844,79.76000213623047,79.55999755859375,79.75,73.06827545166016,38958600
2025-02-20,79.73999786376953,79.81999969482422,79.68000030517578,79.80000305175781,73.11408233642578,25789000
2025-02-21,79.7699966430664,79.86000061035156,79.6500015258789,79.6500015258789,72.9766616821289,32016500
2025-02-24,79.66999816894531,79.83999633789062,79.63999938964844,79.75,73.06827545166016,21029200
2025-02-25,79.94999694824219,79.9800033569336,79.83999633789062,79.94999694824219,73.25150299072266,30604400
2025-02-26,80.0,80.08000183105469,79.97000122070312,80.05999755859375,73.35230255126953,21777500
2025-02-27,80.05000305175781,80.08000183105469,79.87000274658203,79.91000366210938,73.2148666381836,40521800
2025-02-28,79.98999786376953,80.12999725341797,79.93000030517578,80.12999725341797,73.41643524169922,44321200
2025-03-03,79.69000244140625,79.75,79.51000213623047,79.58999633789062,73.26363372802734,40729100
2025-03-04,79.51000213623047,79.63999938964844,79.30999755859375,79.58000183105469,73.25443267822266,66274600
2025-03-05,79.44999694824219,79.68000030517578,79.44000244140625,79.62000274658203,73.29124450683594,32302200
2025-03-06,79.43000030517578,79.5,79.27999877929688,79.31999969482422,73.01509094238281,50431500
2025-03-07,79.3499984741211,79.51000213623047,79.33000183105469,79.44999694824219,73.13475799560547,52828900
2025-03-10,79.30000305175781,79.37999725341797,79.13999938964844,79.1500015258789,72.8586196899414,57602100
2025-03-11,79.20999908447266,79.26000213623047,78.80000305175781,78.87000274658203,72.60086059570312,75826700
2025-03-12,79.05999755859375,79.11000061035156,78.87999725341797,78.95999908447266,72.68370819091797,53763000
2025-03-13,78.86000061035156,78.87000274658203,78.48999786376953,78.5199966430664,72.27867889404297,81223200
2025-03-14,78.83000183105469,78.97000122070312,78.70999908447266,78.87999725341797,72.61007690429688,51469800
2025-03-17,78.88999938964844,79.0999984741211,78.87000274658203,79.06999969482422,72.78495788574219,33954200
2025-03-18,79.01000213623047,79.06999969482422,78.93000030517578,78.93000030517578,72.6561050415039,40195900
2025-03-19,78.95999908447266,79.54000091552734,78.95999908447266,79.44999694824219,73.13475799560547,45212700
2025-03-20,79.38999938964844,79.5,79.26000213623047,79.33999633789062,73.03350067138672,42977600
2025-03-21,79.2699966430664,79.30999755859375,79.06999969482422,79.22000122070312,72.92302703857422,35124000
2025-03-24,79.41999816894531,79.5,79.3499984741211,79.44999694824219,73.13475799560547,36393500
2025-03-25,79.5,79.58000183105469,79.37999725341797,79.41000366210938,73.09793090820312,29075500
2025-03-26,79.4000015258789,79.41999816894531,78.97000122070312,79.08999633789062,72.8033676147461,51236100
2025-03-27,79.05000305175781,79.13999938964844,78.93000030517578,78.94000244140625,72.6653060913086,38493100
2025-03-28,78.98999786376953,79.0,78.66000366210938,78.80000305175781,72.53643035888672,58896900
2025-03-31,78.5199966430664,78.91999816894531,78.5199966430664,78.88999938964844,72.61927795410156,47853500
2025-04-01,78.68000030517578,78.72000122070312,78.43000030517578,78.69000244140625,72.78762817382812,54256000
2025-04-02,78.54000091552734,78.86000061035156,78.54000091552734,78.8499984741211,72.93560791015625,49072400
2025-04-03,78.0999984741211,78.27999877929688,77.73999786376953,77.87000274658203,72.02912139892578,116401400
2025-04-04,76.80000305175781,77.33000183105469,76.54000091552734,76.76000213623047,71.00238800048828,181273300
2025-04-07,75.87000274658203,77.5999984741211,75.62999725341797,76.0999984741211,70.39189147949219,193374800
2025-04-08,77.0199966430664,77.12999725341797,75.41999816894531,75.75,70.06814575195312,106007700
2025-04-09,75.0999984741211,77.83999633789062,75.08000183105469,77.77999877929688,71.94587707519531,152382200
2025-04-10,77.06999969482422,77.18000030517578,76.13999938964844,76.51000213623047,70.7711410522461,93884100
2025-04-11,76.2699966430664,77.16999816894531,76.0,76.73999786376953,70.98388671875,71884000
2025-04-14,77.27999877929688,77.45999908447266,76.94000244140625,77.12000274658203,71.33538818359375,50011400
2025-04-15,77.23999786376953,77.5,77.18000030517578,77.33000183105469,71.5296401977539,39790500
2025-04-16,77.3499984741211,77.5199966430664,77.11000061035156,77.31999969482422,71.52037048339844,52028800
2025-04-17,77.62000274658203,77.79000091552734,77.52999877929688,77.7699966430664,71.93660736083984,37355500
2025-04-21,77.48999786376953,77.51000213623047,77.1500015258789,77.30999755859375,71.51112365722656,36078000
2025-04-22,77.58000183105469,77.80999755859375,77.51000213623047,77.61000061035156,71.78862762451172,33941100
2025-04-23,78.5999984741211,78.73999786376953,77.97000122070312,78.0,72.14937591552734,63723400
2025-04-24,78.27999877929688,78.73999786376953,78.18000030517578,78.69999694824219,72.7968521118164,49007800
2025-04-25,78.58999633789062,78.94000244140625,78.54000091552734,78.7699966430664,72.86162567138672,47981700
2025-04-28,78.77999877929688,78.87000274658203,78.55000305175781,78.80999755859375,72.89860534667969,42220700
2025-04-29,78.6500015258789,79.05000305175781,78.6500015258789,79.0199966430664,73.09288024902344,51198600
2025-04-30,78.62999725341797,78.70999908447266,78.45999908447266,78.5999984741211,72.70437622070312,69994200
2025-05-01,78.4000015258789,78.48999786376953,78.22000122070312,78.30000305175781,72.79828643798828,50848600
2025-05-02,78.5,78.61000061035156,78.36000061035156,78.54000091552734,73.02140045166016,41354100
2025-05-05,78.47000122070312,78.63999938964844,78.4000015258789,78.51000213623047,72.9935073852539,39815300
2025-05-06,78.41000366210938,78.5199966430664,78.33000183105469,78.44999694824219,72.93773651123047,36292600
2025-05-07,78.55999755859375,78.62000274658203,78.36000061035156,78.5199966430664,73.0028076171875,32676200
2025-05-08,78.66999816894531,78.7699966430664,78.44999694824219,78.5,72.9842300415039,32684900
2025-05-09,78.58999633789062,78.69999694824219,78.54000091552734,78.55000305175781,73.03071594238281,23971200
2025-05-12,79.23999786376953,79.38999938964844,79.02999877929688,79.33000183105469,73.75589752197266,70558600
2025-05-13,79.37999725341797,79.58000183105469,79.31999969482422,79.47000122070312,73.88606262207031,52141900
2025-05-14,79.4000015258789,79.43000030517578,79.13999938964844,79.18000030517578,73.6164321899414,45406500
2025-05-15,79.05999755859375,79.33000183105469,79.05999755859375,79.33000183105469,73.75589752197266,49301300
2025-05-16,79.37999725341797,79.43000030517578,79.2699966430664,79.41999816894531,73.83959197998047,30657200
2025-05-19,79.05999755859375,79.38999938964844,79.05000305175781,79.37999725341797,73.80238342285156,26228800
2025-05-20,79.2699966430664,79.37999725341797,79.20999908447266,79.33999633789062,73.76519775390625,25933700
2025-05-21,79.08000183105469,79.22000122070312,78.80000305175781,78.80999755859375,73.27243041992188,54737300
2025-05-22,78.80999755859375,79.05000305175781,78.75,78.97000122070312,73.42120361328125,43242700
2025-05-23,78.76000213623047,78.9800033569336,78.73999786376953,78.94999694824219,73.40260314941406,29598900
2025-05-27,79.27999877929688,79.44000244140625,79.16999816894531,79.43000030517578,73.84889221191406,33524700
2025-05-28,79.41999816894531,79.44000244140625,79.25,79.37999725341797,73.80238342285156,27012900
2025-05-29,79.55999755859375,79.56999969482422,79.41000366210938,79.5,73.9139633178711,28616300
2025-05-30,79.44999694824219,79.58000183105469,79.4000015258789,79.56999969482422,73.9790267944336,28930300
2025-06-02,79.12999725341797,79.19000244140625,78.9800033569336,79.18000030517578,73.96595764160156,45527200
2025-06-03,79.23999786376953,79.3499984741211,79.16999816894531,79.33000183105469,74.10607147216797,28458700
2025-06-04,79.33999633789062,79.51000213623047,79.33999633789062,79.4800033569336,74.2462158203125,41403600
2025-06-05,79.47000122070312,79.48999786376953,79.2699966430664,79.30999755859375,74.08740997314453,44563900
2025-06-06,79.37999725341797,79.38999938964844,79.25,79.30000305175781,74.07806396484375,41300100
2025-06-09,79.27999877929688,79.43000030517578,79.27999877929688,79.33999633789062,74.11542510986328,30169000
2025-06-10,79.41000366210938,79.55000305175781,79.33000183105469,79.52999877929688,74.29290771484375,24234400
2025-06-11,79.58999633789062,79.63999938964844,79.48999786376953,79.51000213623047,74.27423095703125,30114400
2025-06-12,79.51000213623047,79.5999984741211,79.47000122070312,79.5999984741211,74.35830688476562,28373200
2025-06-13,79.41999816894531,79.5,79.30000305175781,79.36000061035156,74.13411712646484,35271000
2025-06-16,79.5199966430664,79.5999984741211,79.48999786376953,79.5199966430664,74.2835693359375,26225100
2025-06-17,79.5199966430664,79.63999938964844,79.37000274658203,79.43000030517578,74.19950103759766,27747200
2025-06-18,79.48999786376953,79.70999908447266,79.43000030517578,79.55000305175781,74.31159210205078,32833500
2025-06-20,79.62000274658203,79.80999755859375,79.58999633789062,79.80000305175781,74.54513549804688,45845800
2025-06-23,79.7699966430664,79.94999694824219,79.70999908447266,79.94999694824219,74.68525695800781,32361400
2025-06-24,80.05000305175781,80.20999908447266,80.0,80.16999816894531,74.89076232910156,50893200
2025-06-25,80.18000030517578,80.22000122070312,80.08000183105469,80.1500015258789,74.87208557128906,24156100
2025-06-26,80.2699966430664,80.38999938964844,80.19999694824219,80.37999725341797,75.08694458007812,28889100
2025-06-27,80.4000015258789,80.47000122070312,80.30000305175781,80.33999633789062,75.049560546875,47849500
2025-06-30,80.52999877929688,80.66999816894531,80.44999694824219,80.6500015258789,75.33916473388672,52885900
2025-07-01,80.19999694824219,80.2699966430664,80.0999984741211,80.16999816894531,75.24435424804688,45411000
2025-07-02,80.16999816894531,80.31999969482422,80.08000183105469,80.31999969482422,75.38516235351562,32359500
2025-07-03,80.30000305175781,80.38999938964844,80.26000213623047,80.37000274658203,75.43208312988281,19750000
2025-07-07,80.33000183105469,80.33999633789062,80.05999755859375,80.0999984741211,75.17866516113281,37027200
2025-07-08,80.08999633789062,80.12000274658203,79.94000244140625,79.98999786376953,75.0754165649414,31358900
2025-07-09,80.13999938964844,80.22000122070312,80.08000183105469,80.20999908447266,75.28190612792969,30277500
2025-07-10,80.20999908447266,80.22000122070312,80.12999725341797,80.12999725341797,75.20682525634766,28776200
2025-07-11,80.04000091552734,80.05000305175781,79.93000030517578,80.02999877929688,75.11296081542969,30482200
2025-07-14,80.01000213623047,80.0999984741211,79.97000122070312,80.08999633789062,75.16928100585938,23716200
2025-07-15,80.16000366210938,80.16999816894531,79.8499984741211,79.8499984741211,74.94402313232422,37039500
2025-07-16,79.94999694824219,80.08000183105469,79.75,80.05999755859375,75.14112091064453,39780100
2025-07-17,80.04000091552734,80.18000030517578,80.0,80.13999938964844,75.21620178222656,25703200
2025-07-18,80.26000213623047,80.31999969482422,80.18000030517578,80.25,75.31945037841797,27686400
2025-07-21,80.31999969482422,80.44999694824219,80.31999969482422,80.36000061035156,75.42269134521484,28483300
2025-07-22,80.44000244140625,80.5199966430664,80.33999633789062,80.5,75.55408477783203,26017700
2025-07-23,80.5199966430664,80.55000305175781,80.44000244140625,80.54000091552734,75.59163665771484,26025000
2025-07-24,80.44000244140625,80.51000213623047,80.41000366210938,80.44000244140625,75.49777221679688,27013700
2025-07-25,80.5,80.58000183105469,80.41000366210938,80.48999786376953,75.54469299316406,30123100
2025-07-28,80.5199966430664,80.5199966430664,80.44000244140625,80.44999694824219,75.50717163085938,22093800
2025-07-29,80.48999786376953,80.55000305175781,80.44999694824219,80.5,75.55408477783203,21371800
2025-07-30,80.44999694824219,80.5199966430664,80.25,80.33000183105469,75.39453887939453,38392400
2025-07-31,80.4000015258789,80.4800033569336,80.33000183105469,80.37999725341797,75.44146728515625,41501300
2025-08-01,80.04000091552734,80.08999633789062,79.80000305175781,79.9800033569336,75.44524383544922,68963100
2025-08-04,80.08999633789062,80.25,80.05999755859375,80.25,75.69993591308594,37539200
2025-08-05,80.20999908447266,80.23999786376953,80.0999984741211,80.20999908447266,75.66218566894531,29656300
2025-08-06,80.20999908447266,80.30000305175781,80.13999938964844,80.29000091552734,75.73765563964844,30512900
2025-08-07,80.30999755859375,80.36000061035156,80.16000366210938,80.20999908447266,75.66218566894531,29405000
2025-08-08,80.19999694824219,80.25,80.16000366210938,80.22000122070312,75.67162322998047,24679000
2025-08-11,80.22000122070312,80.29000091552734,80.16999816894531,80.22000122070312,75.67162322998047,30159800
2025-08-12,80.2699966430664,80.4000015258789,80.20999908447266,80.4000015258789,75.84141540527344,40846200
2025-08-13,80.45999908447266,80.61000061035156,80.45999908447266,80.61000061035156,76.03951263427734,35039600
2025-08-14,80.48999786376953,80.48999786376953,80.3499984741211,80.4000015258789,75.84141540527344,36559900
2025-08-15,80.47000122070312,80.47000122070312,80.37000274658203,80.45999908447266,75.89801025390625,22754000
2025-08-18,80.44000244140625,80.48999786376953,80.37999725341797,80.4000015258789,75.84141540527344,25400800
2025-08-19,80.44999694824219,80.4800033569336,80.36000061035156,80.37999725341797,75.82255554199219,21700500
2025-08-20,80.41000366210938,80.43000030517578,80.30999755859375,80.3499984741211,75.79425811767578,29704900
2025-08-21,80.26000213623047,80.30000305175781,80.19000244140625,80.19999694824219,75.65275573730469,35825900
2025-08-22,80.31999969482422,80.86000061035156,80.30000305175781,80.8499984741211,76.26590728759766,59541500
2025-08-25,80.77999877929688,80.80999755859375,80.69000244140625,80.69000244140625,76.11497497558594,32714800
2025-08-26,80.79000091552734,80.9000015258789,80.73999786376953,80.87000274658203,76.28478240966797,33659900
2025-08-27,80.81999969482422,80.98999786376953,80.81999969482422,80.97000122070312,76.37908935546875,24335000
2025-08-28,80.97000122070312,81.01000213623047,80.9000015258789,81.01000213623047,76.4168472290039,24203800
2025-08-29,80.98999786376953,80.98999786376953,80.86000061035156,80.86000061035156,76.27533721923828,35070300
2025-09-02,80.2699966430664,80.43000030517578,80.19999694824219,80.38999938964844,76.19287872314453,51804000
2025-09-03,80.41000366210938,80.61000061035156,80.41000366210938,80.61000061035156,76.40139770507812,34283100
2025-09-04,80.66000366210938,80.83999633789062,80.62999725341797,80.83000183105469,76.60990142822266,37999700
2025-09-05,80.9800033569336,81.0999984741211,80.83999633789062,80.87000274658203,76.64783477783203,39147800
2025-09-08,80.94999694824219,80.97000122070312,80.8499984741211,80.87000274658203,76.64783477783203,27003400
2025-09-09,80.8499984741211,80.87999725341797,80.66999816894531,80.77999877929688,76.5625228881836,36704500
2025-09-10,80.83999633789062,80.94000244140625,80.79000091552734,80.83999633789062,76.61939239501953,38106100
2025-09-11,80.91000366210938,81.0999984741211,80.91000366210938,81.04000091552734,76.80894470214844,34221500
2025-09-12,81.02999877929688,81.02999877929688,80.94000244140625,80.95999908447266,76.73313903808594,25702800
2025-09-15,81.08000183105469,81.19999694824219,81.06999969482422,81.19000244140625,76.95111083984375,27248800
2025-09-16,81.20999908447266,81.2300033569336,81.0999984741211,81.12999725341797,76.89424896240234,33075600
2025-09-17,81.19000244140625,81.23999786376953,80.91000366210938,81.05000305175781,76.81842803955078,35955700
2025-09-18,81.13999938964844,81.2699966430664,81.06999969482422,81.2300033569336,76.98902893066406,43250000
2025-09-19,81.25,81.29000091552734,81.1500015258789,81.26000213623047,77.01746368408203,32042900
2025-09-22,81.19000244140625,81.33000183105469,81.18000030517578,81.31999969482422,77.07433319091797,26670200
2025-09-23,81.33999633789062,81.36000061035156,81.19999694824219,81.26000213623047,77.01746368408203,37088500
2025-09-24,81.25,81.25,81.12000274658203,81.1500015258789,76.91321563720703,28124300
2025-09-25,81.0,81.01000213623047,80.88999938964844,80.91999816894531,76.69520568847656,33509900
2025-09-26,81.04000091552734,81.11000061035156,80.95999908447266,81.08000183105469,76.84686279296875,31046800
2025-09-29,81.16000366210938,81.23999786376953,81.12999725341797,81.22000122070312,76.97954559326172,28558500
2025-09-30,81.16999816894531,81.20999908447266,81.0999984741211,81.19000244140625,76.95111083984375,54970300
2025-10-01,80.80999755859375,81.0,80.77999877929688,80.95999908447266,77.09491729736328,58042600
2025-10-02,80.94000244140625,80.97000122070312,80.83999633789062,80.93000030517578,77.06633758544922,33348900
2025-10-03,80.91999816894531,80.94000244140625,80.81999969482422,80.83999633789062,76.98063659667969,35109200
2025-10-06,80.88999938964844,80.91000366210938,80.83000183105469,80.86000061035156,76.99967956542969,29485100
2025-10-07,80.88999938964844,80.88999938964844,80.76000213623047,80.7699966430664,76.91397857666016,27672300
2025-10-08,80.81999969482422,80.83999633789062,80.63999938964844,80.6500015258789,76.79971313476562,34932200
2025-10-09,80.63999938964844,80.6500015258789,80.30999755859375,80.41999816894531,76.5806655883789,65586700
2025-10-10,80.47000122070312,80.48999786376953,79.94999694824219,79.94999694824219,76.13312530517578,83840400
2025-10-13,80.2300033569336,80.44999694824219,80.16999816894531,80.44999694824219,76.6092529296875,31926800
2025-10-14,80.18000030517578,80.63999938964844,80.11000061035156,80.54000091552734,76.69495391845703,63860100
2025-10-15,80.72000122070312,80.83000183105469,80.5999984741211,80.80000305175781,76.94255065917969,59802200
2025-10-16,80.80000305175781,80.81999969482422,80.45999908447266,80.51000213623047,76.66638946533203,75725200
2025-10-17,80.44000244140625,80.7300033569336,80.43000030517578,80.72000122070312,76.8663558959961,70044200
2025-10-20,80.7699966430664,80.91000366210938,80.7699966430664,80.87999725341797,77.01872253417969,43762300
2025-10-21,80.87999725341797,80.94000244140625,80.76000213623047,80.76000213623047,76.90446472167969,45418100
2025-10-22,80.76000213623047,80.80999755859375,80.5999984741211,80.68000030517578,76.8282699584961,50698600
2025-10-23,80.69999694824219,80.86000061035156,80.69999694824219,80.86000061035156,76.99967956542969,37962400
2025-10-24,81.02999877929688,81.08999633789062,80.97000122070312,81.08000183105469,77.20917510986328,39905600
2025-10-27,81.16999816894531,81.33000183105469,81.12999725341797,81.27999877929688,77.39962768554688,36495000
2025-10-28,81.27999877929688,81.27999877929688,81.16999816894531,81.19999694824219,77.32343292236328,31591400
2025-10-29,81.19999694824219,81.2300033569336,80.9000015258789,80.94999694824219,77.08538055419922,51827100
2025-10-30,80.79000091552734,80.94000244140625,80.76000213623047,80.80000305175781,76.94255065917969,39967300
2025-10-31,80.88999938964844,80.95999908447266,80.75,80.80000305175781,76.94255065917969,45044600
2025-11-03,80.38999938964844,80.4000015258789,80.12999725341797,80.13999938964844,76.7032470703125,54615100
2025-11-04,79.9800033569336,80.22000122070312,79.95999908447266,80.1500015258789,76.71282958984375,49705000
2025-11-05,80.19000244140625,80.27999877929688,80.16999816894531,80.2300033569336,76.78941345214844,42273700
2025-11-06,80.30999755859375,80.33000183105469,80.12999725341797,80.26000213623047,76.81813049316406,46629200
2025-11-07,80.25,80.3499984741211,80.08999633789062,80.33000183105469,76.88511657714844,47233800
2025-11-10,80.44999694824219,80.6500015258789,80.43000030517578,80.5999984741211,77.14354705810547,51875200
2025-11-11,80.61000061035156,80.7300033569336,80.61000061035156,80.69000244140625,77.22967529296875,17001100
2025-11-12,80.69000244140625,80.69999694824219,80.48999786376953,80.52999877929688,77.0765380859375,43962900
2025-11-13,80.41999816894531,80.41999816894531,80.1500015258789,80.19999694824219,76.76068115234375,53631300
2025-11-14,80.08000183105469,80.4000015258789,80.08000183105469,80.22000122070312,76.77983856201172,40853500
2025-11-17,80.19000244140625,80.2699966430664,80.04000091552734,80.08999633789062,76.65541076660156,42954200
2025-11-18,80.0199966430664,80.19000244140625,79.98999786376953,80.11000061035156,76.67454528808594,44098700
2025-11-19,80.13999938964844,80.30000305175781,80.08999633789062,80.1500015258789,76.71282958984375,33510100
2025-11-20,80.41000366210938,80.48999786376953,80.0999984741211,80.0999984741211,76.66498565673828,65471200
2025-11-21,80.26000213623047,80.41000366210938,80.12999725341797,80.37000274658203,76.92340087890625,62331700
2025-11-24,80.41999816894531,80.5999984741211,80.4000015258789,80.58999633789062,77.13397216796875,38964900
2025-11-25,80.56999969482422,80.9000015258789,80.54000091552734,80.87000274658203,77.40196228027344,56524800
2025-11-26,80.83000183105469,80.9800033569336,80.79000091552734,80.94999694824219,77.47852325439453,27454800
2025-11-28,81.0,81.06999969482422,80.94000244140625,80.98999786376953,77.51681518554688,29430800
2025-12-01,80.4000015258789,80.54000091552734,80.37999725341797,80.47000122070312,77.37738800048828,45274800
2025-12-02,80.54000091552734,80.63999938964844,80.4800033569336,80.62000274658203,77.5216293334961,38842600
2025-12-03,80.61000061035156,80.79000091552734,80.56999969482422,80.69000244140625,77.58892822265625,35019100
2025-12-04,80.69999694824219,80.7699966430664,80.56999969482422,80.75,77.64662170410156,34777400
2025-12-05,80.7300033569336,80.80999755859375,80.66999816894531,80.75,77.64662170410156,30486800
2025-12-08,80.72000122070312,80.73999786376953,80.48999786376953,80.55000305175781,77.45430755615234,43160800
2025-12-09,80.55000305175781,80.61000061035156,80.44000244140625,80.45999908447266,77.36776733398438,30558800
2025-12-10,80.43000030517578,80.79000091552734,80.41999816894531,80.7300033569336,77.62740325927734,53052100
2025-12-11,80.73999786376953,80.76000213623047,80.66000366210938,80.72000122070312,77.61778259277344,44546400
2025-12-12,80.69000244140625,80.70999908447266,80.52999877929688,80.56999969482422,77.47354888916016,45566100
2025-12-15,80.66999816894531,80.69999694824219,80.56999969482422,80.61000061035156,77.51200103759766,28983600
2025-12-16,80.61000061035156,80.66999816894531,80.55999755859375,80.66000366210938,77.56008911132812,27908000
2025-12-17,80.6500015258789,80.66999816894531,80.51000213623047,80.55999755859375,77.46392822265625,36999700
2025-12-18,80.77999877929688,80.80000305175781,80.66999816894531,80.77999877929688,77.67547607421875,52680500
2025-12-19,80.43000030517578,80.47000122070312,80.33000183105469,80.36000061035156,77.6377944946289,34413300
2025-12-22,80.45999908447266,80.45999908447266,80.29000091552734,80.43000030517578,77.70542907714844,37203900
2025-12-23,80.37000274658203,80.48999786376953,80.3499984741211,80.48999786376953,77.76338958740234,24341800
2025-12-24,80.51000213623047,80.63999938964844,80.47000122070312,80.63999938964844,77.90830993652344,10533500
2025-12-26,80.63999938964844,80.69999694824219,80.58999633789062,80.5999984741211,77.86966705322266,10922900
2025-12-29,80.55999755859375,80.66000366210938,80.55000305175781,80.62999725341797,77.89864349365234,22012700
2025-12-30,80.63999938964844,80.75,80.61000061035156,80.70999908447266,77.97593688964844,20146700
2025-12-31,80.72000122070312,80.75,80.62999725341797,80.62999725341797,77.89864349365234,17457100
2026-01-02,80.72000122070312,80.72000122070312,80.58999633789062,80.66999816894531,77.93728637695312,28403300
2026-01-05,80.73999786376953,80.91000366210938,80.69999694824219,80.87999725341797,78.14017486572266,38563200
2026-01-06,80.9000015258789,80.94000244140625,80.81999969482422,80.9000015258789,78.15951538085938,31721500
2026-01-07,80.95999908447266,81.0,80.83999633789062,80.87999725341797,78.14017486572266,27022700
2026-01-08,80.83999633789062,80.94999694824219,80.80000305175781,80.94000244140625,78.1981430053711,33516900
2026-01-09,80.94999694824219,81.02999877929688,80.94999694824219,81.0,78.25611114501953,31849200
2026-01-12,80.91000366210938,81.05000305175781,80.9000015258789,81.04000091552734,78.29476165771484,23983600
2026-01-13,81.06999969482422,81.08000183105469,80.97000122070312,81.04000091552734,78.29476165771484,27607400
2026-01-14,81.0,81.05000305175781,80.93000030517578,81.04000091552734,78.29476165771484,42994000
2026-01-15,81.0999984741211,81.11000061035156,81.0,81.04000091552734,78.29476165771484,30412400
2026-01-16,81.08000183105469,81.0999984741211,80.98999786376953,81.08999633789062,78.34305572509766,52466300
2026-01-20,80.75,80.94999694824219,80.66999816894531,80.87999725341797,78.14017486572266,38653400
2026-01-21,80.9800033569336,81.16000366210938,80.95999908447266,81.12000274658203,78.3720474243164,42023500
2026-01-22,81.19000244140625,81.23999786376953,81.12999725341797,81.18000030517578,78.43002319335938,35231900
2026-01-23,81.18000030517578,81.19999694824219,81.04000091552734,81.13999938964844,78.39136505126953,38360500
2026-01-26,81.19000244140625,81.22000122070312,81.12000274658203,81.18000030517578,78.43002319335938,27027500
2026-01-27,81.18000030517578,81.22000122070312,81.13999938964844,81.16999816894531,78.42034912109375,22961500
2026-01-28,81.16999816894531,81.18000030517578,81.02999877929688,81.04000091552734,78.29476165771484,35559200
2026-01-29,81.05000305175781,81.06999969482422,80.9000015258789,81.02999877929688,78.28509521484375,38201600
2026-01-30,80.91999816894531,81.12999725341797,80.91999816894531,81.12000274658203,78.3720474243164,59848000
2026-02-02,80.66999816894531,80.80999755859375,80.63999938964844,80.7699966430664,78.41962432861328,42890700
2026-02-03,80.76000213623047,80.80999755859375,80.52999877929688,80.72000122070312,78.37107849121094,49372700
2026-02-04,80.69999694824219,80.72000122070312,80.54000091552734,80.62000274658203,78.27399444580078,42829400
2026-02-05,80.55999755859375,80.62000274658203,80.44999694824219,80.52999877929688,78.18660736083984,75554200
2026-02-06,80.66999816894531,80.80999755859375,80.62000274658203,80.80999755859375,78.45845794677734,40915900
2026-02-09,80.76000213623047,80.91999816894531,80.76000213623047,80.91999816894531,78.56525421142578,33716900
2026-02-10,80.94999694824219,81.01000213623047,80.83999633789062,80.83999633789062,78.4875717163086,37886100
2026-02-11,80.9000015258789,80.93000030517578,80.72000122070312,80.83000183105469,78.47787475585938,27272300
2026-02-12,80.91000366210938,80.97000122070312,80.75,80.79000091552734,78.43904113769531,48457000
2026-02-13,80.83000183105469,80.94000244140625,80.81999969482422,80.8499984741211,78.49728393554688,36612400
2026-02-17,80.81999969482422,80.86000061035156,80.73999786376953,80.80999755859375,78.45845794677734,35682000
2026-02-18,80.83999633789062,80.9800033569336,80.80999755859375,80.91000366210938,78.55554962158203,33943100
2026-02-19,80.87999725341797,80.94000244140625,80.83000183105469,80.94000244140625,78.58467102050781,29531000
2026-02-20,80.93000030517578,81.0,80.87000274658203,81.0,78.64292907714844,37959800
2026-02-23,80.95999908447266,81.01000213623047,80.83999633789062,80.87000274658203,78.5167236328125,33666000
2026-02-24,80.8499984741211,80.87000274658203,80.6500015258789,80.80999755859375,78.45845794677734,54979900
2026-02-25,80.81999969482422,80.93000030517578,80.81999969482422,80.91999816894531,78.56525421142578,29428200
2026-02-26,80.88999938964844,80.94000244140625,80.76000213623047,80.8499984741211,78.49728393554688,54533600
2026-02-27,80.75,80.80000305175781,80.6500015258789,80.72000122070312,78.37107849121094,62450000
2026-03-02,80.05999755859375,80.41000366210938,80.02999877929688,80.27999877929688,78.3261947631836,74327000
2026-03-03,79.94000244140625,80.30999755859375,79.83999633789062,80.12000274658203,78.17008972167969,118126800
2026-03-04,80.2300033569336,80.44999694824219,80.19999694824219,80.4000015258789,78.44327545166016,58694100
2026-03-05,80.2699966430664,80.30999755859375,80.0199966430664,80.08000183105469,78.13105773925781,79841000
2026-03-06,79.75,80.0,79.6500015258789,79.69000244140625,77.75054931640625,82125600
2026-03-09,79.58999633789062,80.18000030517578,79.54000091552734,80.16999816894531,78.21886444091797,88695000
2026-03-10,80.05000305175781,80.37999725341797,80.02999877929688,80.04000091552734,78.092041015625,67499600
2026-03-11,79.98999786376953,80.04000091552734,79.80999755859375,79.86000061035156,77.91641998291016,59983500
2026-03-12,79.75,79.75,79.31999969482422,79.3499984741211,77.4188232421875,68674300
2026-03-13,79.52999877929688,79.68000030517578,79.12000274658203,79.19999694824219,77.27247619628906,68652900
2026-03-16,79.51000213623047,79.66999816894531,79.44999694824219,79.44999694824219,77.51639556884766,57535600
2026-03-17,79.61000061035156,79.81999969482422,79.56999969482422,79.80999755859375,77.86763763427734,47967800
2026-03-18,79.69000244140625,79.75,79.38999938964844,79.4000015258789,77.46761322021484,50281900
2026-03-19,79.02999877929688,79.69999694824219,78.98999786376953,79.66000366210938,77.72128295898438,103981600
2026-03-20,79.5,79.52999877929688,78.8499984741211,78.91999816894531,76.9992904663086,109084800
2026-03-23,79.30000305175781,79.69999694824219,79.16999816894531,79.44000244140625,77.50662994384766,79015800
2026-03-24,79.23999786376953,79.41000366210938,79.05999755859375,79.16999816894531,77.24320983886719,71941600
2026-03-25,79.44999694824219,79.58000183105469,79.3499984741211,79.41999816894531,77.48712921142578,49917700
2026-03-26,79.25,79.33000183105469,78.80000305175781,78.91999816894531,76.9992904663086,74979300
2026-03-27,78.83999633789062,78.83999633789062,78.56999969482422,78.72000122070312,76.80416107177734,68174300
2026-03-30,79.0199966430664,79.0999984741211,78.76000213623047,78.80999755859375,76.89197540283203,55210700
2026-03-31,79.16000366210938,79.61000061035156,79.12000274658203,79.55999755859375,77.62371826171875,101521300
2026-04-01,79.3499984741211,79.45999908447266,79.23999786376953,79.37000274658203,77.81391906738281,69789200
2026-04-02,79.08000183105469,79.62999725341797,79.08000183105469,79.55999755859375,78.00018310546875,53828200
2026-04-06,79.51000213623047,79.70999908447266,79.5,79.69999694824219,78.13744354248047,37098300
2026-04-07,79.66999816894531,79.73999786376953,79.31999969482422,79.72000122070312,78.15705871582031,47264100
2026-04-08,80.47000122070312,80.5199966430664,80.02999877929688,80.19000244140625,78.61784362792969,58556400
2026-04-09,80.1500015258789,80.38999938964844,80.0,80.27999877929688,78.7060775756836,45207500
2026-04-10,80.33999633789062,80.33999633789062,79.94999694824219,79.95999908447266,78.39234924316406,33005600
2026-04-13,79.87999725341797,80.2699966430664,79.87999725341797,80.26000213623047,78.68647003173828,38561400
2026-04-14,80.33999633789062,80.55999755859375,80.29000091552734,80.5,78.92176055908203,42038000
2026-04-15,80.44999694824219,80.48999786376953,80.3499984741211,80.45999908447266,78.8825454711914,47834900
2026-04-16,80.52999877929688,80.52999877929688,80.26000213623047,80.3499984741211,78.77470397949219,37743400
2026-04-17,80.5999984741211,80.76000213623047,80.55999755859375,80.6500015258789,79.0688247680664,61651600
2026-04-20,80.62999725341797,80.66999816894531,80.5,80.58000183105469,79.00019836425781,21104400
2026-04-21,80.55000305175781,80.58000183105469,80.30999755859375,80.37000274658203,78.7943115234375,58623500
2026-04-22,80.5,80.56999969482422,80.41999816894531,80.5,78.92176055908203,28004500
2026-04-23,80.45999908447266,80.55000305175781,80.16000366210938,80.37000274658203,78.7943115234375,49921700
2026-04-24,80.44000244140625,80.52999877929688,80.30000305175781,80.4800033569336,78.90215301513672,33626300
2026-04-27,80.44000244140625,80.54000091552734,80.41999816894531,80.51000213623047,78.93156433105469,24643700
2026-04-28,80.3499984741211,80.43000030517578,80.33000183105469,80.4000015258789,78.82372283935547,36382400
2026-04-29,80.31999969482422,80.33999633789062,79.9800033569336,80.12999725341797,78.55902099609375,56809400
2026-04-30,80.18000030517578,80.41999816894531,80.16999816894531,80.37999725341797,78.80411529541016,51626100
2026-05-01,80.05999755859375,80.2300033569336,80.02999877929688,80.05999755859375,78.90168762207031,43740400
2026-05-04,80.0199966430664,80.0199966430664,79.69000244140625,79.80000305175781,78.64544677734375,35069300
2026-05-05,79.88999938964844,80.0199966430664,79.88999938964844,79.91999816894531,78.76370239257812,26357900
2026-05-06,80.08999633789062,80.23999786376953,80.08000183105469,80.16000366210938,79.00023651123047,38323100
2026-05-07,80.22000122070312,80.23999786376953,79.86000061035156,79.86000061035156,78.70457458496094,44772900
2026-05-08,80.01000213623047,80.1500015258789,80.0,80.13999938964844,78.98052215576172,29715200
2026-05-11,80.08000183105469,80.1500015258789,79.9800033569336,79.9800033569336,78.82284545898438,34366600
2026-05-12,79.81999969482422,79.88999938964844,79.69999694824219,79.87000274658203,78.71443939208984,37418900
2026-05-13,79.83999633789062,79.94999694824219,79.79000091552734,79.91000366210938,78.75386047363281,33257100
2026-05-14,79.97000122070312,80.05000305175781,79.8499984741211,79.8499984741211,78.69471740722656,27235600
2026-05-15,79.63999938964844,79.69000244140625,79.45999908447266,79.45999908447266,78.31036376953125,54466000
2026-05-18,79.62999725341797,79.69999694824219,79.44000244140625,79.54000091552734,78.38920593261719,38596100
2026-05-19,79.41000366210938,79.44999694824219,79.2300033569336,79.3499984741211,78.20195770263672,42904700
2026-05-20,79.5,79.87000274658203,79.4000015258789,79.86000061035156,78.70457458496094,58906300
2026-05-21,79.75,79.98999786376953,79.6500015258789,79.9000015258789,78.74400329589844,37584600
2026-05-22,80.01000213623047,80.0199966430664,79.83999633789062,79.91000366210938,78.75386047363281,22429400
2026-05-26,80.13999938964844,80.19000244140625,80.04000091552734,80.18000030517578,79.01994323730469,30406100
2026-05-27,80.16999816894531,80.20999908447266,80.08000183105469,80.12999725341797,78.97066497802734,22523800
2026-05-28,80.08000183105469,80.2699966430664,80.04000091552734,80.2300033569336,79.06922149658203,32001600
2026-05-29,80.26000213623047,80.36000061035156,80.20999908447266,80.30999755859375,79.14806365966797,39142200
2026-06-01,79.79000091552734,79.87999725341797,79.63999938964844,79.83999633789062,79.08763122558594,32671000
2026-06-02,79.83999633789062,79.9000015258789,79.79000091552734,79.9000015258789,79.14707946777344,25237500
2026-06-03,79.75,79.77999877929688,79.62999725341797,79.68000030517578,78.92914581298828,28203400
2026-06-04,79.75,79.8499984741211,79.75,79.83000183105469,79.0777359008789,22697900
2026-06-05,79.69999694824219,79.72000122070312,79.3499984741211,79.43000030517578,78.68150329589844,46035600
2026-06-08,79.5999984741211,79.6500015258789,79.4800033569336,79.54000091552734,78.79045867919922,25217800
2026-06-09,79.62000274658203,79.79000091552734,79.41999816894531,79.62000274658203,78.86971282958984,34705500
2026-06-10,79.55999755859375,79.63999938964844,79.44999694824219,79.47000122070312,78.72113037109375,30345200
2026-06-11,79.56999969482422,79.97000122070312,79.5199966430664,79.94000244140625,79.18669891357422,55089500
2026-06-12,79.94000244140625,80.0,79.80000305175781,79.94000244140625,79.18669891357422,29873300
2026-06-15,80.13999938964844,80.16999816894531,80.02999877929688,80.04000091552734,79.28575134277344,32019600
2026-06-16,80.02999877929688,80.11000061035156,79.95999908447266,80.02999877929688,79.27584838867188,24471900
2026-06-17,79.98999786376953,80.06999969482422,79.70999908447266,79.7300033569336,78.97868347167969,47184800
2026-06-18,80.02999877929688,80.06999969482422,79.91999816894531,80.01000213623047,79.25603485107422,41111700
2026-06-22,79.94000244140625,79.9800033569336,79.87000274658203,79.94000244140625,79.18669891357422,26479500
2026-06-23,79.83000183105469,79.97000122070312,79.81999969482422,79.87000274658203,79.11735534667969,29811300
2026-06-24,79.94000244140625,79.98999786376953,79.83999633789062,79.8499984741211,79.09754180908203,38841000
2026-06-25,79.91999816894531,79.9800033569336,79.81999969482422,79.87999725341797,79.12725830078125,29322400
2026-06-26,79.81999969482422,79.94999694824219,79.80999755859375,79.83000183105469,79.0777359008789,27647500
2026-06-29,79.94999694824219,80.02999877929688,79.8499984741211,80.01000213623047,79.25603485107422,37325700
2026-06-30,80.0,80.05000305175781,79.91999816894531,79.97000122070312,79.2164077758789,38103900
2026-07-01,79.55999755859375,79.66000366210938,79.51000213623047,79.58999633789062,79.20545959472656,38152300
2026-07-02,79.7300033569336,79.79000091552734,79.66999816894531,79.70999908447266,79.32488250732422,26111800
2026-07-06,79.7300033569336,79.91000366210938,79.7300033569336,79.87000274658203,79.48411560058594,25159400
2026-07-07,79.8499984741211,79.87999725341797,79.72000122070312,79.76000213623047,79.37464904785156,28558300
2026-07-08,79.61000061035156,79.68000030517578,79.54000091552734,79.66000366210938,79.27513122558594,30771300
2026-07-09,79.7300033569336,79.86000061035156,79.66999816894531,79.75,79.36469268798828,21882200
2026-07-10,79.77999877929688,79.83000183105469,79.62000274658203,79.70999908447266,79.32488250732422,24550300
2026-07-13,79.66999816894531,79.69000244140625,79.45999908447266,79.5199966430664,79.13580322265625,32133300
2026-07-14,79.68000030517578,79.69000244140625,79.56999969482422,79.68000030517578,79.29502868652344,28248700
2026-07-15,79.70999908447266,79.83999633789062,79.70999908447266,79.80999755859375,79.42440032958984,26948800
2026-07-16,79.76000213623047,79.83999633789062,79.7300033569336,79.80000305175781,79.4144515991211,22780300
2026-07-17,79.75,79.83999633789062,79.62999725341797,79.6500015258789,79.26517486572266,42020100
2026-07-20,79.73999786376953,79.7699966430664,79.66999816894531,79.68000030517578,79.29502868652344,19767900
2026-07-21,79.72000122070312,79.73999786376953,79.5999984741211,79.6500015258789,79.26517486572266,27198800
2026-07-22,79.61000061035156,79.6500015258789,79.4800033569336,79.5199966430664,79.13580322265625,24851700
2026-07-23,79.27999877929688,79.37000274658203,79.1500015258789,79.2300033569336,78.84720611572266,52554200
2026-07-24,79.25,79.30999755859375,79.16000366210938,79.2300033569336,78.84720611572266,41964600
2026-07-27,79.33999633789062,79.4000015258789,79.23999786376953,79.2699966430664,78.88700866699219,28939800
2026-07-28,79.31999969482422,79.41999816894531,79.25,79.41999816894531,79.03628540039062,33698300
2026-07-29,79.37000274658203,79.4800033569336,79.13999938964844,79.23999786376953,78.8571548461914,53074500
2026-07-30,79.37999725341797,79.5,79.33000183105469,79.47000122070312,79.08604431152344,30570700
2026-07-31,79.45999908447266,79.54000091552734,79.23999786376953,79.4800033569336,79.09600067138672,38659800
2026-08-03,79.25,79.33000183105469,79.1500015258789,79.30999755859375,79.30999755859375,30860100
2026-08-04,79.37000274658203,79.5999984741211,79.37000274658203,79.55000305175781,79.55000305175781,46524700
2026-08-05,79.55000305175781,79.55999755859375,79.44000244140625,79.5199966430664,79.5199966430664,25771800
2026-08-06,79.51000213623047,79.51000213623047,79.41000366210938,79.45999908447266,79.45999908447266,25818200
2026-08-07,79.66999816894531,79.69000244140625,79.56999969482422,79.61000061035156,79.61000061035156,23459400
2026-08-10,79.56999969482422,79.56999969482422,79.41000366210938,79.4800033569336,79.4800033569336,30292400
2026-08-11,79.55000305175781,79.56999969482422,79.48999786376953,79.51000213623047,79.51000213623047,17987700
