date,open,high,low,close,adjclose,volume
2002-07-30,101.30000305175781,102.0,101.25,101.37000274658203,36.53213882446289,21200
2002-07-31,101.80000305175781,102.25,101.55000305175781,101.98999786376953,36.755558013916016,272000
2002-08-01,102.4000015258789,103.0999984741211,102.30000305175781,102.98999786376953,37.11595153808594,111700
2002-08-02,102.9000015258789,103.30000305175781,102.44999694824219,103.19999694824219,37.191619873046875,29200
2002-08-05,103.6500015258789,103.6500015258789,102.51000213623047,102.94999694824219,37.10152816772461,166500
2002-08-06,102.5,102.6500015258789,102.0999984741211,102.5999984741211,36.975425720214844,430100
2002-08-07,102.69999694824219,103.0999984741211,102.19999694824219,102.88999938964844,37.07992935180664,33100
2002-08-08,103.0,103.0,102.33000183105469,102.58999633789062,36.9717903137207,83600
2002-08-09,102.80000305175781,103.18000030517578,102.61000061035156,103.0,37.11956024169922,273800
2002-08-12,103.0999984741211,103.30999755859375,102.94999694824219,103.13999938964844,37.17001724243164,69100
2002-08-13,103.4800033569336,103.98999786376953,103.1500015258789,103.98999786376953,37.47636413574219,36400
2002-08-14,104.0199966430664,104.69999694824219,104.0,104.02999877929688,37.490760803222656,76400
2002-08-15,104.25,104.25,103.5,103.72000122070312,37.37904739379883,132000
2002-08-16,104.4000015258789,104.4000015258789,103.19999694824219,103.22000122070312,37.19883346557617,57400
2002-08-19,103.6500015258789,104.04000091552734,103.5999984741211,103.80000305175781,37.407875061035156,18700
2002-08-20,104.80000305175781,104.94999694824219,104.44000244140625,104.91000366210938,37.807891845703125,262800
2002-08-21,105.0,105.1500015258789,104.69999694824219,105.05000305175781,37.85837173461914,22300
2002-08-22,105.25,105.25,104.7699966430664,104.9000015258789,37.804298400878906,161800
2002-08-23,105.19999694824219,105.30000305175781,104.8499984741211,105.19999694824219,37.91242599487305,47500
2002-08-26,105.0,105.4000015258789,105.0,105.30999755859375,37.95205307006836,28900
2002-08-27,105.19999694824219,105.25,104.75,105.05000305175781,37.85837173461914,202400
2002-08-28,105.4000015258789,105.69000244140625,105.1500015258789,105.25,37.930419921875,307900
2002-08-29,105.80000305175781,105.9000015258789,105.30000305175781,105.63999938964844,38.070980072021484,42900
2002-08-30,106.0,106.0,105.30000305175781,105.69999694824219,38.09260559082031,36500
2002-09-03,105.9000015258789,106.05000305175781,105.6500015258789,105.6500015258789,38.27335739135742,49300
2002-09-04,106.0999984741211,106.1500015258789,105.75,106.04000091552734,38.41469192504883,1690000
2002-09-05,106.5999984741211,106.69999694824219,105.81999969482422,106.33999633789062,38.52330780029297,138300
2002-09-06,106.33000183105469,106.33000183105469,105.19999694824219,105.62000274658203,38.26251983642578,224800
2002-09-09,105.25,106.0,105.25,105.69000244140625,38.28786087036133,53600
2002-09-10,105.26000213623047,106.3499984741211,105.25,106.13999938964844,38.45088577270508,176800
2002-09-11,105.5,106.0,105.22000122070312,106.0,38.40017318725586,125500
2002-09-12,106.19999694824219,106.73999786376953,105.9000015258789,106.55000305175781,38.59941101074219,523900
2002-09-13,106.80000305175781,106.91999816894531,106.25,106.7300033569336,38.66462326049805,93400
2002-09-16,107.58999633789062,107.58999633789062,106.91999816894531,107.1500015258789,38.81680679321289,32200
2002-09-17,107.25,108.2300033569336,106.75,107.2300033569336,38.845733642578125,135500
2002-09-18,107.4000015258789,107.4000015258789,106.83999633789062,107.0999984741211,38.79867172241211,214400
2002-09-19,107.4000015258789,107.45999908447266,106.8499984741211,107.0999984741211,38.79867172241211,143000
2002-09-20,107.0999984741211,107.1500015258789,106.69999694824219,107.1500015258789,38.81680679321289,46900
2002-09-23,107.5,107.5,106.80000305175781,106.81999969482422,38.69718933105469,75100
2002-09-24,106.9000015258789,107.69999694824219,106.4000015258789,106.80000305175781,38.68996047973633,229100
2002-09-25,106.69999694824219,106.94999694824219,106.12000274658203,106.58000183105469,38.61030578613281,97000
2002-09-26,106.01000213623047,106.76000213623047,105.80000305175781,106.69999694824219,38.65374755859375,280200
2002-09-27,106.9000015258789,107.55000305175781,106.55999755859375,107.55000305175781,38.961669921875,301400
2002-09-30,107.5999984741211,107.8499984741211,107.1500015258789,107.3499984741211,38.88922882080078,105200
2002-10-01,106.9000015258789,107.0,106.5,106.83000183105469,38.86265563964844,333500
2002-10-02,107.0,107.0,106.4800033569336,106.80000305175781,38.85173034667969,314000
2002-10-03,107.05000305175781,107.05000305175781,106.5,106.75,38.83355712890625,160500
2002-10-04,105.6500015258789,106.6500015258789,105.6500015258789,106.5,38.742637634277344,123300
2002-10-07,106.4000015258789,106.4000015258789,106.0,106.0,38.560733795166016,61300
2002-10-08,105.0,105.80000305175781,105.0,105.01000213623047,38.20058822631836,281800
2002-10-09,105.0,105.0,104.1500015258789,104.62000274658203,38.0587158203125,300600
2002-10-10,104.0999984741211,104.5999984741211,103.69999694824219,104.5999984741211,38.0514030456543,116600
2002-10-11,105.3499984741211,105.3499984741211,104.4800033569336,104.9000015258789,38.160579681396484,86100
2002-10-14,104.9000015258789,105.2699966430664,104.7699966430664,105.08999633789062,38.22968292236328,47600
2002-10-15,103.80000305175781,104.6500015258789,103.80000305175781,103.8499984741211,37.778602600097656,47600
2002-10-16,103.75,104.69999694824219,103.4000015258789,103.5999984741211,37.687652587890625,1124900
2002-10-17,103.25,103.25,102.4000015258789,102.81999969482422,37.4039306640625,638900
2002-10-18,102.75,103.0999984741211,101.9000015258789,103.08999633789062,37.502140045166016,599800
2002-10-21,103.4000015258789,103.4000015258789,102.30999755859375,102.4800033569336,37.280208587646484,183400
2002-10-22,102.44999694824219,103.08999633789062,102.44999694824219,102.9000015258789,37.433006286621094,464900
2002-10-23,102.80999755859375,103.5,102.5999984741211,103.0999984741211,37.50578308105469,128500
2002-10-24,103.0,103.5,102.69999694824219,103.48999786376953,37.64762878417969,30600
2002-10-25,104.06999969482422,104.19999694824219,103.44000244140625,104.19999694824219,37.90590286254883,58500
2002-10-28,104.48999786376953,104.5,104.19999694824219,104.48999786376953,38.011409759521484,771200
2002-10-29,104.9000015258789,105.4800033569336,104.5,105.0999984741211,38.233314514160156,29200
2002-10-30,105.0,105.4800033569336,104.75,105.12000274658203,38.240596771240234,828500
2002-10-31,105.43000030517578,106.25,105.43000030517578,106.25,38.65166473388672,111000
2002-11-01,105.7300033569336,105.7300033569336,104.69999694824219,104.9800033569336,38.37640380859375,13100
2002-11-04,105.0,105.19999694824219,104.3499984741211,105.19999694824219,38.45683670043945,155200
2002-11-05,105.69999694824219,105.69999694824219,104.6500015258789,105.08999633789062,38.416629791259766,53100
2002-11-06,105.6500015258789,106.27999877929688,105.0199966430664,105.41000366210938,38.53359603881836,598300
2002-11-07,106.44000244140625,106.9000015258789,106.22000122070312,106.9000015258789,39.07828903198242,247800
2002-11-08,107.1500015258789,107.1500015258789,102.56999969482422,107.04000091552734,39.12945556640625,847700
2002-11-11,107.5,107.5,107.16000366210938,107.33000183105469,39.2354621887207,18100
2002-11-12,107.30000305175781,107.30000305175781,106.44000244140625,106.44000244140625,38.91011047363281,26300
2002-11-13,106.97000122070312,106.97000122070312,106.43000030517578,106.8499984741211,39.06001281738281,339400
2002-11-14,106.19999694824219,106.80999755859375,106.01000213623047,106.13999938964844,38.800479888916016,120300
2002-11-15,106.30000305175781,106.80000305175781,106.1500015258789,106.75,39.0234375,112900
2002-11-18,106.86000061035156,107.55000305175781,106.61000061035156,107.48999786376953,39.2939567565918,50400
2002-11-19,107.63999938964844,107.63999938964844,107.02999877929688,107.29000091552734,39.22085952758789,22600
2002-11-20,107.93000030517578,107.93000030517578,106.94000244140625,106.94000244140625,39.0928840637207,81200
2002-11-21,106.9000015258789,106.98999786376953,106.33999633789062,106.94000244140625,39.0928840637207,239200
2002-11-22,106.75,106.88999938964844,106.5,106.5,38.932064056396484,1099900
2002-11-25,106.80999755859375,106.83999633789062,106.41000366210938,106.48999786376953,38.92839431762695,28100
2002-11-26,106.6500015258789,107.08999633789062,106.5999984741211,107.08999633789062,39.147727966308594,75800
2002-11-27,106.9000015258789,106.98999786376953,106.19999694824219,106.48999786376953,38.92839431762695,123000
2002-11-29,106.69999694824219,106.80000305175781,106.0199966430664,106.48999786376953,38.92839431762695,17200
2002-12-02,105.77999877929688,106.38999938964844,105.30000305175781,106.20999908447266,38.9926872253418,63300
2002-12-03,106.19999694824219,106.58999633789062,106.16000366210938,106.4000015258789,39.06239700317383,2064200
2002-12-04,106.4000015258789,106.54000091552734,106.0999984741211,106.4000015258789,39.06239700317383,248700
2002-12-05,106.12000274658203,106.83999633789062,106.0999984741211,106.63999938964844,39.15049743652344,123500
2002-12-06,107.19999694824219,107.33999633789062,106.11000061035156,106.69999694824219,39.17252731323242,297400
2002-12-09,106.8499984741211,107.0999984741211,106.5,106.69999694824219,39.17252731323242,63500
2002-12-10,106.51000213623047,106.98999786376953,106.51000213623047,106.9000015258789,39.2459716796875,115600
2002-12-11,107.30000305175781,107.44999694824219,106.80999755859375,107.3499984741211,39.41117477416992,217600
2002-12-12,107.25,107.58999633789062,106.93000030517578,107.3499984741211,39.41117477416992,26800
2002-12-13,106.9000015258789,107.38999938964844,106.76000213623047,106.80000305175781,39.20924758911133,44900
2002-12-16,107.3499984741211,107.3499984741211,106.75,106.75,39.19089126586914,317400
2002-12-17,107.5999984741211,107.5999984741211,106.80999755859375,107.1500015258789,39.33777618408203,294400
2002-12-18,107.5,107.72000122070312,107.25,107.69000244140625,39.5360107421875,46800
2002-12-19,108.05000305175781,108.37999725341797,107.55000305175781,108.37999725341797,39.789310455322266,50600
2002-12-20,108.44999694824219,108.44999694824219,108.01000213623047,108.41000366210938,39.80034255981445,39800
2002-12-23,108.30000305175781,108.5,108.04000091552734,108.43000030517578,39.807674407958984,23900
2002-12-24,108.5,109.0,108.4000015258789,108.66000366210938,39.89211654663086,14500
2002-12-26,108.33000183105469,109.0199966430664,108.33000183105469,109.0199966430664,40.02427291870117,14100
2002-12-27,109.25,109.66999816894531,109.0,109.6500015258789,40.255550384521484,16500
2002-12-30,109.8499984741211,110.0999984741211,109.5,109.9800033569336,40.37667465209961,30200
2002-12-31,109.69999694824219,109.91000366210938,109.3499984741211,109.69000244140625,40.457489013671875,96100
2003-01-02,108.97000122070312,108.97000122070312,107.01000213623047,107.33000183105469,39.587032318115234,66700
2003-01-03,107.5999984741211,107.94000244140625,107.26000213623047,107.94000244140625,39.812034606933594,23800
2003-01-06,107.75,107.88999938964844,107.1500015258789,107.88999938964844,39.79359436035156,623000
2003-01-07,107.8499984741211,108.41999816894531,107.41000366210938,108.30000305175781,39.94479751586914,45100
2003-01-08,108.5999984741211,108.75,108.19999694824219,108.41000366210938,39.98540115356445,107600
2003-01-09,108.0,108.0,107.02999877929688,107.54000091552734,39.66450500488281,55600
2003-01-10,108.19999694824219,108.19999694824219,107.31999969482422,107.81999969482422,39.767784118652344,82100
2003-01-13,108.0,108.25,107.54000091552734,107.69999694824219,39.723541259765625,53300
2003-01-14,108.69999694824219,108.69999694824219,107.81999969482422,108.0,39.83417892456055,239200
2003-01-15,108.19999694824219,108.25,107.72000122070312,108.0,39.83417892456055,111500
2003-01-16,108.0,108.04000091552734,107.25,107.75,39.74193572998047,185900
2003-01-17,108.25,108.30000305175781,107.76000213623047,108.25,39.92636489868164,1489000
2003-01-21,108.0,108.37999725341797,107.75,108.31999969482422,39.95219421386719,37600
2003-01-22,108.25,108.6500015258789,108.0999984741211,108.54000091552734,40.03335189819336,39300
2003-01-23,108.30000305175781,108.75,108.2699966430664,108.58999633789062,40.051753997802734,200300
2003-01-24,108.94000244140625,109.36000061035156,108.66000366210938,109.08000183105469,40.232521057128906,1025300
2003-01-27,109.05000305175781,109.05000305175781,108.13999938964844,108.44000244140625,39.99641036987305,819100
2003-01-28,108.30000305175781,108.77999877929688,108.16999816894531,108.7699966430664,40.11815643310547,691100
2003-01-29,108.9000015258789,108.9000015258789,108.05000305175781,108.12999725341797,39.882110595703125,38100
2003-01-30,108.30000305175781,108.68000030517578,108.01000213623047,108.5,40.01857376098633,812000
2003-01-31,108.75,108.8499984741211,108.19999694824219,108.80000305175781,40.129215240478516,128300
2003-02-03,107.75,108.5199966430664,107.75,108.44999694824219,40.168128967285156,25300
2003-02-04,108.19999694824219,108.80000305175781,108.12999725341797,108.66000366210938,40.245906829833984,557200
2003-02-05,108.62000274658203,108.79000091552734,108.01000213623047,108.5,40.186668395996094,118900
2003-02-06,108.69999694824219,108.77999877929688,108.26000213623047,108.69000244140625,40.25703048706055,29600
2003-02-07,108.5999984741211,109.01000213623047,108.25,108.93000030517578,40.34589767456055,266500
2003-02-10,108.8499984741211,108.9000015258789,108.05999755859375,108.26000213623047,40.09776306152344,425700
2003-02-11,108.20999908447266,108.66000366210938,108.20999908447266,108.66000366210938,40.245906829833984,133300
2003-02-12,108.94000244140625,108.94000244140625,108.5,108.51000213623047,40.19035720825195,35300
2003-02-13,108.73999786376953,109.25,108.51000213623047,108.51000213623047,40.19035720825195,79200
2003-02-14,108.94999694824219,108.94999694824219,108.25,108.45999908447266,40.17180633544922,75900
2003-02-18,108.5,108.83999633789062,108.25,108.80000305175781,40.29776382446289,930400
2003-02-19,108.94000244140625,109.30999755859375,108.69999694824219,109.1500015258789,40.42741394042969,27200
2003-02-20,109.16000366210938,109.68000030517578,109.0,109.43000030517578,40.531097412109375,164900
2003-02-21,109.75,109.75,109.0,109.12999725341797,40.42000961303711,81200
2003-02-24,109.5999984741211,109.72000122070312,109.30999755859375,109.48999786376953,40.553279876708984,125200
2003-02-25,109.98999786376953,109.98999786376953,109.45999908447266,109.69000244140625,40.62741470336914,163800
2003-02-26,109.98999786376953,110.0,109.55000305175781,109.98999786376953,40.738521575927734,32300
2003-02-27,110.0,110.48999786376953,109.72000122070312,110.44999694824219,40.90889358520508,89700
2003-02-28,110.45999908447266,110.77999877929688,109.9800033569336,110.48999786376953,40.923709869384766,81000
2003-03-03,110.5999984741211,110.87000274658203,110.11000061035156,110.69999694824219,41.15908432006836,196700
2003-03-04,110.41000366210938,110.83999633789062,110.25,110.76000213623047,41.18136215209961,96400
2003-03-05,110.9000015258789,110.9000015258789,110.25,110.69999694824219,41.15908432006836,23900
2003-03-06,110.9000015258789,110.9000015258789,110.25,110.51000213623047,41.08843994140625,48000
2003-03-07,110.76000213623047,110.95999908447266,110.23999786376953,110.54000091552734,41.099552154541016,28400
2003-03-10,110.54000091552734,111.05999755859375,110.52999877929688,110.8499984741211,41.21482467651367,48600
2003-03-11,110.9800033569336,110.9800033569336,110.3499984741211,110.5999984741211,41.121849060058594,49700
2003-03-12,110.5,110.8499984741211,110.19999694824219,110.4000015258789,41.04753112792969,139500
2003-03-13,109.5199966430664,109.9800033569336,109.2699966430664,109.69999694824219,40.787235260009766,190500
2003-03-14,109.55000305175781,109.94000244140625,109.3499984741211,109.56999969482422,40.738929748535156,212800
2003-03-17,109.80000305175781,110.08999633789062,108.8499984741211,109.0,40.52699279785156,502800
2003-03-18,109.0199966430664,109.62000274658203,108.27999877929688,108.56999969482422,40.367122650146484,1098700
2003-03-19,108.69999694824219,108.7300033569336,107.83000183105469,108.0,40.15518569946289,869800
2003-03-20,108.63999938964844,108.79000091552734,107.75,108.19000244140625,40.2258186340332,44700
2003-03-21,108.30000305175781,108.3499984741211,107.56999969482422,107.63999938964844,40.0213623046875,142200
2003-03-24,108.0,108.69000244140625,107.9800033569336,108.5,40.34108352661133,123000
2003-03-25,108.55000305175781,108.80000305175781,108.3499984741211,108.62000274658203,40.38568115234375,30700
2003-03-26,108.6500015258789,109.19000244140625,108.6500015258789,109.0999984741211,40.5642204284668,129600
2003-03-27,109.44000244140625,109.44000244140625,109.01000213623047,109.25,40.61996078491211,54600
2003-03-28,109.44999694824219,109.98999786376953,109.4000015258789,109.69000244140625,40.783538818359375,650500
2003-03-31,109.69999694824219,110.25,109.69999694824219,110.19999694824219,40.97312545776367,59000
2003-04-01,109.80000305175781,110.13999938964844,109.30000305175781,110.05999755859375,41.19437026977539,94500
2003-04-02,109.4000015258789,109.80999755859375,109.20999908447266,109.73999786376953,41.074607849121094,155700
2003-04-03,109.73999786376953,110.08999633789062,109.5,109.75,41.078304290771484,31200
2003-04-04,109.73999786376953,109.83000183105469,109.30999755859375,109.4800033569336,40.97727966308594,680000
2003-04-07,109.0199966430664,109.5199966430664,108.56999969482422,109.27999877929688,40.90241241455078,61800
2003-04-08,109.5,109.73999786376953,109.13999938964844,109.68000030517578,41.052127838134766,377400
2003-04-09,109.80000305175781,110.08999633789062,109.41000366210938,110.04000091552734,41.186866760253906,31500
2003-04-10,110.0,110.0,109.5,109.63999938964844,41.03717041015625,795300
2003-04-11,109.30000305175781,109.58000183105469,109.05999755859375,109.25,40.89116287231445,106100
2003-04-14,109.31999969482422,109.48999786376953,108.69999694824219,109.30999755859375,40.91366195678711,145200
2003-04-15,109.81999969482422,110.0,109.31999969482422,109.51000213623047,40.988460540771484,824100
2003-04-16,110.0999984741211,110.30000305175781,109.75,110.25,41.2654914855957,196400
2003-04-17,110.5999984741211,110.61000061035156,110.01000213623047,110.0199966430664,41.179378509521484,54800
2003-04-21,110.0999984741211,110.37999725341797,109.87999725341797,110.25,41.2654914855957,89000
2003-04-22,110.58999633789062,110.8499984741211,110.19999694824219,110.30000305175781,41.2841796875,35500
2003-04-23,110.3499984741211,111.05000305175781,110.3499984741211,110.94000244140625,41.52372360229492,51700
2003-04-24,111.13999938964844,111.80000305175781,111.13999938964844,111.58999633789062,41.767005920410156,344000
2003-04-25,111.80000305175781,111.88999938964844,111.30000305175781,111.5999984741211,41.770748138427734,128400
2003-04-28,111.63999938964844,111.7300033569336,111.20999908447266,111.66000366210938,41.7932243347168,50300
2003-04-29,111.4000015258789,111.66999816894531,111.0199966430664,111.26000213623047,41.64349365234375,275900
2003-04-30,111.30000305175781,112.27999877929688,111.20999908447266,112.05000305175781,41.93919372558594,345500
2003-05-01,112.0999984741211,112.37999725341797,111.47000122070312,111.83000183105469,42.17413330078125,47700
2003-05-02,111.61000061035156,112.08999633789062,111.23999786376953,111.44999694824219,42.03080368041992,49200
2003-05-05,111.69999694824219,111.94999694824219,111.22000122070312,111.94999694824219,42.21938705444336,32100
2003-05-06,112.1500015258789,112.8499984741211,111.66000366210938,112.54000091552734,42.4418830871582,139900
2003-05-07,113.25,113.3499984741211,112.80999755859375,113.29000091552734,42.72477340698242,102300
2003-05-08,113.80000305175781,113.88999938964844,113.16000366210938,113.30000305175781,42.728511810302734,1671300
2003-05-09,113.44999694824219,113.44999694824219,112.76000213623047,113.0999984741211,42.653099060058594,36100
2003-05-12,113.98999786376953,113.98999786376953,113.16000366210938,113.48999786376953,42.80016326904297,59500
2003-05-13,113.2699966430664,113.52999877929688,113.0199966430664,113.5,42.80398941040039,73100
2003-05-14,113.8499984741211,114.18000030517578,113.5,114.0,42.99247360229492,36500
2003-05-15,113.5999984741211,114.25,113.51000213623047,113.95999908447266,42.9774284362793,55200
2003-05-16,114.0,114.7300033569336,113.5999984741211,114.72000122070312,43.2640266418457,84400
2003-05-19,114.45999908447266,114.9000015258789,113.9800033569336,114.25,43.086795806884766,751100
2003-05-20,114.4000015258789,114.9000015258789,113.8499984741211,114.5999984741211,43.21878433227539,559100
2003-05-21,114.5999984741211,114.98999786376953,114.12000274658203,114.5999984741211,43.21878433227539,52700
2003-05-22,114.5999984741211,115.37000274658203,114.5999984741211,115.37000274658203,43.5091667175293,39200
2003-05-23,115.69999694824219,115.80000305175781,115.12999725341797,115.52999877929688,43.569480895996094,2946200
2003-05-27,115.62999725341797,115.63999938964844,114.63999938964844,115.12999725341797,43.418670654296875,63800
2003-05-28,115.0,115.16999816894531,114.30000305175781,114.66999816894531,43.245182037353516,711900
2003-05-29,115.3499984741211,115.7300033569336,115.0199966430664,115.5,43.55821228027344,134300
2003-05-30,115.5,115.58000183105469,114.86000061035156,115.55000305175781,43.5770149230957,32900
2003-06-02,114.75,114.83000183105469,114.0199966430664,114.3499984741211,43.39227294921875,73100
2003-06-03,114.94000244140625,115.47000122070312,114.52999877929688,115.4000015258789,43.790687561035156,43600
2003-06-04,115.48999786376953,115.73999786376953,114.91000366210938,115.55000305175781,43.847633361816406,344300
2003-06-05,115.5999984741211,116.0,115.01000213623047,115.36000061035156,43.775508880615234,124600
2003-06-06,115.31999969482422,115.61000061035156,115.0,115.55000305175781,43.847633361816406,81600
2003-06-09,115.98999786376953,116.16000366210938,115.48999786376953,115.80000305175781,43.94248580932617,38600
2003-06-10,116.3499984741211,116.69999694824219,116.12000274658203,116.69999694824219,44.284000396728516,32100
2003-06-11,116.51000213623047,116.94999694824219,116.30999755859375,116.56999969482422,44.23469543457031,191600
2003-06-12,116.4800033569336,117.1500015258789,116.4800033569336,116.98999786376953,44.39406967163086,70200
2003-06-13,117.25,117.69999694824219,116.98999786376953,117.4800033569336,44.579994201660156,26800
2003-06-16,117.9000015258789,117.95999908447266,116.75,117.05000305175781,44.416812896728516,173500
2003-06-17,117.04000091552734,117.04000091552734,116.19999694824219,116.68000030517578,44.27642822265625,43000
2003-06-18,116.05000305175781,116.44000244140625,115.5999984741211,115.5999984741211,43.86658477783203,75200
2003-06-19,115.5,116.12999725341797,115.3499984741211,115.80000305175781,43.94248580932617,107700
2003-06-20,115.80000305175781,115.80000305175781,115.1500015258789,115.25,43.733768463134766,57900
2003-06-23,115.30000305175781,115.97000122070312,115.26000213623047,115.83000183105469,43.95389938354492,233500
2003-06-24,115.9000015258789,116.25,115.61000061035156,116.0,44.018367767333984,365000
2003-06-25,116.75,116.83000183105469,115.2300033569336,115.41000366210938,43.79451370239258,76700
2003-06-26,115.22000122070312,115.22000122070312,114.1500015258789,114.4000015258789,43.411216735839844,98400
2003-06-27,114.8499984741211,114.87000274658203,113.80999755859375,114.0999984741211,43.29738235473633,47700
2003-06-30,114.5,114.62999725341797,114.01000213623047,114.62999725341797,43.49853515625,279500
2003-07-01,114.19999694824219,114.3499984741211,113.27999877929688,113.3499984741211,43.26301574707031,1089100
2003-07-02,113.31999969482422,114.0999984741211,112.87000274658203,113.75,43.415679931640625,1120200
2003-07-03,114.0,114.08999633789062,113.0,113.05000305175781,43.14848709106445,118500
2003-07-07,112.9000015258789,112.98999786376953,112.33000183105469,112.5,42.93857192993164,211300
2003-07-08,112.69999694824219,113.0,112.0999984741211,112.5999984741211,42.97677993774414,191600
2003-07-09,112.9000015258789,113.30999755859375,112.6500015258789,113.0,43.12941360473633,131800
2003-07-10,113.5999984741211,113.5999984741211,113.0,113.2300033569336,43.217220306396484,68000
2003-07-11,113.44999694824219,113.48999786376953,113.19999694824219,113.37000274658203,43.27066421508789,43700
2003-07-14,113.25,113.94999694824219,113.06999969482422,113.06999969482422,43.156158447265625,47400
2003-07-15,113.25,113.25,111.43000030517578,111.77999877929688,42.66376495361328,64700
2003-07-16,111.0,111.94000244140625,111.0,111.73999786376953,42.64853286743164,191200
2003-07-17,111.6500015258789,111.76000213623047,111.0,111.22000122070312,42.450035095214844,80600
2003-07-18,111.75,111.83999633789062,111.20999908447266,111.69000244140625,42.629451751708984,74100
2003-07-21,111.5999984741211,111.5999984741211,110.01000213623047,110.33999633789062,42.11415100097656,40900
2003-07-22,110.1500015258789,110.72000122070312,109.83000183105469,110.25,42.0798454284668,116500
2003-07-23,111.0999984741211,111.31999969482422,110.69999694824219,110.9800033569336,42.35843276977539,172300
2003-07-24,110.73999786376953,110.73999786376953,110.12999725341797,110.5,42.17522048950195,73000
2003-07-25,110.69999694824219,111.16999816894531,109.94999694824219,110.25,42.0798454284668,95300
2003-07-28,109.75,110.12000274658203,109.1500015258789,109.1500015258789,41.65995788574219,142100
2003-07-29,109.0,110.0,108.12000274658203,108.1500015258789,41.27829360961914,355200
2003-07-30,108.4800033569336,109.25,108.37000274658203,108.69999694824219,41.48823165893555,565300
2003-07-31,108.3499984741211,108.43000030517578,107.0,107.3499984741211,40.97295379638672,165400
2003-08-01,106.69999694824219,107.31999969482422,106.19999694824219,106.94999694824219,41.09473419189453,179400
2003-08-04,106.72000122070312,107.75,106.72000122070312,107.58000183105469,41.33683776855469,74200
2003-08-05,107.30000305175781,107.8499984741211,106.7300033569336,107.08999633789062,41.14860916137695,82500
2003-08-06,107.30000305175781,107.94000244140625,106.80000305175781,107.5,41.30607223510742,103500
2003-08-07,108.25,108.27999877929688,107.4000015258789,108.08999633789062,41.53281021118164,62800
2003-08-08,108.0999984741211,108.73999786376953,107.80000305175781,108.1500015258789,41.55583190917969,40500
2003-08-11,108.0999984741211,108.16999816894531,107.41000366210938,107.7300033569336,41.39443588256836,76500
2003-08-12,107.55000305175781,108.20999908447266,107.4000015258789,107.61000061035156,41.34836196899414,55600
2003-08-13,107.4000015258789,107.4000015258789,106.29000091552734,106.4000015258789,40.8834114074707,88100
2003-08-14,106.05999755859375,106.97000122070312,105.7699966430664,106.54000091552734,40.93721389770508,456200
2003-08-15,106.4000015258789,107.75,106.4000015258789,106.75,41.01789855957031,8000
2003-08-18,107.05000305175781,107.36000061035156,106.5999984741211,107.0999984741211,41.15237045288086,40800
2003-08-19,107.4000015258789,108.05999755859375,106.91999816894531,108.05000305175781,41.5174560546875,101100
2003-08-20,108.01000213623047,108.38999938964844,107.41999816894531,107.72000122070312,41.390647888183594,32100
2003-08-21,107.94999694824219,108.0,107.0999984741211,107.19999694824219,41.19084548950195,88100
2003-08-22,107.69999694824219,107.91000366210938,107.22000122070312,107.72000122070312,41.390647888183594,66500
2003-08-25,107.4000015258789,107.88999938964844,107.01000213623047,107.23999786376953,41.2061882019043,55400
2003-08-26,107.19999694824219,107.62999725341797,106.7699966430664,107.44999694824219,41.286861419677734,47200
2003-08-27,107.91999816894531,107.91999816894531,107.05999755859375,107.43000030517578,41.279197692871094,23700
2003-08-28,107.72000122070312,108.4000015258789,107.51000213623047,108.22000122070312,41.58274841308594,105300
2003-08-29,108.68000030517578,108.68000030517578,107.80000305175781,108.18000030517578,41.5673828125,42600
2003-09-02,106.88999938964844,107.62999725341797,106.88999938964844,107.16000366210938,41.468292236328125,135100
2003-09-03,107.05999755859375,107.5199966430664,106.80999755859375,107.47000122070312,41.588253021240234,69500
2003-09-04,107.47000122070312,107.97000122070312,107.05999755859375,107.83999633789062,41.7314338684082,364600
2003-09-05,108.05000305175781,109.0,107.93000030517578,108.66000366210938,42.04874801635742,738700
2003-09-08,108.79000091552734,109.3499984741211,108.25,108.26000213623047,41.89397048950195,264900
2003-09-09,108.81999969482422,108.81999969482422,107.86000061035156,108.5999984741211,42.02555847167969,193200
2003-09-10,108.8499984741211,109.47000122070312,108.6500015258789,109.47000122070312,42.362205505371094,50600
2003-09-11,109.19999694824219,109.33000183105469,108.69999694824219,108.9000015258789,42.141666412353516,137900
2003-09-12,109.52999877929688,110.13999938964844,109.36000061035156,109.69999694824219,42.45125198364258,33300
2003-09-15,109.69999694824219,109.8499984741211,109.08000183105469,109.73999786376953,42.46672439575195,345300
2003-09-16,109.80000305175781,109.98999786376953,109.26000213623047,109.9800033569336,42.5595817565918,44300
2003-09-17,110.31999969482422,110.7699966430664,109.69999694824219,110.6500015258789,42.81884765625,87700
2003-09-18,110.5,110.80000305175781,110.01000213623047,110.5,42.760807037353516,83300
2003-09-19,110.5999984741211,110.77999877929688,110.27999877929688,110.61000061035156,42.803375244140625,33700
2003-09-22,110.16999816894531,110.27999877929688,109.5199966430664,110.19999694824219,42.644710540771484,161300
2003-09-23,110.19999694824219,110.37999725341797,109.51000213623047,110.36000061035156,42.70661926269531,551000
2003-09-24,110.11000061035156,110.94000244140625,110.11000061035156,110.77999877929688,42.86916732788086,58900
2003-09-25,110.94000244140625,111.16000366210938,110.56999969482422,111.16000366210938,43.01622009277344,50600
2003-09-26,111.3499984741211,111.8499984741211,111.11000061035156,111.8499984741211,43.283206939697266,36700
2003-09-29,111.6500015258789,111.73999786376953,111.19999694824219,111.55000305175781,43.167137145996094,79800
2003-09-30,111.69999694824219,112.33000183105469,111.43000030517578,112.29000091552734,43.453495025634766,57500
2003-10-01,111.80000305175781,112.0,111.38999938964844,111.87999725341797,43.57853698730469,420900
2003-10-02,110.80000305175781,111.75,110.80000305175781,111.44999694824219,43.411033630371094,105300
2003-10-03,110.25,110.70999908447266,109.72000122070312,109.9000015258789,42.807315826416016,584500
2003-10-06,109.55999755859375,110.19999694824219,109.55999755859375,110.01000213623047,42.85017013549805,111800
2003-10-07,110.05999755859375,110.43000030517578,109.62000274658203,109.63999938964844,42.7060546875,33200
2003-10-08,109.55000305175781,110.33999633789062,109.55000305175781,110.04000091552734,42.86183166503906,524800
2003-10-09,109.44000244140625,109.77999877929688,109.05000305175781,109.66000366210938,42.713775634765625,71700
2003-10-10,109.5999984741211,110.41000366210938,109.5999984741211,110.19999694824219,42.92412567138672,286000
2003-10-13,109.6500015258789,110.1500015258789,109.6500015258789,110.12999725341797,42.89690017700195,26800
2003-10-14,109.8499984741211,110.13999938964844,109.51000213623047,109.68000030517578,42.72162628173828,47700
2003-10-15,109.6500015258789,109.73999786376953,109.23999786376953,109.69000244140625,42.725486755371094,53600
2003-10-16,109.83999633789062,109.83999633789062,109.06999969482422,109.33999633789062,42.58914566040039,752200
2003-10-17,109.06999969482422,109.9800033569336,109.06999969482422,109.94000244140625,42.82288360595703,35600
2003-10-20,109.93000030517578,110.27999877929688,109.54000091552734,110.04000091552734,42.86183166503906,26500
2003-10-21,110.4000015258789,110.44000244140625,109.58000183105469,110.08000183105469,42.87742233276367,233000
2003-10-22,110.4000015258789,110.5,110.0999984741211,110.4000015258789,43.00204849243164,57900
2003-10-23,110.5,110.5,109.44000244140625,109.80000305175781,42.76836013793945,54000
2003-10-24,110.5999984741211,110.5999984741211,110.12999725341797,110.5999984741211,43.079952239990234,190300
2003-10-27,110.5999984741211,110.6500015258789,110.05000305175781,110.3499984741211,42.982582092285156,35000
2003-10-28,110.43000030517578,111.08999633789062,109.9000015258789,111.08000183105469,43.26691436767578,68100
2003-10-29,110.76000213623047,111.08000183105469,110.22000122070312,110.30000305175781,42.96310043334961,72500
2003-10-30,109.75,110.1500015258789,109.5,110.1500015258789,42.904659271240234,64700
2003-10-31,109.94999694824219,110.43000030517578,109.91000366210938,110.1500015258789,42.904659271240234,45100
2003-11-03,110.30000305175781,110.30000305175781,109.16999816894531,109.77999877929688,42.92694854736328,150800
2003-11-04,109.73999786376953,109.97000122070312,109.5,109.94999694824219,42.993446350097656,89800
2003-11-05,109.94999694824219,109.94999694824219,109.18000030517578,109.18000030517578,42.692359924316406,50900
2003-11-06,109.1500015258789,109.19000244140625,108.56999969482422,108.58000183105469,42.45772933959961,50200
2003-11-07,108.56999969482422,108.86000061035156,108.12000274658203,108.79000091552734,42.539852142333984,71500
2003-11-10,108.94999694824219,109.02999877929688,108.30000305175781,108.47000122070312,42.414703369140625,78200
2003-11-11,108.12000274658203,108.98999786376953,108.11000061035156,108.94000244140625,42.598480224609375,32200
2003-11-12,109.0999984741211,109.19999694824219,108.86000061035156,109.0,42.621971130371094,76100
2003-11-13,109.4000015258789,110.3499984741211,109.4000015258789,110.02999877929688,43.024723052978516,62000
2003-11-14,110.0,110.69000244140625,110.0,110.62999725341797,43.25933074951172,322000
2003-11-17,111.25,111.27999877929688,110.79000091552734,110.83999633789062,43.3414421081543,165700
2003-11-18,110.80000305175781,111.33000183105469,110.4800033569336,111.33000183105469,43.53308868408203,30500
2003-11-19,111.0999984741211,111.55999755859375,110.3499984741211,110.3499984741211,43.14984893798828,436800
2003-11-20,111.0,111.2300033569336,110.30000305175781,110.87999725341797,43.35706329345703,40500
2003-11-21,111.25,111.43000030517578,110.8499984741211,111.25,43.50177001953125,33200
2003-11-24,110.4000015258789,110.97000122070312,110.27999877929688,110.5,43.2084846496582,29500
2003-11-25,110.51000213623047,111.08000183105469,110.5,110.8499984741211,43.34537124633789,32600
2003-11-26,111.05000305175781,111.18000030517578,110.5199966430664,110.61000061035156,43.25149917602539,18900
2003-11-28,110.6500015258789,110.6500015258789,110.0,110.05999755859375,43.036460876464844,32900
2003-12-01,109.0,109.44000244140625,108.75,109.38999938964844,42.94691848754883,183000
2003-12-02,109.47000122070312,109.80999755859375,108.69999694824219,109.69000244140625,43.06470489501953,227300
2003-12-03,110.0,110.0,109.12999725341797,109.5,42.990150451660156,181500
2003-12-04,109.8499984741211,109.8499984741211,109.08000183105469,109.58999633789062,43.02547836303711,672300
2003-12-05,110.38999938964844,110.93000030517578,109.97000122070312,110.7300033569336,43.47304153442383,81900
2003-12-08,110.79000091552734,110.79000091552734,109.72000122070312,109.9000015258789,43.147186279296875,275000
2003-12-09,110.0,110.48999786376953,109.0999984741211,109.55000305175781,43.009742736816406,38100
2003-12-10,110.3499984741211,110.3499984741211,109.30000305175781,109.80000305175781,43.10790252685547,34200
2003-12-11,109.0999984741211,110.31999969482422,109.0999984741211,110.30000305175781,43.30418014526367,65000
2003-12-12,110.62999725341797,110.7300033569336,110.25,110.5999984741211,43.42198944091797,78200
2003-12-15,110.0999984741211,110.69999694824219,110.0199966430664,110.3499984741211,43.323848724365234,275500
2003-12-16,110.75,110.75,110.05999755859375,110.5999984741211,43.97390365600586,40600
2003-12-17,110.5999984741211,111.23999786376953,110.55000305175781,110.8499984741211,44.073299407958984,41900
2003-12-18,111.05999755859375,111.48999786376953,110.86000061035156,111.48999786376953,44.32777404785156,45700
2003-12-19,111.48999786376953,111.56999969482422,111.0,111.55999755859375,44.355628967285156,152700
2003-12-22,111.9000015258789,112.0,111.01000213623047,111.3499984741211,44.272098541259766,299400
2003-12-23,111.4000015258789,111.4000015258789,110.63999938964844,110.70999908447266,44.0176887512207,39900
2003-12-24,111.19999694824219,111.37000274658203,110.76000213623047,111.37000274658203,44.280067443847656,29700
2003-12-26,111.77999877929688,111.77999877929688,111.19999694824219,111.4000015258789,44.29197311401367,17600
2003-12-29,111.6500015258789,111.6500015258789,110.75,111.18000030517578,44.204471588134766,82400
2003-12-30,110.88999938964844,111.13999938964844,110.52999877929688,110.75,44.03352355957031,55700
2003-12-31,110.8499984741211,110.8499984741211,110.19999694824219,110.56999969482422,44.14333724975586,53600
2004-01-02,110.56999969482422,110.56999969482422,109.6500015258789,109.77999877929688,43.82791519165039,209600
2004-01-05,110.05000305175781,110.1500015258789,109.6500015258789,109.9000015258789,43.8758544921875,69900
2004-01-06,110.4000015258789,110.94999694824219,110.0,110.88999938964844,44.271095275878906,304400
2004-01-07,110.8499984741211,111.29000091552734,110.69999694824219,110.9800033569336,44.307029724121094,60600
2004-01-08,111.1500015258789,111.30000305175781,110.80000305175781,111.16000366210938,44.378883361816406,63400
2004-01-09,111.9000015258789,112.19999694824219,111.58999633789062,112.05999755859375,44.7381591796875,86600
2004-01-12,112.0,112.72000122070312,112.0,112.25,44.81406784057617,114500
2004-01-13,111.8499984741211,112.87999725341797,111.8499984741211,112.55000305175781,44.93381881713867,72500
2004-01-14,112.8499984741211,113.11000061035156,112.30000305175781,112.79000091552734,45.029632568359375,272300
2004-01-15,113.0999984741211,113.30000305175781,112.69999694824219,113.30000305175781,45.23325729370117,165700
2004-01-16,113.01000213623047,113.44000244140625,112.77999877929688,112.80000305175781,45.033634185791016,45600
2004-01-20,112.69999694824219,113.18000030517578,112.43000030517578,112.56999969482422,44.9417839050293,76100
2004-01-21,112.81999969482422,112.98999786376953,112.30000305175781,112.83000183105469,45.04561996459961,43800
2004-01-22,113.0,113.62000274658203,112.63999938964844,113.4000015258789,45.27315902709961,77800
2004-01-23,113.75,113.87000274658203,112.4800033569336,112.5,44.91386032104492,112900
2004-01-26,112.75,112.75,111.87999725341797,111.87999725341797,44.66631317138672,239100
2004-01-27,112.4000015258789,112.77999877929688,112.19999694824219,112.55999755859375,44.93782043457031,571700
2004-01-28,112.80000305175781,113.12000274658203,111.5,111.66999816894531,44.58250045776367,70100
2004-01-29,111.69999694824219,111.95999908447266,111.30000305175781,111.6500015258789,44.57451629638672,133100
2004-01-30,112.25,112.36000061035156,111.5199966430664,111.91999816894531,44.682281494140625,80000
2004-02-02,111.80000305175781,111.87999725341797,111.4000015258789,111.44999694824219,44.67026901245117,320600
2004-02-03,111.94999694824219,111.94999694824219,111.33999633789062,111.68000030517578,44.762451171875,152200
2004-02-04,111.66999816894531,111.8499984741211,111.30000305175781,111.58999633789062,44.72639846801758,55000
2004-02-05,111.58000183105469,111.9000015258789,111.13999938964844,111.4000015258789,44.650230407714844,47100
2004-02-06,111.94999694824219,112.0999984741211,111.5,111.7300033569336,44.78248596191406,122500
2004-02-09,111.77999877929688,112.30000305175781,111.66999816894531,112.19999694824219,44.97085952758789,130400
2004-02-10,112.25,112.25,111.72000122070312,111.87000274658203,44.838600158691406,52400
2004-02-11,111.51000213623047,112.86000061035156,111.51000213623047,112.55000305175781,45.11115646362305,41700
2004-02-12,112.83000183105469,112.83000183105469,112.08000183105469,112.3499984741211,45.03104019165039,106100
2004-02-13,113.0,113.01000213623047,112.47000122070312,112.98999786376953,45.28751754760742,92300
2004-02-17,113.02999877929688,113.02999877929688,112.5999984741211,112.66000366210938,45.15525436401367,64800
2004-02-18,113.08999633789062,113.0999984741211,112.2300033569336,112.4000015258789,45.05103302001953,52400
2004-02-19,112.68000030517578,113.51000213623047,112.36000061035156,112.80000305175781,45.21135711669922,51900
2004-02-20,112.95999908447266,112.95999908447266,112.22000122070312,112.25,44.99090576171875,119300
2004-02-23,112.5,112.83999633789062,112.30000305175781,112.55999755859375,45.115177154541016,33600
2004-02-24,112.36000061035156,113.08000183105469,112.36000061035156,112.66999816894531,45.159263610839844,63100
2004-02-25,113.05000305175781,113.23999786376953,112.44999694824219,112.75,45.19132995605469,49500
2004-02-26,112.83999633789062,112.94999694824219,112.52999877929688,112.83000183105469,45.223384857177734,37700
2004-02-27,112.86000061035156,113.30999755859375,112.81999969482422,113.16000366210938,45.35569381713867,39700
2004-03-01,112.93000030517578,113.05000305175781,112.43000030517578,112.69000244140625,45.341609954833984,291000
2004-03-02,112.79000091552734,112.83999633789062,112.01000213623047,112.47000122070312,45.25309753417969,51800
2004-03-03,112.47000122070312,112.5,111.79000091552734,112.41999816894531,45.232948303222656,58800
2004-03-04,111.9000015258789,112.6500015258789,111.9000015258789,112.5999984741211,45.305355072021484,128000
2004-03-05,114.30000305175781,114.3499984741211,113.5199966430664,113.80000305175781,45.7881965637207,158600
2004-03-08,114.4000015258789,114.4800033569336,113.91999816894531,114.12000274658203,45.91691970825195,61000
2004-03-09,114.5,114.76000213623047,114.06999969482422,114.3499984741211,46.009490966796875,71000
2004-03-10,114.4000015258789,114.75,114.30000305175781,114.72000122070312,46.158363342285156,60300
2004-03-11,114.69000244140625,114.79000091552734,113.81999969482422,114.2300033569336,45.96120071411133,145800
2004-03-12,114.69999694824219,114.69999694824219,113.88999938964844,114.0999984741211,45.90890121459961,69700
2004-03-15,113.91000366210938,114.43000030517578,113.86000061035156,114.2300033569336,45.96120071411133,67900
2004-03-16,114.01000213623047,114.8499984741211,113.77999877929688,114.75,46.170440673828125,98400
2004-03-17,114.98999786376953,115.0,114.5999984741211,114.80999755859375,46.19454574584961,34700
2004-03-18,114.80000305175781,114.9800033569336,114.19999694824219,114.33000183105469,46.00144577026367,173700
2004-03-19,114.56999969482422,114.56999969482422,113.91999816894531,114.1500015258789,45.92900848388672,139700
2004-03-22,114.48999786376953,114.83000183105469,114.18000030517578,114.58999633789062,46.10609817504883,48400
2004-03-23,114.66999816894531,114.80000305175781,114.26000213623047,114.80000305175781,46.19054412841797,65600
2004-03-24,114.91000366210938,114.91000366210938,114.5,114.69000244140625,46.14628982543945,38200
2004-03-25,114.66000366210938,114.69999694824219,114.27999877929688,114.37999725341797,46.02157974243164,50500
2004-03-26,114.44000244140625,114.4800033569336,113.5199966430664,113.52999877929688,45.679569244384766,139200
2004-03-29,113.6500015258789,113.70999908447266,113.12999725341797,113.70999908447266,45.75197982788086,153900
2004-03-30,113.8499984741211,113.91000366210938,113.41000366210938,113.43000030517578,45.63931655883789,60900
2004-03-31,113.7300033569336,114.19999694824219,113.33000183105469,113.83999633789062,45.80429458618164,246500
2004-04-01,113.9000015258789,113.9000015258789,113.0999984741211,113.36000061035156,45.784488677978516,393100
2004-04-02,111.8499984741211,111.98999786376953,111.37999725341797,111.58999633789062,45.06959533691406,226800
2004-04-05,110.9000015258789,111.33999633789062,110.75,111.02999877929688,44.84343338012695,127600
2004-04-06,111.3499984741211,111.69000244140625,111.20999908447266,111.55000305175781,45.053466796875,48800
2004-04-07,111.5999984741211,112.0999984741211,111.31999969482422,111.58000183105469,45.06559371948242,29900
2004-04-08,111.5999984741211,111.80000305175781,111.1500015258789,111.69000244140625,45.110050201416016,36000
2004-04-12,111.41999816894531,111.41999816894531,110.80999755859375,111.01000213623047,44.835365295410156,79900
2004-04-13,110.19999694824219,110.83999633789062,110.19999694824219,110.30999755859375,44.55267333984375,91300
2004-04-14,109.98999786376953,110.31999969482422,109.7300033569336,110.16000366210938,44.49205017089844,134200
2004-04-15,110.0,110.4000015258789,109.63999938964844,109.69999694824219,44.3062744140625,144000
2004-04-16,110.0199966430664,110.48999786376953,110.01000213623047,110.33000183105469,44.56072998046875,32200
2004-04-19,110.48999786376953,110.5,109.8499984741211,110.12999725341797,44.479957580566406,47300
2004-04-20,109.5,110.1500015258789,109.37999725341797,109.41000366210938,44.189151763916016,35000
2004-04-21,109.30000305175781,109.80000305175781,109.18000030517578,109.5,44.225494384765625,245500
2004-04-22,109.62999725341797,110.22000122070312,109.55999755859375,110.0999984741211,44.46783447265625,37000
2004-04-23,109.43000030517578,109.83999633789062,109.30000305175781,109.62999725341797,44.27798843383789,67100
2004-04-26,109.80000305175781,109.94999694824219,109.44000244140625,109.63999938964844,44.282047271728516,61000
2004-04-27,109.44999694824219,110.16000366210938,109.44999694824219,110.16000366210938,44.49205017089844,105000
2004-04-28,109.5,110.05999755859375,109.2699966430664,109.48999786376953,44.22147750854492,132200
2004-04-29,109.0999984741211,109.73999786376953,108.62000274658203,109.0,44.0235710144043,235200
2004-04-30,109.1500015258789,109.5,108.70999908447266,109.0,44.0235710144043,74100
2004-05-03,108.8499984741211,108.88999938964844,108.41000366210938,108.70999908447266,44.08116149902344,210800
2004-05-04,109.0,109.1500015258789,108.33999633789062,108.3499984741211,43.935150146484375,78200
2004-05-05,108.41999816894531,108.72000122070312,107.80999755859375,108.19000244140625,43.87029266357422,262200
2004-05-06,107.94000244140625,107.9800033569336,107.58000183105469,107.69999694824219,43.67159652709961,53700
2004-05-07,106.9000015258789,106.9000015258789,106.1500015258789,106.30000305175781,43.10386657714844,136200
2004-05-10,106.05999755859375,106.19999694824219,105.5,105.51000213623047,42.78355407714844,338300
2004-05-11,105.61000061035156,105.94000244140625,105.56999969482422,105.72000122070312,42.868709564208984,224200
2004-05-12,106.19999694824219,106.23999786376953,105.5,105.76000213623047,42.884952545166016,98200
2004-05-13,105.38999938964844,105.5,105.12999725341797,105.19999694824219,42.657859802246094,106400
2004-05-14,105.91000366210938,106.27999877929688,105.36000061035156,105.83999633789062,42.9173698425293,60300
2004-05-17,106.45999908447266,106.5,106.1500015258789,106.3499984741211,43.12418746948242,162000
2004-05-18,106.7300033569336,106.7300033569336,106.01000213623047,106.5,43.18497848510742,47400
2004-05-19,106.5,106.5,105.97000122070312,106.1500015258789,43.043033599853516,36500
2004-05-20,106.33000183105469,106.75,106.26000213623047,106.73999786376953,43.282318115234375,47800
2004-05-21,106.9000015258789,106.9000015258789,106.41999816894531,106.6500015258789,43.24581527709961,282900
2004-05-24,107.0,107.11000061035156,106.70999908447266,107.08000183105469,43.42017364501953,187500
2004-05-25,107.3499984741211,107.37000274658203,106.77999877929688,107.19000244140625,43.46479797363281,219100
2004-05-26,107.5999984741211,107.66999816894531,106.98999786376953,107.66999816894531,43.65940475463867,159300
2004-05-27,108.06999969482422,108.18000030517578,107.48999786376953,108.16000366210938,43.85810852050781,179700
2004-05-28,108.0,108.2300033569336,107.77999877929688,108.0,43.793270111083984,80900
2004-06-01,107.29000091552734,107.29000091552734,106.69999694824219,106.98999786376953,43.55952453613281,114000
2004-06-02,106.97000122070312,107.01000213623047,106.5999984741211,106.70999908447266,43.44552230834961,73800
2004-06-03,106.66999816894531,107.05999755859375,106.55000305175781,106.98999786376953,43.55952453613281,91600
2004-06-04,107.0,107.0,106.41999816894531,106.61000061035156,43.40482711791992,94300
2004-06-07,106.5999984741211,106.7699966430664,106.38999938964844,106.75,43.46184158325195,52500
2004-06-08,106.20999908447266,106.80999755859375,106.20999908447266,106.76000213623047,43.465911865234375,83200
2004-06-09,106.8499984741211,106.86000061035156,106.16000366210938,106.29000091552734,43.274539947509766,91300
2004-06-10,106.06999969482422,106.5,105.94999694824219,106.3499984741211,43.298980712890625,162400
2004-06-14,106.45999908447266,106.45999908447266,105.80000305175781,105.80999755859375,43.079132080078125,68400
2004-06-15,106.30000305175781,107.25,106.12999725341797,107.01000213623047,43.56768798828125,116100
2004-06-16,107.0999984741211,107.13999938964844,106.5,107.0199966430664,43.571754455566406,87200
2004-06-17,107.04000091552734,107.33000183105469,106.6500015258789,107.2300033569336,43.65724182128906,63300
2004-06-18,107.05999755859375,107.48999786376953,106.86000061035156,107.0999984741211,43.604347229003906,52500
2004-06-21,107.3499984741211,107.5,107.11000061035156,107.29000091552734,43.681644439697266,66800
2004-06-22,107.55000305175781,107.55000305175781,106.66999816894531,107.13999938964844,43.6206169128418,268800
2004-06-23,107.33999633789062,107.5999984741211,106.86000061035156,107.06999969482422,43.59210968017578,163900
2004-06-24,107.91000366210938,107.91999816894531,107.41999816894531,107.41999816894531,43.734596252441406,93500
2004-06-25,107.19999694824219,107.7300033569336,107.19999694824219,107.5,43.767181396484375,211700
2004-06-28,107.54000091552734,107.54000091552734,106.72000122070312,106.75,43.46184158325195,53900
2004-06-29,107.20999908447266,107.5,106.56999969482422,107.5,43.767181396484375,110700
2004-06-30,107.58999633789062,107.9800033569336,107.20999908447266,107.69999694824219,43.84861755371094,52400
2004-07-01,107.22000122070312,107.83999633789062,107.0999984741211,107.80000305175781,44.06767272949219,422400
2004-07-02,108.30999755859375,108.6500015258789,108.25,108.55000305175781,44.37432861328125,40900
2004-07-06,108.66999816894531,108.66999816894531,108.0,108.30000305175781,44.27210235595703,49900
2004-07-07,108.30000305175781,108.52999877929688,108.30000305175781,108.38999938964844,44.308895111083984,27800
2004-07-08,108.51000213623047,108.6500015258789,108.3499984741211,108.44999694824219,44.33345413208008,46600
2004-07-09,108.5,108.55000305175781,108.0999984741211,108.48999786376953,44.34977340698242,32600
2004-07-12,108.7699966430664,108.81999969482422,108.52999877929688,108.70999908447266,44.43974304199219,70300
2004-07-13,108.5999984741211,108.5999984741211,108.25,108.5,44.353878021240234,64500
2004-07-14,108.6500015258789,108.69000244140625,108.3499984741211,108.55000305175781,44.37432861328125,22600
2004-07-15,108.68000030517578,108.7300033569336,108.25,108.33000183105469,44.28437805175781,233500
2004-07-16,108.95999908447266,109.37999725341797,108.5,109.37999725341797,44.71364212036133,191200
2004-07-19,109.4000015258789,109.5,109.16000366210938,109.44999694824219,44.742210388183594,38700
2004-07-20,109.20999908447266,109.4000015258789,108.66999816894531,108.69999694824219,44.43561935424805,37800
2004-07-21,108.72000122070312,108.72000122070312,108.16999816894531,108.68000030517578,44.42744827270508,49700
2004-07-22,108.68000030517578,108.93000030517578,108.43000030517578,108.43000030517578,44.32522964477539,38900
2004-07-23,108.91000366210938,109.0,108.56999969482422,108.9000015258789,44.51739501953125,34600
2004-07-26,108.88999938964844,108.9000015258789,108.5,108.83999633789062,44.49283981323242,44000
2004-07-27,108.41000366210938,108.69999694824219,107.83000183105469,108.08000183105469,44.18218994140625,379000
2004-07-28,107.94999694824219,108.05000305175781,107.55999755859375,107.76000213623047,44.05136489868164,67900
2004-07-29,107.55000305175781,108.25,107.55000305175781,108.16999816894531,44.21900177001953,45100
2004-07-30,108.9000015258789,108.94000244140625,108.43000030517578,108.94000244140625,44.533729553222656,135800
2004-08-02,108.73999786376953,108.83999633789062,108.44999694824219,108.7300033569336,44.62527084350586,77500
2004-08-03,108.94999694824219,108.9800033569336,108.13999938964844,108.61000061035156,44.576026916503906,147900
2004-08-04,108.80000305175781,109.08999633789062,108.55999755859375,108.9000015258789,44.695030212402344,34300
2004-08-05,109.30000305175781,109.30000305175781,108.80000305175781,109.0999984741211,44.777122497558594,77300
2004-08-06,110.30999755859375,110.41999816894531,109.95999908447266,110.08000183105469,45.1793327331543,102700
2004-08-09,110.4000015258789,110.4000015258789,109.98999786376953,110.0999984741211,45.18752670288086,46800
2004-08-10,110.19000244140625,110.19000244140625,109.44999694824219,109.73999786376953,45.0397834777832,38600
2004-08-11,109.9000015258789,109.97000122070312,109.37000274658203,109.66000366210938,45.00695037841797,25500
2004-08-12,109.5,110.19999694824219,109.4000015258789,109.80999755859375,45.068485260009766,84400
2004-08-13,109.94999694824219,110.5999984741211,109.94999694824219,110.25,45.24913024902344,61400
2004-08-16,110.16999816894531,110.23999786376953,109.7300033569336,110.13999938964844,45.20398712158203,131200
2004-08-17,110.11000061035156,110.73999786376953,110.0999984741211,110.73999786376953,45.450218200683594,39000
2004-08-18,111.04000091552734,111.04000091552734,110.22000122070312,110.41999816894531,45.31887435913086,82900
2004-08-19,110.4000015258789,110.93000030517578,110.33000183105469,110.80999755859375,45.478946685791016,51300
2004-08-20,110.80999755859375,110.87999725341797,110.4000015258789,110.41000366210938,45.31475830078125,48300
2004-08-23,110.31999969482422,110.3499984741211,109.95999908447266,110.19999694824219,45.228599548339844,33400
2004-08-24,109.75,110.2300033569336,109.75,110.0999984741211,45.18752670288086,385100
2004-08-25,110.56999969482422,110.76000213623047,110.30000305175781,110.62000274658203,45.40094757080078,233400
2004-08-26,110.81999969482422,110.9000015258789,110.37999725341797,110.69000244140625,45.429710388183594,42300
2004-08-27,110.69000244140625,111.0,110.63999938964844,110.94999694824219,45.536407470703125,142800
2004-08-30,111.19999694824219,111.37999725341797,110.70999908447266,111.37999725341797,45.71289825439453,67400
2004-08-31,111.4800033569336,112.0,111.25,111.8499984741211,45.905799865722656,68100
2004-09-01,111.55999755859375,111.63999938964844,111.02999877929688,111.19999694824219,45.81802749633789,128200
2004-09-02,111.01000213623047,111.3499984741211,110.55000305175781,110.7300033569336,45.62437057495117,70200
2004-09-03,110.22000122070312,110.55000305175781,109.83999633789062,109.86000061035156,45.265892028808594,92800
2004-09-07,110.05000305175781,110.4800033569336,110.0,110.4800033569336,45.521358489990234,70800
2004-09-08,110.37999725341797,111.18000030517578,110.29000091552734,110.94999694824219,45.71502685546875,63700
2004-09-09,111.0199966430664,111.48999786376953,110.9000015258789,111.18000030517578,45.8098030090332,50100
2004-09-10,111.47000122070312,111.47000122070312,111.0,111.12000274658203,45.785064697265625,47000
2004-09-13,111.29000091552734,111.54000091552734,110.95999908447266,111.5,45.941627502441406,148600
2004-09-14,111.48999786376953,111.69000244140625,111.30999755859375,111.52999877929688,45.95402145385742,47600
2004-09-15,111.66000366210938,111.66000366210938,111.31999969482422,111.52999877929688,45.95402145385742,25400
2004-09-16,111.66000366210938,112.30000305175781,111.54000091552734,112.16999816894531,46.21768569946289,64600
2004-09-17,112.16000366210938,112.19000244140625,111.70999908447266,111.75,46.04464340209961,56500
2004-09-20,112.11000061035156,112.37999725341797,111.87999725341797,112.36000061035156,46.295982360839844,106000
2004-09-21,112.19999694824219,112.52999877929688,111.91999816894531,112.4000015258789,46.312469482421875,54600
2004-09-22,112.37999725341797,112.94999694824219,112.13999938964844,112.80000305175781,46.4773063659668,1033000
2004-09-23,112.68000030517578,112.94999694824219,112.33999633789062,112.3499984741211,46.291847229003906,98000
2004-09-24,112.05999755859375,112.43000030517578,112.01000213623047,112.30999755859375,46.27537155151367,83600
2004-09-27,112.41000366210938,112.7699966430664,112.3499984741211,112.69999694824219,46.43605422973633,45500
2004-09-28,112.80000305175781,112.81999969482422,112.31999969482422,112.62000274658203,46.40312957763672,52000
2004-09-29,112.2300033569336,112.2300033569336,111.66999816894531,112.08999633789062,46.184730529785156,43300
2004-09-30,111.38999938964844,111.91999816894531,111.38999938964844,111.76000213623047,46.04878616333008,50400
2004-10-01,111.22000122070312,111.47000122070312,110.66999816894531,110.83999633789062,45.84483337402344,442000
2004-10-04,110.51000213623047,111.19000244140625,110.5,110.7699966430664,45.81588363647461,244800
2004-10-05,110.9000015258789,111.23999786376953,110.75,111.2300033569336,46.006134033203125,61800
2004-10-06,111.16000366210938,111.19999694824219,110.9000015258789,110.91000366210938,45.87381362915039,47200
2004-10-07,110.87999725341797,110.94999694824219,110.55999755859375,110.66999816894531,45.77455139160156,64600
2004-10-08,111.4000015258789,111.9000015258789,111.26000213623047,111.75,46.22124099731445,48100
2004-10-11,111.80000305175781,111.8499984741211,111.47000122070312,111.8499984741211,46.2625617980957,34400
2004-10-12,112.05000305175781,112.12000274658203,111.69999694824219,111.91000366210938,46.28740310668945,68000
2004-10-13,111.83999633789062,112.61000061035156,111.76000213623047,112.33999633789062,46.46528244018555,526400
2004-10-14,112.33000183105469,112.80000305175781,112.01000213623047,112.80000305175781,46.65552520751953,46700
2004-10-15,112.47000122070312,112.79000091552734,111.8499984741211,112.30000305175781,46.44871520996094,85400
2004-10-18,112.20999908447266,112.5199966430664,112.11000061035156,112.48999786376953,46.52730178833008,35600
2004-10-19,112.1500015258789,112.5999984741211,112.0,112.47000122070312,46.519039154052734,42300
2004-10-20,112.58999633789062,112.83999633789062,112.54000091552734,112.83999633789062,46.67207717895508,108300
2004-10-21,112.80000305175781,112.88999938964844,112.58000183105469,112.73999786376953,46.63071060180664,51200
2004-10-22,112.58000183105469,112.8499984741211,112.37000274658203,112.6500015258789,46.59347915649414,166500
2004-10-25,112.80999755859375,113.13999938964844,112.70999908447266,112.9000015258789,46.696937561035156,50600
2004-10-26,112.98999786376953,113.0,112.69999694824219,112.77999877929688,46.647274017333984,37000
2004-10-27,112.9800033569336,113.16000366210938,112.0,112.0999984741211,46.36595916748047,108400
2004-10-28,112.4000015258789,112.55000305175781,111.91000366210938,112.29000091552734,46.444576263427734,81000
2004-10-29,112.5,112.8499984741211,112.30000305175781,112.6500015258789,46.59347915649414,55400
2004-11-01,112.29000091552734,112.29000091552734,111.75,111.75,46.398738861083984,73900
2004-11-02,111.8499984741211,112.12000274658203,111.75,111.91999816894531,46.46938705444336,97800
2004-11-03,111.69999694824219,112.58999633789062,111.54000091552734,111.69999694824219,46.37799072265625,315700
2004-11-04,112.63999938964844,112.70999908447266,112.13999938964844,112.18000030517578,46.57729721069336,53100
2004-11-05,111.69999694824219,111.7699966430664,111.13999938964844,111.69999694824219,46.37799072265625,99500
2004-11-08,111.2300033569336,111.5999984741211,110.80999755859375,111.2300033569336,46.18284606933594,123000
2004-11-09,111.29000091552734,111.6500015258789,111.11000061035156,111.25,46.1911506652832,172200
2004-11-10,111.44000244140625,111.44999694824219,111.01000213623047,111.1500015258789,46.149593353271484,34000
2004-11-11,111.48999786376953,111.5,111.0,111.16000366210938,46.15379333496094,52100
2004-11-12,111.63999938964844,111.94999694824219,111.1500015258789,111.72000122070312,46.38630294799805,355400
2004-11-15,111.69000244140625,111.94999694824219,111.3499984741211,111.76000213623047,46.40293502807617,61500
2004-11-16,111.80999755859375,111.80999755859375,110.95999908447266,111.69999694824219,46.37799072265625,932500
2004-11-17,111.87999725341797,112.41000366210938,111.69999694824219,112.31999969482422,46.63542175292969,79300
2004-11-18,112.3499984741211,112.61000061035156,111.8499984741211,112.5,46.71017837524414,274900
2004-11-19,112.44000244140625,112.44000244140625,111.30999755859375,111.91000366210938,46.465213775634766,105700
2004-11-22,111.98999786376953,112.13999938964844,111.69999694824219,111.86000061035156,46.444435119628906,171300
2004-11-23,111.8499984741211,112.12999725341797,111.62999725341797,112.0,46.502567291259766,53800
2004-11-24,112.19999694824219,112.23999786376953,111.86000061035156,111.98999786376953,46.498416900634766,42900
2004-11-26,111.56999969482422,111.86000061035156,111.56999969482422,111.58999633789062,46.332313537597656,18300
2004-11-29,111.30000305175781,111.30000305175781,110.69000244140625,110.70999908447266,45.96693801879883,259300
2004-11-30,110.83999633789062,111.0999984741211,110.55999755859375,110.8499984741211,46.02506637573242,163200
2004-12-01,110.5199966430664,110.80999755859375,110.05000305175781,110.36000061035156,45.99757766723633,159900
2004-12-02,110.30000305175781,110.30000305175781,109.81999969482422,110.01000213623047,45.851688385009766,129300
2004-12-03,110.75,111.45999908447266,110.62999725341797,110.62999725341797,46.11008834838867,180100
2004-12-06,111.19000244140625,111.19999694824219,110.70999908447266,110.94000244140625,46.23929977416992,140200
2004-12-07,111.12999725341797,111.3499984741211,110.80000305175781,111.19999694824219,46.347686767578125,665400
2004-12-08,111.73999786376953,111.94000244140625,111.38999938964844,111.58000183105469,46.50609588623047,558700
2004-12-09,111.73999786376953,112.0,111.5,111.83999633789062,46.614410400390625,91100
2004-12-10,111.97000122070312,112.22000122070312,111.51000213623047,111.88999938964844,46.635276794433594,98600
2004-12-13,112.1500015258789,112.16000366210938,111.81999969482422,112.11000061035156,46.72697448730469,90200
2004-12-14,112.0,112.16000366210938,111.5999984741211,112.16000366210938,46.747825622558594,77600
2004-12-15,112.19999694824219,112.76000213623047,112.19999694824219,112.76000213623047,46.99787902832031,64400
2004-12-16,112.5999984741211,112.5999984741211,111.61000061035156,111.79000091552734,46.593597412109375,45400
2004-12-17,111.6500015258789,111.91000366210938,111.5199966430664,111.91000366210938,46.64360809326172,36000
2004-12-20,111.7699966430664,112.05999755859375,111.5199966430664,111.83000183105469,46.610233306884766,80000
2004-12-21,111.8499984741211,112.29000091552734,111.3499984741211,111.87999725341797,46.631103515625,240000
2004-12-22,112.05000305175781,112.11000061035156,111.70999908447266,112.0,46.681129455566406,54300
2004-12-23,112.12999725341797,112.20999908447266,111.87999725341797,112.19999694824219,46.76445770263672,49300
2004-12-27,111.83000183105469,111.93000030517578,111.30999755859375,111.5999984741211,46.5143928527832,71400
2004-12-28,111.61000061035156,111.73999786376953,111.22000122070312,111.72000122070312,46.56442642211914,75500
2004-12-29,111.83000183105469,111.83000183105469,111.4000015258789,111.55000305175781,46.493568420410156,72300
2004-12-30,111.73999786376953,111.95999908447266,111.4800033569336,111.94999694824219,46.660274505615234,122700
2004-12-31,111.8499984741211,111.9800033569336,111.52999877929688,111.52999877929688,46.66531753540039,100600
2005-01-03,111.70999908447266,112.25,111.5,112.25,46.96658706665039,1497800
2005-01-04,112.2699966430664,112.29000091552734,111.5,111.62000274658203,46.70292282104492,90200
2005-01-05,111.6500015258789,111.91000366210938,111.45999908447266,111.70999908447266,46.7406120300293,120700
2005-01-06,111.55000305175781,111.94999694824219,111.55000305175781,111.79000091552734,46.77408218383789,43900
2005-01-07,111.91000366210938,111.91999816894531,111.43000030517578,111.73999786376953,46.753135681152344,68300
2005-01-10,111.76000213623047,111.76000213623047,111.4000015258789,111.55000305175781,46.673683166503906,73200
2005-01-11,111.79000091552734,112.12999725341797,111.37999725341797,111.80999755859375,46.78242874145508,265900
2005-01-12,111.3499984741211,112.05000305175781,111.3499984741211,111.91999816894531,46.828495025634766,46100
2005-01-13,111.98999786376953,112.41000366210938,111.9000015258789,112.22000122070312,46.953983306884766,61100
2005-01-14,112.1500015258789,112.54000091552734,111.87000274658203,112.3499984741211,47.00836944580078,61300
2005-01-18,111.9800033569336,112.43000030517578,111.91000366210938,112.41000366210938,47.03351974487305,145600
2005-01-19,112.4800033569336,112.5999984741211,112.11000061035156,112.58000183105469,47.104644775390625,78900
2005-01-20,112.27999877929688,112.69000244140625,112.26000213623047,112.37999725341797,47.02094650268555,62200
2005-01-21,112.45999908447266,112.7300033569336,112.1500015258789,112.62999725341797,47.125526428222656,111900
2005-01-24,112.8499984741211,112.87999725341797,112.5199966430664,112.83000183105469,47.20923614501953,100500
2005-01-25,112.91999816894531,112.91999816894531,112.36000061035156,112.44999694824219,47.050209045410156,72900
2005-01-26,112.5999984741211,112.70999908447266,112.44999694824219,112.48999786376953,47.066993713378906,47000
2005-01-27,112.37999725341797,112.58999633789062,111.66999816894531,112.25,46.96658706665039,1000300
2005-01-28,112.6500015258789,113.0199966430664,112.61000061035156,112.9000015258789,47.23854446411133,64500
2005-01-31,112.52999877929688,112.98999786376953,112.52999877929688,112.9000015258789,47.23854446411133,83100
2005-02-01,112.62999725341797,112.69999694824219,112.3499984741211,112.44999694824219,47.22885513305664,57000
2005-02-02,112.36000061035156,112.62999725341797,112.20999908447266,112.3499984741211,47.1868782043457,118600
2005-02-03,112.30000305175781,112.48999786376953,112.0199966430664,112.48999786376953,47.24565887451172,46800
2005-02-04,113.16000366210938,113.19999694824219,112.33999633789062,112.8499984741211,47.396854400634766,749000
2005-02-07,112.98999786376953,113.16000366210938,112.83999633789062,112.88999938964844,47.413658142089844,218400
2005-02-08,113.29000091552734,113.30999755859375,112.91000366210938,113.30000305175781,47.585845947265625,101800
2005-02-09,113.37000274658203,113.80000305175781,113.23999786376953,113.69999694824219,47.75385284423828,78800
2005-02-10,113.56999969482422,113.56999969482422,113.01000213623047,113.30000305175781,47.585845947265625,56600
2005-02-11,113.11000061035156,113.19000244140625,112.73999786376953,112.97000122070312,47.447261810302734,65000
2005-02-14,113.19000244140625,113.29000091552734,112.80000305175781,113.16000366210938,47.527076721191406,69600
2005-02-15,112.94999694824219,113.19000244140625,112.76000213623047,112.98999786376953,47.455657958984375,52800
2005-02-16,113.0999984741211,113.0999984741211,112.30000305175781,112.44999694824219,47.22885513305664,194700
2005-02-17,112.0999984741211,112.5999984741211,111.87000274658203,112.19999694824219,47.12385559082031,73800
2005-02-18,112.0,112.08999633789062,111.81999969482422,112.01000213623047,47.0440673828125,55400
2005-02-22,111.73999786376953,112.05000305175781,111.69999694824219,111.91000366210938,47.002079010009766,56400
2005-02-23,112.0999984741211,112.44999694824219,111.91999816894531,112.06999969482422,47.06926345825195,66900
2005-02-24,112.19999694824219,112.4000015258789,111.8499984741211,111.8499984741211,46.97682571411133,86400
2005-02-25,112.1500015258789,112.22000122070312,111.87000274658203,112.05000305175781,47.0609016418457,66600
2005-02-28,111.5,112.0,111.30000305175781,111.41999816894531,46.7962760925293,192300
2005-03-01,111.0199966430664,111.18000030517578,110.75,110.97000122070312,46.78746032714844,92400
2005-03-02,110.95999908447266,111.19999694824219,110.87999725341797,111.01000213623047,46.80424880981445,60300
2005-03-03,111.0999984741211,111.2699966430664,110.8499984741211,111.0,46.800048828125,109400
2005-03-04,111.43000030517578,111.62999725341797,111.25,111.36000061035156,46.95187759399414,64100
2005-03-07,111.36000061035156,111.80000305175781,111.30000305175781,111.68000030517578,47.086769104003906,53100
2005-03-08,111.37999725341797,111.37999725341797,111.01000213623047,111.18000030517578,46.87594223022461,65600
2005-03-09,110.75,110.83999633789062,110.12000274658203,110.12000274658203,46.429019927978516,69800
2005-03-10,110.5999984741211,110.5999984741211,110.05999755859375,110.2699966430664,46.49226379394531,93500
2005-03-11,110.01000213623047,110.30000305175781,109.83999633789062,110.08000183105469,46.412174224853516,71100
2005-03-14,110.0,110.19999694824219,109.72000122070312,110.06999969482422,46.40794372558594,55200
2005-03-15,110.02999877929688,110.30000305175781,109.61000061035156,109.62000274658203,46.21823501586914,73700
2005-03-16,109.80000305175781,110.41000366210938,109.75,110.0,46.37841796875,60200
2005-03-17,110.12999725341797,110.16999816894531,109.4000015258789,109.75,46.27299118041992,252800
2005-03-18,109.83999633789062,109.8499984741211,109.20999908447266,109.41999816894531,46.13394546508789,62000
2005-03-21,109.30000305175781,109.68000030517578,109.20999908447266,109.29000091552734,46.07907485961914,95900
2005-03-22,109.30000305175781,109.75,108.3499984741211,108.3499984741211,45.682735443115234,97500
2005-03-23,108.06999969482422,108.81999969482422,108.05000305175781,108.66999816894531,45.817684173583984,124800
2005-03-24,109.04000091552734,109.04000091552734,108.7300033569336,108.9000015258789,45.91466522216797,48500
2005-03-28,108.9000015258789,108.9000015258789,108.5999984741211,108.73999786376953,45.8471794128418,53000
2005-03-29,108.68000030517578,109.22000122070312,108.5999984741211,108.93000030517578,45.92728805541992,83700
2005-03-30,108.5999984741211,109.30000305175781,108.5999984741211,109.20999908447266,46.04532241821289,91400
2005-03-31,109.30999755859375,109.61000061035156,109.2699966430664,109.58999633789062,46.2055778503418,69100
2005-04-01,109.54000091552734,109.55999755859375,108.91000366210938,109.25,46.247928619384766,104000
2005-04-04,109.11000061035156,109.48999786376953,108.51000213623047,108.58000183105469,45.96429443359375,379500
2005-04-05,108.80000305175781,108.9800033569336,108.30000305175781,108.91000366210938,46.103981018066406,141300
2005-04-06,109.0999984741211,109.2300033569336,108.68000030517578,108.8499984741211,46.07859420776367,259800
2005-04-07,108.80000305175781,109.41000366210938,108.30000305175781,108.30000305175781,45.8457145690918,156800
2005-04-08,108.69000244140625,108.69000244140625,108.12000274658203,108.6500015258789,45.99388885498047,115700
2005-04-11,108.63999938964844,109.08999633789062,108.62000274658203,108.94999694824219,46.12092208862305,71600
2005-04-12,108.56999969482422,109.58000183105469,108.56999969482422,109.38999938964844,46.307167053222656,57100
2005-04-13,109.4000015258789,109.7300033569336,109.38999938964844,109.6500015258789,46.4172248840332,58400
2005-04-14,109.58999633789062,109.5999984741211,109.19999694824219,109.25,46.247928619384766,67400
2005-04-15,109.9000015258789,109.9000015258789,109.30000305175781,109.75,46.45952606201172,93900
2005-04-18,109.83999633789062,110.0,109.70999908447266,109.7699966430664,46.46803665161133,116400
2005-04-19,110.02999877929688,110.25,109.70999908447266,110.2300033569336,46.66273880004883,60500
2005-04-20,109.80000305175781,110.31999969482422,109.80000305175781,110.29000091552734,46.68818283081055,324400
2005-04-21,110.25,110.30999755859375,109.70999908447266,109.70999908447266,46.4426155090332,81200
2005-04-22,110.37999725341797,110.51000213623047,110.0199966430664,110.2300033569336,46.66273880004883,149000
2005-04-25,110.30000305175781,110.5,110.13999938964844,110.5,46.77703857421875,45200
2005-04-26,110.05000305175781,110.55999755859375,109.94999694824219,110.31999969482422,46.700862884521484,49400
2005-04-27,110.69999694824219,110.97000122070312,110.4000015258789,110.86000061035156,46.92946243286133,350000
2005-04-28,110.88999938964844,111.33999633789062,110.87999725341797,111.31999969482422,47.12418746948242,315000
2005-04-29,111.1500015258789,111.41999816894531,110.83000183105469,110.91999816894531,46.95486068725586,92200
2005-05-02,110.56999969482422,110.66999816894531,110.20999908447266,110.52999877929688,46.970985412597656,52400
2005-05-03,110.51000213623047,110.5999984741211,110.18000030517578,110.58999633789062,46.99651336669922,52400
2005-05-04,109.5999984741211,110.55999755859375,109.5999984741211,110.33999633789062,46.890235900878906,58900
2005-05-05,110.4800033569336,110.72000122070312,110.12999725341797,110.5,46.958248138427734,80700
2005-05-06,109.88999938964844,110.05000305175781,109.62999725341797,109.9000015258789,46.70328140258789,60700
2005-05-09,109.6500015258789,109.7300033569336,109.26000213623047,109.5199966430664,46.54178237915039,473600
2005-05-10,109.48999786376953,110.0199966430664,109.41000366210938,109.5,46.53331756591797,134800
2005-05-11,109.69000244140625,109.9800033569336,109.55000305175781,109.5999984741211,46.5758171081543,157600
2005-05-12,109.47000122070312,109.62000274658203,108.6500015258789,109.25,46.427059173583984,803900
2005-05-13,109.27999877929688,109.9800033569336,109.27999877929688,109.86000061035156,46.686275482177734,57300
2005-05-16,110.0,110.05999755859375,109.44000244140625,109.69000244140625,46.6140251159668,133500
2005-05-17,109.83999633789062,109.9000015258789,108.94999694824219,109.75,46.63949203491211,584300
2005-05-18,110.0,110.19000244140625,109.76000213623047,110.13999938964844,46.80523681640625,54800
2005-05-19,110.0999984741211,110.19999694824219,109.7300033569336,109.9800033569336,46.737266540527344,55500
2005-05-20,109.6500015258789,110.0999984741211,109.6500015258789,109.94999694824219,46.724525451660156,143100
2005-05-23,110.41999816894531,110.41999816894531,109.75,110.41000366210938,46.91998291015625,339700
2005-05-24,110.72000122070312,110.80000305175781,110.5199966430664,110.6500015258789,47.02195739746094,161300
2005-05-25,110.6500015258789,110.76000213623047,110.33999633789062,110.63999938964844,47.017730712890625,48500
2005-05-26,110.5,110.76000213623047,110.44999694824219,110.70999908447266,47.04747009277344,76200
2005-05-27,110.79000091552734,110.80000305175781,110.51000213623047,110.69999694824219,47.043270111083984,62400
2005-05-31,111.16000366210938,111.27999877929688,110.97000122070312,111.18000030517578,47.24721145629883,172900
2005-06-01,110.98999786376953,111.6500015258789,110.98999786376953,111.51000213623047,47.57188034057617,195600
2005-06-02,111.41000366210938,111.94999694824219,111.3499984741211,111.94000244140625,47.755348205566406,1231800
2005-06-03,112.44000244140625,112.44000244140625,111.25,111.3499984741211,47.503631591796875,70400
2005-06-06,111.58999633789062,111.69000244140625,111.36000061035156,111.66000366210938,47.63587188720703,195200
2005-06-07,112.04000091552734,112.55000305175781,111.75,111.88999938964844,47.733978271484375,796500
2005-06-08,111.94000244140625,111.94000244140625,111.61000061035156,111.66000366210938,47.63587188720703,37200
2005-06-09,111.63999938964844,111.63999938964844,110.41000366210938,111.44999694824219,47.54627227783203,171000
2005-06-10,111.44000244140625,111.44000244140625,110.8499984741211,110.94999694824219,47.332984924316406,64200
2005-06-13,110.83999633789062,111.04000091552734,110.58999633789062,110.69000244140625,47.222015380859375,138400
2005-06-14,110.69000244140625,110.70999908447266,110.3499984741211,110.56999969482422,47.17084503173828,107300
2005-06-15,110.45999908447266,110.58999633789062,110.18000030517578,110.36000061035156,47.08125305175781,106400
2005-06-16,110.58999633789062,110.58999633789062,110.19999694824219,110.47000122070312,47.12820053100586,175800
2005-06-17,110.55999755859375,110.69999694824219,110.31999969482422,110.44999694824219,47.11965560913086,209500
2005-06-20,110.41999816894531,110.41999816894531,110.13999938964844,110.31999969482422,47.064208984375,194600
2005-06-21,110.58999633789062,110.73999786376953,110.41999816894531,110.69000244140625,47.222015380859375,73200
2005-06-22,111.31999969482422,111.66000366210938,111.01000213623047,111.4800033569336,47.5590705871582,229700
2005-06-23,111.4800033569336,111.5999984741211,111.30999755859375,111.55000305175781,47.58893966674805,119600
2005-06-24,111.83999633789062,111.83999633789062,111.6500015258789,111.83000183105469,47.708377838134766,57000
2005-06-27,111.8499984741211,112.0,111.75,111.98999786376953,47.77662658691406,55300
2005-06-28,111.83999633789062,111.93000030517578,111.5,111.63999938964844,47.627342224121094,42600
2005-06-29,111.93000030517578,111.98999786376953,111.5999984741211,111.69999694824219,47.65293884277344,57600
2005-06-30,112.05999755859375,112.2699966430664,111.69000244140625,112.0999984741211,47.82356262207031,94300
2005-07-01,111.83999633789062,111.9000015258789,111.13999938964844,111.16000366210938,47.60383987426758,77500
2005-07-05,110.83000183105469,110.91000366210938,110.63999938964844,110.80000305175781,47.449676513671875,47500
2005-07-06,110.94999694824219,111.12000274658203,110.80999755859375,111.04000091552734,47.552528381347656,70100
2005-07-07,111.05000305175781,111.4800033569336,111.05000305175781,111.33000183105469,47.67671585083008,45700
2005-07-08,111.45999908447266,111.45999908447266,111.0,111.11000061035156,47.58251190185547,62300
2005-07-11,110.83999633789062,110.9000015258789,110.5,110.5,47.321250915527344,220300
2005-07-12,110.69999694824219,110.69999694824219,110.1500015258789,110.25,47.21419143676758,242100
2005-07-13,110.4800033569336,110.66000366210938,110.30000305175781,110.5,47.321250915527344,102400
2005-07-14,110.72000122070312,110.73999786376953,110.5,110.5999984741211,47.36405563354492,132000
2005-07-15,110.58999633789062,110.75,110.5,110.6500015258789,47.38545608520508,178000
2005-07-18,110.83999633789062,110.83999633789062,110.36000061035156,110.55999755859375,47.346923828125,85900
2005-07-19,110.48999786376953,110.80000305175781,110.31999969482422,110.6500015258789,47.38545608520508,102300
2005-07-20,110.7300033569336,111.0199966430664,110.3499984741211,110.7699966430664,47.4368896484375,132000
2005-07-21,110.5999984741211,110.75,110.16999816894531,110.19999694824219,47.1927604675293,187300
2005-07-22,110.20999908447266,110.80000305175781,110.19999694824219,110.70999908447266,47.41114807128906,58100
2005-07-25,110.69999694824219,110.91000366210938,110.6500015258789,110.69999694824219,47.40687942504883,59100
2005-07-26,110.80000305175781,110.98999786376953,110.63999938964844,110.72000122070312,47.41543960571289,1058300
2005-07-27,110.72000122070312,110.72000122070312,110.31999969482422,110.58000183105469,47.35548782348633,66500
2005-07-28,110.81999969482422,111.16999816894531,110.58999633789062,111.0,47.53535842895508,105500
2005-07-29,111.04000091552734,111.0999984741211,110.58999633789062,110.75,47.4283332824707,76500
2005-08-01,110.05999755859375,110.30000305175781,109.61000061035156,110.04000091552734,47.3156623840332,139000
2005-08-02,109.98999786376953,110.19000244140625,109.68000030517578,109.83999633789062,47.229637145996094,88900
2005-08-03,110.04000091552734,110.33000183105469,109.87000274658203,110.0999984741211,47.34146499633789,74200
2005-08-04,110.0199966430664,110.3499984741211,110.0,110.0999984741211,47.34146499633789,112700
2005-08-05,110.05000305175781,110.05000305175781,109.5999984741211,109.91000366210938,47.259735107421875,57900
2005-08-08,109.70999908447266,109.76000213623047,109.31999969482422,109.41000366210938,47.044734954833984,102900
2005-08-09,109.68000030517578,109.70999908447266,109.31999969482422,109.58999633789062,47.12214279174805,56400
2005-08-10,109.87000274658203,109.91999816894531,109.54000091552734,109.68000030517578,47.160831451416016,72700
2005-08-11,109.62999725341797,110.06999969482422,108.8499984741211,110.0199966430664,47.30705261230469,69400
2005-08-12,110.16000366210938,110.55000305175781,110.12000274658203,110.55000305175781,47.53492736816406,46000
2005-08-15,110.58999633789062,110.62000274658203,110.1500015258789,110.38999938964844,47.46614074707031,77000
2005-08-16,110.69999694824219,111.0,110.47000122070312,110.68000030517578,47.59083557128906,2083500
2005-08-17,110.51000213623047,110.83999633789062,110.30999755859375,110.38999938964844,47.46614074707031,69800
2005-08-18,110.55999755859375,110.86000061035156,110.52999877929688,110.69999694824219,47.59947204589844,139900
2005-08-19,110.66000366210938,110.69000244140625,110.47000122070312,110.5999984741211,47.556396484375,101600
2005-08-22,110.73999786376953,110.73999786376953,110.1500015258789,110.55000305175781,47.53492736816406,206500
2005-08-23,110.4000015258789,110.75,110.36000061035156,110.63999938964844,47.57365036010742,265800
2005-08-24,110.72000122070312,110.83999633789062,110.5199966430664,110.5999984741211,47.556396484375,77600
2005-08-25,110.80000305175781,111.23999786376953,110.61000061035156,110.80999755859375,47.6467399597168,54000
2005-08-26,110.81999969482422,110.98999786376953,110.6500015258789,110.98999786376953,47.72411346435547,82200
2005-08-29,111.0,111.12999725341797,110.7699966430664,111.0,47.72842788696289,105800
2005-08-30,111.4000015258789,111.5199966430664,111.05000305175781,111.18000030517578,47.805843353271484,187900
2005-08-31,111.54000091552734,111.9800033569336,111.54000091552734,111.95999908447266,48.1412467956543,47700
2005-09-01,111.58000183105469,111.7300033569336,110.51000213623047,111.19000244140625,48.005245208740234,803700
2005-09-02,110.94999694824219,111.38999938964844,110.93000030517578,111.22000122070312,48.018192291259766,54800
2005-09-06,110.80000305175781,111.27999877929688,110.80000305175781,110.98999786376953,47.91884231567383,72700
2005-09-07,110.87999725341797,110.9000015258789,110.33999633789062,110.58999633789062,47.74616622924805,105300
2005-09-08,110.87999725341797,110.87999725341797,110.51000213623047,110.62000274658203,47.75913619995117,201400
2005-09-09,110.62999725341797,110.87000274658203,110.4800033569336,110.66999816894531,47.78070831298828,119700
2005-09-12,110.63999938964844,110.63999938964844,110.18000030517578,110.38999938964844,47.65985107421875,90800
2005-09-13,110.66999816894531,110.75,110.43000030517578,110.58000183105469,47.74186325073242,120300
2005-09-14,110.56999969482422,110.69000244140625,110.30000305175781,110.30999755859375,47.62528991699219,72100
2005-09-15,110.30999755859375,110.38999938964844,109.7699966430664,109.91999816894531,47.456932067871094,92900
2005-09-16,109.91999816894531,109.94999694824219,109.52999877929688,109.62000274658203,47.32737350463867,83900
2005-09-19,109.69999694824219,109.95999908447266,109.56999969482422,109.91999816894531,47.456932067871094,88100
2005-09-20,109.87000274658203,109.97000122070312,109.13999938964844,109.75,47.383480072021484,108500
2005-09-21,110.0,110.37000274658203,109.45999908447266,110.23999786376953,47.59502029418945,102500
2005-09-22,110.38999938964844,110.41000366210938,109.95999908447266,110.18000030517578,47.56916809082031,113400
2005-09-23,110.05000305175781,110.05000305175781,109.75,109.86000061035156,47.43099594116211,46500
2005-09-26,109.5,109.70999908447266,109.4000015258789,109.51000213623047,47.279884338378906,95800
2005-09-27,109.52999877929688,109.87999725341797,109.30000305175781,109.61000061035156,47.32305908203125,137600
2005-09-28,109.56999969482422,109.94999694824219,109.5199966430664,109.83999633789062,47.4223518371582,85400
2005-09-29,109.81999969482422,109.9000015258789,109.66000366210938,109.80000305175781,47.40513610839844,105100
2005-09-30,109.58000183105469,109.8499984741211,109.37000274658203,109.43000030517578,47.245361328125,145600
2005-10-03,109.19999694824219,109.19999694824219,108.55999755859375,108.66000366210938,47.100589752197266,146000
2005-10-04,108.91000366210938,109.0199966430664,108.5999984741211,108.80000305175781,47.161231994628906,87200
2005-10-05,108.76000213623047,109.02999877929688,108.72000122070312,108.94999694824219,47.226280212402344,50700
2005-10-06,108.93000030517578,109.05000305175781,108.62999725341797,108.70999908447266,47.12226486206055,75500
2005-10-07,108.56999969482422,108.98999786376953,108.5,108.88999938964844,47.20027160644531,51100
2005-10-10,108.88999938964844,109.06999969482422,108.4800033569336,108.81999969482422,47.1699104309082,51600
2005-10-11,108.88999938964844,108.88999938964844,108.56999969482422,108.63999938964844,47.09189224243164,73500
2005-10-12,108.55999755859375,108.55999755859375,108.04000091552734,108.18000030517578,46.89252471923828,204100
2005-10-13,108.0199966430664,108.13999938964844,107.70999908447266,108.0,46.814491271972656,71100
2005-10-14,108.16000366210938,108.16000366210938,107.56999969482422,107.77999877929688,46.7191276550293,76200
2005-10-17,107.5,108.12999725341797,107.5,107.93000030517578,46.78416061401367,69600
2005-10-18,107.91000366210938,108.0999984741211,107.9000015258789,108.06999969482422,46.84483337402344,66500
2005-10-19,108.11000061035156,108.31999969482422,108.05999755859375,108.18000030517578,46.89252471923828,84000
2005-10-20,107.86000061035156,108.05999755859375,107.75,107.91000366210938,46.77548599243164,58200
2005-10-21,108.3499984741211,108.6500015258789,108.0999984741211,108.4800033569336,47.02252960205078,56600
2005-10-24,108.62000274658203,108.66000366210938,108.01000213623047,108.06999969482422,46.84483337402344,137000
2005-10-25,107.5999984741211,108.30000305175781,107.4000015258789,107.54000091552734,46.61512756347656,110800
2005-10-26,107.1500015258789,107.36000061035156,107.02999877929688,107.22000122070312,46.47637939453125,119600
2005-10-27,107.22000122070312,107.47000122070312,107.04000091552734,107.30000305175781,46.51108932495117,56700
2005-10-28,107.55000305175781,107.55000305175781,106.95999908447266,107.30000305175781,46.51108932495117,84800
2005-10-31,107.33999633789062,107.48999786376953,107.1500015258789,107.2699966430664,46.49806213378906,87300
2005-11-01,107.0,107.0999984741211,106.6500015258789,106.81999969482422,46.481544494628906,66500
2005-11-02,106.81999969482422,107.0199966430664,106.61000061035156,106.61000061035156,46.390167236328125,104100
2005-11-03,106.7300033569336,106.7699966430664,106.20999908447266,106.23999786376953,46.229129791259766,125000
2005-11-04,106.26000213623047,106.51000213623047,106.08000183105469,106.31999969482422,46.263954162597656,76900
2005-11-07,106.55999755859375,106.62000274658203,106.36000061035156,106.43000030517578,46.31181716918945,77200
2005-11-08,106.70999908447266,107.13999938964844,106.69999694824219,107.06999969482422,46.590328216552734,148600
2005-11-09,106.94000244140625,106.94000244140625,106.06999969482422,106.5,46.34228515625,164900
2005-11-10,106.68000030517578,107.06999969482422,106.56999969482422,107.05999755859375,46.585941314697266,71900
2005-11-11,106.6500015258789,107.19000244140625,106.6500015258789,107.1500015258789,46.625160217285156,92500
2005-11-14,107.08999633789062,107.11000061035156,106.41999816894531,106.61000061035156,46.390167236328125,105500
2005-11-15,106.51000213623047,107.04000091552734,106.51000213623047,106.88999938964844,46.511962890625,111300
2005-11-16,106.95999908447266,107.47000122070312,106.95999908447266,107.33999633789062,46.707794189453125,78300
2005-11-17,107.08999633789062,107.69999694824219,107.08999633789062,107.5199966430664,46.786109924316406,89800
2005-11-18,107.38999938964844,107.5,107.11000061035156,107.30999755859375,46.694732666015625,100200
2005-11-21,107.55999755859375,107.80000305175781,107.41000366210938,107.66000366210938,46.8470458984375,147000
2005-11-22,107.69999694824219,107.9000015258789,107.4800033569336,107.86000061035156,46.93404769897461,182000
2005-11-23,108.04000091552734,108.04000091552734,107.5999984741211,107.76000213623047,46.890541076660156,475800
2005-11-25,107.66999816894531,108.0,107.66999816894531,107.9000015258789,46.95144271850586,27100
2005-11-28,107.9800033569336,108.3499984741211,107.86000061035156,108.26000213623047,47.108097076416016,1690700
2005-11-29,108.2699966430664,108.30999755859375,107.6500015258789,107.76000213623047,46.890541076660156,97300
2005-11-30,107.7300033569336,107.95999908447266,107.5199966430664,107.55999755859375,46.80356216430664,49900
2005-12-01,107.55999755859375,107.58999633789062,106.91999816894531,106.94999694824219,46.70872116088867,92400
2005-12-02,106.7699966430664,107.0999984741211,106.7699966430664,106.9800033569336,46.72185516357422,99100
2005-12-05,106.91000366210938,107.05000305175781,106.61000061035156,106.69999694824219,46.59957504272461,58400
2005-12-06,107.0,107.23999786376953,106.76000213623047,106.91999816894531,46.6956901550293,332500
2005-12-07,106.6500015258789,107.02999877929688,106.62999725341797,106.79000091552734,46.63887405395508,93300
2005-12-08,106.69999694824219,107.12000274658203,106.69999694824219,107.01000213623047,46.734989166259766,244000
2005-12-09,106.86000061035156,107.01000213623047,106.70999908447266,106.81999969482422,46.65198516845703,62700
2005-12-12,106.76000213623047,106.94999694824219,106.55999755859375,106.58999633789062,46.55155563354492,71200
2005-12-13,106.5999984741211,106.88999938964844,106.52999877929688,106.68000030517578,46.5908203125,104200
2005-12-14,107.0,107.4000015258789,106.91000366210938,107.2300033569336,46.8310546875,62800
2005-12-15,107.4000015258789,107.4000015258789,106.9000015258789,107.13999938964844,46.79173278808594,134000
2005-12-16,107.30999755859375,107.75,107.30999755859375,107.58999633789062,46.988258361816406,356700
2005-12-19,107.6500015258789,107.75,107.2699966430664,107.41000366210938,46.90966033935547,88600
2005-12-20,107.20999908447266,107.69000244140625,107.1500015258789,107.5,46.94894790649414,143200
2005-12-21,107.26000213623047,107.54000091552734,107.1500015258789,107.54000091552734,46.966434478759766,79900
2005-12-22,107.31999969482422,107.69000244140625,107.31999969482422,107.55000305175781,46.970829010009766,88500
2005-12-23,107.5,108.19999694824219,107.26000213623047,107.97000122070312,47.15420150756836,123900
2005-12-27,108.08000183105469,108.54000091552734,107.87999725341797,108.45999908447266,47.368221282958984,157500
2005-12-28,108.0,108.16000366210938,107.70999908447266,108.11000061035156,47.39059066772461,93000
2005-12-29,107.9000015258789,108.04000091552734,107.55000305175781,107.81999969482422,47.2634391784668,123100
2005-12-30,107.86000061035156,108.1500015258789,107.61000061035156,107.69000244140625,47.20648956298828,97500
2006-01-03,107.69000244140625,108.30000305175781,107.41000366210938,108.27999877929688,47.46512985229492,676400
2006-01-04,108.2699966430664,108.43000030517578,107.95999908447266,108.27999877929688,47.46512985229492,66500
2006-01-05,108.2699966430664,108.44999694824219,108.26000213623047,108.37000274658203,47.50456237792969,63500
2006-01-06,108.3499984741211,108.36000061035156,107.94999694824219,108.19999694824219,47.43003845214844,112000
2006-01-09,108.02999877929688,108.2300033569336,107.97000122070312,108.22000122070312,47.438804626464844,60400
2006-01-10,108.0199966430664,108.1500015258789,107.80000305175781,107.93000030517578,47.31169128417969,94000
2006-01-11,107.69999694824219,108.06999969482422,107.69999694824219,107.75,47.232765197753906,150800
2006-01-12,107.93000030517578,108.1500015258789,107.70999908447266,108.08999633789062,47.381771087646484,127600
2006-01-13,107.97000122070312,108.44000244140625,107.97000122070312,108.41000366210938,47.52207565307617,77000
2006-01-17,108.30000305175781,108.55999755859375,108.1500015258789,108.41000366210938,47.52207565307617,138200
2006-01-18,108.5199966430664,108.6500015258789,108.3499984741211,108.37999725341797,47.50895309448242,80200
2006-01-19,108.20999908447266,108.58000183105469,108.12999725341797,108.36000061035156,47.50017166137695,97400
2006-01-20,108.5,108.62999725341797,108.25,108.44999694824219,47.53959655761719,111000
2006-01-23,108.30999755859375,108.69999694824219,108.19999694824219,108.69999694824219,47.649234771728516,580000
2006-01-24,108.58999633789062,108.58999633789062,108.4000015258789,108.45999908447266,47.54402160644531,92900
2006-01-25,108.41999816894531,108.41999816894531,107.69000244140625,107.86000061035156,47.280982971191406,100500
2006-01-26,107.87999725341797,107.9000015258789,107.45999908447266,107.69999694824219,47.21085739135742,75800
2006-01-27,107.88999938964844,107.9000015258789,107.62999725341797,107.86000061035156,47.280982971191406,107000
2006-01-30,107.76000213623047,107.83000183105469,107.45999908447266,107.45999908447266,47.10564041137695,113000
2006-01-31,107.5,107.77999877929688,107.0,107.22000122070312,47.000431060791016,1313000
2006-02-01,107.05000305175781,107.13999938964844,106.69000244140625,106.83999633789062,47.01320266723633,98800
2006-02-02,106.79000091552734,107.13999938964844,106.73999786376953,106.75,46.973567962646484,83800
2006-02-03,106.69999694824219,107.13999938964844,106.61000061035156,106.91999816894531,47.04843521118164,92900
2006-02-06,106.87000274658203,107.1500015258789,106.8499984741211,107.0999984741211,47.127628326416016,108700
2006-02-07,106.9000015258789,107.44000244140625,106.80000305175781,106.83000183105469,47.00881576538086,90400
2006-02-08,106.9000015258789,107.05000305175781,106.75,106.83000183105469,47.00881576538086,76300
2006-02-09,106.83000183105469,107.11000061035156,106.7699966430664,107.0,47.083595275878906,91300
2006-02-10,107.0999984741211,107.26000213623047,106.72000122070312,106.80000305175781,46.995601654052734,85200
2006-02-13,106.9800033569336,107.06999969482422,106.76000213623047,106.95999908447266,47.06598663330078,71600
2006-02-14,106.83999633789062,107.02999877929688,106.66999816894531,106.8499984741211,47.01759338378906,55600
2006-02-15,106.97000122070312,107.27999877929688,106.80999755859375,106.91999816894531,47.04843521118164,140500
2006-02-16,106.91000366210938,107.19000244140625,106.87000274658203,107.06999969482422,47.11442184448242,99500
2006-02-17,107.38999938964844,107.6500015258789,107.30999755859375,107.41999816894531,47.26844024658203,101200
2006-02-21,107.51000213623047,107.5199966430664,107.26000213623047,107.37000274658203,47.24644088745117,92300
2006-02-22,107.58999633789062,107.7699966430664,107.44000244140625,107.7699966430664,47.42239761352539,74200
2006-02-23,107.63999938964844,107.6500015258789,107.25,107.52999877929688,47.316837310791016,63500
2006-02-24,107.69000244140625,107.69000244140625,107.38999938964844,107.4800033569336,47.29481506347656,75300
2006-02-27,107.69999694824219,107.69999694824219,107.30999755859375,107.43000030517578,47.272830963134766,71900
2006-02-28,107.5,107.77999877929688,107.41000366210938,107.54000091552734,47.321231842041016,71900
2006-03-01,107.0,107.30000305175781,106.43000030517578,106.69000244140625,47.138755798339844,220400
2006-03-02,106.5,106.76000213623047,106.06999969482422,106.19999694824219,46.922264099121094,136700
2006-03-03,106.4000015258789,106.41999816894531,105.68000030517578,106.0,46.833892822265625,132300
2006-03-06,106.04000091552734,106.05000305175781,105.44999694824219,105.44999694824219,46.59084701538086,157800
2006-03-07,105.66999816894531,105.83999633789062,105.2300033569336,105.4000015258789,46.568790435791016,120500
2006-03-08,105.55999755859375,105.63999938964844,105.19999694824219,105.44999694824219,46.59084701538086,75300
2006-03-09,105.3499984741211,105.9000015258789,105.3499984741211,105.43000030517578,46.582035064697266,84300
2006-03-10,105.4800033569336,105.69999694824219,105.16000366210938,105.69999694824219,46.70134353637695,100900
2006-03-13,105.5,105.76000213623047,105.04000091552734,105.55999755859375,46.63948440551758,69200
2006-03-14,105.98999786376953,106.33000183105469,105.7300033569336,106.23999786376953,46.93994903564453,61600
2006-03-15,106.19000244140625,106.2300033569336,105.91000366210938,106.08000183105469,46.86924362182617,117700
2006-03-16,106.12000274658203,106.80000305175781,106.12000274658203,106.66000366210938,47.12548828125,101000
2006-03-17,106.66000366210938,106.70999908447266,106.5,106.55999755859375,47.0813102722168,56200
2006-03-20,106.73999786376953,106.7699966430664,106.12000274658203,106.68000030517578,47.13435363769531,63500
2006-03-21,106.26000213623047,106.75,106.19999694824219,106.27999877929688,46.95756912231445,80000
2006-03-22,106.30000305175781,106.68000030517578,105.94999694824219,106.26000213623047,46.948795318603516,75100
2006-03-23,106.38999938964844,106.44999694824219,105.75,106.19999694824219,46.922264099121094,79400
2006-03-24,106.41000366210938,106.76000213623047,105.8499984741211,106.45999908447266,47.03712463378906,85800
2006-03-27,106.22000122070312,106.75,106.22000122070312,106.45999908447266,47.03712463378906,92800
2006-03-28,106.0199966430664,106.36000061035156,105.87999725341797,105.95999908447266,46.81623077392578,61800
2006-03-29,105.95999908447266,105.97000122070312,105.6500015258789,105.86000061035156,46.77204132080078,83800
2006-03-30,105.69999694824219,105.75,105.20999908447266,105.54000091552734,46.630645751953125,93700
2006-03-31,105.66999816894531,105.66999816894531,105.2699966430664,105.30000305175781,46.524620056152344,102200
2006-04-03,104.80000305175781,105.1500015258789,104.55000305175781,104.94999694824219,46.563629150390625,114200
2006-04-04,104.81999969482422,105.30000305175781,104.81999969482422,105.05000305175781,46.608009338378906,83000
2006-04-05,105.43000030517578,105.48999786376953,105.0999984741211,105.4000015258789,46.76332473754883,80200
2006-04-06,105.19999694824219,105.19999694824219,104.8499984741211,105.0199966430664,46.59471893310547,82400
2006-04-07,104.80999755859375,104.87000274658203,104.36000061035156,104.61000061035156,46.41280746459961,80100
2006-04-10,104.66000366210938,104.73999786376953,104.25,104.37999725341797,46.31074523925781,299000
2006-04-11,104.5,104.83999633789062,104.41999816894531,104.68000030517578,46.4438591003418,101600
2006-04-12,104.69000244140625,104.97000122070312,104.19999694824219,104.3499984741211,46.29745101928711,138700
2006-04-13,104.30000305175781,104.30000305175781,103.80000305175781,104.1500015258789,46.20872497558594,100500
2006-04-17,103.94999694824219,104.3499984741211,103.41000366210938,104.12999725341797,46.1998291015625,110300
2006-04-18,104.30000305175781,104.58999633789062,104.19999694824219,104.55000305175781,46.38616180419922,76700
2006-04-19,104.3499984741211,104.48999786376953,104.26000213623047,104.4800033569336,46.35514450073242,87200
2006-04-20,104.52999877929688,104.55999755859375,104.30000305175781,104.43000030517578,46.33295822143555,63400
2006-04-21,104.62999725341797,104.69000244140625,104.36000061035156,104.62999725341797,46.42167663574219,84200
2006-04-24,104.69000244140625,104.9800033569336,104.56999969482422,104.83999633789062,46.51483917236328,82200
2006-04-25,104.86000061035156,104.86000061035156,104.2699966430664,104.33999633789062,46.293025970458984,93100
2006-04-26,104.26000213623047,104.3499984741211,104.06999969482422,104.22000122070312,46.23975372314453,173100
2006-04-27,104.19999694824219,104.75,104.08000183105469,104.41000366210938,46.324039459228516,74300
2006-04-28,104.56999969482422,104.69000244140625,104.44000244140625,104.6500015258789,46.43055725097656,90600
2006-05-01,104.01000213623047,104.13999938964844,103.61000061035156,103.66000366210938,46.19525909423828,72800
2006-05-02,103.63999938964844,104.0,103.63999938964844,103.81999969482422,46.26658630371094,76600
2006-05-03,103.66000366210938,103.97000122070312,103.55999755859375,103.81999969482422,46.26658630371094,85900
2006-05-04,103.9000015258789,103.9000015258789,103.55000305175781,103.77999877929688,46.248714447021484,86900
2006-05-05,104.0,104.0999984741211,103.86000061035156,103.9000015258789,46.30220031738281,72700
2006-05-08,104.06999969482422,104.1500015258789,103.86000061035156,104.02999877929688,46.360137939453125,87100
2006-05-09,103.9000015258789,104.12999725341797,103.9000015258789,104.06999969482422,46.37793731689453,108300
2006-05-10,104.01000213623047,104.4000015258789,104.0,104.13999938964844,46.40913772583008,76600
2006-05-11,104.0,104.04000091552734,103.80000305175781,103.95999908447266,46.328956604003906,80900
2006-05-12,103.80000305175781,103.86000061035156,103.5,103.69999694824219,46.213069915771484,111200
2006-05-15,103.5199966430664,103.9000015258789,103.5199966430664,103.79000091552734,46.25320816040039,68500
2006-05-16,103.79000091552734,104.19000244140625,103.79000091552734,104.16999816894531,46.42253112792969,105600
2006-05-17,103.83000183105469,103.88999938964844,103.30999755859375,103.83999633789062,46.275482177734375,127900
2006-05-18,103.9000015258789,104.5,103.9000015258789,104.5,46.56958770751953,68900
2006-05-19,104.33999633789062,104.62999725341797,104.27999877929688,104.44999694824219,46.54729080200195,68500
2006-05-22,104.58999633789062,104.97000122070312,104.37999725341797,104.51000213623047,46.57400131225586,71300
2006-05-23,104.19999694824219,104.48999786376953,104.19999694824219,104.44000244140625,46.54280090332031,59200
2006-05-24,104.5999984741211,104.7699966430664,104.20999908447266,104.55000305175781,46.59186553955078,120600
2006-05-25,104.58999633789062,104.61000061035156,104.30999755859375,104.41000366210938,46.52947235107422,84700
2006-05-26,104.44999694824219,104.58000183105469,104.33000183105469,104.41999816894531,46.53394317626953,81800
2006-05-30,104.38999938964844,104.41000366210938,104.13999938964844,104.19000244140625,46.43146896362305,148700
2006-05-31,104.37999725341797,104.4000015258789,103.8499984741211,103.98999786376953,46.34233093261719,130500
2006-06-01,103.61000061035156,103.83000183105469,103.47000122070312,103.73999786376953,46.423316955566406,102400
2006-06-02,104.0999984741211,104.44999694824219,104.05000305175781,104.38999938964844,46.714168548583984,63200
2006-06-05,104.25,104.4000015258789,104.05999755859375,104.06999969482422,46.57095718383789,79100
2006-06-06,104.25,104.3499984741211,104.05999755859375,104.30000305175781,46.67393493652344,116100
2006-06-07,104.12999725341797,104.26000213623047,103.91999816894531,104.0199966430664,46.548587799072266,82200
2006-06-08,104.30000305175781,104.55999755859375,104.05000305175781,104.36000061035156,46.70077133178711,76600
2006-06-09,104.30000305175781,104.48999786376953,104.26000213623047,104.47000122070312,46.74999237060547,67500
2006-06-12,104.37000274658203,104.41000366210938,104.1500015258789,104.19000244140625,46.624698638916016,75900
2006-06-13,104.30999755859375,104.41000366210938,104.11000061035156,104.30000305175781,46.67393493652344,108600
2006-06-14,104.01000213623047,104.16000366210938,103.75,103.8499984741211,46.47252655029297,66600
2006-06-15,103.61000061035156,103.87999725341797,103.5,103.63999938964844,46.378570556640625,79400
2006-06-16,103.77999877929688,103.83000183105469,103.30999755859375,103.5,46.315887451171875,98500
2006-06-19,103.4000015258789,103.45999908447266,103.23999786376953,103.37000274658203,46.25775909423828,76200
2006-06-20,103.25,103.3499984741211,103.16000366210938,103.29000091552734,46.221923828125,53500
2006-06-21,103.30000305175781,103.37000274658203,103.13999938964844,103.16000366210938,46.16375732421875,48000
2006-06-22,103.19000244140625,103.19999694824219,102.8499984741211,102.91999816894531,46.05636215209961,86500
2006-06-23,102.97000122070312,103.0,102.66999816894531,102.75,45.98029708862305,62700
2006-06-26,102.83000183105469,102.8499984741211,102.51000213623047,102.75,45.98029708862305,54000
2006-06-27,102.72000122070312,102.9000015258789,102.38999938964844,102.58999633789062,45.90866470336914,480300
2006-06-28,102.41999816894531,102.75,102.3499984741211,102.36000061035156,45.805782318115234,91400
2006-06-29,102.6500015258789,102.9000015258789,102.41999816894531,102.9000015258789,46.047420501708984,64600
2006-06-30,102.9000015258789,103.47000122070312,102.76000213623047,103.47000122070312,46.30250930786133,58500
2006-07-03,100.0,103.23999786376953,100.0,102.88999938964844,46.245399475097656,245800
2006-07-05,102.6500015258789,102.72000122070312,102.19999694824219,102.23999786376953,45.953250885009766,939300
2006-07-06,102.41999816894531,102.80999755859375,102.3499984741211,102.75,46.182472229003906,86500
2006-07-07,102.98999786376953,103.25,102.87999725341797,103.13999938964844,46.35774612426758,77900
2006-07-10,103.13999938964844,103.31999969482422,103.05999755859375,103.2699966430664,46.416194915771484,59300
2006-07-11,103.43000030517578,103.58999633789062,103.30000305175781,103.43000030517578,46.48810577392578,108400
2006-07-12,103.29000091552734,103.66999816894531,103.0999984741211,103.5999984741211,46.56453323364258,94900
2006-07-13,103.5,103.80000305175781,103.5,103.58999633789062,46.5600471496582,92200
2006-07-14,103.70999908447266,103.88999938964844,103.55000305175781,103.68000030517578,46.600425720214844,122300
2006-07-17,103.6500015258789,103.80999755859375,103.5199966430664,103.79000091552734,46.64993667602539,104200
2006-07-18,103.52999877929688,103.52999877929688,103.1500015258789,103.25,46.407222747802734,208700
2006-07-19,103.1500015258789,103.9000015258789,103.05000305175781,103.72000122070312,46.61843490600586,80600
2006-07-20,103.54000091552734,104.18000030517578,103.54000091552734,104.16999816894531,46.820701599121094,97900
2006-07-21,104.19000244140625,104.29000091552734,104.0199966430664,104.08999633789062,46.784767150878906,83700
2006-07-24,104.05999755859375,104.1500015258789,104.02999877929688,104.12000274658203,46.798255920410156,108300
2006-07-25,103.9800033569336,104.13999938964844,103.93000030517578,104.04000091552734,46.76231384277344,60100
2006-07-26,103.91000366210938,104.27999877929688,103.9000015258789,104.26000213623047,46.861183166503906,69200
2006-07-27,104.30000305175781,104.31999969482422,104.0999984741211,104.0999984741211,46.789249420166016,74900
2006-07-28,104.26000213623047,104.55999755859375,104.0,104.5,46.969032287597656,195200
2006-07-31,104.55000305175781,104.58000183105469,104.37999725341797,104.5199966430664,46.97801971435547,108600
2006-08-01,104.25,104.25,103.94999694824219,104.20999908447266,47.04395294189453,76000
2006-08-02,104.11000061035156,104.5,104.0999984741211,104.38999938964844,47.125221252441406,60300
2006-08-03,104.0,104.55000305175781,104.0,104.4000015258789,47.12973403930664,110700
2006-08-04,104.8499984741211,104.94000244140625,104.69999694824219,104.80999755859375,47.314781188964844,57300
2006-08-07,104.6500015258789,104.80000305175781,104.6500015258789,104.72000122070312,47.27418518066406,76900
2006-08-08,104.8499984741211,104.9800033569336,104.58000183105469,104.77999877929688,47.3012809753418,62000
2006-08-09,104.4000015258789,104.7699966430664,104.4000015258789,104.7300033569336,47.27870178222656,58300
2006-08-10,104.77999877929688,104.77999877929688,104.54000091552734,104.72000122070312,47.27418518066406,61300
2006-08-11,104.54000091552734,104.58000183105469,104.4000015258789,104.51000213623047,47.17934036254883,54200
2006-08-14,104.41000366210938,104.44999694824219,104.22000122070312,104.37999725341797,47.12069320678711,48000
2006-08-15,104.61000061035156,104.9800033569336,104.55999755859375,104.91999816894531,47.36446762084961,99200
2006-08-16,105.05000305175781,105.41999816894531,105.05000305175781,105.36000061035156,47.56307601928711,69700
2006-08-17,105.44000244140625,105.5,105.22000122070312,105.30999755859375,47.54051208496094,84900
2006-08-18,105.30999755859375,105.6500015258789,105.30999755859375,105.5199966430664,47.6353645324707,115700
2006-08-21,105.5,105.68000030517578,105.44999694824219,105.66999816894531,47.70301055908203,77300
2006-08-22,105.75,105.8499984741211,105.56999969482422,105.73999786376953,47.73466491699219,194100
2006-08-23,105.73999786376953,105.77999877929688,105.58999633789062,105.69999694824219,47.71659851074219,107400
2006-08-24,105.6500015258789,105.87000274658203,105.6500015258789,105.69999694824219,47.71659851074219,54800
2006-08-25,105.76000213623047,105.9800033569336,105.70999908447266,105.8499984741211,47.784271240234375,105800
2006-08-28,105.91000366210938,105.9800033569336,105.76000213623047,105.87999725341797,47.79788589477539,101300
2006-08-29,105.7300033569336,105.95999908447266,105.55000305175781,105.94999694824219,47.82944107055664,110000
2006-08-30,105.95999908447266,106.1500015258789,105.95999908447266,106.0199966430664,47.86102294921875,80100
2006-08-31,106.05000305175781,106.37999725341797,105.80000305175781,106.37999725341797,48.0235595703125,125600
2006-09-01,105.7699966430664,105.94000244140625,104.87000274658203,105.77999877929688,47.9664306640625,139900
2006-09-05,105.7699966430664,105.77999877929688,105.44999694824219,105.45999908447266,47.821292877197266,74900
2006-09-06,105.41000366210938,105.52999877929688,105.29000091552734,105.45999908447266,47.821292877197266,158200
2006-09-07,105.5,105.66999816894531,105.23999786376953,105.56999969482422,47.871185302734375,280100
2006-09-08,105.80000305175781,105.87000274658203,105.61000061035156,105.68000030517578,47.921077728271484,130200
2006-09-11,105.7699966430664,105.80000305175781,105.52999877929688,105.63999938964844,47.9029541015625,81200
2006-09-12,105.4800033569336,105.88999938964844,105.4800033569336,105.80000305175781,47.97549057006836,72500
2006-09-13,105.81999969482422,106.19999694824219,105.81999969482422,106.08000183105469,48.10245895385742,173000
2006-09-14,106.01000213623047,106.05000305175781,105.80000305175781,105.80999755859375,47.98002624511719,63800
2006-09-15,105.91999816894531,106.08000183105469,105.72000122070312,105.73999786376953,47.948307037353516,116400
2006-09-18,105.55000305175781,105.77999877929688,105.4000015258789,105.76000213623047,47.95732498168945,55100
2006-09-19,105.91999816894531,106.30000305175781,105.91999816894531,106.16999816894531,48.14325714111328,239900
2006-09-20,106.44000244140625,106.48999786376953,106.29000091552734,106.33999633789062,48.22035598754883,124600
2006-09-21,106.31999969482422,106.9800033569336,106.31999969482422,106.9800033569336,48.51058578491211,232400
2006-09-22,107.04000091552734,107.16000366210938,106.94000244140625,107.04000091552734,48.537776947021484,152600
2006-09-25,107.23999786376953,107.30999755859375,107.08000183105469,107.19999694824219,48.610313415527344,366900
2006-09-26,107.29000091552734,107.29000091552734,106.88999938964844,106.9000015258789,48.47431945800781,243200
2006-09-27,107.0999984741211,107.29000091552734,106.76000213623047,106.8499984741211,48.45161056518555,559500
2006-09-28,106.88999938964844,106.9800033569336,106.69000244140625,106.87999725341797,48.46521759033203,255400
2006-09-29,106.94999694824219,107.12000274658203,106.75,106.83000183105469,48.44253921508789,110100
2006-10-02,100.0,106.69999694824219,100.0,106.52999877929688,48.522254943847656,102700
2006-10-03,106.69000244140625,106.69000244140625,106.30999755859375,106.5999984741211,48.554134368896484,118200
2006-10-04,106.79000091552734,107.12000274658203,106.72000122070312,107.11000061035156,48.78641891479492,162700
2006-10-05,106.95999908447266,107.0,106.63999938964844,106.76000213623047,48.62700271606445,78900
2006-10-06,106.56999969482422,106.56999969482422,106.05999755859375,106.16000366210938,48.35374069213867,124500
2006-10-09,106.30000305175781,106.38999938964844,106.11000061035156,106.23999786376953,48.390167236328125,51600
2006-10-10,106.05000305175781,106.05000305175781,105.7699966430664,105.7699966430664,48.17612075805664,121000
2006-10-11,106.0,106.0199966430664,105.5,105.52999877929688,48.06678009033203,130800
2006-10-12,105.83000183105469,105.87000274658203,105.5999984741211,105.77999877929688,48.18064880371094,91000
2006-10-13,105.5999984741211,105.68000030517578,105.36000061035156,105.38999938964844,48.00303268432617,215000
2006-10-16,105.37000274658203,105.7300033569336,105.37000274658203,105.6500015258789,48.121456146240234,113000
2006-10-17,105.93000030517578,106.12000274658203,105.77999877929688,105.8499984741211,48.21250534057617,153100
2006-10-18,106.04000091552734,106.06999969482422,105.5,106.06999969482422,48.31271743774414,363600
2006-10-19,105.87999725341797,105.93000030517578,105.62999725341797,105.7300033569336,48.157928466796875,665000
2006-10-20,105.76000213623047,105.83999633789062,105.56999969482422,105.7699966430664,48.17612075805664,101600
2006-10-23,105.58000183105469,105.68000030517578,105.45999908447266,105.52999877929688,48.06678009033203,116200
2006-10-24,105.58000183105469,105.72000122070312,105.58000183105469,105.70999908447266,48.14878463745117,95200
2006-10-25,105.72000122070312,106.16999816894531,105.6500015258789,106.16000366210938,48.35374069213867,91700
2006-10-26,106.3499984741211,106.51000213623047,106.30000305175781,106.5,48.50862121582031,79500
2006-10-27,107.08999633789062,107.08999633789062,106.63999938964844,106.83999633789062,48.66344451904297,88400
2006-10-30,106.9000015258789,106.98999786376953,106.77999877929688,106.94000244140625,48.709007263183594,56200
2006-10-31,107.04000091552734,107.4800033569336,107.0,107.41999816894531,48.92763137817383,144100
2006-11-01,107.25,107.4800033569336,107.08999633789062,107.30999755859375,49.089111328125,220200
2006-11-02,107.11000061035156,107.23999786376953,107.11000061035156,107.18000030517578,49.02962875366211,319200
2006-11-03,106.5999984741211,106.62000274658203,106.33000183105469,106.43000030517578,48.68655014038086,73000
2006-11-06,106.3499984741211,106.55000305175781,106.22000122070312,106.55000305175781,48.74147033691406,80600
2006-11-07,106.94000244140625,107.08999633789062,106.83000183105469,106.93000030517578,48.915306091308594,130000
2006-11-08,107.0,107.08999633789062,106.94000244140625,107.05999755859375,48.97478103637695,124800
2006-11-09,107.1500015258789,107.26000213623047,107.05999755859375,107.16999816894531,49.025062561035156,111500
2006-11-10,107.37999725341797,107.5999984741211,107.30000305175781,107.45999908447266,49.15772247314453,62200
2006-11-13,107.44000244140625,107.44999694824219,107.20999908447266,107.38999938964844,49.12572479248047,100400
2006-11-14,107.6500015258789,107.79000091552734,107.55999755859375,107.55999755859375,49.20345687866211,120600
2006-11-15,107.55000305175781,107.55000305175781,107.19999694824219,107.27999877929688,49.07540512084961,103000
2006-11-16,107.54000091552734,107.54000091552734,107.06999969482422,107.12999725341797,49.006771087646484,108400
2006-11-17,107.19999694824219,107.63999938964844,107.1500015258789,107.4800033569336,49.16693878173828,99600
2006-11-20,107.6500015258789,107.6500015258789,107.48999786376953,107.55999755859375,49.20345687866211,81300
2006-11-21,107.6500015258789,107.8499984741211,107.52999877929688,107.70999908447266,49.2720832824707,155500
2006-11-22,107.81999969482422,107.87999725341797,107.66999816894531,107.83000183105469,49.32697677612305,75000
2006-11-24,108.1500015258789,108.19999694824219,107.98999786376953,108.0,49.40473556518555,48600
2006-11-27,107.7699966430664,108.19000244140625,107.66999816894531,108.01000213623047,49.40932846069336,147500
2006-11-28,108.3499984741211,108.37000274658203,108.06999969482422,108.20999908447266,49.50084686279297,182300
2006-11-29,108.38999938964844,108.43000030517578,108.11000061035156,108.11000061035156,49.4550666809082,102800
2006-11-30,108.4000015258789,108.66000366210938,108.2699966430664,108.5199966430664,49.64265441894531,108600
2006-12-01,108.25,108.58999633789062,108.0999984741211,108.19999694824219,49.700950622558594,175400
2006-12-04,108.30000305175781,108.55000305175781,108.0199966430664,108.44999694824219,49.81576919555664,97200
2006-12-05,108.44999694824219,108.6500015258789,108.22000122070312,108.4000015258789,49.792823791503906,109700
2006-12-06,108.33000183105469,108.33000183105469,107.94999694824219,108.12999725341797,49.668766021728516,101900
2006-12-07,108.33000183105469,108.33000183105469,108.08999633789062,108.18000030517578,49.69178009033203,99600
2006-12-08,108.25,108.25,107.76000213623047,107.77999877929688,49.508056640625,109900
2006-12-11,107.94999694824219,108.12999725341797,107.94999694824219,108.0199966430664,49.618263244628906,69400
2006-12-12,108.12000274658203,108.33000183105469,108.05000305175781,108.25,49.723934173583984,85500
2006-12-13,107.91999816894531,108.01000213623047,107.69000244140625,107.70999908447266,49.47585678100586,116600
2006-12-14,107.70999908447266,107.70999908447266,107.54000091552734,107.61000061035156,49.429962158203125,73400
2006-12-15,108.12000274658203,108.22000122070312,107.5199966430664,107.58999633789062,49.420745849609375,103700
2006-12-18,107.5999984741211,107.63999938964844,107.5,107.5999984741211,49.425376892089844,69800
2006-12-19,107.5199966430664,107.70999908447266,107.4800033569336,107.58000183105469,49.41617202758789,115400
2006-12-20,107.48999786376953,107.72000122070312,107.48999786376953,107.66000366210938,49.45293045043945,73200
2006-12-21,107.73999786376953,108.05999755859375,107.66999816894531,107.94000244140625,49.581504821777344,145000
2006-12-22,107.80000305175781,107.83999633789062,107.44999694824219,107.5999984741211,49.425376892089844,100200
2006-12-26,107.6500015258789,107.7300033569336,107.51000213623047,107.72000122070312,49.48051834106445,61800
2006-12-27,107.25,107.29000091552734,106.7300033569336,106.94999694824219,49.32229995727539,114500
2006-12-28,107.05000305175781,107.05000305175781,106.51000213623047,106.7300033569336,49.22085189819336,129300
2006-12-29,106.72000122070312,106.72000122070312,106.55999755859375,106.68000030517578,49.19776916503906,120500
2007-01-03,107.1500015258789,107.19999694824219,106.19000244140625,106.44999694824219,49.09169006347656,1597400
2007-01-04,106.73999786376953,107.30000305175781,106.73999786376953,107.25,49.460662841796875,111600
2007-01-05,107.0,107.19999694824219,106.87000274658203,107.18000030517578,49.428367614746094,103200
2007-01-08,106.97000122070312,107.22000122070312,106.97000122070312,107.1500015258789,49.414527893066406,120600
2007-01-09,107.16000366210938,107.2300033569336,107.08000183105469,107.16999816894531,49.42374801635742,127200
2007-01-10,107.0999984741211,107.1500015258789,106.94999694824219,107.02999877929688,49.359188079833984,66500
2007-01-11,106.9000015258789,106.95999908447266,106.62999725341797,106.69999694824219,49.206993103027344,73600
2007-01-12,106.66000366210938,106.66999816894531,106.51000213623047,106.58999633789062,49.156288146972656,86400
2007-01-16,106.6500015258789,106.76000213623047,106.44999694824219,106.70999908447266,49.211631774902344,205300
2007-01-17,106.77999877929688,106.77999877929688,106.43000030517578,106.55999755859375,49.1424446105957,100400
2007-01-18,106.68000030517578,106.87000274658203,106.5,106.87000274658203,49.28541946411133,91700
2007-01-19,106.87999725341797,106.87999725341797,106.69999694824219,106.80999755859375,49.25776290893555,181100
2007-01-22,106.87000274658203,106.87999725341797,106.76000213623047,106.87999725341797,49.290016174316406,73200
2007-01-23,106.80000305175781,106.80000305175781,106.41999816894531,106.58999633789062,49.156288146972656,142800
2007-01-24,106.62999725341797,106.6500015258789,106.51000213623047,106.63999938964844,49.17938232421875,84900
2007-01-25,106.52999877929688,106.55999755859375,106.19999694824219,106.30000305175781,49.0225715637207,168800
2007-01-26,106.19999694824219,106.38999938964844,106.13999938964844,106.2300033569336,48.99026107788086,97900
2007-01-29,106.36000061035156,106.44000244140625,106.05999755859375,106.18000030517578,48.967201232910156,154100
2007-01-30,106.33999633789062,106.3499984741211,106.22000122070312,106.33000183105469,49.0363655090332,77100
2007-01-31,106.29000091552734,106.80999755859375,106.26000213623047,106.77999877929688,49.24391174316406,166800
2007-02-01,106.88999938964844,106.88999938964844,106.19000244140625,106.27999877929688,49.223934173583984,135300
2007-02-02,106.38999938964844,106.61000061035156,106.27999877929688,106.37999725341797,49.27033996582031,174000
2007-02-05,106.47000122070312,106.52999877929688,106.41000366210938,106.5199966430664,49.33512496948242,101400
2007-02-06,106.4000015258789,106.80000305175781,106.33000183105469,106.80000305175781,49.46481704711914,168100
2007-02-07,107.0,107.01000213623047,106.80999755859375,106.94999694824219,49.5343132019043,156700
2007-02-08,106.94000244140625,107.16000366210938,106.83999633789062,107.06999969482422,49.58988952636719,113600
2007-02-09,106.94999694824219,106.94999694824219,106.52999877929688,106.62000274658203,49.38144302368164,175400
2007-02-12,106.69000244140625,106.73999786376953,105.75,106.63999938964844,49.3907470703125,572300
2007-02-13,106.69000244140625,106.69000244140625,106.26000213623047,106.56999969482422,49.358306884765625,97600
2007-02-14,106.80000305175781,107.18000030517578,106.69000244140625,107.18000030517578,49.64085388183594,102700
2007-02-15,107.30999755859375,107.48999786376953,107.20999908447266,107.37999725341797,49.733455657958984,141900
2007-02-16,107.5,107.6500015258789,107.41999816894531,107.48999786376953,49.7844123840332,149700
2007-02-20,107.52999877929688,107.68000030517578,107.4000015258789,107.66000366210938,49.86314010620117,101600
2007-02-21,107.47000122070312,107.8499984741211,107.33000183105469,107.58999633789062,49.83074188232422,120500
2007-02-22,107.56999969482422,107.56999969482422,107.30999755859375,107.44000244140625,49.761260986328125,101800
2007-02-23,107.58000183105469,107.88999938964844,107.58000183105469,107.79000091552734,49.9233512878418,161400
2007-02-26,108.0999984741211,108.2300033569336,107.93000030517578,108.2300033569336,50.12712478637695,109700
2007-02-27,108.27999877929688,109.13999938964844,108.27999877929688,108.6500015258789,50.32167053222656,143800
2007-02-28,108.5999984741211,108.5999984741211,108.20999908447266,108.44999694824219,50.22901916503906,87000
2007-03-01,107.9000015258789,108.36000061035156,107.80000305175781,108.0199966430664,50.23878479003906,143000
2007-03-02,108.23999786376953,108.31999969482422,107.76000213623047,108.31999969482422,50.37831115722656,145600
2007-03-05,108.30000305175781,108.30999755859375,108.0,108.16000366210938,50.30392074584961,98100
2007-03-06,107.98999786376953,108.0,107.62000274658203,107.75,50.113216400146484,348200
2007-03-07,107.95999908447266,108.0199966430664,107.61000061035156,107.8499984741211,50.159725189208984,120300
2007-03-08,107.95999908447266,107.98999786376953,107.69999694824219,107.98999786376953,50.2248420715332,123800
2007-03-09,107.44999694824219,107.76000213623047,107.36000061035156,107.70999908447266,50.09459686279297,95000
2007-03-12,107.69999694824219,108.02999877929688,107.69999694824219,107.94000244140625,50.20158386230469,79100
2007-03-13,107.95999908447266,108.20999908447266,107.80000305175781,108.0,50.22947692871094,217500
2007-03-14,108.0999984741211,108.0999984741211,107.56999969482422,107.9000015258789,50.1829948425293,144900
2007-03-15,108.0,108.0,107.66999816894531,107.91999816894531,50.19231414794922,74000
2007-03-16,107.72000122070312,107.94999694824219,107.31999969482422,107.5,49.99695587158203,199800
2007-03-19,107.5,107.58000183105469,107.30000305175781,107.30000305175781,49.903907775878906,108800
2007-03-20,107.43000030517578,107.66000366210938,107.33000183105469,107.58999633789062,50.038787841796875,100200
2007-03-21,107.58000183105469,108.01000213623047,107.20999908447266,107.91000366210938,50.18762969970703,116200
2007-03-22,107.72000122070312,107.87000274658203,107.47000122070312,107.61000061035156,50.048091888427734,67900
2007-03-23,107.76000213623047,107.76000213623047,107.2300033569336,107.33000183105469,49.91788864135742,74500
2007-03-26,107.3499984741211,107.80000305175781,107.33000183105469,107.52999877929688,50.01091766357422,69500
2007-03-27,107.4000015258789,107.5999984741211,107.33000183105469,107.51000213623047,50.00160217285156,84500
2007-03-28,107.54000091552734,107.80000305175781,107.30999755859375,107.44000244140625,49.96904754638672,82500
2007-03-29,107.37999725341797,107.45999908447266,107.25,107.30999755859375,49.90860366821289,119400
2007-03-30,107.43000030517578,107.44000244140625,107.0199966430664,107.2699966430664,49.88996887207031,127000
2007-04-02,106.83000183105469,106.86000061035156,106.68000030517578,106.83999633789062,49.9189338684082,77000
2007-04-03,106.79000091552734,106.80999755859375,106.62999725341797,106.77999877929688,49.890892028808594,158900
2007-04-04,106.83000183105469,107.01000213623047,106.75,106.87000274658203,49.932979583740234,93600
2007-04-05,106.80000305175781,106.88999938964844,106.56999969482422,106.6500015258789,49.830177307128906,129900
2007-04-09,106.0199966430664,106.33999633789062,106.0199966430664,106.30000305175781,49.6666374206543,137400
2007-04-10,106.5199966430664,106.58999633789062,106.3499984741211,106.5199966430664,49.76945495605469,115800
2007-04-11,106.5999984741211,106.68000030517578,106.31999969482422,106.31999969482422,49.67597579956055,103400
2007-04-12,106.43000030517578,106.58999633789062,106.33999633789062,106.4800033569336,49.750762939453125,83700
2007-04-13,106.55999755859375,106.55999755859375,106.26000213623047,106.30000305175781,49.6666374206543,96400
2007-04-16,106.58999633789062,106.58999633789062,106.30000305175781,106.38999938964844,49.70869827270508,180500
2007-04-17,106.75,106.9800033569336,106.62999725341797,106.97000122070312,49.97966384887695,101200
2007-04-18,107.20999908447266,107.23999786376953,106.81999969482422,107.0,49.99372100830078,127300
2007-04-19,107.1500015258789,107.2699966430664,106.98999786376953,107.06999969482422,50.02642059326172,124200
2007-04-20,107.18000030517578,107.26000213623047,106.9000015258789,107.04000091552734,50.01243209838867,92500
2007-04-23,107.22000122070312,107.38999938964844,107.0,107.3499984741211,50.15721893310547,100600
2007-04-24,107.30000305175781,107.6500015258789,107.16999816894531,107.62000274658203,50.28339767456055,105900
2007-04-25,107.5999984741211,107.73999786376953,107.41999816894531,107.47000122070312,50.21333694458008,125200
2007-04-26,107.4000015258789,107.44999694824219,107.13999938964844,107.23999786376953,50.105838775634766,194500
2007-04-27,107.31999969482422,107.3499984741211,107.16000366210938,107.20999908447266,50.09180450439453,235700
2007-04-30,107.30999755859375,107.76000213623047,107.30999755859375,107.7300033569336,50.33479309082031,362600
2007-05-01,107.12999725341797,107.33000183105469,106.91000366210938,107.19000244140625,50.306640625,226900
2007-05-02,107.23999786376953,107.25,107.0,107.16000366210938,50.29255294799805,145000
2007-05-03,107.0199966430664,107.11000061035156,106.80000305175781,107.01000213623047,50.2221565246582,157200
2007-05-04,107.3499984741211,107.3499984741211,107.0999984741211,107.2699966430664,50.34416580200195,100900
2007-05-07,107.29000091552734,107.4000015258789,107.20999908447266,107.4000015258789,50.405174255371094,136900
2007-05-08,107.5,107.5,107.19999694824219,107.33999633789062,50.37706756591797,134500
2007-05-09,107.38999938964844,107.38999938964844,107.08000183105469,107.16999816894531,50.2972297668457,107200
2007-05-10,107.22000122070312,107.30999755859375,107.12999725341797,107.22000122070312,50.320701599121094,75900
2007-05-11,107.44999694824219,107.48999786376953,107.01000213623047,107.11000061035156,50.2690544128418,87100
2007-05-14,107.13999938964844,107.16999816894531,106.87000274658203,107.0,50.21746063232422,121600
2007-05-15,107.0,107.13999938964844,106.66999816894531,106.76000213623047,50.10483169555664,174200
2007-05-16,106.94999694824219,107.02999877929688,106.69999694824219,107.01000213623047,50.2221565246582,157200
2007-05-17,106.80000305175781,106.86000061035156,106.62000274658203,106.69000244140625,50.07199478149414,126100
2007-05-18,106.5,106.66000366210938,106.30000305175781,106.38999938964844,49.93117904663086,147700
2007-05-21,106.30000305175781,106.55999755859375,106.23999786376953,106.52999877929688,49.99687957763672,88700
2007-05-22,106.5,106.5199966430664,106.12000274658203,106.19000244140625,49.83730697631836,83100
2007-05-23,106.30000305175781,106.33000183105469,105.91000366210938,106.08999633789062,49.79039001464844,128200
2007-05-24,106.11000061035156,106.22000122070312,105.7699966430664,106.22000122070312,49.85141372680664,92800
2007-05-25,106.08000183105469,106.37999725341797,105.94000244140625,106.1500015258789,49.81852722167969,104000
2007-05-29,106.0999984741211,106.12000274658203,105.79000091552734,105.94000244140625,49.71997833251953,139700
2007-05-30,106.13999938964844,106.20999908447266,105.87999725341797,106.0199966430664,49.75751876831055,94700
2007-05-31,106.04000091552734,106.04000091552734,105.58999633789062,105.93000030517578,49.715274810791016,130100
2007-06-01,105.20999908447266,105.25,104.91999816894531,105.02999877929688,49.524784088134766,105200
2007-06-04,104.94999694824219,105.22000122070312,104.91999816894531,105.19999694824219,49.604923248291016,111300
2007-06-05,104.95999908447266,105.0,104.76000213623047,104.86000061035156,49.444644927978516,97200
2007-06-06,104.9000015258789,105.0199966430664,104.80000305175781,104.94999694824219,49.487060546875,64800
2007-06-07,104.55000305175781,104.55000305175781,103.7300033569336,103.83000183105469,48.95896911621094,179800
2007-06-08,103.61000061035156,103.94999694824219,103.3499984741211,103.87999725341797,48.98252868652344,404300
2007-06-11,103.77999877929688,103.95999908447266,103.5199966430664,103.55999755859375,48.831642150878906,109700
2007-06-12,103.37999725341797,103.44999694824219,102.95999908447266,103.0,48.56757354736328,129400
2007-06-13,103.41999816894531,103.62000274658203,103.05999755859375,103.44999694824219,48.779747009277344,249400
2007-06-14,103.27999877929688,103.61000061035156,103.19999694824219,103.41999816894531,48.765655517578125,110100
2007-06-15,103.5,103.94999694824219,103.47000122070312,103.83000183105469,48.95896911621094,100100
2007-06-18,103.68000030517578,103.94999694824219,103.47000122070312,103.81999969482422,48.954261779785156,101100
2007-06-19,103.9800033569336,104.48999786376953,103.9000015258789,104.48999786376953,49.27016067504883,121000
2007-06-20,104.0999984741211,104.2300033569336,103.86000061035156,103.98999786376953,49.03440475463867,77700
2007-06-21,103.70999908447266,104.04000091552734,103.63999938964844,103.72000122070312,48.90708541870117,83200
2007-06-22,103.66000366210938,104.01000213623047,103.5,104.0,49.03913497924805,73900
2007-06-25,104.30000305175781,104.37999725341797,103.97000122070312,104.12000274658203,49.095699310302734,82500
2007-06-26,104.30999755859375,104.3499984741211,103.98999786376953,104.0999984741211,49.086265563964844,68900
2007-06-27,104.37999725341797,104.48999786376953,104.06999969482422,104.0999984741211,49.086265563964844,105900
2007-06-28,104.12999725341797,104.30000305175781,103.87000274658203,103.98999786376953,49.03440475463867,63100
2007-06-29,104.18000030517578,104.75,104.18000030517578,104.58000183105469,49.31260681152344,191400
2007-07-02,104.19999694824219,104.19999694824219,103.69999694824219,103.8499984741211,49.190399169921875,3074400
2007-07-03,104.27999877929688,104.29000091552734,103.66999816894531,103.87000274658203,49.19984436035156,45900
2007-07-05,103.4000015258789,103.6500015258789,103.18000030517578,103.19999694824219,48.88251495361328,83600
2007-07-06,103.11000061035156,103.26000213623047,102.81999969482422,103.0,48.78776931762695,83700
2007-07-09,103.30000305175781,103.33999633789062,103.02999877929688,103.20999908447266,48.88726043701172,100900
2007-07-10,103.88999938964844,104.11000061035156,103.51000213623047,103.91999816894531,49.223548889160156,159600
2007-07-11,104.0199966430664,104.06999969482422,103.38999938964844,103.44999694824219,49.00091552734375,86000
2007-07-12,103.66999816894531,103.66999816894531,102.94999694824219,103.04000091552734,48.8067512512207,129500
2007-07-13,103.3499984741211,103.54000091552734,103.06999969482422,103.48999786376953,49.01987075805664,71800
2007-07-16,103.68000030517578,103.83000183105469,103.4000015258789,103.76000213623047,49.147804260253906,90500
2007-07-17,103.73999786376953,103.93000030517578,103.37999725341797,103.54000091552734,49.043575286865234,86600
2007-07-18,103.56999969482422,104.1500015258789,103.52999877929688,103.83999633789062,49.185665130615234,85900
2007-07-19,103.66000366210938,103.88999938964844,103.33999633789062,103.62000274658203,49.08144760131836,170900
2007-07-20,104.0999984741211,104.33999633789062,103.86000061035156,103.91000366210938,49.21879959106445,181000
2007-07-23,104.06999969482422,104.12999725341797,103.75,103.79000091552734,49.161964416503906,56900
2007-07-24,104.19999694824219,104.19999694824219,103.5999984741211,103.66000366210938,49.10040283203125,101600
2007-07-25,104.05000305175781,104.0999984741211,103.73999786376953,103.73999786376953,49.13828659057617,239800
2007-07-26,104.18000030517578,104.5999984741211,103.5199966430664,103.5199966430664,49.034080505371094,104600
2007-07-27,103.98999786376953,104.30000305175781,103.0,103.13999938964844,48.85411071777344,91400
2007-07-30,103.7300033569336,103.83999633789062,102.8499984741211,103.30000305175781,48.92988204956055,138300
2007-07-31,103.4000015258789,103.87000274658203,103.25,103.25,48.90617752075195,152700
2007-08-01,103.55000305175781,103.75,102.91999816894531,103.08999633789062,49.06422424316406,77200
2007-08-02,103.22000122070312,103.52999877929688,102.88999938964844,102.94999694824219,48.99755859375,117400
2007-08-03,103.36000061035156,103.91999816894531,103.19999694824219,103.45999908447266,49.240318298339844,109200
2007-08-06,103.80999755859375,104.0,103.04000091552734,103.0999984741211,49.06897735595703,99100
2007-08-07,103.62000274658203,103.69000244140625,103.0999984741211,103.37999725341797,49.20222473144531,100500
2007-08-08,102.76000213623047,103.76000213623047,102.76000213623047,103.48999786376953,49.25455856323242,92500
2007-08-09,103.68000030517578,103.7699966430664,103.0999984741211,103.4000015258789,49.21173858642578,69300
2007-08-10,103.5,104.44000244140625,102.73999786376953,102.94000244140625,48.99283218383789,142700
2007-08-13,103.1500015258789,103.72000122070312,103.01000213623047,103.30000305175781,49.16416931152344,155100
2007-08-14,103.52999877929688,104.0,103.26000213623047,103.94999694824219,49.473480224609375,115800
2007-08-15,103.95999908447266,103.97000122070312,103.43000030517578,103.66999816894531,49.34025955200195,125700
2007-08-16,103.79000091552734,104.0199966430664,102.58999633789062,102.66000366210938,48.85953903198242,438800
2007-08-17,102.80999755859375,103.38999938964844,102.5999984741211,102.83999633789062,48.945228576660156,234100
2007-08-20,102.86000061035156,103.70999908447266,102.86000061035156,103.58000183105469,49.29739761352539,129100
2007-08-21,103.5999984741211,103.91000366210938,103.47000122070312,103.79000091552734,49.39734649658203,104000
2007-08-22,103.79000091552734,104.0999984741211,103.55999755859375,104.0,49.4973258972168,102600
2007-08-23,103.93000030517578,104.25,103.66999816894531,104.05000305175781,49.521080017089844,88600
2007-08-24,104.36000061035156,104.36000061035156,103.7699966430664,104.27999877929688,49.630592346191406,231600
2007-08-27,104.44999694824219,104.55999755859375,104.0,104.0,49.4973258972168,82200
2007-08-28,104.45999908447266,104.88999938964844,104.20999908447266,104.88999938964844,49.9208984375,145100
2007-08-29,105.1500015258789,105.1500015258789,104.41000366210938,104.41000366210938,49.69243240356445,63100
2007-08-30,104.69999694824219,104.80000305175781,104.43000030517578,104.72000122070312,49.8399772644043,155200
2007-08-31,104.30000305175781,105.31999969482422,103.88999938964844,105.20999908447266,50.073219299316406,290200
2007-09-04,104.58999633789062,104.5999984741211,104.16999816894531,104.48999786376953,49.962257385253906,148500
2007-09-05,104.55000305175781,104.91999816894531,104.05999755859375,104.9000015258789,50.15827560424805,69600
2007-09-06,104.81999969482422,104.83000183105469,104.4800033569336,104.66000366210938,50.043521881103516,106600
2007-09-07,104.61000061035156,105.30999755859375,104.61000061035156,105.2300033569336,50.31606674194336,102300
2007-09-10,105.0999984741211,105.66999816894531,104.9000015258789,105.54000091552734,50.46429443359375,118800
2007-09-11,105.0999984741211,105.43000030517578,104.91999816894531,104.93000030517578,50.17265701293945,98500
2007-09-12,104.88999938964844,104.97000122070312,104.4800033569336,104.5,49.96704864501953,94800
2007-09-13,104.52999877929688,104.58999633789062,104.19999694824219,104.3499984741211,49.89530944824219,134300
2007-09-14,104.62999725341797,104.86000061035156,104.20999908447266,104.63999938964844,50.03398513793945,83300
2007-09-17,104.0,104.63999938964844,104.0,104.5999984741211,50.01483154296875,70700
2007-09-18,104.5,104.95999908447266,104.0999984741211,104.8499984741211,50.13437271118164,78200
2007-09-19,104.43000030517578,104.72000122070312,104.11000061035156,104.2699966430664,49.8570442199707,141100
2007-09-20,103.9000015258789,104.68000030517578,103.80000305175781,104.08000183105469,49.766204833984375,113700
2007-09-21,104.25,104.80999755859375,104.0999984741211,104.56999969482422,50.000511169433594,103300
2007-09-24,104.83999633789062,105.08999633789062,104.31999969482422,105.08999633789062,50.2491340637207,64100
2007-09-25,104.94000244140625,105.33999633789062,104.91000366210938,105.02999877929688,50.22051239013672,78400
2007-09-26,105.37999725341797,105.4000015258789,104.76000213623047,105.29000091552734,50.34475326538086,111700
2007-09-27,105.29000091552734,105.6500015258789,104.83999633789062,105.55999755859375,50.47391128540039,65600
2007-09-28,105.83000183105469,105.8499984741211,105.19999694824219,105.48999786376953,50.4404182434082,95800
2007-10-01,105.81999969482422,105.81999969482422,104.2699966430664,104.33000183105469,50.115234375,1038900
2007-10-02,104.06999969482422,104.6500015258789,104.06999969482422,104.2300033569336,50.06718826293945,187300
2007-10-03,104.66999816894531,104.81999969482422,104.23999786376953,104.69999694824219,50.292930603027344,253900
2007-10-04,104.80999755859375,105.52999877929688,104.80999755859375,105.52999877929688,50.69165802001953,768400
2007-10-05,104.91000366210938,105.2699966430664,104.61000061035156,105.0999984741211,50.485069274902344,75200
2007-10-08,104.51000213623047,105.5199966430664,104.51000213623047,105.47000122070312,50.66279220581055,78100
2007-10-09,105.19999694824219,105.44999694824219,104.95999908447266,105.01000213623047,50.441864013671875,70200
2007-10-10,105.22000122070312,105.5199966430664,104.94000244140625,105.37999725341797,50.61958312988281,69200
2007-10-11,105.26000213623047,105.62999725341797,104.93000030517578,105.5999984741211,50.725223541259766,138700
2007-10-12,105.51000213623047,105.51000213623047,104.7699966430664,105.0199966430664,50.4466552734375,149400
2007-10-15,105.31999969482422,105.3499984741211,104.9000015258789,105.3499984741211,50.60517883300781,101700
2007-10-16,105.41999816894531,105.61000061035156,105.11000061035156,105.52999877929688,50.69165802001953,123700
2007-10-17,105.75,106.23999786376953,105.33999633789062,106.02999877929688,50.93177795410156,65900
2007-10-18,106.23999786376953,106.25,105.86000061035156,106.04000091552734,50.936641693115234,96800
2007-10-19,106.30000305175781,106.7300033569336,105.88999938964844,106.7300033569336,51.26805114746094,97700
2007-10-22,106.33999633789062,106.7300033569336,106.33999633789062,106.7300033569336,51.26805114746094,73100
2007-10-23,106.20999908447266,106.6500015258789,106.05999755859375,106.0999984741211,50.965415954589844,157500
2007-10-24,106.63999938964844,107.0,106.43000030517578,106.75,51.27766036987305,114900
2007-10-25,106.91000366210938,106.91000366210938,106.5,106.5,51.1576042175293,51400
2007-10-26,106.3499984741211,106.7699966430664,106.1500015258789,106.33000183105469,51.075904846191406,73500
2007-10-29,106.05000305175781,106.5999984741211,106.05000305175781,106.58000183105469,51.19601821899414,84200
2007-10-30,106.5199966430664,106.58999633789062,106.23999786376953,106.56999969482422,51.191158294677734,55400
2007-10-31,106.38999938964844,106.68000030517578,105.87999725341797,106.0199966430664,50.926979064941406,101100
2007-11-01,105.30000305175781,106.3499984741211,105.30000305175781,106.3499984741211,51.31591033935547,70300
2007-11-02,105.9000015258789,106.45999908447266,105.61000061035156,105.69000244140625,50.99742889404297,132300
2007-11-05,106.2300033569336,106.2300033569336,105.8499984741211,105.94999694824219,51.12290954589844,60300
2007-11-06,105.41000366210938,105.77999877929688,105.30000305175781,105.30000305175781,50.809268951416016,82700
2007-11-07,105.54000091552734,105.6500015258789,105.16000366210938,105.2300033569336,50.77547073364258,93000
2007-11-08,105.55000305175781,105.5999984741211,105.20999908447266,105.4000015258789,50.85750961303711,174600
2007-11-09,105.69999694824219,105.9000015258789,105.30999755859375,105.87000274658203,51.08430862426758,42700
2007-11-12,104.87000274658203,105.83999633789062,104.87000274658203,105.83000183105469,51.06501007080078,89900
2007-11-13,105.76000213623047,105.76000213623047,105.0199966430664,105.30000305175781,50.809268951416016,112500
2007-11-14,105.22000122070312,105.36000061035156,104.8499984741211,104.8499984741211,50.592140197753906,102700
2007-11-15,105.2699966430664,105.4800033569336,105.01000213623047,105.25,50.78513717651367,88900
2007-11-16,105.12000274658203,105.56999969482422,105.12000274658203,105.26000213623047,50.78998565673828,72100
2007-11-19,105.55000305175781,106.2300033569336,105.30000305175781,106.06999969482422,51.1807975769043,73000
2007-11-20,105.87999725341797,105.9000015258789,105.4000015258789,105.4000015258789,50.85750961303711,77800
2007-11-21,105.98999786376953,106.30000305175781,105.79000091552734,106.13999938964844,51.214576721191406,269500
2007-11-23,105.88999938964844,106.02999877929688,105.61000061035156,105.61000061035156,50.958866119384766,49800
2007-11-26,106.05999755859375,107.48999786376953,105.75,107.36000061035156,51.80330276489258,142400
2007-11-27,105.93000030517578,106.75,105.93000030517578,106.44000244140625,51.35935974121094,280100
2007-11-28,106.05000305175781,106.80000305175781,105.66999816894531,105.69999694824219,51.00230026245117,152400
2007-11-29,106.47000122070312,106.75,105.9800033569336,106.0999984741211,51.195281982421875,134400
2007-11-30,105.55000305175781,106.62000274658203,105.22000122070312,106.62000274658203,51.44621276855469,1046100
2007-12-03,107.25,107.25,105.98999786376953,106.19999694824219,51.464080810546875,97900
2007-12-04,106.12000274658203,106.79000091552734,105.86000061035156,106.25,51.48829650878906,72800
2007-12-05,105.45999908447266,106.0,105.45999908447266,105.8499984741211,51.29448318481445,143900
2007-12-06,105.62000274658203,105.62000274658203,105.05000305175781,105.06999969482422,50.91652297973633,88500
2007-12-07,105.08000183105469,105.08000183105469,104.12999725341797,104.16999816894531,50.48039245605469,106800
2007-12-10,104.4800033569336,104.55999755859375,103.91999816894531,104.23999786376953,50.51432418823242,118000
2007-12-11,104.6500015258789,105.5999984741211,104.05000305175781,105.25,51.003753662109375,101100
2007-12-12,103.61000061035156,105.20999908447266,103.61000061035156,104.91999816894531,50.843833923339844,125700
2007-12-13,104.12999725341797,104.72000122070312,104.01000213623047,104.31999969482422,50.553104400634766,126700
2007-12-14,103.86000061035156,104.23999786376953,103.13999938964844,103.13999938964844,49.98129653930664,328500
2007-12-17,103.66999816894531,104.30000305175781,103.66999816894531,104.13999938964844,50.46584701538086,112400
2007-12-18,104.73999786376953,104.9000015258789,104.18000030517578,104.45999908447266,50.620933532714844,119100
2007-12-19,105.33999633789062,105.52999877929688,104.45999908447266,105.27999877929688,51.01828384399414,131400
2007-12-20,105.30999755859375,105.58999633789062,104.7699966430664,104.7699966430664,50.771141052246094,162800
2007-12-21,105.30999755859375,105.30999755859375,104.44000244140625,104.66000366210938,50.71781921386719,123200
2007-12-24,104.5,104.58999633789062,104.12000274658203,104.12999725341797,50.46100616455078,61700
2007-12-26,104.25,104.66000366210938,104.02999877929688,104.16000366210938,50.47555160522461,78900
2007-12-27,104.47000122070312,104.47000122070312,103.72000122070312,104.30999755859375,50.77488708496094,139400
2007-12-28,104.52999877929688,105.41999816894531,104.52999877929688,104.63999938964844,50.935543060302734,177600
2007-12-31,105.0,105.55999755859375,104.80000305175781,104.83999633789062,51.032875061035156,93900
2008-01-02,105.61000061035156,106.22000122070312,105.05999755859375,106.08000183105469,51.63652420043945,728300
2008-01-03,105.36000061035156,106.04000091552734,105.36000061035156,105.7300033569336,51.46613311767578,151300
2008-01-04,106.29000091552734,106.61000061035156,106.05000305175781,106.5999984741211,51.889617919921875,135900
2008-01-07,106.55000305175781,106.70999908447266,106.25,106.47000122070312,51.82632827758789,148300
2008-01-08,106.54000091552734,106.61000061035156,105.98999786376953,106.2699966430664,51.7290153503418,127100
2008-01-09,105.88999938964844,106.5,105.86000061035156,106.05000305175781,51.62191390991211,146200
2008-01-10,106.05999755859375,106.16999816894531,105.58999633789062,105.73999786376953,51.47101974487305,388300
2008-01-11,105.75,106.54000091552734,105.75,106.51000213623047,51.84580993652344,98800
2008-01-14,106.11000061035156,106.55999755859375,104.9800033569336,106.06999969482422,51.631629943847656,335000
2008-01-15,106.41000366210938,106.79000091552734,106.06999969482422,106.63999938964844,51.90911865234375,159800
2008-01-16,106.62000274658203,107.0999984741211,106.11000061035156,106.4800033569336,51.83119583129883,173400
2008-01-17,106.20999908447266,106.9800033569336,106.05999755859375,106.9800033569336,52.07461166381836,152700
2008-01-18,106.2300033569336,107.68000030517578,106.2300033569336,106.80000305175781,51.986968994140625,195800
2008-01-22,106.9800033569336,107.2699966430664,106.16000366210938,107.02999877929688,52.09893798828125,267100
2008-01-23,107.81999969482422,108.26000213623047,106.77999877929688,107.16999816894531,52.167083740234375,440200
2008-01-24,106.97000122070312,107.0,106.26000213623047,106.26000213623047,51.724117279052734,244400
2008-01-25,105.91000366210938,107.5,105.83000183105469,107.41000366210938,52.28388214111328,159700
2008-01-28,107.26000213623047,107.6500015258789,106.55000305175781,107.37999725341797,52.26926803588867,272100
2008-01-29,107.33999633789062,107.33999633789062,106.75,107.19999694824219,52.18169021606445,152000
2008-01-30,106.62000274658203,107.26000213623047,106.62000274658203,107.18000030517578,52.17192077636719,147200
2008-01-31,107.4000015258789,107.5999984741211,106.94000244140625,107.52999877929688,52.342281341552734,162900
2008-02-01,107.66999816894531,107.68000030517578,107.0,107.48999786376953,52.56432342529297,188500
2008-02-04,107.13999938964844,107.3499984741211,107.0,107.19999694824219,52.422523498535156,155800
2008-02-05,107.88999938964844,107.88999938964844,107.2300033569336,107.56999969482422,52.603431701660156,212400
2008-02-06,107.44999694824219,107.4800033569336,106.80999755859375,106.98999786376953,52.31979751586914,215000
2008-02-07,107.0,107.05999755859375,105.5,105.76000213623047,51.718345642089844,206400
2008-02-08,106.25,106.37999725341797,105.81999969482422,106.16000366210938,51.913963317871094,210000
2008-02-11,106.6500015258789,106.97000122070312,106.08999633789062,106.4800033569336,52.070404052734375,146100
2008-02-12,106.45999908447266,106.45999908447266,105.7300033569336,106.33000183105469,51.997074127197266,270400
2008-02-13,105.9800033569336,106.20999908447266,105.25,105.26000213623047,51.47383117675781,200500
2008-02-14,105.51000213623047,105.62000274658203,104.73999786376953,105.02999877929688,51.36134338378906,172700
2008-02-15,105.55999755859375,105.55999755859375,104.98999786376953,105.37000274658203,51.52758026123047,179400
2008-02-19,104.87999725341797,105.20999908447266,104.19999694824219,104.33000183105469,51.01905059814453,220800
2008-02-20,104.31999969482422,104.61000061035156,104.0,104.55999755859375,51.131492614746094,151000
2008-02-21,104.83999633789062,105.37000274658203,104.5999984741211,105.27999877929688,51.483551025390625,264600
2008-02-22,105.2300033569336,105.38999938964844,104.4800033569336,104.87000274658203,51.28310012817383,276800
2008-02-25,104.8499984741211,104.91999816894531,104.19999694824219,104.19999694824219,50.95545959472656,194200
2008-02-26,104.58000183105469,104.94999694824219,104.19999694824219,104.94999694824219,51.32224655151367,235600
2008-02-27,104.98999786376953,105.2300033569336,104.31999969482422,104.8499984741211,51.2733039855957,286900
2008-02-28,105.3499984741211,105.68000030517578,105.01000213623047,105.61000061035156,51.64496612548828,214400
2008-02-29,106.0,106.27999877929688,105.51000213623047,106.27999877929688,51.97258377075195,211800
2008-03-03,106.19999694824219,106.37000274658203,105.30999755859375,105.83000183105469,51.97161865234375,571400
2008-03-04,105.83000183105469,106.0199966430664,104.86000061035156,105.20999908447266,51.667205810546875,335900
2008-03-05,105.08000183105469,105.08000183105469,104.20999908447266,104.47000122070312,51.303749084472656,391400
2008-03-06,104.63999938964844,104.86000061035156,104.19000244140625,104.33000183105469,51.2349853515625,151600
2008-03-07,104.08000183105469,104.83999633789062,103.68000030517578,104.11000061035156,51.12696838378906,317200
2008-03-10,104.51000213623047,104.51000213623047,103.72000122070312,104.08999633789062,51.117183685302734,139400
2008-03-11,104.0,104.0,102.9000015258789,102.9000015258789,50.532718658447266,149700
2008-03-12,103.33999633789062,104.25,102.7699966430664,104.13999938964844,51.1417236328125,523400
2008-03-13,104.08000183105469,104.08000183105469,102.80000305175781,103.01000213623047,50.586769104003906,402100
2008-03-14,103.54000091552734,103.88999938964844,102.70999908447266,102.94999694824219,50.55730438232422,96200
2008-03-17,104.0,105.0,103.4800033569336,103.79000091552734,50.96979522705078,175400
2008-03-18,103.5,104.13999938964844,103.04000091552734,103.5999984741211,50.87652587890625,103700
2008-03-19,104.12000274658203,104.44000244140625,103.87000274658203,104.05000305175781,51.09747314453125,187400
2008-03-20,104.19999694824219,104.75,103.98999786376953,104.5999984741211,51.36759567260742,118100
2008-03-24,104.51000213623047,105.0,104.0,104.4000015258789,51.26938247680664,107100
2008-03-25,104.0999984741211,104.9800033569336,104.0999984741211,104.87000274658203,51.50017166137695,95300
2008-03-26,104.80000305175781,105.16999816894531,104.62999725341797,105.0,51.56403350830078,140500
2008-03-27,104.52999877929688,104.79000091552734,104.05999755859375,104.36000061035156,51.24972152709961,126900
2008-03-28,104.58000183105469,105.05000305175781,104.08000183105469,104.91999816894531,51.524742126464844,119900
2008-03-31,105.25,105.69999694824219,105.0,105.19999694824219,51.66224670410156,435100
2008-04-01,105.19000244140625,105.19000244140625,104.02999877929688,104.5199966430664,51.579830169677734,395100
2008-04-02,105.12000274658203,105.12000274658203,104.5,104.69999694824219,51.66869354248047,261400
2008-04-03,104.95999908447266,104.9800033569336,104.5,104.75,51.693294525146484,143700
2008-04-04,105.73999786376953,106.02999877929688,105.30999755859375,106.0199966430664,52.32008361816406,308700
2008-04-07,105.8499984741211,106.2300033569336,105.4000015258789,106.13999938964844,52.37929916381836,302900
2008-04-08,106.33999633789062,106.3499984741211,105.26000213623047,105.76000213623047,52.1917610168457,168100
2008-04-09,105.87000274658203,106.13999938964844,105.38999938964844,105.44999694824219,52.038780212402344,150000
2008-04-10,105.54000091552734,105.63999938964844,105.04000091552734,105.55000305175781,52.0881233215332,126600
2008-04-11,105.81999969482422,106.05000305175781,105.23999786376953,105.6500015258789,52.13750076293945,176800
2008-04-14,105.73999786376953,105.73999786376953,104.9000015258789,105.0,51.816715240478516,115500
2008-04-15,104.9800033569336,105.08999633789062,104.47000122070312,104.77999877929688,51.708168029785156,90200
2008-04-16,104.83999633789062,104.94999694824219,104.05999755859375,104.18000030517578,51.41206359863281,111400
2008-04-17,104.56999969482422,104.5999984741211,103.83000183105469,104.44999694824219,51.5452766418457,139800
2008-04-18,104.33000183105469,104.91999816894531,103.79000091552734,104.91000366210938,51.772281646728516,118200
2008-04-21,104.83999633789062,105.02999877929688,104.33000183105469,104.56999969482422,51.604515075683594,164600
2008-04-22,104.4000015258789,104.94999694824219,104.33999633789062,104.33999633789062,51.49100112915039,298500
2008-04-23,104.79000091552734,105.05000305175781,104.5199966430664,104.66000366210938,51.64894104003906,455600
2008-04-24,104.68000030517578,104.91000366210938,104.16999816894531,104.5199966430664,51.579830169677734,238600
2008-04-25,104.5999984741211,104.70999908447266,104.2300033569336,104.56999969482422,51.604515075683594,120100
2008-04-28,104.6500015258789,105.06999969482422,104.56999969482422,105.06999969482422,51.851253509521484,178400
2008-04-29,105.3499984741211,105.73999786376953,105.05000305175781,105.4000015258789,52.01411437988281,226700
2008-04-30,105.54000091552734,105.98999786376953,105.23999786376953,105.98999786376953,52.3052978515625,196500
2008-05-01,106.25,106.29000091552734,105.80000305175781,106.1500015258789,52.61406326293945,221300
2008-05-02,105.0,106.5199966430664,105.0,105.52999877929688,52.306766510009766,236900
2008-05-05,105.5999984741211,105.98999786376953,105.51000213623047,105.68000030517578,52.381099700927734,129900
2008-05-06,106.0,106.0199966430664,105.0,105.0,52.044063568115234,143500
2008-05-07,105.25,105.37999725341797,104.54000091552734,105.27999877929688,52.18284225463867,401700
2008-05-08,105.5199966430664,105.83000183105469,105.26000213623047,105.75,52.41582107543945,139700
2008-05-09,105.91000366210938,105.9800033569336,105.54000091552734,105.75,52.41582107543945,225400
2008-05-12,106.37999725341797,106.37999725341797,105.58999633789062,105.6500015258789,52.36625671386719,205100
2008-05-13,105.30000305175781,105.5,104.93000030517578,105.05000305175781,52.0688362121582,276300
2008-05-14,105.29000091552734,105.3499984741211,104.70999908447266,105.11000061035156,52.098548889160156,324000
2008-05-15,105.13999938964844,105.80999755859375,105.05999755859375,105.80999755859375,52.44557571411133,243800
2008-05-16,105.5199966430664,106.23999786376953,105.44000244140625,105.66999816894531,52.376129150390625,155300
2008-05-19,105.91999816894531,106.0,105.44999694824219,105.69000244140625,52.386016845703125,206100
2008-05-20,105.91999816894531,106.0199966430664,105.5199966430664,105.7300033569336,52.40592956542969,159600
2008-05-21,105.55999755859375,105.75,105.13999938964844,105.2699966430664,52.177879333496094,184600
2008-05-22,104.87000274658203,105.0,103.77999877929688,104.11000061035156,51.60292434692383,219600
2008-05-23,104.36000061035156,104.62000274658203,104.08000183105469,104.58999633789062,51.84084701538086,129500
2008-05-27,104.31999969482422,104.5,103.87000274658203,103.95999908447266,51.52855682373047,150300
2008-05-28,103.7699966430664,103.87000274658203,103.2300033569336,103.29000091552734,51.19647216796875,151200
2008-05-29,103.16000366210938,103.16000366210938,102.66999816894531,102.79000091552734,50.94867706298828,159000
2008-05-30,103.2699966430664,103.38999938964844,103.02999877929688,103.19999694824219,51.151859283447266,171900
2008-06-02,102.52999877929688,103.51000213623047,102.29000091552734,103.08000183105469,51.32763671875,151900
2008-06-03,103.44000244140625,103.5999984741211,102.5999984741211,103.4800033569336,51.526824951171875,149300
2008-06-04,103.83999633789062,103.83999633789062,103.01000213623047,103.16000366210938,51.36747741699219,127600
2008-06-05,102.75,103.01000213623047,102.5999984741211,102.61000061035156,51.0936279296875,118700
2008-06-06,103.02999877929688,103.61000061035156,103.02999877929688,103.12000274658203,51.34758758544922,118900
2008-06-09,103.13999938964844,103.38999938964844,102.72000122070312,103.02999877929688,51.30274963378906,124200
2008-06-10,103.0,103.16000366210938,102.25,102.44000244140625,51.00894546508789,135900
2008-06-11,102.48999786376953,102.83999633789062,101.91999816894531,102.4000015258789,50.98903274536133,230800
2008-06-12,101.56999969482422,102.19999694824219,101.5199966430664,101.52999877929688,50.55586242675781,189800
2008-06-13,101.75,102.0,100.91000366210938,101.0,50.291954040527344,215900
2008-06-16,101.6500015258789,101.6500015258789,101.06999969482422,101.36000061035156,50.47121047973633,123500
2008-06-17,101.8499984741211,101.94999694824219,101.47000122070312,101.69000244140625,50.6354866027832,271500
2008-06-18,102.02999877929688,102.25,101.7699966430664,102.19999694824219,50.88945770263672,300100
2008-06-19,101.93000030517578,102.11000061035156,101.38999938964844,101.66999816894531,50.62554168701172,98000
2008-06-20,101.9000015258789,102.06999969482422,101.5,101.7300033569336,50.65547180175781,74000
2008-06-23,101.68000030517578,102.0199966430664,101.41999816894531,101.69000244140625,50.6354866027832,128800
2008-06-24,101.81999969482422,102.02999877929688,101.45999908447266,101.62999725341797,50.60561752319336,153200
2008-06-25,101.81999969482422,102.11000061035156,100.91000366210938,101.70999908447266,50.64545822143555,228400
2008-06-26,102.44000244140625,102.5,101.68000030517578,101.79000091552734,50.6853141784668,342300
2008-06-27,101.94000244140625,102.01000213623047,101.47000122070312,101.69000244140625,50.6354866027832,203700
2008-06-30,101.97000122070312,102.04000091552734,101.4000015258789,101.4000015258789,50.49114227294922,97700
2008-07-01,101.63999938964844,101.7300033569336,100.83999633789062,100.91999816894531,50.468116760253906,308700
2008-07-02,101.1500015258789,101.37999725341797,100.72000122070312,100.8499984741211,50.4331169128418,212300
2008-07-03,100.94999694824219,101.0999984741211,100.61000061035156,100.72000122070312,50.36809539794922,49900
2008-07-07,101.36000061035156,101.37000274658203,100.5999984741211,101.19000244140625,50.603118896484375,367800
2008-07-08,100.8499984741211,101.76000213623047,100.77999877929688,101.73999786376953,50.878177642822266,352100
2008-07-09,101.7699966430664,102.06999969482422,101.2300033569336,101.80999755859375,50.9131965637207,135300
2008-07-10,101.37000274658203,101.9000015258789,100.9000015258789,101.2300033569336,50.623130798339844,275700
2008-07-11,101.52999877929688,101.52999877929688,100.36000061035156,100.44999694824219,50.233062744140625,159400
2008-07-14,101.4000015258789,101.44999694824219,100.36000061035156,100.5,50.258113861083984,207300
2008-07-15,100.0999984741211,100.94999694824219,100.0999984741211,100.4800033569336,50.24811553955078,145800
2008-07-16,100.5,100.5999984741211,99.5,99.69000244140625,49.85301208496094,264100
2008-07-17,100.16000366210938,100.16000366210938,98.91000366210938,99.3499984741211,49.682979583740234,195900
2008-07-18,98.91000366210938,99.80000305175781,98.91000366210938,99.16999816894531,49.59295654296875,175200
2008-07-21,99.05999755859375,99.87999725341797,99.0199966430664,99.27999877929688,49.648014068603516,217000
2008-07-22,99.33999633789062,100.05000305175781,99.33999633789062,99.91999816894531,49.968048095703125,713000
2008-07-23,99.7699966430664,99.94999694824219,99.26000213623047,99.56999969482422,49.79300308227539,232300
2008-07-24,99.9000015258789,100.47000122070312,99.66999816894531,100.44999694824219,50.233062744140625,92000
2008-07-25,100.04000091552734,100.22000122070312,99.69999694824219,99.91999816894531,49.968048095703125,148000
2008-07-28,100.08999633789062,100.73999786376953,100.08999633789062,100.5,50.258113861083984,264700
2008-07-29,100.27999877929688,100.33999633789062,99.94999694824219,100.25,50.13303756713867,135000
2008-07-30,100.30000305175781,100.80999755859375,100.02999877929688,100.7300033569336,50.37310791015625,293100
2008-07-31,100.55000305175781,101.36000061035156,100.55000305175781,101.36000061035156,50.68815612792969,1078000
2008-08-01,100.88999938964844,101.0999984741211,100.11000061035156,100.52999877929688,50.50529098510742,109800
2008-08-04,100.5,100.73999786376953,100.12999725341797,100.54000091552734,50.51025390625,244200
2008-08-05,100.11000061035156,100.45999908447266,100.0999984741211,100.0999984741211,50.289222717285156,113300
2008-08-06,100.4000015258789,100.4000015258789,100.02999877929688,100.25,50.3646125793457,280700
2008-08-07,100.33000183105469,101.13999938964844,100.22000122070312,101.08000183105469,50.78160858154297,169800
2008-08-08,101.05999755859375,101.19999694824219,100.7300033569336,101.18000030517578,50.831817626953125,356000
2008-08-11,101.44000244140625,101.44000244140625,100.29000091552734,100.72000122070312,50.600711822509766,170000
2008-08-12,101.12000274658203,101.33000183105469,100.75,101.33000183105469,50.90716552734375,188800
2008-08-13,101.05000305175781,101.30000305175781,100.5,100.80000305175781,50.64088821411133,141400
2008-08-14,101.1500015258789,101.27999877929688,100.55999755859375,101.08999633789062,50.786624908447266,219100
2008-08-15,101.33000183105469,101.4000015258789,100.91999816894531,101.31999969482422,50.90214538574219,116600
2008-08-18,101.0,101.36000061035156,101.0,101.36000061035156,50.922237396240234,107900
2008-08-19,101.41000366210938,101.41000366210938,101.0,101.19999694824219,50.84188461303711,160300
2008-08-20,100.80999755859375,101.27999877929688,100.62000274658203,101.20999908447266,50.84688949584961,509200
2008-08-21,101.30999755859375,101.30999755859375,100.52999877929688,100.61000061035156,50.545467376708984,234600
2008-08-22,101.1500015258789,101.1500015258789,100.08000183105469,100.6500015258789,50.5655632019043,187300
2008-08-25,101.31999969482422,101.37000274658203,101.04000091552734,101.30000305175781,50.89213943481445,101700
2008-08-26,101.22000122070312,101.51000213623047,100.91000366210938,101.41999816894531,50.952415466308594,727400
2008-08-27,100.87000274658203,101.30999755859375,100.72000122070312,101.26000213623047,50.87203598022461,164600
2008-08-28,101.27999877929688,101.27999877929688,100.83999633789062,101.23999786376953,50.861968994140625,143900
2008-08-29,101.56999969482422,101.56999969482422,100.06999969482422,101.04000091552734,50.7614860534668,535000
2008-09-02,100.88999938964844,101.26000213623047,100.33999633789062,100.9800033569336,50.961849212646484,134200
2008-09-03,101.18000030517578,101.37000274658203,100.9000015258789,101.18000030517578,51.06277847290039,225200
2008-09-04,101.01000213623047,101.37999725341797,100.7300033569336,101.20999908447266,51.07791519165039,333900
2008-09-05,101.52999877929688,101.69000244140625,101.01000213623047,101.11000061035156,51.02748107910156,119600
2008-09-08,101.22000122070312,101.66000366210938,100.81999969482422,101.27999877929688,51.1132698059082,356400
2008-09-09,101.3499984741211,101.83999633789062,101.05999755859375,101.62999725341797,51.28989028930664,263600
2008-09-10,100.81999969482422,101.91999816894531,100.80999755859375,101.58999633789062,51.26966857910156,834400
2008-09-11,100.47000122070312,101.18000030517578,100.44000244140625,100.80000305175781,50.8709716796875,438100
2008-09-12,100.43000030517578,100.52999877929688,99.72000122070312,100.02999877929688,50.482398986816406,226600
2008-09-15,100.08999633789062,100.08999633789062,98.05999755859375,99.29000091552734,50.108943939208984,227400
2008-09-16,97.7300033569336,98.93000030517578,90.88999938964844,92.98999786376953,46.92951965332031,2894600
2008-09-17,93.13999938964844,93.7300033569336,85.04000091552734,88.7300033569336,44.779632568359375,993700
2008-09-18,89.33999633789062,92.93000030517578,87.0,89.94000244140625,45.39027786254883,800200
2008-09-19,92.55999755859375,93.48999786376953,91.75,92.75,46.80838394165039,818900
2008-09-22,93.93000030517578,94.16000366210938,92.01000213623047,93.30000305175781,47.08595657348633,862000
2008-09-23,93.63999938964844,93.94999694824219,92.19000244140625,92.33999633789062,46.60145950317383,311900
2008-09-24,93.63999938964844,93.63999938964844,91.7300033569336,92.0999984741211,46.480350494384766,207800
2008-09-25,91.87999725341797,92.69000244140625,91.75,92.5,46.682212829589844,365500
2008-09-26,91.69999694824219,92.0,87.25,90.0,45.42052459716797,513400
2008-09-29,88.5,89.48999786376953,80.0,81.80000305175781,41.2822265625,787300
2008-09-30,85.9000015258789,89.79000091552734,85.0999984741211,89.79000091552734,45.31456756591797,905100
2008-10-01,88.68000030517578,90.30000305175781,87.52999877929688,90.20999908447266,45.732765197753906,639700
2008-10-02,88.30000305175781,89.70999908447266,88.0,88.9000015258789,45.068687438964844,340400
2008-10-03,90.1500015258789,90.1500015258789,88.11000061035156,88.86000061035156,45.04841995239258,273400
2008-10-06,88.5999984741211,88.9000015258789,84.44999694824219,87.83000183105469,44.52623748779297,380800
2008-10-07,88.0,91.36000061035156,88.0,89.47000122070312,45.357635498046875,581200
2008-10-08,87.4800033569336,89.9800033569336,86.30000305175781,88.83000183105469,45.03321075439453,524800
2008-10-09,89.9000015258789,89.9000015258789,84.75,86.45999908447266,43.83170700073242,353900
2008-10-10,80.0,87.0,76.05000305175781,81.69999694824219,41.4185791015625,905400
2008-10-13,79.56999969482422,87.19999694824219,79.56999969482422,86.19999694824219,43.699893951416016,481100
2008-10-14,90.5,91.23999786376953,84.02999877929688,84.8499984741211,43.01548385620117,610300
2008-10-15,83.80000305175781,86.97000122070312,83.52999877929688,84.8499984741211,43.01548385620117,238900
2008-10-16,86.0999984741211,88.06999969482422,84.94999694824219,85.73999786376953,43.466697692871094,221500
2008-10-17,86.0,86.87000274658203,84.23999786376953,85.01000213623047,43.09660720825195,494800
2008-10-20,86.1500015258789,87.83999633789062,85.5,87.5999984741211,44.40966033935547,945600
2008-10-21,87.77999877929688,88.9000015258789,86.51000213623047,88.47000122070312,44.8506965637207,1048700
2008-10-22,87.26000213623047,88.37000274658203,86.01000213623047,87.44999694824219,44.333614349365234,691500
2008-10-23,87.70999908447266,88.69000244140625,87.6500015258789,88.0,44.61245346069336,1166100
2008-10-24,86.0,88.5,86.0,88.3499984741211,44.78986740112305,1777300
2008-10-27,87.98999786376953,87.98999786376953,86.93000030517578,87.77999877929688,44.50087356567383,975300
2008-10-28,87.8499984741211,88.16000366210938,86.54000091552734,87.19999694824219,44.20685577392578,732000
2008-10-29,86.4000015258789,89.23999786376953,86.0,88.66999816894531,44.952091217041016,1970600
2008-10-30,88.66999816894531,89.05000305175781,88.0,88.01000213623047,44.617431640625,1219400
2008-10-31,88.73999786376953,88.73999786376953,87.0999984741211,87.6500015258789,44.43498611450195,636300
2008-11-03,87.5,88.08999633789062,87.19999694824219,87.93000030517578,44.79926681518555,374200
2008-11-04,88.30000305175781,89.13999938964844,88.0,88.52999877929688,45.10496520996094,1376400
2008-11-05,88.6500015258789,90.44999694824219,88.6500015258789,90.25,45.98125076293945,654400
2008-11-06,90.94999694824219,91.12000274658203,90.01000213623047,90.87000274658203,46.29717254638672,2814300
2008-11-07,90.6500015258789,91.18000030517578,90.0999984741211,90.2300033569336,45.97111129760742,2126600
2008-11-10,90.16000366210938,90.66000366210938,89.73999786376953,90.2699966430664,45.991455078125,452100
2008-11-11,90.66000366210938,91.62000274658203,90.30000305175781,90.55999755859375,46.13923645019531,621000
2008-11-12,90.18000030517578,90.6500015258789,90.18000030517578,90.54000091552734,46.129024505615234,1815700
2008-11-13,90.4000015258789,90.44999694824219,89.5,89.91999816894531,45.81315612792969,858300
2008-11-14,89.41000366210938,90.2300033569336,87.0,89.9000015258789,45.8029670715332,409400
2008-11-17,90.48999786376953,90.5999984741211,90.0,90.55000305175781,46.134117126464844,360300
2008-11-18,90.22000122070312,91.16999816894531,90.22000122070312,90.66000366210938,46.19016647338867,450300
2008-11-19,90.7699966430664,91.11000061035156,90.30999755859375,90.80000305175781,46.26151657104492,487200
2008-11-20,91.06999969482422,91.93000030517578,89.6500015258789,89.80999755859375,45.75714111328125,756600
2008-11-21,90.5999984741211,91.38999938964844,89.9000015258789,90.8499984741211,46.2869758605957,756500
2008-11-24,91.75,92.02999877929688,90.01000213623047,90.44999694824219,46.08320999145508,1088800
2008-11-25,91.2300033569336,91.44000244140625,90.13999938964844,90.87999725341797,46.30228042602539,1002200
2008-11-26,91.33000183105469,91.33000183105469,90.01000213623047,90.4000015258789,46.057708740234375,2219400
2008-11-28,90.98999786376953,91.0999984741211,90.0999984741211,90.13999938964844,45.925235748291016,825200
2008-12-01,90.98999786376953,91.1500015258789,89.5199966430664,91.08999633789062,46.643150329589844,1636600
2008-12-02,91.3499984741211,92.0999984741211,90.8499984741211,91.77999877929688,46.996437072753906,949600
2008-12-03,92.30000305175781,92.41999816894531,91.30000305175781,92.41999816894531,47.324161529541016,739000
2008-12-04,91.76000213623047,92.77999877929688,91.72000122070312,92.51000213623047,47.37028121948242,1064600
2008-12-05,92.05000305175781,92.41999816894531,91.51000213623047,91.87999725341797,47.04764938354492,1339700
2008-12-08,92.30000305175781,93.19000244140625,92.0,92.83000183105469,47.53412628173828,1697800
2008-12-09,92.98999786376953,93.5199966430664,92.75,93.45999908447266,47.856712341308594,1440300
2008-12-10,93.16000366210938,93.68000030517578,92.87999725341797,93.68000030517578,47.96935272216797,807200
2008-12-11,93.94999694824219,94.12999725341797,93.25,94.0,48.13323211669922,950400
2008-12-12,94.0999984741211,94.52999877929688,93.26000213623047,94.51000213623047,48.39439392089844,945300
2008-12-15,94.3499984741211,94.5199966430664,94.0999984741211,94.4800033569336,48.37900924682617,906000
2008-12-16,96.41999816894531,96.47000122070312,94.29000091552734,96.41999816894531,49.37239456176758,1581500
2008-12-17,97.27999877929688,98.31999969482422,97.0,97.8499984741211,50.10462188720703,2113300
2008-12-18,98.81999969482422,100.9800033569336,98.66999816894531,100.22000122070312,51.31817626953125,2787900
2008-12-19,99.06999969482422,100.06999969482422,98.0999984741211,98.7300033569336,50.55524444580078,1669000
2008-12-22,99.7300033569336,100.0999984741211,99.0,99.91999816894531,51.16457748413086,2562500
2008-12-23,99.44999694824219,100.43000030517578,99.4000015258789,100.25,51.33357238769531,1677900
2008-12-24,99.66000366210938,101.75,99.61000061035156,100.5,51.46160125732422,886300
2008-12-26,100.0999984741211,100.91999816894531,100.0999984741211,100.69000244140625,51.558868408203125,515500
2008-12-29,100.19000244140625,100.98999786376953,100.08999633789062,100.58000183105469,51.71929931640625,1503900
2008-12-30,100.16999816894531,101.45999908447266,100.16999816894531,101.45999908447266,52.17180633544922,1129400
2008-12-31,101.36000061035156,101.75,100.41000366210938,101.6500015258789,52.26952362060547,1232800
2009-01-02,101.5,101.66000366210938,100.48999786376953,100.61000061035156,51.73469924926758,1095800
2009-01-05,100.1500015258789,101.73999786376953,100.0999984741211,101.30000305175781,52.08955764770508,2938400
2009-01-06,101.25,101.87000274658203,100.69999694824219,101.47000122070312,52.176971435546875,2036600
2009-01-07,101.23999786376953,101.29000091552734,100.25,100.62000274658203,51.739898681640625,1675100
2009-01-08,100.5999984741211,101.3499984741211,100.55000305175781,101.33999633789062,52.11009216308594,1445200
2009-01-09,101.62000274658203,102.5999984741211,101.3499984741211,102.5999984741211,52.75800323486328,2232600
2009-01-12,102.19999694824219,102.43000030517578,101.5999984741211,102.06999969482422,52.48544692993164,1053300
2009-01-13,101.62000274658203,101.88999938964844,101.4000015258789,101.8499984741211,52.372352600097656,1165400
2009-01-14,101.66999816894531,101.94999694824219,100.5199966430664,101.4000015258789,52.140926361083984,2006000
2009-01-15,101.4000015258789,101.68000030517578,100.9000015258789,101.5999984741211,52.24382781982422,2086000
2009-01-16,100.95999908447266,101.62999725341797,100.51000213623047,101.5999984741211,52.24382781982422,1484300
2009-01-20,101.12999725341797,101.44999694824219,100.01000213623047,100.0999984741211,51.47248458862305,1458600
2009-01-21,100.01000213623047,100.22000122070312,99.0999984741211,99.5999984741211,51.21538162231445,1845200
2009-01-22,99.68000030517578,99.70999908447266,98.29000091552734,99.2300033569336,51.025115966796875,1310800
2009-01-23,98.05999755859375,98.88999938964844,98.05999755859375,98.56999969482422,50.68576431274414,1353600
2009-01-26,98.20999908447266,98.75,97.31999969482422,97.69000244140625,50.233253479003906,1641000
2009-01-27,98.20999908447266,99.87999725341797,98.05000305175781,99.52999877929688,51.17939758300781,1628700
2009-01-28,100.23999786376953,101.0,99.66000366210938,100.31999969482422,51.58559799194336,1436500
2009-01-29,99.94000244140625,100.58999633789062,99.08999633789062,99.12000274658203,50.96858215332031,1098000
2009-01-30,99.5,100.4000015258789,99.30000305175781,99.81999969482422,51.32851028442383,1373200
2009-02-02,98.98999786376953,99.5999984741211,98.80000305175781,98.8499984741211,51.080997467041016,1616700
2009-02-03,98.98999786376953,98.98999786376953,98.25,98.5199966430664,50.91044616699219,1799100
2009-02-04,98.51000213623047,98.79000091552734,98.4000015258789,98.55999755859375,50.93113327026367,4207300
2009-02-05,98.69999694824219,98.70999908447266,97.5999984741211,97.69999694824219,50.48672866821289,1820400
2009-02-06,97.72000122070312,98.41000366210938,97.51000213623047,98.27999877929688,50.78646469116211,1855200
2009-02-09,98.0999984741211,98.5199966430664,97.69999694824219,98.45999908447266,50.87944030761719,872900
2009-02-10,98.16000366210938,99.16999816894531,98.16000366210938,98.94000244140625,51.127506256103516,1109400
2009-02-11,99.29000091552734,99.66000366210938,99.0,99.27999877929688,51.30315399169922,1118500
2009-02-12,99.44999694824219,99.7300033569336,99.12000274658203,99.36000061035156,51.34453201293945,1050400
2009-02-13,99.05000305175781,99.33000183105469,98.19999694824219,98.5999984741211,50.951778411865234,1249600
2009-02-17,99.0,99.44000244140625,98.58000183105469,99.13999938964844,51.23084259033203,1136200
2009-02-18,99.36000061035156,99.37999725341797,98.55999755859375,98.6500015258789,50.977622985839844,1288600
2009-02-19,97.87999725341797,98.63999938964844,97.22000122070312,97.83999633789062,50.55904006958008,1349200
2009-02-20,97.51000213623047,97.6500015258789,96.63999938964844,97.43000030517578,50.34718322753906,2035700
2009-02-23,96.9800033569336,97.19999694824219,96.5999984741211,97.0999984741211,50.17665100097656,1171500
2009-02-24,97.37000274658203,97.7300033569336,96.5199966430664,96.75,49.99576950073242,1777200
2009-02-25,96.91000366210938,96.94000244140625,95.0,95.43000030517578,49.313682556152344,2134700
2009-02-26,95.43000030517578,95.43000030517578,94.81999969482422,94.81999969482422,48.99850082397461,1365800
2009-02-27,94.80999755859375,95.05000305175781,94.0,94.16000366210938,48.65739822387695,1583900
2009-03-02,94.27999877929688,94.48999786376953,93.04000091552734,93.69000244140625,48.663604736328125,1936200
2009-03-03,93.75,93.9800033569336,92.8499984741211,93.18000030517578,48.39876937866211,1375700
2009-03-04,93.22000122070312,93.44000244140625,93.0,93.1500015258789,48.383155822753906,1186600
2009-03-05,92.91000366210938,93.6500015258789,92.51000213623047,92.9000015258789,48.25333023071289,1645100
2009-03-06,93.36000061035156,94.04000091552734,92.80000305175781,93.0999984741211,48.3571891784668,1349600
2009-03-09,92.87999725341797,93.23999786376953,90.51000213623047,90.54000091552734,47.02750015258789,2680200
2009-03-10,91.25,91.98999786376953,91.0,91.8499984741211,47.707923889160156,2112800
2009-03-11,92.01000213623047,92.01000213623047,91.0,91.87999725341797,47.723514556884766,2179000
2009-03-12,91.72000122070312,91.98999786376953,91.38999938964844,91.80000305175781,47.68193054199219,1108400
2009-03-13,92.05999755859375,92.72000122070312,91.79000091552734,92.6500015258789,48.12348175048828,1547000
2009-03-16,92.33999633789062,92.9000015258789,92.1500015258789,92.77999877929688,48.19101333618164,959300
2009-03-17,92.76000213623047,92.94999694824219,92.2300033569336,92.52999877929688,48.06113052368164,1909700
2009-03-18,92.55999755859375,95.37000274658203,92.23999786376953,94.5,49.0843505859375,1934400
2009-03-19,95.0,97.70999908447266,94.33000183105469,94.69999694824219,49.18824768066406,4319900
2009-03-20,95.04000091552734,95.58000183105469,93.55000305175781,93.73999786376953,48.68962097167969,1293200
2009-03-23,93.8499984741211,94.2699966430664,93.6500015258789,94.02999877929688,48.84023666381836,1631700
2009-03-24,93.56999969482422,93.69000244140625,93.0999984741211,93.0999984741211,48.3571891784668,1220100
2009-03-25,93.44999694824219,93.5199966430664,92.47000122070312,92.6500015258789,48.12348175048828,1392700
2009-03-26,92.83999633789062,93.3499984741211,92.44000244140625,93.12999725341797,48.37276840209961,1486100
2009-03-27,93.48999786376953,93.80999755859375,93.30000305175781,93.41999816894531,48.52338790893555,1703900
2009-03-30,93.68000030517578,93.70999908447266,93.11000061035156,93.3499984741211,48.48707580566406,944200
2009-03-31,93.58999633789062,94.13999938964844,93.5,94.12000274658203,48.886966705322266,1093000
2009-04-01,93.66999816894531,93.95999908447266,93.26000213623047,93.45999908447266,48.813350677490234,1401200
2009-04-02,93.73999786376953,93.97000122070312,93.26000213623047,93.48999786376953,48.82901382446289,1233700
2009-04-03,93.4800033569336,93.6500015258789,92.81999969482422,92.91000366210938,48.52609634399414,1359400
2009-04-06,93.12999725341797,93.16000366210938,92.70999908447266,92.86000061035156,48.49995040893555,911600
2009-04-07,92.80000305175781,92.94000244140625,92.4800033569336,92.81999969482422,48.479068756103516,1245200
2009-04-08,93.23999786376953,93.79000091552734,92.97000122070312,93.75,48.96479415893555,1135900
2009-04-09,93.6500015258789,94.6500015258789,93.61000061035156,94.37999725341797,49.29386901855469,1395000
2009-04-13,94.63999938964844,95.3499984741211,94.33000183105469,95.29000091552734,49.76914978027344,1581700
2009-04-14,95.44000244140625,95.58000183105469,94.91000366210938,95.54000091552734,49.89973449707031,1687200
2009-04-15,95.7300033569336,96.27999877929688,95.23999786376953,96.27999877929688,50.286258697509766,1922400
2009-04-16,96.19999694824219,96.69999694824219,96.04000091552734,96.69000244140625,50.50035858154297,1764500
2009-04-17,96.68000030517578,96.94999694824219,96.05000305175781,96.56999969482422,50.437679290771484,1720500
2009-04-20,97.0,97.0,95.23999786376953,96.04000091552734,50.16084289550781,1915300
2009-04-21,96.23999786376953,96.43000030517578,95.68000030517578,96.33999633789062,50.31752395629883,574500
2009-04-22,96.12999725341797,96.30000305175781,95.7300033569336,96.0999984741211,50.19221496582031,1781700
2009-04-23,96.23999786376953,96.36000061035156,95.5999984741211,96.0199966430664,50.15042495727539,1302700
2009-04-24,96.04000091552734,96.4800033569336,95.87000274658203,96.2300033569336,50.26011657714844,1541400
2009-04-27,96.16999816894531,96.3499984741211,95.6500015258789,96.11000061035156,50.197418212890625,1201600
2009-04-28,96.2699966430664,96.4000015258789,95.75,95.80000305175781,50.0355110168457,1468200
2009-04-29,96.37000274658203,96.75,95.80999755859375,96.26000213623047,50.275814056396484,1089900
2009-04-30,96.30000305175781,96.4000015258789,95.83999633789062,96.19999694824219,50.24441909790039,1129800
2009-05-01,95.58000183105469,96.04000091552734,95.44999694824219,95.97000122070312,50.36933135986328,1183900
2009-05-04,96.0999984741211,96.19999694824219,95.5999984741211,96.19999694824219,50.490055084228516,984400
2009-05-05,96.30000305175781,96.62999725341797,96.0,96.51000213623047,50.65276336669922,1009000
2009-05-06,96.66000366210938,97.04000091552734,96.33000183105469,96.94000244140625,50.87845993041992,1815600
2009-05-07,96.56999969482422,97.19999694824219,96.0,96.01000213623047,50.39032745361328,1783000
2009-05-08,96.48999786376953,96.8499984741211,96.22000122070312,96.62000274658203,50.710506439208984,1313200
2009-05-11,96.86000061035156,97.0,96.26000213623047,96.91000366210938,50.86271286010742,1045200
2009-05-12,96.98999786376953,97.38999938964844,96.86000061035156,97.18000030517578,51.00442886352539,1073900
2009-05-13,97.37000274658203,97.54000091552734,96.93000030517578,97.0,50.90992736816406,1615400
2009-05-14,97.16999816894531,97.63999938964844,96.68000030517578,97.22000122070312,51.025413513183594,1112700
2009-05-15,97.22000122070312,97.2699966430664,96.69999694824219,97.19999694824219,51.014888763427734,1025900
2009-05-18,97.58999633789062,97.66999816894531,96.91999816894531,97.05999755859375,50.94144058227539,1259800
2009-05-19,96.91000366210938,97.45999908447266,96.69999694824219,97.44999694824219,51.14612579345703,1366600
2009-05-20,97.58999633789062,98.13999938964844,97.33000183105469,98.01000213623047,51.4400520324707,1324200
2009-05-21,98.37999725341797,98.37999725341797,96.69999694824219,97.01000213623047,50.91515350341797,1540900
2009-05-22,96.7699966430664,97.0199966430664,96.5999984741211,96.87999725341797,50.84695053100586,1070100
2009-05-26,97.0,97.05000305175781,96.55000305175781,96.83999633789062,50.82594299316406,1056100
2009-05-27,97.01000213623047,97.29000091552734,95.9800033569336,96.16999816894531,50.474300384521484,1422100
2009-05-28,96.56999969482422,96.83999633789062,96.04000091552734,96.52999877929688,50.66322708129883,1084600
2009-05-29,96.86000061035156,98.08999633789062,96.5,97.94999694824219,51.40852737426758,1280400
2009-06-01,97.8499984741211,98.05000305175781,97.11000061035156,97.43000030517578,51.39164733886719,1234400
2009-06-02,97.66000366210938,98.55999755859375,97.6500015258789,98.1500015258789,51.77143859863281,1882900
2009-06-03,98.31999969482422,99.0199966430664,98.2300033569336,98.6500015258789,52.03517532348633,1156300
2009-06-04,98.79000091552734,98.79000091552734,98.01000213623047,98.22000122070312,51.808326721191406,1109500
2009-06-05,98.06999969482422,98.12999725341797,97.19999694824219,97.69999694824219,51.53407287597656,1133900
2009-06-08,97.5199966430664,98.0999984741211,97.5,97.5,51.428592681884766,885000
2009-06-09,97.5,98.31999969482422,97.3499984741211,98.23999786376953,51.818912506103516,809500
2009-06-10,97.94000244140625,98.7300033569336,97.6500015258789,97.94999694824219,51.66593551635742,1526400
2009-06-11,98.3499984741211,98.6500015258789,97.73999786376953,98.29000091552734,51.845306396484375,948000
2009-06-12,98.5199966430664,99.23999786376953,98.30000305175781,99.0199966430664,52.2303352355957,854600
2009-06-15,99.0,99.41999816894531,98.51000213623047,99.05000305175781,52.246158599853516,809000
2009-06-16,99.3499984741211,99.69999694824219,98.43000030517578,98.98999786376953,52.21451950073242,1000100
2009-06-17,98.79000091552734,99.37000274658203,98.5999984741211,99.11000061035156,52.277809143066406,1070900
2009-06-18,98.72000122070312,98.72000122070312,97.69999694824219,97.8499984741211,51.61320495605469,1363500
2009-06-19,97.87999725341797,98.88999938964844,97.69000244140625,98.58999633789062,52.00351333618164,1395400
2009-06-22,98.9800033569336,99.30000305175781,98.66999816894531,98.94999694824219,52.19345474243164,878800
2009-06-23,99.41999816894531,99.75,99.05000305175781,99.75,52.61538314819336,816400
2009-06-24,99.80000305175781,100.27999877929688,99.44999694824219,99.58999633789062,52.530975341796875,995600
2009-06-25,99.5999984741211,100.41999816894531,99.33000183105469,100.37000274658203,52.94240188598633,618900
2009-06-26,100.4800033569336,100.5,100.02999877929688,100.41999816894531,52.96883010864258,924000
2009-06-29,100.5,100.55000305175781,100.1500015258789,100.30999755859375,52.91080093383789,828500
2009-06-30,100.12000274658203,100.44000244140625,99.55999755859375,100.27999877929688,52.894927978515625,967700
2009-07-01,99.2699966430664,99.79000091552734,99.20999908447266,99.69999694824219,52.82344436645508,2274400
2009-07-02,99.45999908447266,99.98999786376953,99.43000030517578,99.70999908447266,52.82872772216797,660700
2009-07-06,99.55000305175781,100.0,99.41999816894531,99.94999694824219,52.955894470214844,1346200
2009-07-07,99.5999984741211,100.0199966430664,99.4000015258789,99.55000305175781,52.74393844604492,1242800
2009-07-08,99.86000061035156,100.5,99.61000061035156,100.45999908447266,53.22607421875,918700
2009-07-09,100.05999755859375,100.5,100.05999755859375,100.5,53.24728775024414,706300
2009-07-10,100.2300033569336,100.9000015258789,100.08999633789062,100.9000015258789,53.459228515625,827100
2009-07-13,100.75,100.98999786376953,100.22000122070312,100.83999633789062,53.42741012573242,720200
2009-07-14,100.88999938964844,100.88999938964844,100.33000183105469,100.62000274658203,53.310848236083984,951900
2009-07-15,100.33999633789062,100.55999755859375,99.5199966430664,99.69000244140625,52.81813430786133,1671600
2009-07-16,99.8499984741211,100.37999725341797,99.81999969482422,100.37999725341797,53.18370056152344,989700
2009-07-17,100.06999969482422,100.4800033569336,99.79000091552734,100.06999969482422,53.01943588256836,1502600
2009-07-20,100.4800033569336,100.9800033569336,99.80999755859375,100.4800033569336,53.2366943359375,884400
2009-07-21,100.69999694824219,101.94999694824219,100.56999969482422,101.9000015258789,53.98906326293945,1271000
2009-07-22,102.0,102.1500015258789,101.33999633789062,101.62999725341797,53.846012115478516,869000
2009-07-23,101.69999694824219,101.86000061035156,101.0,101.45999908447266,53.75592041015625,802300
2009-07-24,101.25,101.73999786376953,101.05999755859375,101.73999786376953,53.90426254272461,1183200
2009-07-27,101.19999694824219,101.5199966430664,101.0999984741211,101.51000213623047,53.78240966796875,631300
2009-07-28,101.33000183105469,102.23999786376953,101.33000183105469,101.9000015258789,53.98906326293945,943100
2009-07-29,102.23999786376953,102.55000305175781,101.75,102.54000091552734,54.3281364440918,956100
2009-07-30,102.56999969482422,103.3499984741211,102.16000366210938,103.0999984741211,54.62482833862305,1118800
2009-07-31,103.19000244140625,104.5999984741211,103.19000244140625,104.45999908447266,55.34538650512695,1604600
2009-08-03,103.5199966430664,103.94999694824219,102.94999694824219,103.0,54.830108642578125,1396500
2009-08-04,103.56999969482422,103.56999969482422,102.30000305175781,102.4800033569336,54.55329132080078,1103500
2009-08-05,102.52999877929688,103.1500015258789,102.25,102.5,54.56388473510742,1383600
2009-08-06,102.94000244140625,102.9800033569336,102.0999984741211,102.22000122070312,54.414886474609375,996200
2009-08-07,101.83999633789062,102.33999633789062,101.54000091552734,102.19999694824219,54.40423583984375,945900
2009-08-10,102.45999908447266,102.94000244140625,102.05999755859375,102.5199966430664,54.574562072753906,909900
2009-08-11,103.1500015258789,103.25,102.5,103.05000305175781,54.85669708251953,595100
2009-08-12,103.0,103.0,101.80000305175781,102.1500015258789,54.37760543823242,1328300
2009-08-13,102.6500015258789,103.2699966430664,102.0999984741211,103.13999938964844,54.904598236083984,1213800
2009-08-14,103.20999908447266,103.54000091552734,103.06999969482422,103.12000274658203,54.89397430419922,746500
2009-08-17,102.8499984741211,103.52999877929688,102.5999984741211,103.29000091552734,54.98442459106445,722800
2009-08-18,103.12999725341797,103.36000061035156,102.7300033569336,103.02999877929688,54.8460693359375,870300
2009-08-19,103.55000305175781,103.75,103.2699966430664,103.36000061035156,55.02174758911133,905800
2009-08-20,103.55000305175781,104.0,103.26000213623047,103.8499984741211,55.28257369995117,789200
2009-08-21,103.98999786376953,104.0,103.26000213623047,103.37999725341797,55.03240966796875,724100
2009-08-24,103.5,104.02999877929688,103.2699966430664,103.91000366210938,55.31454086303711,1031100
2009-08-25,104.16000366210938,104.41000366210938,103.75,104.08999633789062,55.41033172607422,1209400
2009-08-26,104.45999908447266,104.79000091552734,104.22000122070312,104.77999877929688,55.777618408203125,702000
2009-08-27,104.51000213623047,104.58000183105469,104.12999725341797,104.30000305175781,55.52212905883789,1136200
2009-08-28,104.20999908447266,104.83999633789062,104.12999725341797,104.81999969482422,55.79890823364258,981900
2009-08-31,104.58000183105469,105.33999633789062,104.37000274658203,105.33000183105469,56.07042694091797,2122200
2009-09-01,104.51000213623047,104.95999908447266,104.1500015258789,104.30999755859375,55.78907775878906,1077500
2009-09-02,104.25,105.12999725341797,104.04000091552734,104.62000274658203,55.954856872558594,1225400
2009-09-03,104.68000030517578,105.16999816894531,104.44999694824219,104.80000305175781,56.051212310791016,865400
2009-09-04,105.04000091552734,105.1500015258789,104.80000305175781,104.87000274658203,56.08858871459961,757200
2009-09-08,104.83999633789062,105.0999984741211,104.5,104.5999984741211,55.944210052490234,817900
2009-09-09,104.61000061035156,104.66000366210938,104.33000183105469,104.56999969482422,55.928123474121094,873800
2009-09-10,104.98999786376953,105.55999755859375,104.04000091552734,105.26000213623047,56.29718780517578,873700
2009-09-11,105.77999877929688,106.37999725341797,105.5,106.20999908447266,56.80533981323242,704700
2009-09-14,106.12999725341797,106.20999908447266,105.48999786376953,105.66999816894531,56.516456604003906,850700
2009-09-15,105.79000091552734,105.8499984741211,105.5199966430664,105.61000061035156,56.48442459106445,1052800
2009-09-16,106.1500015258789,106.1500015258789,105.52999877929688,105.94000244140625,56.66086196899414,1097900
2009-09-17,105.94999694824219,106.47000122070312,105.75,106.45999908447266,56.93903350830078,985000
2009-09-18,106.2300033569336,106.38999938964844,105.79000091552734,105.79000091552734,56.58061599731445,759700
2009-09-21,106.19999694824219,106.29000091552734,105.87999725341797,106.04000091552734,56.71437454223633,586600
2009-09-22,105.83999633789062,106.31999969482422,105.75,106.29000091552734,56.84804153442383,815300
2009-09-23,106.1500015258789,106.4000015258789,105.8499984741211,106.33999633789062,56.874813079833984,980900
2009-09-24,106.12999725341797,106.66000366210938,106.12999725341797,106.51000213623047,56.965736389160156,634000
2009-09-25,106.5199966430664,106.94000244140625,106.30000305175781,106.91999816894531,57.18503952026367,722400
2009-09-28,107.0,107.19000244140625,106.72000122070312,107.19000244140625,57.3294677734375,731500
2009-09-29,106.7300033569336,107.0199966430664,106.55000305175781,106.7699966430664,57.10481643676758,1299100
2009-09-30,106.63999938964844,106.83999633789062,106.36000061035156,106.68000030517578,57.05665969848633,1447400
2009-10-01,106.1500015258789,106.22000122070312,104.79000091552734,105.12000274658203,56.4721794128418,3051300
2009-10-02,105.4000015258789,105.4000015258789,104.30000305175781,104.44000244140625,56.10688400268555,3318300
2009-10-05,104.37000274658203,105.0,104.37000274658203,105.0,56.40771484375,1066700
2009-10-06,105.38999938964844,105.38999938964844,104.72000122070312,104.77999877929688,56.28955078125,1470300
2009-10-07,105.06999969482422,105.5,104.77999877929688,105.44999694824219,56.649478912353516,900800
2009-10-08,105.58000183105469,105.6500015258789,104.8499984741211,104.86000061035156,56.33251190185547,1012500
2009-10-09,104.87999725341797,104.87999725341797,103.75,103.94000244140625,55.83823013305664,1497300
2009-10-12,103.61000061035156,104.38999938964844,103.61000061035156,104.30000305175781,56.031646728515625,687200
2009-10-13,104.38999938964844,104.63999938964844,104.19999694824219,104.5,56.13909912109375,803100
2009-10-14,104.25,104.56999969482422,104.0,104.0,55.87051773071289,1181600
2009-10-15,104.0,104.20999908447266,103.58000183105469,103.9800033569336,55.85974884033203,1096300
2009-10-16,103.97000122070312,104.22000122070312,103.76000213623047,104.05999755859375,55.902713775634766,876200
2009-10-19,104.27999877929688,104.87999725341797,104.11000061035156,104.58999633789062,56.18744659423828,825100
2009-10-20,105.19999694824219,105.58999633789062,105.12999725341797,105.26000213623047,56.54737854003906,873400
2009-10-21,105.04000091552734,105.16999816894531,104.7300033569336,104.81999969482422,56.31101608276367,984600
2009-10-22,105.12999725341797,105.44000244140625,104.81999969482422,105.44000244140625,56.64408493041992,707200
2009-10-23,105.0,105.37000274658203,104.8499984741211,104.86000061035156,56.33251190185547,640500
2009-10-26,105.0,105.05999755859375,104.36000061035156,104.41999816894531,56.096153259277344,953700
2009-10-27,104.94999694824219,105.47000122070312,104.55000305175781,105.31999969482422,56.57962417602539,732600
2009-10-28,105.19999694824219,105.44999694824219,104.31999969482422,104.61000061035156,56.19820022583008,1114300
2009-10-29,105.01000213623047,105.05999755859375,104.37999725341797,104.73999786376953,56.26803207397461,932500
2009-10-30,105.08999633789062,105.68000030517578,104.93000030517578,105.68000030517578,56.773006439208984,1419700
2009-11-02,105.33000183105469,105.36000061035156,104.76000213623047,105.04000091552734,56.68882751464844,983600
2009-11-03,105.0199966430664,105.02999877929688,104.37000274658203,104.55999755859375,56.429771423339844,810500
2009-11-04,104.5199966430664,105.01000213623047,104.48999786376953,104.97000122070312,56.65108108520508,760100
2009-11-05,104.9000015258789,105.05000305175781,104.7300033569336,105.04000091552734,56.68882751464844,705000
2009-11-06,105.02999877929688,105.31999969482422,104.6500015258789,105.31999969482422,56.83994674682617,693100
2009-11-09,105.37999725341797,105.5199966430664,105.26000213623047,105.37999725341797,56.87232208251953,594100
2009-11-10,105.5,105.66999816894531,105.29000091552734,105.30999755859375,56.834537506103516,606400
2009-11-11,105.58999633789062,106.0,105.47000122070312,105.69999694824219,57.04500961303711,688100
2009-11-12,105.6500015258789,105.93000030517578,105.06999969482422,105.69999694824219,57.04500961303711,1043100
2009-11-13,105.94000244140625,106.01000213623047,105.55000305175781,106.01000213623047,57.21232986450195,655800
2009-11-16,106.0,106.51000213623047,105.8499984741211,106.51000213623047,57.482154846191406,1141700
2009-11-17,106.30000305175781,106.66999816894531,106.1500015258789,106.66999816894531,57.56851577758789,587100
2009-11-18,106.41000366210938,106.8499984741211,106.12999725341797,106.31999969482422,57.379615783691406,718900
2009-11-19,106.33000183105469,106.62999725341797,106.18000030517578,106.44999694824219,57.449764251708984,855100
2009-11-20,106.52999877929688,106.61000061035156,105.93000030517578,105.94999694824219,57.179927825927734,628600
2009-11-23,105.5999984741211,105.98999786376953,105.44000244140625,105.94999694824219,57.179927825927734,1143000
2009-11-24,105.94999694824219,106.54000091552734,105.94999694824219,106.36000061035156,57.40127182006836,768100
2009-11-25,106.43000030517578,106.79000091552734,106.20999908447266,106.75,57.611690521240234,670900
2009-11-27,106.02999877929688,106.7300033569336,106.0,106.72000122070312,57.59552001953125,344600
2009-11-30,106.68000030517578,107.25,106.51000213623047,107.25,57.88151168823242,1399900
2009-12-01,106.58000183105469,106.72000122070312,106.26000213623047,106.26000213623047,57.592098236083984,867400
2009-12-02,106.23999786376953,106.43000030517578,106.0,106.27999877929688,57.60294723510742,1171600
2009-12-03,106.19000244140625,106.31999969482422,106.08000183105469,106.25,57.58668518066406,543300
2009-12-04,106.0,106.02999877929688,105.5,105.80999755859375,57.34818649291992,1285900
2009-12-07,105.94999694824219,105.94999694824219,105.5,105.76000213623047,57.321109771728516,1128000
2009-12-08,106.33999633789062,106.4800033569336,106.16999816894531,106.20999908447266,57.56501770019531,951700
2009-12-09,106.30000305175781,106.4800033569336,105.55000305175781,105.5999984741211,57.234378814697266,1547200
2009-12-10,105.33000183105469,105.91999816894531,105.33000183105469,105.69000244140625,57.283203125,1253200
2009-12-11,105.75,105.75,105.06999969482422,105.19000244140625,57.01220703125,1340800
2009-12-14,105.55999755859375,105.77999877929688,105.33999633789062,105.7699966430664,57.326568603515625,1017300
2009-12-15,105.41000366210938,105.47000122070312,105.01000213623047,105.01000213623047,56.91460418701172,884200
2009-12-16,105.16999816894531,105.83999633789062,105.16999816894531,105.41000366210938,57.13145065307617,962300
2009-12-17,105.63999938964844,105.9000015258789,105.33000183105469,105.86000061035156,57.37529373168945,1426400
2009-12-18,106.01000213623047,106.19000244140625,105.63999938964844,105.69000244140625,57.283203125,792400
2009-12-21,105.51000213623047,105.62999725341797,105.05999755859375,105.18000030517578,57.00680160522461,683800
2009-12-22,105.43000030517578,105.43000030517578,104.5,104.73999786376953,56.76826477050781,1590500
2009-12-23,104.9800033569336,105.22000122070312,104.8499984741211,105.06999969482422,56.947174072265625,678000
2009-12-24,104.69999694824219,105.0,104.55000305175781,104.58000183105469,56.681556701660156,529300
2009-12-28,104.2699966430664,104.66000366210938,104.05999755859375,104.30000305175781,56.52981185913086,1017600
2009-12-29,103.87999725341797,104.19000244140625,103.80000305175781,104.18000030517578,56.70124435424805,610100
2009-12-30,104.29000091552734,104.52999877929688,104.08000183105469,104.30000305175781,56.76655578613281,1405500
2009-12-31,104.02999877929688,104.3499984741211,103.7699966430664,104.1500015258789,56.6849365234375,499100
2010-01-04,104.7699966430664,104.7699966430664,104.33999633789062,104.69999694824219,56.98424530029297,2017600
2010-01-05,104.9800033569336,105.44999694824219,104.86000061035156,105.19999694824219,57.256439208984375,1143800
2010-01-06,105.38999938964844,105.44999694824219,104.81999969482422,104.88999938964844,57.087669372558594,1005500
2010-01-07,104.97000122070312,105.22000122070312,104.87000274658203,105.0199966430664,57.15843200683594,1264100
2010-01-08,105.13999938964844,105.25,104.97000122070312,105.25,57.28357696533203,704600
2010-01-11,105.0,105.37999725341797,105.0,105.36000061035156,57.34342575073242,817500
2010-01-12,105.41999816894531,105.6500015258789,105.31999969482422,105.55999755859375,57.452327728271484,1343100
2010-01-13,105.54000091552734,105.56999969482422,105.0,105.12000274658203,57.21288299560547,1090700
2010-01-14,105.45999908447266,105.5,105.02999877929688,105.5,57.419708251953125,873200
2010-01-15,105.72000122070312,105.80000305175781,105.43000030517578,105.45999908447266,57.397918701171875,834300
2010-01-19,105.2699966430664,105.56999969482422,105.0199966430664,105.55000305175781,57.44688415527344,822100
2010-01-20,105.69999694824219,105.83999633789062,105.43000030517578,105.4800033569336,57.40877151489258,1112000
2010-01-21,105.75,106.2699966430664,105.69999694824219,105.76000213623047,57.56120300292969,1333400
2010-01-22,105.77999877929688,105.80000305175781,105.5,105.5999984741211,57.47407913208008,1003800
2010-01-25,105.55000305175781,105.62999725341797,105.43000030517578,105.58999633789062,57.46867370605469,765100
2010-01-26,105.69000244140625,105.69999694824219,105.23999786376953,105.30999755859375,57.31626510620117,887200
2010-01-27,105.44000244140625,105.44000244140625,104.68000030517578,104.93000030517578,57.10947799682617,1496100
2010-01-28,104.97000122070312,105.25,104.76000213623047,104.77999877929688,57.02781295776367,1158800
2010-01-29,104.98999786376953,105.45999908447266,104.9000015258789,105.44999694824219,57.3924560546875,1218600
2010-02-01,105.05000305175781,105.08000183105469,104.41999816894531,104.52999877929688,57.13662338256836,1202800
2010-02-02,104.6500015258789,105.06999969482422,104.6500015258789,104.86000061035156,57.31705856323242,1950500
2010-02-03,104.83000183105469,104.9000015258789,104.5199966430664,104.75,57.25688552856445,1478800
2010-02-04,104.8499984741211,104.88999938964844,104.54000091552734,104.73999786376953,57.25143814086914,1116700
2010-02-05,104.62999725341797,104.72000122070312,104.22000122070312,104.41999816894531,57.076534271240234,2204600
2010-02-08,104.52999877929688,104.68000030517578,104.30999755859375,104.5199966430664,57.13117599487305,1736500
2010-02-09,104.58999633789062,104.69999694824219,104.27999877929688,104.27999877929688,57.00000762939453,969800
2010-02-10,104.20999908447266,104.31999969482422,103.37999725341797,103.47000122070312,56.557212829589844,1178000
2010-02-11,103.5999984741211,103.7699966430664,103.33999633789062,103.70999908447266,56.68843460083008,1045500
2010-02-12,103.83000183105469,103.9800033569336,103.68000030517578,103.83000183105469,56.75400924682617,707100
2010-02-16,103.61000061035156,104.23999786376953,103.5,104.23999786376953,56.978111267089844,1029500
2010-02-17,104.19000244140625,104.20999908447266,103.62999725341797,103.88999938964844,56.78678512573242,717200
2010-02-18,103.91000366210938,104.06999969482422,103.5,103.81999969482422,56.74858856201172,1717100
2010-02-19,103.69999694824219,104.19000244140625,103.66000366210938,104.19000244140625,56.95077896118164,1827800
2010-02-22,104.12000274658203,104.25,104.01000213623047,104.25,56.98361587524414,585900
2010-02-23,104.33000183105469,104.54000091552734,104.19000244140625,104.5,57.12026596069336,1095300
2010-02-24,104.6500015258789,105.0,104.55000305175781,104.94999694824219,57.36620330810547,924400
2010-02-25,105.12000274658203,105.12000274658203,104.83000183105469,104.83999633789062,57.30608367919922,572300
2010-02-26,104.98999786376953,105.55999755859375,104.98999786376953,105.52999877929688,57.68326950073242,804600
2010-03-01,105.19000244140625,105.29000091552734,104.9000015258789,105.22000122070312,57.75734329223633,598700
2010-03-02,105.02999877929688,105.55000305175781,105.0,105.44000244140625,57.87812805175781,625600
2010-03-03,105.19000244140625,105.66000366210938,105.19000244140625,105.66000366210938,57.99888229370117,746300
2010-03-04,105.55999755859375,105.80999755859375,105.37999725341797,105.70999908447266,58.026309967041016,492300
2010-03-05,105.62000274658203,105.63999938964844,105.11000061035156,105.58000183105469,57.9549446105957,786000
2010-03-08,105.58000183105469,105.75,105.37999725341797,105.75,58.048282623291016,966800
2010-03-09,105.70999908447266,105.81999969482422,105.58999633789062,105.6500015258789,57.99342727661133,722100
2010-03-10,105.48999786376953,105.75,105.37000274658203,105.75,58.048282623291016,688200
2010-03-11,105.58000183105469,105.75,105.44000244140625,105.70999908447266,58.026309967041016,480000
2010-03-12,105.62000274658203,105.9800033569336,105.5,105.93000030517578,58.1470947265625,819100
2010-03-15,105.97000122070312,105.9800033569336,105.66999816894531,105.91000366210938,58.13613510131836,497200
2010-03-16,106.0,106.4000015258789,105.86000061035156,106.4000015258789,58.40505599975586,635600
2010-03-17,106.58000183105469,106.86000061035156,106.4000015258789,106.79000091552734,58.61916732788086,983900
2010-03-18,106.75,106.80999755859375,106.58000183105469,106.58000183105469,58.503910064697266,497200
2010-03-19,106.5,106.76000213623047,106.4000015258789,106.5,58.45997619628906,621500
2010-03-22,106.37999725341797,106.75,106.37999725341797,106.66999816894531,58.55326843261719,406000
2010-03-23,106.73999786376953,106.8499984741211,106.5999984741211,106.5999984741211,58.51483917236328,463300
2010-03-24,106.16000366210938,106.2699966430664,105.58999633789062,105.80999755859375,58.08121871948242,801600
2010-03-25,105.66000366210938,105.79000091552734,105.23999786376953,105.43000030517578,57.872623443603516,985400
2010-03-26,105.3499984741211,105.75,105.30999755859375,105.75,58.048282623291016,614000
2010-03-29,105.73999786376953,105.79000091552734,105.37000274658203,105.66000366210938,57.99888229370117,597600
2010-03-30,105.62999725341797,105.79000091552734,105.44999694824219,105.72000122070312,58.031856536865234,616100
2010-03-31,105.81999969482422,106.01000213623047,105.7300033569336,105.7699966430664,58.05926513671875,997800
2010-04-01,105.44999694824219,105.62000274658203,105.29000091552734,105.52999877929688,58.1855354309082,1565600
2010-04-05,105.01000213623047,105.12000274658203,104.44000244140625,104.55999755859375,57.650699615478516,1417800
2010-04-06,104.9000015258789,105.13999938964844,104.73999786376953,104.80999755859375,57.78853988647461,1175000
2010-04-07,104.93000030517578,105.48999786376953,104.93000030517578,105.33999633789062,58.080806732177734,1041200
2010-04-08,105.58999633789062,105.6500015258789,105.13999938964844,105.13999938964844,57.97048568725586,938600
2010-04-09,105.25,105.4000015258789,105.02999877929688,105.20999908447266,58.009063720703125,657800
2010-04-12,105.3499984741211,105.5999984741211,105.30000305175781,105.51000213623047,58.17448043823242,502800
2010-04-13,105.76000213623047,105.91999816894531,105.58000183105469,105.88999938964844,58.384033203125,728100
2010-04-14,105.94999694824219,106.0,105.6500015258789,105.80000305175781,58.33442306518555,697200
2010-04-15,105.79000091552734,106.13999938964844,105.66000366210938,105.9800033569336,58.433650970458984,766300
2010-04-16,106.16000366210938,106.45999908447266,105.9800033569336,106.2300033569336,58.57146453857422,1091800
2010-04-19,106.36000061035156,106.36000061035156,105.95999908447266,105.95999908447266,58.42261505126953,643900
2010-04-20,106.16999816894531,106.20999908447266,106.0199966430664,106.19000244140625,58.54941177368164,923200
2010-04-21,106.4800033569336,106.72000122070312,106.2699966430664,106.55999755859375,58.7534294128418,646600
2010-04-22,106.55999755859375,106.75,106.30000305175781,106.31999969482422,58.621097564697266,248000
2010-04-23,106.2699966430664,106.37999725341797,106.16000366210938,106.30000305175781,58.61008834838867,327400
2010-04-26,106.4800033569336,106.55999755859375,106.20999908447266,106.3499984741211,58.63764572143555,839900
2010-04-27,106.58000183105469,106.93000030517578,106.25,106.41999816894531,58.67624282836914,590500
2010-04-28,106.33999633789062,106.8499984741211,106.25,106.5999984741211,58.775474548339844,1670600
2010-04-29,106.86000061035156,106.94999694824219,106.62999725341797,106.87000274658203,58.924346923828125,1102600
2010-04-30,107.0,107.54000091552734,106.87000274658203,107.30999755859375,59.16698455810547,1031700
2010-05-03,106.91000366210938,106.94999694824219,106.68000030517578,106.88999938964844,59.1846923828125,495800
2010-05-04,107.05999755859375,107.3499984741211,106.94999694824219,107.0199966430664,59.25667190551758,844700
2010-05-05,107.01000213623047,107.19000244140625,106.12999725341797,106.55999755859375,59.001922607421875,1288500
2010-05-06,106.3499984741211,106.61000061035156,102.47000122070312,104.80000305175781,58.027442932128906,1687800
2010-05-07,105.58999633789062,106.12000274658203,104.83000183105469,105.13999938964844,58.2156867980957,1758600
2010-05-10,105.4000015258789,105.97000122070312,105.4000015258789,105.80000305175781,58.5811653137207,1275900
2010-05-11,105.69999694824219,105.95999908447266,105.37000274658203,105.91000366210938,58.642066955566406,997500
2010-05-12,105.77999877929688,106.04000091552734,105.5999984741211,105.87000274658203,58.619911193847656,1034900
2010-05-13,106.19000244140625,106.2300033569336,105.70999908447266,106.18000030517578,58.79155349731445,585100
2010-05-14,106.33999633789062,106.68000030517578,105.97000122070312,106.1500015258789,58.774940490722656,575700
2010-05-17,106.5199966430664,106.79000091552734,106.0,106.33000183105469,58.87465286254883,877200
2010-05-18,106.66000366210938,106.9000015258789,106.29000091552734,106.66999816894531,59.06284713745117,582100
2010-05-19,106.41000366210938,107.0,106.41000366210938,106.7300033569336,59.09608840942383,503300
2010-05-20,106.80000305175781,106.93000030517578,106.26000213623047,106.48999786376953,58.963199615478516,1009400
2010-05-21,106.55999755859375,106.66000366210938,105.93000030517578,106.30999755859375,58.86354064941406,1775500
2010-05-24,106.36000061035156,106.68000030517578,106.3499984741211,106.58999633789062,59.01853561401367,717800
2010-05-25,106.41999816894531,106.4800033569336,105.95999908447266,106.08000183105469,58.7361946105957,901500
2010-05-26,106.13999938964844,106.19999694824219,105.76000213623047,106.1500015258789,58.774940490722656,562000
2010-05-27,105.7300033569336,105.73999786376953,105.37999725341797,105.5999984741211,58.47038650512695,767600
2010-05-28,105.79000091552734,106.02999877929688,105.4000015258789,105.45999908447266,58.39289474487305,1042200
2010-06-01,105.02999877929688,105.33000183105469,104.87000274658203,104.93000030517578,58.344512939453125,782400
2010-06-02,104.93000030517578,105.30000305175781,104.93000030517578,105.30000305175781,58.550254821777344,521000
2010-06-03,105.2699966430664,105.55000305175781,104.95999908447266,104.95999908447266,58.3612060546875,1017000
2010-06-04,105.22000122070312,105.66000366210938,105.0999984741211,105.5999984741211,58.717044830322266,745200
2010-06-07,105.5,106.12999725341797,105.5,106.04000091552734,58.96174621582031,551500
2010-06-08,105.9800033569336,106.2699966430664,105.76000213623047,106.04000091552734,58.96174621582031,953500
2010-06-09,105.88999938964844,106.2300033569336,105.66000366210938,106.08000183105469,58.98394775390625,526900
2010-06-10,105.73999786376953,105.94999694824219,105.45999908447266,105.63999938964844,58.739280700683594,1037200
2010-06-11,105.88999938964844,106.08000183105469,105.62000274658203,106.02999877929688,58.95611572265625,483100
2010-06-14,105.66999816894531,105.83000183105469,105.44000244140625,105.83000183105469,58.844932556152344,712900
2010-06-15,105.87000274658203,105.91999816894531,105.5199966430664,105.69999694824219,58.77267074584961,663100
2010-06-16,105.83999633789062,105.9000015258789,105.55000305175781,105.80999755859375,58.833805084228516,568000
2010-06-17,106.1500015258789,106.58999633789062,106.0,106.51000213623047,59.22303771972656,1487500
2010-06-18,106.52999877929688,106.66999816894531,106.36000061035156,106.5,59.217506408691406,726300
2010-06-21,106.33000183105469,106.79000091552734,106.26000213623047,106.7699966430664,59.36758041381836,686300
2010-06-22,106.63999938964844,107.33000183105469,106.61000061035156,107.29000091552734,59.656776428222656,657000
2010-06-23,107.13999938964844,107.79000091552734,107.12999725341797,107.73999786376953,59.90699005126953,1105800
2010-06-24,107.77999877929688,107.83000183105469,107.25,107.30999755859375,59.66792297363281,743000
2010-06-25,107.31999969482422,107.73999786376953,107.20999908447266,107.48999786376953,59.76796340942383,485000
2010-06-28,107.9000015258789,108.12000274658203,107.7300033569336,108.08000183105469,60.09600830078125,772700
2010-06-29,108.26000213623047,108.26000213623047,107.94000244140625,108.02999877929688,60.06817626953125,1007200
2010-06-30,108.2300033569336,108.45999908447266,108.18000030517578,108.45999908447266,60.30730056762695,850800
2010-07-01,108.16000366210938,108.45999908447266,108.01000213623047,108.13999938964844,60.37429428100586,1478700
2010-07-02,108.1500015258789,108.22000122070312,107.7699966430664,107.83000183105469,60.20125198364258,600400
2010-07-06,108.19999694824219,108.5999984741211,108.0,108.27999877929688,60.45247268676758,993400
2010-07-07,108.22000122070312,108.54000091552734,108.20999908447266,108.3499984741211,60.49156188964844,634100
2010-07-08,108.12000274658203,108.1500015258789,107.87000274658203,108.08000183105469,60.3408088684082,738200
2010-07-09,108.08000183105469,108.12000274658203,107.86000061035156,107.94999694824219,60.268245697021484,530000
2010-07-12,108.16999816894531,108.26000213623047,107.94000244140625,108.08000183105469,60.3408088684082,585100
2010-07-13,108.19999694824219,108.30000305175781,107.95999908447266,108.13999938964844,60.37429428100586,709000
2010-07-14,108.2300033569336,108.72000122070312,108.19999694824219,108.62000274658203,60.64228439331055,1880300
2010-07-15,108.62000274658203,108.91999816894531,108.62000274658203,108.80999755859375,60.74833297729492,1038800
2010-07-16,108.98999786376953,109.37000274658203,108.88999938964844,109.0,60.854454040527344,814100
2010-07-19,108.95999908447266,109.13999938964844,108.87999725341797,108.9800033569336,60.843265533447266,580700
2010-07-20,108.95999908447266,109.37000274658203,108.95999908447266,109.0999984741211,60.910282135009766,1052100
2010-07-21,108.98999786376953,109.62999725341797,108.94000244140625,109.62999725341797,61.20620346069336,779400
2010-07-22,109.66000366210938,109.68000030517578,109.18000030517578,109.48999786376953,61.12799835205078,827300
2010-07-23,109.66000366210938,109.69000244140625,109.37000274658203,109.62999725341797,61.20620346069336,675800
2010-07-26,109.47000122070312,109.75,109.3499984741211,109.7300033569336,61.26200485229492,538000
2010-07-27,109.51000213623047,109.80000305175781,109.36000061035156,109.36000061035156,61.05542755126953,1108600
2010-07-28,109.58999633789062,109.7699966430664,109.23999786376953,109.75,61.273162841796875,777600
2010-07-29,109.66000366210938,109.9000015258789,109.54000091552734,109.79000091552734,61.29547882080078,513000
2010-07-30,110.02999877929688,110.41999816894531,110.02999877929688,110.30000305175781,61.58021545410156,796300
2010-08-02,109.91000366210938,109.94999694824219,109.55999755859375,109.62999725341797,61.44963836669922,764100
2010-08-03,109.9000015258789,110.04000091552734,109.69999694824219,109.9000015258789,61.600955963134766,1060700
2010-08-04,109.83000183105469,109.94999694824219,109.55000305175781,109.55999755859375,61.41037368774414,859900
2010-08-05,109.69000244140625,109.88999938964844,109.58999633789062,109.76000213623047,61.52248764038086,1093400
2010-08-06,110.19000244140625,110.4800033569336,110.05999755859375,110.38999938964844,61.87559509277344,685700
2010-08-09,110.45999908447266,110.77999877929688,110.30000305175781,110.75,62.07741165161133,844400
2010-08-10,110.5999984741211,110.7300033569336,110.37999725341797,110.61000061035156,61.99890899658203,1260100
2010-08-11,110.62999725341797,110.94000244140625,110.54000091552734,110.5999984741211,61.99336242675781,934600
2010-08-12,110.54000091552734,110.69999694824219,110.18000030517578,110.20999908447266,61.774742126464844,1427100
2010-08-13,110.38999938964844,110.77999877929688,110.33999633789062,110.63999938964844,62.015777587890625,894800
2010-08-16,111.27999877929688,111.97000122070312,111.27999877929688,111.86000061035156,62.699581146240234,786200
2010-08-17,111.9000015258789,111.9800033569336,111.47000122070312,111.68000030517578,62.598697662353516,799600
2010-08-18,111.79000091552734,111.98999786376953,111.5999984741211,111.77999877929688,62.65478515625,1889200
2010-08-19,111.58999633789062,112.37999725341797,111.58000183105469,111.9000015258789,62.722068786621094,1439500
2010-08-20,111.8499984741211,112.25,111.80000305175781,112.0999984741211,62.834102630615234,1402000
2010-08-23,111.98999786376953,112.36000061035156,111.83000183105469,112.33999633789062,62.9686393737793,549100
2010-08-24,112.61000061035156,112.80000305175781,112.3499984741211,112.5999984741211,63.11433410644531,826000
2010-08-25,113.0,113.0,112.4000015258789,112.80999755859375,63.23206329345703,1820000
2010-08-26,112.75,112.95999908447266,112.58000183105469,112.91000366210938,63.28815841674805,703600
2010-08-27,112.72000122070312,112.91000366210938,111.81999969482422,111.88999938964844,62.71645736694336,1642300
2010-08-30,112.45999908447266,112.72000122070312,111.9800033569336,112.62000274658203,63.125614166259766,1574500
2010-08-31,112.66000366210938,113.05000305175781,112.4000015258789,113.0,63.3386116027832,1450700
2010-09-01,112.3499984741211,112.38999938964844,111.44999694824219,111.7300033569336,62.86262893676758,2395600
2010-09-02,111.47000122070312,111.66999816894531,111.33000183105469,111.58999633789062,62.783836364746094,1243900
2010-09-03,110.72000122070312,111.1500015258789,110.66999816894531,110.75,62.31119155883789,1184800
2010-09-07,111.58999633789062,111.73999786376953,111.0,111.56999969482422,62.7725715637207,1128300
2010-09-08,111.4800033569336,111.5,111.19999694824219,111.3499984741211,62.648765563964844,556200
2010-09-09,111.18000030517578,111.19999694824219,110.55999755859375,110.7699966430664,62.32245635986328,967700
2010-09-10,110.51000213623047,110.94000244140625,110.41999816894531,110.8499984741211,62.36748504638672,1105900
2010-09-13,110.83000183105469,111.30000305175781,110.75,111.0,62.45185852050781,987900
2010-09-14,111.19999694824219,111.5999984741211,111.12999725341797,111.5199966430664,62.744422912597656,1846500
2010-09-15,111.33999633789062,111.55999755859375,111.19999694824219,111.33999633789062,62.6431884765625,983200
2010-09-16,111.04000091552734,111.05000305175781,110.70999908447266,110.98999786376953,62.446231842041016,1382000
2010-09-17,111.33999633789062,111.45999908447266,111.04000091552734,111.3499984741211,62.648765563964844,2647200
2010-09-20,111.48999786376953,111.58999633789062,111.30999755859375,111.48999786376953,62.72761154174805,775000
2010-09-21,111.62000274658203,112.4800033569336,111.5999984741211,112.33999633789062,63.20579528808594,1416600
2010-09-22,112.44999694824219,112.58999633789062,112.18000030517578,112.2699966430664,63.166404724121094,851200
2010-09-23,112.68000030517578,112.69999694824219,112.2699966430664,112.3499984741211,63.21141052246094,594200
2010-09-24,112.33999633789062,112.33999633789062,112.01000213623047,112.0999984741211,63.070743560791016,1064700
2010-09-27,112.52999877929688,112.75,112.41000366210938,112.68000030517578,63.397117614746094,770900
2010-09-28,112.68000030517578,113.19000244140625,112.61000061035156,112.87999725341797,63.50960922241211,595900
2010-09-29,112.91999816894531,112.98999786376953,112.68000030517578,112.7699966430664,63.4477424621582,751900
2010-09-30,112.76000213623047,113.1500015258789,112.19999694824219,113.08999633789062,63.627742767333984,1089800
2010-10-01,112.36000061035156,112.54000091552734,108.9800033569336,112.11000061035156,63.31938171386719,3916600
2010-10-04,112.12000274658203,112.36000061035156,112.12000274658203,112.29000091552734,63.421016693115234,847300
2010-10-05,112.58999633789062,112.72000122070312,112.37999725341797,112.5199966430664,63.55097961425781,1236000
2010-10-06,113.12999725341797,113.9800033569336,113.06999969482422,113.25,63.9632453918457,1457100
2010-10-07,113.43000030517578,113.48999786376953,113.16999816894531,113.22000122070312,63.946292877197266,713800
2010-10-08,113.5,113.58999633789062,113.06999969482422,113.11000061035156,63.884185791015625,1160400
2010-10-11,113.08999633789062,113.4000015258789,113.06999969482422,113.20999908447266,63.940711975097656,460300
2010-10-12,113.27999877929688,113.48999786376953,112.95999908447266,113.04000091552734,63.844642639160156,748800
2010-10-13,112.93000030517578,113.18000030517578,112.69999694824219,112.9800033569336,63.81073760986328,996600
2010-10-14,112.83999633789062,112.94999694824219,112.05000305175781,112.06999969482422,63.29676818847656,1236100
2010-10-15,111.68000030517578,111.97000122070312,111.36000061035156,111.36000061035156,62.895774841308594,1287700
2010-10-18,111.79000091552734,112.1500015258789,111.76000213623047,112.12999725341797,63.330692291259766,662600
2010-10-19,111.79000091552734,112.37999725341797,111.73999786376953,112.13999938964844,63.336360931396484,685300
2010-10-20,112.19000244140625,112.62000274658203,111.91000366210938,112.33999633789062,63.44927215576172,632700
2010-10-21,112.29000091552734,112.56999969482422,112.04000091552734,112.04000091552734,63.27987289428711,841200
2010-10-22,112.08999633789062,112.33999633789062,112.0,112.18000030517578,63.358890533447266,640000
2010-10-25,112.81999969482422,112.91000366210938,112.55000305175781,112.58000183105469,63.58485412597656,716400
2010-10-26,112.16000366210938,112.44000244140625,111.9800033569336,111.9800033569336,63.245967864990234,598800
2010-10-27,111.66999816894531,111.91999816894531,111.66000366210938,111.69000244140625,63.082183837890625,1751000
2010-10-28,111.98999786376953,112.33999633789062,111.91000366210938,112.13999938964844,63.336360931396484,1264500
2010-10-29,112.16000366210938,112.5,112.12000274658203,112.36000061035156,63.4605598449707,583800
2010-11-01,112.08000183105469,112.56999969482422,111.7699966430664,111.88999938964844,63.43906021118164,865500
2010-11-02,112.08000183105469,112.45999908447266,112.08000183105469,112.41000366210938,63.733890533447266,555600
2010-11-03,112.61000061035156,112.9000015258789,111.80000305175781,112.04000091552734,63.52409744262695,932000
2010-11-04,112.58000183105469,113.19000244140625,112.58000183105469,113.0999984741211,64.12508392333984,990300
2010-11-05,112.87000274658203,113.02999877929688,112.61000061035156,112.73999786376953,63.920963287353516,455800
2010-11-08,112.8499984741211,112.9800033569336,112.56999969482422,112.80000305175781,63.95500564575195,432500
2010-11-09,112.91000366210938,112.91999816894531,111.91000366210938,111.95999908447266,63.47876739501953,1438900
2010-11-10,111.62999725341797,111.93000030517578,110.80999755859375,111.72000122070312,63.34266662597656,1169900
2010-11-11,111.69999694824219,111.75,111.22000122070312,111.2300033569336,63.06486511230469,778500
2010-11-12,111.0999984741211,111.25,110.41999816894531,110.44999694824219,62.622615814208984,1351700
2010-11-15,110.05999755859375,110.27999877929688,109.23999786376953,109.23999786376953,61.93656921386719,1294100
2010-11-16,109.5,109.9000015258789,109.0199966430664,109.81999969482422,62.265377044677734,2219600
2010-11-17,109.91000366210938,110.37000274658203,109.7699966430664,109.81999969482422,62.265377044677734,1237000
2010-11-18,109.93000030517578,110.08000183105469,109.4800033569336,109.9000015258789,62.31080627441406,1001200
2010-11-19,110.06999969482422,110.36000061035156,109.9000015258789,110.27999877929688,62.526214599609375,676400
2010-11-22,110.5,110.91000366210938,110.5,110.88999938964844,62.87209701538086,759800
2010-11-23,111.16000366210938,111.19000244140625,110.75,110.94999694824219,62.90608215332031,749200
2010-11-24,110.44000244140625,110.45999908447266,109.86000061035156,110.04000091552734,62.39015197753906,644500
2010-11-26,110.18000030517578,110.33999633789062,109.95999908447266,110.18000030517578,62.469520568847656,233400
2010-11-29,110.31999969482422,110.5,110.19000244140625,110.29000091552734,62.53186798095703,494600
2010-11-30,110.5999984741211,110.73999786376953,110.08000183105469,110.12000274658203,62.435516357421875,1324500
2010-12-01,109.4000015258789,109.55999755859375,109.06999969482422,109.44999694824219,62.29659652709961,1473400
2010-12-02,109.11000061035156,109.48999786376953,108.91999816894531,109.20999908447266,62.16002655029297,1011600
2010-12-03,109.43000030517578,109.66999816894531,108.86000061035156,108.9000015258789,61.98358917236328,1391800
2010-12-06,109.41000366210938,109.66000366210938,109.30999755859375,109.66000366210938,62.416141510009766,670700
2010-12-07,109.1500015258789,109.3499984741211,108.27999877929688,108.63999938964844,61.83557891845703,1302200
2010-12-08,108.25,108.2699966430664,107.2300033569336,107.94000244140625,61.4371337890625,3831100
2010-12-09,108.05999755859375,108.4000015258789,107.77999877929688,108.19999694824219,61.58512496948242,1967300
2010-12-10,107.94999694824219,108.23999786376953,107.56999969482422,107.69999694824219,61.30060577392578,1335200
2010-12-13,107.61000061035156,108.37999725341797,107.56999969482422,108.0999984741211,61.52823257446289,1670200
2010-12-14,107.6500015258789,107.93000030517578,107.01000213623047,107.44000244140625,61.15258026123047,1976500
2010-12-15,107.62000274658203,107.81999969482422,106.68000030517578,106.7699966430664,60.771202087402344,2601900
2010-12-16,106.69000244140625,107.33999633789062,106.33999633789062,107.29000091552734,61.06721878051758,1892500
2010-12-17,107.37000274658203,108.31999969482422,107.36000061035156,108.2699966430664,61.624942779541016,1678700
2010-12-20,108.41999816894531,108.63999938964844,108.05999755859375,108.19999694824219,61.58512496948242,1438200
2010-12-21,108.33999633789062,108.47000122070312,107.93000030517578,108.43000030517578,61.716087341308594,985200
2010-12-22,108.48999786376953,108.55999755859375,108.19999694824219,108.33999633789062,61.66484069824219,749800
2010-12-23,108.22000122070312,108.38999938964844,108.08999633789062,108.38999938964844,61.693302154541016,861300
2010-12-27,108.12999725341797,108.69000244140625,107.97000122070312,108.5999984741211,61.81282424926758,781400
2010-12-28,108.0999984741211,108.19000244140625,107.22000122070312,107.30999755859375,61.320228576660156,584800
2010-12-29,107.23999786376953,108.4000015258789,107.16999816894531,108.12000274658203,61.783119201660156,1031600
2010-12-30,107.97000122070312,108.20999908447266,107.69000244140625,108.16999816894531,61.811710357666016,562900
2010-12-31,108.25,108.75,108.25,108.44000244140625,61.965965270996094,914800
2011-01-03,108.22000122070312,108.88999938964844,108.05999755859375,108.86000061035156,62.20599365234375,2447900
2011-01-04,108.9800033569336,109.19000244140625,108.75,109.0,62.28596115112305,962500
2011-01-05,108.51000213623047,108.58000183105469,108.0,108.19999694824219,61.82877731323242,1209200
2011-01-06,108.31999969482422,108.63999938964844,108.19999694824219,108.36000061035156,61.92025375366211,1089700
2011-01-07,108.26000213623047,109.05999755859375,108.19999694824219,108.91000366210938,62.23453903198242,1118600
2011-01-10,108.77999877929688,109.19999694824219,108.77999877929688,109.0999984741211,62.343109130859375,909200
2011-01-11,108.9000015258789,109.16999816894531,108.58000183105469,109.05000305175781,62.31453323364258,845000
2011-01-12,108.80999755859375,109.0199966430664,108.66999816894531,108.9800033569336,62.27454376220703,1291600
2011-01-13,108.8499984741211,109.45999908447266,108.7699966430664,109.44999694824219,62.54304504394531,971000
2011-01-14,109.38999938964844,109.43000030517578,108.88999938964844,108.93000030517578,62.2459602355957,1629900
2011-01-18,108.80000305175781,109.08000183105469,108.4000015258789,108.87000274658203,62.21162033081055,1422700
2011-01-19,108.83000183105469,108.97000122070312,108.68000030517578,108.79000091552734,62.16595458984375,1685300
2011-01-20,108.58000183105469,108.75,107.69999694824219,108.31999969482422,61.897361755371094,1699200
2011-01-21,108.18000030517578,108.55000305175781,108.13999938964844,108.4800033569336,61.98884201049805,1056600
2011-01-24,108.55000305175781,108.81999969482422,108.45999908447266,108.52999877929688,62.01740646362305,727200
2011-01-25,108.81999969482422,109.18000030517578,108.41999816894531,109.06999969482422,62.32596969604492,1302200
2011-01-26,108.83000183105469,108.98999786376953,108.45999908447266,108.45999908447266,61.977413177490234,1647100
2011-01-27,108.5,108.79000091552734,108.33999633789062,108.63999938964844,62.08027267456055,1094300
2011-01-28,108.37000274658203,109.0199966430664,108.33999633789062,108.77999877929688,62.1602668762207,1388100
2011-01-31,108.72000122070312,109.0,108.44000244140625,108.4800033569336,61.98884201049805,1849900
2011-02-01,107.95999908447266,108.11000061035156,107.72000122070312,107.91000366210938,61.90674591064453,989200
2011-02-02,108.12000274658203,108.1500015258789,107.55999755859375,107.69999694824219,61.78630828857422,1975700
2011-02-03,107.51000213623047,107.7699966430664,107.41999816894531,107.44000244140625,61.63713836669922,1645800
2011-02-04,107.30000305175781,107.44000244140625,106.87999725341797,107.11000061035156,61.44783401489258,1367700
2011-02-07,106.93000030517578,107.3499984741211,106.87999725341797,107.2300033569336,61.516666412353516,1709500
2011-02-08,107.26000213623047,107.47000122070312,106.79000091552734,106.83999633789062,61.29290008544922,1263200
2011-02-09,106.94999694824219,107.66000366210938,106.81999969482422,107.52999877929688,61.68878936767578,2124900
2011-02-10,107.19999694824219,107.38999938964844,106.94000244140625,107.0,61.384708404541016,690600
2011-02-11,107.3499984741211,107.66000366210938,107.2300033569336,107.58999633789062,61.72319412231445,817300
2011-02-14,107.33000183105469,107.86000061035156,107.33000183105469,107.66000366210938,61.76333999633789,785400
2011-02-15,107.69000244140625,107.9000015258789,107.52999877929688,107.9000015258789,61.90107345581055,621800
2011-02-16,107.88999938964844,108.16999816894531,107.6500015258789,107.7699966430664,61.82649612426758,1892600
2011-02-17,108.12000274658203,108.19999694824219,107.9000015258789,107.97000122070312,61.94120407104492,585600
2011-02-18,107.70999908447266,108.12999725341797,107.66000366210938,108.12999725341797,62.03301239013672,505900
2011-02-22,107.98999786376953,108.68000030517578,107.98999786376953,108.43000030517578,62.2050895690918,1225300
2011-02-23,108.6500015258789,108.75,108.25,108.30000305175781,62.130550384521484,1293600
2011-02-24,108.58999633789062,108.75,108.36000061035156,108.41999816894531,62.199378967285156,718900
2011-02-25,108.70999908447266,108.95999908447266,108.54000091552734,108.93000030517578,62.491939544677734,722900
2011-02-28,108.94000244140625,109.22000122070312,108.94000244140625,109.22000122070312,62.658302307128906,718600
2011-03-01,108.43000030517578,108.80000305175781,108.37999725341797,108.79000091552734,62.65944290161133,1332300
2011-03-02,108.68000030517578,108.81999969482422,108.20999908447266,108.20999908447266,62.325416564941406,837100
2011-03-03,108.08000183105469,108.1500015258789,107.69000244140625,107.75,62.06045913696289,1024200
2011-03-04,107.8499984741211,108.2699966430664,107.81999969482422,108.16000366210938,62.296630859375,1385200
2011-03-07,107.73999786376953,108.27999877929688,107.73999786376953,107.88999938964844,62.14110565185547,451800
2011-03-08,107.91999816894531,108.01000213623047,107.66000366210938,107.75,62.06045913696289,745900
2011-03-09,107.9000015258789,108.38999938964844,107.80000305175781,108.30999755859375,62.3830451965332,1745300
2011-03-10,108.5,108.83999633789062,108.12999725341797,108.75,62.63642120361328,965400
2011-03-11,108.70999908447266,109.0,108.52999877929688,108.6500015258789,62.57884979248047,1541500
2011-03-14,108.94000244140625,109.0999984741211,108.69999694824219,108.7699966430664,62.647911071777344,1095700
2011-03-15,109.02999877929688,109.06999969482422,108.62000274658203,108.76000213623047,62.642173767089844,1659400
2011-03-16,109.26000213623047,109.98999786376953,109.05999755859375,109.41000366210938,63.01654815673828,2000100
2011-03-17,109.06999969482422,109.45999908447266,108.97000122070312,109.33999633789062,62.97621154785156,1117800
2011-03-18,108.94000244140625,109.48999786376953,108.93000030517578,109.41000366210938,63.01654815673828,693500
2011-03-21,109.0999984741211,109.36000061035156,108.94000244140625,109.05999755859375,62.81499099731445,870400
2011-03-22,108.83000183105469,109.29000091552734,108.83000183105469,109.26000213623047,62.93014907836914,463300
2011-03-23,109.4000015258789,109.4800033569336,109.0,109.19000244140625,62.88981628417969,537800
2011-03-24,109.08999633789062,109.13999938964844,108.77999877929688,108.83000183105469,62.68252182006836,516800
2011-03-25,108.87000274658203,109.08000183105469,108.55000305175781,108.66999816894531,62.590370178222656,420200
2011-03-28,108.5,108.86000061035156,108.36000061035156,108.70999908447266,62.613380432128906,573000
2011-03-29,108.4000015258789,108.73999786376953,108.12000274658203,108.18000030517578,62.30811309814453,625000
2011-03-30,108.19999694824219,108.55000305175781,108.19000244140625,108.55000305175781,62.52121353149414,754700
2011-03-31,108.61000061035156,108.61000061035156,108.11000061035156,108.19999694824219,62.31959915161133,832900
2011-04-01,107.76000213623047,108.38999938964844,107.5199966430664,108.27999877929688,62.614013671875,2873600
2011-04-04,108.30000305175781,108.63999938964844,108.30000305175781,108.52999877929688,62.75851821899414,767300
2011-04-05,108.61000061035156,108.61000061035156,108.25,108.58999633789062,62.79328536987305,1901800
2011-04-06,108.55999755859375,108.56999969482422,108.18000030517578,108.23999786376953,62.59083938598633,1253300
2011-04-07,108.30000305175781,108.33999633789062,108.0,108.08000183105469,62.498329162597656,641400
2011-04-08,108.0,108.2300033569336,107.9000015258789,108.0199966430664,62.46363067626953,572200
2011-04-11,107.9000015258789,108.18000030517578,107.9000015258789,108.02999877929688,62.469390869140625,667500
2011-04-12,108.43000030517578,108.58000183105469,108.25,108.41000366210938,62.68916320800781,625100
2011-04-13,108.23999786376953,108.66999816894531,108.23999786376953,108.5999984741211,62.79900360107422,673700
2011-04-14,108.76000213623047,108.76000213623047,108.26000213623047,108.33000183105469,62.64291000366211,1076400
2011-04-15,108.7300033569336,109.0,108.7300033569336,108.9000015258789,62.9725227355957,662600
2011-04-18,108.80999755859375,109.16000366210938,108.55999755859375,109.05000305175781,63.05926513671875,822800
2011-04-19,109.19000244140625,109.44000244140625,109.08000183105469,109.27999877929688,63.19219207763672,467300
2011-04-20,109.41000366210938,109.43000030517578,109.20999908447266,109.33000183105469,63.22114944458008,515400
2011-04-21,109.37999725341797,109.69999694824219,109.26000213623047,109.43000030517578,63.278953552246094,624800
2011-04-25,109.41000366210938,109.61000061035156,109.33999633789062,109.54000091552734,63.34255599975586,687000
2011-04-26,109.62000274658203,110.08000183105469,109.61000061035156,110.05000305175781,63.63746643066406,953600
2011-04-27,109.8499984741211,110.0,109.68000030517578,109.91000366210938,63.55655288696289,716100
2011-04-28,109.94999694824219,110.29000091552734,109.8499984741211,110.26000213623047,63.758941650390625,508700
2011-04-29,110.19000244140625,110.4800033569336,110.16000366210938,110.47000122070312,63.880393981933594,756000
2011-05-02,110.05000305175781,110.43000030517578,109.95999908447266,110.30000305175781,64.0295639038086,1771000
2011-05-03,110.33000183105469,110.4000015258789,110.08999633789062,110.25,64.00053405761719,661300
2011-05-04,110.45999908447266,110.58999633789062,110.30999755859375,110.41000366210938,64.09343719482422,720600
2011-05-05,110.51000213623047,110.87999725341797,110.51000213623047,110.79000091552734,64.31404113769531,771600
2011-05-06,110.55999755859375,111.02999877929688,110.41999816894531,110.79000091552734,64.31404113769531,857100
2011-05-09,110.80999755859375,111.0,110.7300033569336,110.9000015258789,64.37785339355469,485200
2011-05-10,110.80000305175781,110.83000183105469,110.4000015258789,110.44999694824219,64.11664581298828,974700
2011-05-11,110.44999694824219,110.7699966430664,110.30999755859375,110.62999725341797,64.22113037109375,538900
2011-05-12,110.56999969482422,110.69999694824219,110.18000030517578,110.37000274658203,64.07022857666016,595000
2011-05-13,110.63999938964844,110.93000030517578,110.55000305175781,110.69999694824219,64.26171112060547,1062900
2011-05-16,110.63999938964844,111.08000183105469,110.5999984741211,111.0199966430664,64.44751739501953,614900
2011-05-17,111.05000305175781,111.3499984741211,110.98999786376953,111.16999816894531,64.53461456298828,1227800
2011-05-18,111.23999786376953,111.36000061035156,110.87000274658203,110.88999938964844,64.3720474243164,477800
2011-05-19,110.58999633789062,111.0999984741211,110.5,111.08000183105469,64.48235321044922,430800
2011-05-20,110.95999908447266,111.08999633789062,110.80000305175781,111.0,64.4358901977539,585600
2011-05-23,111.29000091552734,111.3499984741211,110.9000015258789,110.93000030517578,64.3952407836914,1200000
2011-05-24,110.86000061035156,111.19000244140625,110.80999755859375,111.06999969482422,64.47651672363281,590500
2011-05-25,111.22000122070312,111.22000122070312,110.77999877929688,110.8499984741211,64.34879302978516,675300
2011-05-26,111.0999984741211,111.33999633789062,110.9800033569336,111.33000183105469,64.62749481201172,1042600
2011-05-27,111.12000274658203,111.44999694824219,111.11000061035156,111.44999694824219,64.69713592529297,510300
2011-05-31,111.43000030517578,111.58000183105469,111.30000305175781,111.44000244140625,64.69129943847656,1022400
2011-06-01,111.37999725341797,111.9000015258789,111.30999755859375,111.56999969482422,65.01473999023438,1467600
2011-06-02,111.25,111.25,110.54000091552734,110.55999755859375,64.42621612548828,1448900
2011-06-03,111.02999877929688,111.23999786376953,110.52999877929688,110.80000305175781,64.56604766845703,684700
2011-06-06,110.52999877929688,110.77999877929688,110.44999694824219,110.61000061035156,64.45530700683594,445500
2011-06-07,110.52999877929688,111.02999877929688,110.47000122070312,110.98999786376953,64.6767807006836,405200
2011-06-08,111.02999877929688,111.23999786376953,110.91000366210938,111.05999755859375,64.7175521850586,450600
2011-06-09,111.1500015258789,111.25,110.55999755859375,110.76000213623047,64.542724609375,1355700
2011-06-10,110.81999969482422,110.98999786376953,110.52999877929688,110.62999725341797,64.46695709228516,1379300
2011-06-13,110.58999633789062,110.87000274658203,110.4800033569336,110.75,64.53689575195312,908900
2011-06-14,110.41999816894531,110.55000305175781,110.30999755859375,110.41999816894531,64.34463500976562,690200
2011-06-15,110.3499984741211,111.05000305175781,110.30000305175781,111.02999877929688,64.70008087158203,1024100
2011-06-16,111.0,111.08999633789062,110.7300033569336,110.81999969482422,64.57770538330078,1002000
2011-06-17,110.77999877929688,111.05000305175781,110.76000213623047,110.86000061035156,64.60104370117188,556100
2011-06-20,110.98999786376953,111.0,110.62000274658203,110.87999725341797,64.61265563964844,619400
2011-06-21,110.8499984741211,111.05999755859375,110.6500015258789,110.8499984741211,64.59515380859375,692800
2011-06-22,111.08999633789062,111.0999984741211,110.69999694824219,111.0,64.68257904052734,703200
2011-06-23,111.05999755859375,111.43000030517578,111.0,111.29000091552734,64.8515625,796100
2011-06-24,111.30999755859375,111.55999755859375,111.19000244140625,111.3499984741211,64.88653564453125,716900
2011-06-27,111.38999938964844,111.41999816894531,110.91000366210938,110.98999786376953,64.6767807006836,995100
2011-06-28,110.73999786376953,110.81999969482422,110.12999725341797,110.22000122070312,64.22806549072266,863400
2011-06-29,110.19000244140625,110.33999633789062,109.80000305175781,109.97000122070312,64.08238220214844,1041200
2011-06-30,110.16999816894531,110.20999908447266,109.56999969482422,110.12999725341797,64.17561340332031,1004100
2011-07-01,109.95999908447266,109.95999908447266,109.38999938964844,109.70999908447266,64.1791000366211,1495800
2011-07-05,109.72000122070312,110.37999725341797,109.72000122070312,110.0999984741211,64.40727996826172,1116100
2011-07-06,110.18000030517578,110.33999633789062,110.01000213623047,110.33000183105469,64.54182434082031,1343800
2011-07-07,110.06999969482422,110.43000030517578,110.0,110.36000061035156,64.55933380126953,1463800
2011-07-08,110.80000305175781,111.1500015258789,110.51000213623047,111.06999969482422,64.97470092773438,1044300
2011-07-11,111.36000061035156,111.5,111.0,111.44000244140625,65.19112396240234,1397100
2011-07-12,111.75,111.75,111.33999633789062,111.52999877929688,65.24381256103516,694400
2011-07-13,111.66000366210938,111.8499984741211,111.41000366210938,111.80999755859375,65.40760040283203,1014400
2011-07-14,111.5999984741211,111.6500015258789,111.06999969482422,111.12000274658203,65.00391387939453,761200
2011-07-15,111.06999969482422,111.37999725341797,110.97000122070312,111.37000274658203,65.15026092529297,531400
2011-07-18,111.30999755859375,111.33999633789062,110.81999969482422,110.94000244140625,64.89863586425781,1163600
2011-07-19,110.9800033569336,111.56999969482422,110.93000030517578,111.4800033569336,65.21458435058594,1230200
2011-07-20,111.41999816894531,111.58999633789062,111.12000274658203,111.22000122070312,65.06250762939453,1019800
2011-07-21,111.05000305175781,111.26000213623047,110.8499984741211,111.05000305175781,64.96296691894531,931400
2011-07-22,111.33000183105469,111.52999877929688,111.18000030517578,111.5,65.22627258300781,1121000
2011-07-25,111.0199966430664,111.44000244140625,110.81999969482422,110.97000122070312,64.91618347167969,1166900
2011-07-26,111.08999633789062,111.68000030517578,111.08999633789062,111.45999908447266,65.20286560058594,900200
2011-07-27,111.31999969482422,111.43000030517578,110.98999786376953,111.12999725341797,65.00984954833984,762400
2011-07-28,111.45999908447266,111.52999877929688,111.29000091552734,111.37000274658203,65.15026092529297,890200
2011-07-29,111.69999694824219,112.44000244140625,111.54000091552734,112.37000274658203,65.73521423339844,1680200
2011-08-01,112.23999786376953,112.83000183105469,112.12999725341797,112.27999877929688,65.92960357666016,2151200
2011-08-02,112.58999633789062,113.23999786376953,112.3499984741211,113.22000122070312,66.48148345947266,1427300
2011-08-03,113.37000274658203,113.70999908447266,113.1500015258789,113.18000030517578,66.45801544189453,2093400
2011-08-04,113.41000366210938,114.16999816894531,113.29000091552734,114.0,66.93949127197266,2160900
2011-08-05,113.86000061035156,113.91999816894531,112.37999725341797,112.58999633789062,66.11161804199219,2470900
2011-08-08,112.47000122070312,112.47000122070312,111.51000213623047,111.5199966430664,65.48326873779297,2548400
2011-08-09,111.68000030517578,113.63999938964844,111.55000305175781,112.5199966430664,66.07051086425781,2109000
2011-08-10,113.18000030517578,113.73999786376953,112.79000091552734,113.52999877929688,66.66354370117188,1264900
2011-08-11,112.19999694824219,113.30000305175781,110.80999755859375,111.19999694824219,65.29541778564453,1858300
2011-08-12,111.7699966430664,112.62999725341797,111.5199966430664,112.47000122070312,66.04113006591797,1962400
2011-08-15,112.52999877929688,112.80999755859375,112.30000305175781,112.68000030517578,66.16443634033203,1884300
2011-08-16,112.5199966430664,113.30999755859375,112.41000366210938,113.08999633789062,66.40518951416016,1692300
2011-08-17,113.37999725341797,113.7300033569336,112.9800033569336,113.4000015258789,66.58720397949219,1050200
2011-08-18,113.93000030517578,114.0,113.20999908447266,113.55000305175781,66.67530822753906,1358100
2011-08-19,113.44999694824219,113.61000061035156,113.18000030517578,113.41000366210938,66.59309387207031,1749300
2011-08-22,113.55000305175781,113.6500015258789,112.91000366210938,112.98999786376953,66.34644317626953,1464200
2011-08-23,112.45999908447266,112.5,111.44999694824219,111.69999694824219,65.5889663696289,2340100
2011-08-24,111.4800033569336,111.62000274658203,110.19999694824219,110.37999725341797,64.81390380859375,1513600
2011-08-25,110.91000366210938,111.18000030517578,110.66999816894531,110.98999786376953,65.17207336425781,1480200
2011-08-26,111.13999938964844,111.62000274658203,110.88999938964844,111.04000091552734,65.20147705078125,1134400
2011-08-29,110.94999694824219,111.47000122070312,110.8499984741211,111.4000015258789,65.412841796875,1186200
2011-08-30,111.7699966430664,112.16000366210938,111.66000366210938,111.98999786376953,65.75926208496094,1420000
2011-08-31,112.44999694824219,112.73999786376953,112.19999694824219,112.33000183105469,65.95890045166016,1332700
2011-09-01,112.37999725341797,112.55999755859375,111.52999877929688,112.0,66.00784301757812,2821200
2011-09-02,112.80000305175781,113.0,112.25,112.69000244140625,66.41449737548828,1386300
2011-09-06,112.83999633789062,113.95999908447266,112.51000213623047,113.3499984741211,66.803466796875,4665100
2011-09-07,113.56999969482422,113.81999969482422,113.26000213623047,113.56999969482422,66.93311309814453,826700
2011-09-08,113.73999786376953,113.73999786376953,113.1500015258789,113.47000122070312,66.8741683959961,1397100
2011-09-09,113.4000015258789,113.9000015258789,113.08000183105469,113.58999633789062,66.94493103027344,1029500
2011-09-12,113.05000305175781,113.5199966430664,112.81999969482422,112.9000015258789,66.53826141357422,1749500
2011-09-13,112.69000244140625,112.9800033569336,112.5,112.87999725341797,66.52645874023438,1536800
2011-09-14,112.68000030517578,113.11000061035156,112.68000030517578,112.83000183105469,66.49702453613281,954900
2011-09-15,112.41999816894531,112.62999725341797,112.25,112.44000244140625,66.26712799072266,1326900
2011-09-16,112.30000305175781,112.81999969482422,112.30000305175781,112.44000244140625,66.26712799072266,1528700
2011-09-19,113.0,113.19999694824219,112.91999816894531,113.05999755859375,66.63255310058594,903300
2011-09-20,113.0999984741211,113.31999969482422,113.0,113.11000061035156,66.6619873046875,889200
2011-09-21,113.11000061035156,113.55000305175781,112.75,113.37000274658203,66.81523132324219,1006500
2011-09-22,113.68000030517578,113.80999755859375,112.9000015258789,113.58999633789062,66.94493103027344,1304000
2011-09-23,113.44999694824219,113.5199966430664,112.88999938964844,112.88999938964844,66.53231811523438,686500
2011-09-26,112.69999694824219,113.0199966430664,112.44999694824219,112.68000030517578,66.40862274169922,811500
2011-09-27,112.1500015258789,112.55000305175781,112.04000091552734,112.31999969482422,66.19642639160156,1298700
2011-09-28,112.18000030517578,112.18000030517578,111.66000366210938,111.87000274658203,65.93122100830078,1238500
2011-09-29,112.0999984741211,112.2699966430664,111.75,111.75,65.86046600341797,864500
2011-09-30,112.33000183105469,112.43000030517578,111.9000015258789,112.30999755859375,66.19052124023438,1483800
2011-10-03,112.0199966430664,112.19000244140625,111.69000244140625,112.0999984741211,66.31356811523438,3575400
2011-10-04,112.13999938964844,112.1500015258789,110.75,111.12000274658203,65.73382568359375,1753300
2011-10-05,111.26000213623047,111.5999984741211,110.69000244140625,111.58000183105469,66.00599670410156,4530500
2011-10-06,111.63999938964844,111.81999969482422,111.08000183105469,111.12999725341797,65.73978424072266,1410900
2011-10-07,111.1500015258789,111.48999786376953,110.94999694824219,111.02999877929688,65.68058776855469,2117800
2011-10-10,111.02999877929688,111.36000061035156,110.6500015258789,111.23999786376953,65.80484008789062,953700
2011-10-11,111.54000091552734,111.75,111.13999938964844,111.54000091552734,65.98229217529297,2097300
2011-10-12,111.54000091552734,111.87999725341797,111.20999908447266,111.70999908447266,66.08287811279297,1613100
2011-10-13,111.9800033569336,112.01000213623047,111.66000366210938,111.80999755859375,66.14199829101562,1494400
2011-10-14,111.13999938964844,111.91999816894531,111.08000183105469,111.73999786376953,66.10062408447266,1051900
2011-10-17,111.94999694824219,111.94999694824219,111.62999725341797,111.66000366210938,66.05331420898438,979000
2011-10-18,111.8499984741211,112.27999877929688,111.80000305175781,112.05000305175781,66.28398895263672,835100
2011-10-19,112.27999877929688,112.5,112.0,112.33999633789062,66.45555877685547,1839700
2011-10-20,112.30000305175781,112.6500015258789,112.06999969482422,112.58999633789062,66.60346984863281,937600
2011-10-21,112.6500015258789,113.0199966430664,112.63999938964844,112.95999908447266,66.8222885131836,850600
2011-10-24,113.22000122070312,113.54000091552734,113.19999694824219,113.54000091552734,67.1654052734375,1341200
2011-10-25,113.4800033569336,114.19999694824219,113.43000030517578,114.0999984741211,67.49667358398438,1546300
2011-10-26,114.22000122070312,114.30999755859375,113.7699966430664,114.0199966430664,67.44935607910156,1035800
2011-10-27,113.97000122070312,114.63999938964844,113.9000015258789,114.0,67.43755340576172,2364200
2011-10-28,114.25,114.72000122070312,114.04000091552734,114.44000244140625,67.69779968261719,2102500
2011-10-31,114.63999938964844,114.94999694824219,114.3499984741211,114.69999694824219,67.85159301757812,1548300
2011-11-01,114.69999694824219,114.98999786376953,114.36000061035156,114.87000274658203,68.19117736816406,1530900
2011-11-02,114.73999786376953,115.31999969482422,114.5999984741211,115.29000091552734,68.44053649902344,1871200
2011-11-03,115.16999816894531,115.52999877929688,114.86000061035156,115.3499984741211,68.47615051269531,1868200
2011-11-04,115.30000305175781,115.68000030517578,115.0199966430664,115.58000183105469,68.61264038085938,1489300
2011-11-07,115.4000015258789,115.68000030517578,115.06999969482422,115.12000274658203,68.3395767211914,757000
2011-11-08,115.11000061035156,115.23999786376953,114.37000274658203,114.41000366210938,67.91813659667969,4358700
2011-11-09,114.62000274658203,114.87999725341797,114.05999755859375,114.11000061035156,67.74003601074219,1252300
2011-11-10,113.77999877929688,113.87000274658203,113.05999755859375,113.54000091552734,67.40164184570312,1487800
2011-11-11,113.56999969482422,113.58000183105469,112.9800033569336,113.33999633789062,67.28292083740234,1114200
2011-11-14,113.41000366210938,113.61000061035156,113.19999694824219,113.33000183105469,67.27699279785156,821400
2011-11-15,113.26000213623047,113.55000305175781,113.01000213623047,113.22000122070312,67.21165466308594,1425200
2011-11-16,113.37000274658203,113.37000274658203,112.75,112.86000061035156,66.99798583984375,2641800
2011-11-17,112.7300033569336,112.93000030517578,111.9000015258789,111.97000122070312,66.4696273803711,4230700
2011-11-18,111.97000122070312,112.19999694824219,111.77999877929688,112.1500015258789,66.57649230957031,1280400
2011-11-21,112.12000274658203,112.12000274658203,111.58000183105469,111.69000244140625,66.30343627929688,1355300
2011-11-22,111.51000213623047,111.72000122070312,111.4000015258789,111.4000015258789,66.13127899169922,1391700
2011-11-23,111.19999694824219,111.19999694824219,110.6500015258789,110.83000183105469,65.79286193847656,1796600
2011-11-25,110.61000061035156,110.83000183105469,110.33000183105469,110.38999938964844,65.53169250488281,660100
2011-11-28,110.12999725341797,110.80999755859375,109.80999755859375,110.44000244140625,65.56137084960938,2416000
2011-11-29,110.38999938964844,110.43000030517578,109.93000030517578,110.19000244140625,65.41295623779297,1460500
2011-11-30,110.80000305175781,110.9000015258789,110.44000244140625,110.69000244140625,65.70976257324219,1759300
2011-12-01,110.30000305175781,110.63999938964844,110.11000061035156,110.55999755859375,65.86231231689453,1661300
2011-12-02,110.8499984741211,111.55000305175781,110.56999969482422,111.5,66.42225646972656,1882200
2011-12-05,111.5,112.33000183105469,111.44999694824219,112.33000183105469,66.91666412353516,1826300
2011-12-06,112.05999755859375,112.37000274658203,111.66999816894531,111.7300033569336,66.55928802490234,1166900
2011-12-07,112.16000366210938,112.47000122070312,111.98999786376953,112.43000030517578,66.97631072998047,1560000
2011-12-08,112.30000305175781,112.33999633789062,111.95999908447266,112.05000305175781,66.7498779296875,1110300
2011-12-09,112.37999725341797,112.44000244140625,111.5,111.62000274658203,66.49374389648438,1018000
2011-12-12,111.91000366210938,111.95999908447266,111.47000122070312,111.62999725341797,66.49966430664062,574500
2011-12-13,111.68000030517578,112.29000091552734,111.6500015258789,112.01000213623047,66.72608947753906,1206100
2011-12-14,112.1500015258789,112.29000091552734,111.9000015258789,112.19999694824219,66.83928680419922,1085400
2011-12-15,112.19999694824219,112.5,112.19000244140625,112.37999725341797,66.94644927978516,912600
2011-12-16,112.5,113.05000305175781,112.44999694824219,113.01000213623047,67.32177734375,1464900
2011-12-19,113.12999725341797,113.48999786376953,112.87000274658203,113.41000366210938,67.56011199951172,1061800
2011-12-20,113.31999969482422,113.58000183105469,113.19999694824219,113.33000183105469,67.51243591308594,1127900
2011-12-21,113.37999725341797,113.44000244140625,112.8499984741211,112.8499984741211,67.22650146484375,1159500
2011-12-22,113.19000244140625,113.5,113.11000061035156,113.44000244140625,67.57792663574219,1762800
2011-12-23,113.3499984741211,113.3499984741211,112.94999694824219,113.08999633789062,67.36945343017578,830600
2011-12-27,112.81999969482422,113.13999938964844,112.43000030517578,113.12999725341797,67.62525939941406,872900
2011-12-28,113.27999877929688,113.5,113.05000305175781,113.33999633789062,67.75080871582031,501500
2011-12-29,113.48999786376953,113.5,113.0199966430664,113.27999877929688,67.7149887084961,971600
2011-12-30,113.44999694824219,113.8499984741211,113.33000183105469,113.76000213623047,68.0018539428711,807100
2012-01-03,113.80000305175781,114.0,113.5,113.66999816894531,67.94805145263672,2509400
2012-01-04,113.75,113.94999694824219,113.44000244140625,113.76000213623047,68.0018539428711,1641400
2012-01-05,113.69999694824219,113.76000213623047,113.19999694824219,113.2699966430664,67.70896911621094,1454800
2012-01-06,113.48999786376953,113.81999969482422,113.38999938964844,113.70999908447266,67.97201538085938,781000
2012-01-09,113.83000183105469,113.93000030517578,113.54000091552734,113.54000091552734,67.87035369873047,1184400
2012-01-10,113.69999694824219,113.91999816894531,113.61000061035156,113.86000061035156,68.06169891357422,1946400
2012-01-11,113.88999938964844,114.05000305175781,113.80999755859375,113.83999633789062,68.04966735839844,2382700
2012-01-12,114.18000030517578,114.37999725341797,114.01000213623047,114.0999984741211,68.20515441894531,1820800
2012-01-13,114.44000244140625,114.81999969482422,114.3499984741211,114.51000213623047,68.45020294189453,3220100
2012-01-17,114.77999877929688,114.88999938964844,114.61000061035156,114.86000061035156,68.6594467163086,1689000
2012-01-18,115.0,115.04000091552734,114.58999633789062,114.62999725341797,68.52198028564453,1643200
2012-01-19,114.7699966430664,114.93000030517578,114.41999816894531,114.5999984741211,68.5040054321289,1268300
2012-01-20,114.52999877929688,114.61000061035156,114.20999908447266,114.30999755859375,68.33064270019531,1140300
2012-01-23,114.23999786376953,114.4000015258789,114.13999938964844,114.13999938964844,68.22904205322266,1129000
2012-01-24,114.23999786376953,114.56999969482422,114.16000366210938,114.55000305175781,68.4741439819336,1321300
2012-01-25,114.61000061035156,115.52999877929688,114.38999938964844,114.94000244140625,68.70723724365234,1697600
2012-01-26,115.62999725341797,115.87000274658203,115.51000213623047,115.83999633789062,69.24520874023438,1342800
2012-01-27,115.91000366210938,116.20999908447266,115.75,116.01000213623047,69.34688568115234,1148400
2012-01-30,116.4000015258789,116.41000366210938,115.83999633789062,115.86000061035156,69.25716400146484,1325500
2012-01-31,116.13999938964844,116.37999725341797,115.94999694824219,116.19999694824219,69.46044158935547,1504000
2012-02-01,116.08000183105469,116.31999969482422,115.73999786376953,116.2699966430664,69.73694610595703,3195600
2012-02-02,116.27999877929688,116.56999969482422,116.19999694824219,116.51000213623047,69.88088989257812,2860600
2012-02-03,116.0999984741211,116.38999938964844,115.9000015258789,116.33999633789062,69.77889251708984,2148400
2012-02-06,116.23999786376953,116.83999633789062,116.23999786376953,116.63999938964844,69.95886993408203,1141700
2012-02-07,116.44000244140625,116.55999755859375,116.19999694824219,116.41999816894531,69.82686614990234,1061100
2012-02-08,116.47000122070312,116.6500015258789,116.31999969482422,116.54000091552734,69.89888763427734,1651200
2012-02-09,116.5,116.51000213623047,115.9800033569336,116.16999816894531,69.67694091796875,2439000
2012-02-10,116.18000030517578,116.25,115.83000183105469,116.05999755859375,69.6109848022461,1776500
2012-02-13,116.5,116.52999877929688,116.29000091552734,116.45999908447266,69.85087585449219,1061300
2012-02-14,116.5199966430664,116.73999786376953,116.4000015258789,116.55000305175781,69.90487670898438,1972900
2012-02-15,116.6500015258789,116.86000061035156,116.3499984741211,116.38999938964844,69.80891418457031,1025100
2012-02-16,116.43000030517578,116.43000030517578,116.0199966430664,116.19000244140625,69.68894958496094,1821400
2012-02-17,115.95999908447266,116.13999938964844,115.83000183105469,116.01000213623047,69.58096313476562,1858600
2012-02-21,116.16999816894531,116.30000305175781,115.81999969482422,115.81999969482422,69.4670181274414,1887500
2012-02-22,116.16999816894531,116.58000183105469,115.94000244140625,116.54000091552734,69.89888763427734,2834500
2012-02-23,116.44999694824219,116.72000122070312,116.22000122070312,116.69999694824219,69.9948501586914,1590800
2012-02-24,116.83000183105469,116.98999786376953,116.52999877929688,116.79000091552734,70.04881286621094,2175100
2012-02-27,117.18000030517578,117.30000305175781,116.97000122070312,117.22000122070312,70.30672454833984,1160200
2012-02-28,117.5,117.80000305175781,117.41000366210938,117.58999633789062,70.52869415283203,2136700
2012-02-29,117.5999984741211,117.87000274658203,117.4000015258789,117.69999694824219,70.59461975097656,1769800
2012-03-01,116.94000244140625,117.19000244140625,116.79000091552734,117.0199966430664,70.42794036865234,2300600
2012-03-02,117.02999877929688,117.37000274658203,117.01000213623047,117.05999755859375,70.45198822021484,1880600
2012-03-05,117.18000030517578,117.30999755859375,116.69000244140625,116.8499984741211,70.32556915283203,1646400
2012-03-06,116.81999969482422,116.91000366210938,116.5,116.66999816894531,70.21728515625,1682900
2012-03-07,116.68000030517578,116.8499984741211,116.5199966430664,116.62000274658203,70.18719482421875,1410400
2012-03-08,116.72000122070312,116.83000183105469,116.52999877929688,116.63999938964844,70.19923400878906,1202400
2012-03-09,116.52999877929688,116.5999984741211,116.2699966430664,116.58000183105469,70.16307067871094,1659400
2012-03-12,116.75,116.77999877929688,116.33999633789062,116.3499984741211,70.02465057373047,2027900
2012-03-13,116.2699966430664,116.4000015258789,115.91999816894531,116.02999877929688,69.83203125,2230100
2012-03-14,115.73999786376953,115.73999786376953,114.5999984741211,114.6500015258789,69.0014877319336,3067800
2012-03-15,114.72000122070312,115.12000274658203,114.29000091552734,114.4000015258789,68.85108184814453,2035800
2012-03-16,114.19999694824219,114.58999633789062,114.0,114.56999969482422,68.9533920288086,3390500
2012-03-19,114.54000091552734,114.62999725341797,114.16000366210938,114.41000366210938,68.85708618164062,1961200
2012-03-20,114.18000030517578,114.5,114.05000305175781,114.33999633789062,68.8149642944336,1825900
2012-03-21,114.58000183105469,114.9000015258789,114.45999908447266,114.86000061035156,69.1279067993164,2112500
2012-03-22,114.81999969482422,114.83999633789062,114.5999984741211,114.66999816894531,69.01356506347656,3073000
2012-03-23,114.91999816894531,115.0999984741211,114.76000213623047,114.76000213623047,69.06777954101562,2235200
2012-03-26,115.0199966430664,115.27999877929688,114.81999969482422,115.01000213623047,69.21821594238281,1600200
2012-03-27,115.0199966430664,115.94999694824219,115.0199966430664,115.9000015258789,69.75382232666016,2904800
2012-03-28,115.7300033569336,116.0,115.5199966430664,115.68000030517578,69.62144470214844,1666400
2012-03-29,115.87000274658203,116.04000091552734,115.62000274658203,115.91000366210938,69.75985717773438,1632100
2012-03-30,116.0999984741211,116.18000030517578,115.4800033569336,115.62999725341797,69.59133911132812,4285000
2012-04-02,115.43000030517578,115.5999984741211,115.16000366210938,115.52999877929688,69.77066802978516,6107600
2012-04-03,115.5,115.80000305175781,114.38999938964844,114.43000030517578,69.10637664794922,2724100
2012-04-04,114.80999755859375,114.98999786376953,114.63999938964844,114.6500015258789,69.2392807006836,1620100
2012-04-05,114.87999725341797,115.12999725341797,114.5999984741211,114.83999633789062,69.35398864746094,1646300
2012-04-09,115.6500015258789,115.73999786376953,115.38999938964844,115.58999633789062,69.80696105957031,1026600
2012-04-10,115.80999755859375,115.80999755859375,115.47000122070312,115.5199966430664,69.7646713256836,2263600
2012-04-11,115.5199966430664,115.58000183105469,114.98999786376953,115.4000015258789,69.69219207763672,1311400
2012-04-12,115.5999984741211,115.69999694824219,115.38999938964844,115.44999694824219,69.72238159179688,1400700
2012-04-13,115.69999694824219,116.04000091552734,115.69999694824219,116.0,70.05453491210938,1012800
2012-04-16,115.97000122070312,116.29000091552734,115.9000015258789,116.0,70.05453491210938,2396800
2012-04-17,115.97000122070312,116.16999816894531,115.80999755859375,116.1500015258789,70.14517211914062,2229300
2012-04-18,116.2300033569336,116.27999877929688,116.05000305175781,116.12999725341797,70.13304138183594,2663500
2012-04-19,116.38999938964844,116.4000015258789,116.12999725341797,116.20999908447266,70.181396484375,1141800
2012-04-20,116.08000183105469,116.2699966430664,115.93000030517578,116.18000030517578,70.16322326660156,663400
2012-04-23,116.4000015258789,116.41000366210938,116.1500015258789,116.19999694824219,70.17530822753906,976400
2012-04-24,116.16000366210938,116.20999908447266,115.94000244140625,115.98999786376953,70.04850769042969,1988800
2012-04-25,115.8499984741211,116.2300033569336,115.75,116.19000244140625,70.16928100585938,1709800
2012-04-26,116.25,116.54000091552734,116.23999786376953,116.37999725341797,70.28404235839844,1116300
2012-04-27,116.47000122070312,116.5999984741211,116.2699966430664,116.55000305175781,70.38671112060547,1601000
2012-04-30,116.68000030517578,116.76000213623047,116.41999816894531,116.4800033569336,70.34442901611328,1733000
2012-05-01,116.38999938964844,116.51000213623047,115.83000183105469,115.87000274658203,70.21054077148438,2430700
2012-05-02,116.12999725341797,116.29000091552734,116.05999755859375,116.25,70.44078063964844,2046500
2012-05-03,116.25,116.44999694824219,116.11000061035156,116.31999969482422,70.48318481445312,1356300
2012-05-04,116.4800033569336,116.58000183105469,116.44000244140625,116.44999694824219,70.56198120117188,686400
2012-05-07,116.5,116.69999694824219,116.4000015258789,116.6500015258789,70.68318939208984,787200
2012-05-08,116.75,117.0,116.62000274658203,116.94000244140625,70.85892486572266,1570700
2012-05-09,116.6500015258789,116.98999786376953,116.56999969482422,116.73999786376953,70.73767852783203,2175700
2012-05-10,116.62000274658203,116.68000030517578,116.30000305175781,116.5,70.59229278564453,1600000
2012-05-11,116.77999877929688,117.0,116.75,116.8499984741211,70.80436706542969,2977200
2012-05-14,117.05999755859375,117.18000030517578,116.76000213623047,116.87999725341797,70.8224868774414,1925800
2012-05-15,117.05999755859375,117.05999755859375,116.62000274658203,116.7300033569336,70.73162078857422,2455300
2012-05-16,116.30999755859375,116.91000366210938,116.22000122070312,116.79000091552734,70.76801300048828,2700500
2012-05-17,116.38999938964844,116.44999694824219,115.9000015258789,115.91999816894531,70.24081420898438,2367900
2012-05-18,115.75,115.7699966430664,115.38999938964844,115.47000122070312,69.9681396484375,1969000
2012-05-21,115.47000122070312,115.66000366210938,115.25,115.5999984741211,70.04692077636719,1387000
2012-05-22,115.37999725341797,115.5999984741211,115.22000122070312,115.29000091552734,69.85904693603516,1728300
2012-05-23,115.38999938964844,115.80000305175781,115.37000274658203,115.56999969482422,70.02867889404297,1870700
2012-05-24,115.58999633789062,115.63999938964844,115.43000030517578,115.58999633789062,70.04087829589844,1212900
2012-05-25,115.68000030517578,115.91000366210938,115.5999984741211,115.87999725341797,70.21656036376953,594000
2012-05-29,115.9800033569336,116.29000091552734,115.94999694824219,116.05000305175781,70.31962585449219,2514200
2012-05-30,116.4800033569336,116.56999969482422,116.12999725341797,116.1500015258789,70.38021850585938,1919500
2012-05-31,116.48999786376953,117.0,116.25,116.97000122070312,70.8770523071289,4629800
2012-06-01,116.58999633789062,117.30000305175781,116.33000183105469,117.29000091552734,71.31239318847656,3800200
2012-06-04,116.75,116.91000366210938,116.36000061035156,116.4000015258789,70.77127838134766,2643900
2012-06-05,116.2699966430664,116.48999786376953,116.06999969482422,116.1500015258789,70.6192855834961,2430900
2012-06-06,116.2699966430664,116.2699966430664,115.56999969482422,115.80999755859375,70.41252136230469,2499400
2012-06-07,115.88999938964844,116.0999984741211,115.7300033569336,116.05000305175781,70.5584945678711,2929700
2012-06-08,116.55999755859375,116.66999816894531,116.19999694824219,116.4800033569336,70.81990051269531,1713000
2012-06-11,116.45999908447266,116.7300033569336,116.27999877929688,116.45999908447266,70.8077392578125,1354200
2012-06-12,116.3499984741211,116.43000030517578,115.93000030517578,116.12000274658203,70.60103607177734,926300
2012-06-13,116.19000244140625,116.55000305175781,116.04000091552734,116.54000091552734,70.85643768310547,1333000
2012-06-14,116.4800033569336,116.55999755859375,116.16999816894531,116.4000015258789,70.77127838134766,1574900
2012-06-15,116.75,116.95999908447266,116.62000274658203,116.87999725341797,71.06307220458984,1347100
2012-06-18,116.95999908447266,117.0,116.69999694824219,116.83000183105469,71.03269958496094,996800
2012-06-19,116.97000122070312,117.30999755859375,116.66999816894531,116.72000122070312,70.96580505371094,2159200
2012-06-20,116.66000366210938,116.9800033569336,116.4800033569336,116.7699966430664,70.99620819091797,2579000
2012-06-21,116.9800033569336,117.2699966430664,116.91999816894531,116.94999694824219,71.10564422607422,2229400
2012-06-22,116.94000244140625,117.12000274658203,116.80000305175781,116.86000061035156,71.05097198486328,1245600
2012-06-25,117.12000274658203,117.33999633789062,116.95999908447266,117.16000366210938,71.23334503173828,1702300
2012-06-26,117.08999633789062,117.41999816894531,117.0199966430664,117.27999877929688,71.30625915527344,1642300
2012-06-27,117.48999786376953,117.61000061035156,117.31999969482422,117.44000244140625,71.40357971191406,2352100
2012-06-28,117.68000030517578,117.86000061035156,117.61000061035156,117.62000274658203,71.51303100585938,2286500
2012-06-29,117.5,117.80999755859375,117.4000015258789,117.58999633789062,71.49478149414062,2348600
2012-07-02,117.58000183105469,118.0,117.44999694824219,117.81999969482422,71.8742446899414,2310500
2012-07-03,117.86000061035156,117.98999786376953,117.73999786376953,117.91999816894531,71.93526458740234,808800
2012-07-05,117.9800033569336,118.33999633789062,117.93000030517578,118.22000122070312,72.11827087402344,1982300
2012-07-06,118.38999938964844,118.56999969482422,118.0199966430664,118.5199966430664,72.30125427246094,1533100
2012-07-09,118.41000366210938,118.76000213623047,118.37999725341797,118.5999984741211,72.35005187988281,1119500
2012-07-10,118.7699966430664,118.86000061035156,118.56999969482422,118.56999969482422,72.3317642211914,1385600
2012-07-11,118.80000305175781,119.11000061035156,118.75,118.7699966430664,72.45374298095703,1210000
2012-07-12,118.94999694824219,119.41000366210938,118.81999969482422,119.37000274658203,72.8198013305664,1716700
2012-07-13,119.31999969482422,119.5199966430664,119.05000305175781,119.41000366210938,72.84418487548828,1634700
2012-07-16,119.83000183105469,119.86000061035156,119.58999633789062,119.73999786376953,73.04552459716797,750100
2012-07-17,119.7699966430664,119.9000015258789,119.52999877929688,119.73999786376953,73.04552459716797,2479000
2012-07-18,120.12000274658203,120.48999786376953,120.06999969482422,120.4000015258789,73.44808197021484,2351900
2012-07-19,120.41000366210938,120.87000274658203,120.41000366210938,120.61000061035156,73.57624053955078,3499900
2012-07-20,120.80000305175781,120.91999816894531,120.66000366210938,120.69999694824219,73.6311264038086,1144600
2012-07-23,120.72000122070312,120.80000305175781,120.25,120.30999755859375,73.39324951171875,1328000
2012-07-24,120.22000122070312,120.62999725341797,120.16999816894531,120.5,73.50910949707031,1333100
2012-07-25,120.69000244140625,120.86000061035156,120.54000091552734,120.7300033569336,73.6494140625,2551400
2012-07-26,120.7300033569336,120.97000122070312,120.7300033569336,120.91999816894531,73.76535034179688,1094600
2012-07-27,120.55999755859375,120.6500015258789,119.73999786376953,120.3499984741211,73.41763305664062,2952200
2012-07-30,120.22000122070312,120.77999877929688,120.22000122070312,120.66000366210938,73.60672760009766,2581500
2012-07-31,121.05000305175781,121.29000091552734,120.83999633789062,121.27999877929688,73.98493957519531,1563500
2012-08-01,120.66000366210938,120.97000122070312,120.4000015258789,120.76000213623047,73.90229034423828,2583100
2012-08-02,121.0,121.05999755859375,120.19999694824219,120.83999633789062,73.95127868652344,1500000
2012-08-03,120.54000091552734,120.68000030517578,120.19000244140625,120.55000305175781,73.77384948730469,2259800
2012-08-06,120.72000122070312,120.79000091552734,120.5999984741211,120.70999908447266,73.87174987792969,1596300
2012-08-07,120.2300033569336,120.33999633789062,120.0,120.08000183105469,73.48616027832031,4136600
2012-08-08,120.2300033569336,120.2699966430664,119.69999694824219,119.73999786376953,73.27812194824219,2310300
2012-08-09,119.58000183105469,119.7699966430664,119.30000305175781,119.66000366210938,73.22917175292969,2496100
2012-08-10,120.08999633789062,120.0999984741211,119.79000091552734,120.0,73.43717956542969,1482700
2012-08-13,119.95999908447266,120.06999969482422,119.7300033569336,119.75,73.28423309326172,1127000
2012-08-14,119.47000122070312,119.47000122070312,119.18000030517578,119.20999908447266,72.95375061035156,1593600
2012-08-15,119.02999877929688,119.06999969482422,118.6500015258789,118.6500015258789,72.61103820800781,3995300
2012-08-16,118.75,118.9000015258789,118.12999725341797,118.30000305175781,72.39684295654297,1895700
2012-08-17,118.41000366210938,118.79000091552734,118.4000015258789,118.45999908447266,72.49478149414062,1734500
2012-08-20,118.2699966430664,118.81999969482422,118.26000213623047,118.79000091552734,72.69671630859375,1813900
2012-08-21,118.76000213623047,118.98999786376953,118.4800033569336,118.98999786376953,72.81912231445312,2010000
2012-08-22,119.44999694824219,119.69999694824219,119.19000244140625,119.66999816894531,73.2352523803711,2281400
2012-08-23,119.83999633789062,119.91000366210938,119.72000122070312,119.76000213623047,73.29037475585938,883300
2012-08-24,119.94999694824219,119.94999694824219,119.7300033569336,119.88999938964844,73.36988830566406,1335300
2012-08-27,120.1500015258789,120.26000213623047,120.0,120.04000091552734,73.46170806884766,1879300
2012-08-28,120.19000244140625,120.27999877929688,120.05999755859375,120.20999908447266,73.56573486328125,908300
2012-08-29,120.19000244140625,120.19000244140625,119.87999725341797,119.95999908447266,73.41279602050781,1777000
2012-08-30,120.05999755859375,120.12999725341797,119.94999694824219,120.0,73.43717956542969,1888000
2012-08-31,120.04000091552734,120.83000183105469,120.04000091552734,120.83000183105469,73.9451904296875,1766500
2012-09-04,120.55999755859375,120.56999969482422,120.05000305175781,120.16000366210938,73.77021789550781,3788800
2012-09-05,120.1500015258789,120.80000305175781,120.05999755859375,120.20999908447266,73.80089569091797,817600
2012-09-06,119.8499984741211,119.91999816894531,119.61000061035156,119.68000030517578,73.47552490234375,2078500
2012-09-07,120.5999984741211,120.62000274658203,119.9000015258789,119.93000030517578,73.6290054321289,2192700
2012-09-10,119.93000030517578,120.01000213623047,119.72000122070312,119.91999816894531,73.62283325195312,1075900
2012-09-11,120.0,120.12000274658203,119.80000305175781,120.0199966430664,73.68423461914062,2641500
2012-09-12,119.77999877929688,119.83000183105469,119.56999969482422,119.77999877929688,73.53688049316406,1334800
2012-09-13,120.0199966430664,120.58999633789062,119.6500015258789,120.41999816894531,73.92981719970703,3618500
2012-09-14,120.0999984741211,120.0999984741211,119.36000061035156,119.69999694824219,73.48775482177734,3164800
2012-09-17,120.02999877929688,120.33999633789062,119.91999816894531,120.11000061035156,73.739501953125,898100
2012-09-18,120.48999786376953,120.6500015258789,120.31999969482422,120.4800033569336,73.96663665771484,1563000
2012-09-19,120.83000183105469,120.94000244140625,120.6500015258789,120.68000030517578,74.08940887451172,1237400
2012-09-20,120.9800033569336,121.05999755859375,120.55000305175781,120.58000183105469,74.02803039550781,1165200
2012-09-21,120.52999877929688,120.86000061035156,120.44999694824219,120.80000305175781,74.16313171386719,1305900
2012-09-24,120.97000122070312,121.02999877929688,120.83999633789062,120.9800033569336,74.27361297607422,1191700
2012-09-25,121.01000213623047,121.22000122070312,120.83000183105469,121.22000122070312,74.42096710205078,3287800
2012-09-26,121.26000213623047,121.56999969482422,121.19999694824219,121.55999755859375,74.62967681884766,1162900
2012-09-27,121.5199966430664,121.73999786376953,121.43000030517578,121.5,74.5928955078125,1720200
2012-09-28,121.75,121.91000366210938,121.55999755859375,121.7699966430664,74.75861358642578,2519100
2012-10-01,121.66999816894531,121.76000213623047,121.4000015258789,121.70999908447266,74.95813751220703,3318000
2012-10-02,121.58999633789062,121.79000091552734,121.55999755859375,121.75,74.98281860351562,2188900
2012-10-03,121.6500015258789,121.83000183105469,121.52999877929688,121.83000183105469,75.03206634521484,6193600
2012-10-04,121.7300033569336,121.91999816894531,121.66999816894531,121.7300033569336,74.9704818725586,1710500
2012-10-05,121.56999969482422,121.69000244140625,121.5,121.54000091552734,74.85350036621094,1711500
2012-10-08,121.86000061035156,121.94999694824219,121.7300033569336,121.86000061035156,75.05059814453125,715300
2012-10-09,121.6500015258789,122.22000122070312,121.6500015258789,121.98999786376953,75.1305923461914,3132200
2012-10-10,121.88999938964844,122.36000061035156,121.76000213623047,122.20999908447266,75.26605224609375,2418400
2012-10-11,122.05999755859375,122.69000244140625,122.02999877929688,122.61000061035156,75.51245880126953,2165200
2012-10-12,122.76000213623047,122.95999908447266,122.66000366210938,122.75,75.59867095947266,1712000
2012-10-15,122.79000091552734,123.1500015258789,122.7300033569336,123.12999725341797,75.83267211914062,2144800
2012-10-16,123.05999755859375,123.19999694824219,122.93000030517578,123.05000305175781,75.78346252441406,2177900
2012-10-17,123.0199966430664,123.1500015258789,122.76000213623047,122.80999755859375,75.63565063476562,6454900
2012-10-18,122.95999908447266,123.0,122.5,122.58000183105469,75.4940414428711,1541400
2012-10-19,122.69999694824219,123.01000213623047,122.5999984741211,122.80000305175781,75.62947082519531,1716000
2012-10-22,122.54000091552734,122.70999908447266,122.45999908447266,122.51000213623047,75.45087432861328,2030300
2012-10-23,122.4000015258789,122.75,122.37000274658203,122.72000122070312,75.5802001953125,1188600
2012-10-24,122.61000061035156,122.76000213623047,122.37000274658203,122.38999938964844,75.37696838378906,2842400
2012-10-25,122.23999786376953,122.43000030517578,122.0,122.04000091552734,75.16139221191406,1511200
2012-10-26,122.37000274658203,122.66000366210938,122.22000122070312,122.63999938964844,75.53092193603516,1206500
2012-10-31,122.94000244140625,123.18000030517578,122.69000244140625,123.0199966430664,75.76500701904297,1286500
2012-11-01,122.58999633789062,122.7699966430664,122.38999938964844,122.4800033569336,75.43238067626953,1953700
2012-11-02,122.38999938964844,122.48999786376953,122.02999877929688,122.23999786376953,75.28459930419922,1940300
2012-11-05,122.26000213623047,122.51000213623047,122.26000213623047,122.30000305175781,75.32154083251953,2073200
2012-11-06,122.11000061035156,122.2300033569336,121.6500015258789,121.70999908447266,74.95813751220703,1459400
2012-11-07,122.41000366210938,122.44999694824219,121.95999908447266,121.95999908447266,75.11214447021484,1585400
2012-11-08,121.9000015258789,122.0,121.5999984741211,121.83999633789062,75.0382080078125,3176500
2012-11-09,121.69000244140625,121.83000183105469,121.37999725341797,121.54000091552734,74.85350036621094,2850300
2012-11-12,121.54000091552734,121.77999877929688,121.5,121.55999755859375,74.86578369140625,991500
2012-11-13,121.8499984741211,121.9800033569336,121.55000305175781,121.61000061035156,74.89656829833984,1849500
2012-11-14,121.37999725341797,121.93000030517578,121.37999725341797,121.86000061035156,75.05059814453125,2445600
2012-11-15,121.52999877929688,121.70999908447266,121.5199966430664,121.62000274658203,74.90275573730469,2218400
2012-11-16,121.62999725341797,121.8499984741211,121.5999984741211,121.66000366210938,74.92738342285156,2181100
2012-11-19,121.56999969482422,122.06999969482422,121.55000305175781,122.04000091552734,75.16139221191406,2385000
2012-11-20,121.9800033569336,122.04000091552734,121.62999725341797,121.66000366210938,74.92738342285156,3229500
2012-11-21,121.63999938964844,121.80000305175781,121.55000305175781,121.75,74.98281860351562,2263700
2012-11-23,121.80000305175781,121.94000244140625,121.75,121.80000305175781,75.01364135742188,929000
2012-11-26,122.0,122.18000030517578,121.91000366210938,122.0,75.13676452636719,2412300
2012-11-27,121.97000122070312,122.1500015258789,121.97000122070312,122.06999969482422,75.17984771728516,2243300
2012-11-28,122.16000366210938,122.30000305175781,122.0199966430664,122.05000305175781,75.16755676269531,1479700
2012-11-29,122.13999938964844,122.20999908447266,122.05000305175781,122.13999938964844,75.22303771972656,1052700
2012-11-30,122.27999877929688,122.37000274658203,122.0999984741211,122.12999725341797,75.21681213378906,2129200
2012-12-03,121.7300033569336,121.98999786376953,121.52999877929688,121.88999938964844,75.30028533935547,3859100
2012-12-04,122.04000091552734,122.0999984741211,121.88999938964844,122.0,75.36813354492188,2387600
2012-12-05,122.11000061035156,122.30999755859375,122.0199966430664,122.25,75.52263641357422,1943900
2012-12-06,122.33000183105469,122.4800033569336,122.19999694824219,122.2300033569336,75.51028442382812,2737400
2012-12-07,122.05000305175781,122.08999633789062,121.93000030517578,121.94000244140625,75.33110809326172,1947300
2012-12-10,122.0999984741211,122.1500015258789,121.97000122070312,122.05000305175781,75.3990707397461,2290200
2012-12-11,122.0,122.0199966430664,121.55999755859375,121.5999984741211,75.12108612060547,2365400
2012-12-12,121.58999633789062,121.80000305175781,121.1500015258789,121.2300033569336,74.89256286621094,2390900
2012-12-13,121.02999877929688,121.22000122070312,120.87000274658203,121.04000091552734,74.7751235961914,3635100
2012-12-14,121.16000366210938,121.29000091552734,121.0999984741211,121.12999725341797,74.83073425292969,2844200
2012-12-17,121.13999938964844,121.19999694824219,120.73999786376953,120.73999786376953,74.58976745605469,1983300
2012-12-18,120.87000274658203,120.88999938964844,120.30000305175781,120.44000244140625,74.40445709228516,2278500
2012-12-19,120.6500015258789,120.94999694824219,120.6500015258789,120.91000366210938,74.69480895996094,3112200
2012-12-20,121.12000274658203,121.25,120.94000244140625,121.02999877929688,74.76895904541016,2545200
2012-12-21,121.19000244140625,121.33000183105469,121.08999633789062,121.23999786376953,74.89867401123047,2649700
2012-12-24,121.08000183105469,121.27999877929688,121.05999755859375,121.16000366210938,74.84927368164062,1902500
2012-12-26,121.12000274658203,121.13999938964844,120.94999694824219,120.97000122070312,74.95580291748047,1642000
2012-12-27,121.0,121.41999816894531,120.97000122070312,121.36000061035156,75.1974868774414,1556900
2012-12-28,121.5,121.62999725341797,121.41000366210938,121.62999725341797,75.36478424072266,1894500
2012-12-31,121.41000366210938,121.5,120.9000015258789,120.98999786376953,74.96820068359375,1867700
2013-01-02,120.95999908447266,121.30999755859375,120.80999755859375,121.2699966430664,75.14176177978516,4058400
2013-01-03,121.13999938964844,121.18000030517578,120.55999755859375,120.61000061035156,74.7327651977539,3207900
2013-01-04,120.56999969482422,120.6500015258789,120.26000213623047,120.55000305175781,74.69561004638672,4663300
2013-01-07,120.69000244140625,120.80000305175781,120.51000213623047,120.75,74.81950378417969,3832600
2013-01-08,120.80000305175781,120.94000244140625,120.76000213623047,120.86000061035156,74.8876953125,2534900
2013-01-09,120.9800033569336,121.0,120.79000091552734,120.81999969482422,74.8628921508789,1867600
2013-01-10,120.63999938964844,120.97000122070312,120.62999725341797,120.87999725341797,74.90007019042969,1439900
2013-01-11,120.75,121.11000061035156,120.66000366210938,121.0999984741211,75.0363540649414,758200
2013-01-14,121.19000244140625,121.19000244140625,120.83000183105469,120.86000061035156,74.8876953125,1569400
2013-01-15,120.98999786376953,121.13999938964844,120.66999816894531,120.76000213623047,74.82572937011719,3042900
2013-01-16,120.83999633789062,120.94000244140625,120.70999908447266,120.76000213623047,74.82572937011719,4199900
2013-01-17,120.56999969482422,120.61000061035156,120.30000305175781,120.55000305175781,74.69561004638672,2225700
2013-01-18,120.55999755859375,120.79000091552734,120.4800033569336,120.66999816894531,74.7699203491211,2704400
2013-01-22,120.5199966430664,120.77999877929688,120.37999725341797,120.66999816894531,74.7699203491211,1730300
2013-01-23,120.8499984741211,120.94000244140625,120.76000213623047,120.81999969482422,74.8628921508789,2446600
2013-01-24,120.76000213623047,120.80000305175781,120.58000183105469,120.6500015258789,74.7575454711914,1873600
2013-01-25,120.44000244140625,120.44000244140625,120.02999877929688,120.0999984741211,74.41678619384766,2434600
2013-01-28,119.69999694824219,120.02999877929688,119.0,120.0,74.35485076904297,2434200
2013-01-29,119.7699966430664,120.05000305175781,119.62000274658203,119.7300033569336,74.18748474121094,1424100
2013-01-30,119.38999938964844,119.5999984741211,119.22000122070312,119.33000183105469,73.93964385986328,3009300
2013-01-31,119.43000030517578,119.4800033569336,119.23999786376953,119.41999816894531,73.99545288085938,2804100
2013-02-01,119.44000244140625,119.6500015258789,118.7300033569336,118.73999786376953,73.8033676147461,4589000
2013-02-04,118.9800033569336,119.30000305175781,118.97000122070312,119.13999938964844,74.05199432373047,2581400
2013-02-05,118.91999816894531,119.08000183105469,118.87000274658203,118.9000015258789,73.90278625488281,2814700
2013-02-06,119.08000183105469,119.27999877929688,118.95999908447266,119.20999908447266,74.09550476074219,1970200
2013-02-07,119.12000274658203,119.5,119.11000061035156,119.25,74.1203842163086,1680000
2013-02-08,119.4000015258789,119.51000213623047,119.16999816894531,119.51000213623047,74.28196716308594,1496700
2013-02-11,119.4800033569336,119.5199966430664,119.41000366210938,119.44999694824219,74.24468231201172,749100
2013-02-12,119.16999816894531,119.44999694824219,119.16000366210938,119.33000183105469,74.17005920410156,1520200
2013-02-13,118.93000030517578,119.16999816894531,118.93000030517578,119.05000305175781,73.99600982666016,2317800
2013-02-14,119.08000183105469,119.45999908447266,119.06999969482422,119.37999725341797,74.20113372802734,3180500
2013-02-15,119.37999725341797,119.41999816894531,119.19999694824219,119.33000183105469,74.17005920410156,1363600
2013-02-19,119.37000274658203,119.5999984741211,119.20999908447266,119.30000305175781,74.15142822265625,1842300
2013-02-20,119.16000366210938,119.5199966430664,119.16000366210938,119.5,74.27570343017578,1369800
2013-02-21,119.68000030517578,119.81999969482422,119.61000061035156,119.69000244140625,74.39386749267578,3578100
2013-02-22,119.76000213623047,119.8499984741211,119.66999816894531,119.7699966430664,74.44356536865234,1914300
2013-02-25,119.41999816894531,120.52999877929688,119.41000366210938,120.4800033569336,74.88491821289062,2643500
2013-02-26,120.31999969482422,120.58999633789062,120.26000213623047,120.33000183105469,74.7916259765625,1574100
2013-02-27,120.5199966430664,120.58000183105469,120.16999816894531,120.29000091552734,74.76683807373047,941400
2013-02-28,120.38999938964844,120.38999938964844,120.11000061035156,120.33000183105469,74.7916259765625,2231100
2013-03-01,120.12000274658203,120.29000091552734,119.98999786376953,120.2300033569336,74.9625244140625,1363700
2013-03-04,120.19000244140625,120.2300033569336,120.04000091552734,120.13999938964844,74.9063720703125,1733400
2013-03-05,120.13999938964844,120.1500015258789,119.8499984741211,119.94000244140625,74.7816162109375,1395400
2013-03-06,119.63999938964844,119.80999755859375,119.54000091552734,119.58999633789062,74.5634765625,1014700
2013-03-07,119.29000091552734,119.4000015258789,119.19999694824219,119.19999694824219,74.3202896118164,1964000
2013-03-08,118.87000274658203,119.02999877929688,118.6500015258789,118.77999877929688,74.05839538574219,2526900
2013-03-11,118.77999877929688,118.95999908447266,118.77999877929688,118.86000061035156,74.10829162597656,2632500
2013-03-12,118.98999786376953,119.16999816894531,118.94999694824219,119.0999984741211,74.25791931152344,3172900
2013-03-13,118.88999938964844,119.11000061035156,118.88999938964844,118.98999786376953,74.18937683105469,1958600
2013-03-14,118.83000183105469,119.12999725341797,118.81999969482422,119.04000091552734,74.22052001953125,1669600
2013-03-15,118.9800033569336,119.29000091552734,118.9800033569336,119.19999694824219,74.3202896118164,1188500
2013-03-18,119.41000366210938,119.5199966430664,119.33000183105469,119.48999786376953,74.50111389160156,1665700
2013-03-19,119.58999633789062,119.81999969482422,119.56999969482422,119.69000244140625,74.62577056884766,1354600
2013-03-20,119.43000030517578,119.58000183105469,119.33000183105469,119.33999633789062,74.40760040283203,1905100
2013-03-21,119.58000183105469,119.5999984741211,119.31999969482422,119.45999908447266,74.48238372802734,1854000
2013-03-22,119.4000015258789,119.62000274658203,119.33999633789062,119.47000122070312,74.48860931396484,997900
2013-03-25,119.37000274658203,119.58000183105469,119.25,119.47000122070312,74.48860931396484,1089700
2013-03-26,119.27999877929688,119.56999969482422,119.26000213623047,119.55000305175781,74.5384750366211,918000
2013-03-27,119.6500015258789,120.05000305175781,119.6500015258789,119.97000122070312,74.8003921508789,1847200
2013-03-28,119.73999786376953,119.94000244140625,119.7300033569336,119.9000015258789,74.75674438476562,1874300
2013-04-01,119.41999816894531,119.7699966430664,119.29000091552734,119.36000061035156,74.64913940429688,5877400
2013-04-02,119.43000030517578,119.47000122070312,119.27999877929688,119.3499984741211,74.6428451538086,1319200
2013-04-03,119.5199966430664,119.83000183105469,119.48999786376953,119.83000183105469,74.94310760498047,1421000
2013-04-04,119.95999908447266,120.48999786376953,119.95999908447266,120.47000122070312,75.34335327148438,2660900
2013-04-05,120.83999633789062,121.05000305175781,120.73999786376953,120.83999633789062,75.57473754882812,3268500
2013-04-08,121.0,121.04000091552734,120.88999938964844,120.94999694824219,75.64353942871094,2276800
2013-04-09,121.0199966430664,121.18000030517578,120.9800033569336,121.06999969482422,75.7186279296875,3157000
2013-04-10,120.80000305175781,120.94999694824219,120.66000366210938,120.75,75.51849365234375,2181600
2013-04-11,120.87999725341797,120.9800033569336,120.76000213623047,120.83000183105469,75.56854248046875,1496900
2013-04-12,121.19999694824219,121.5,121.05000305175781,121.43000030517578,75.9437026977539,1358900
2013-04-15,121.4000015258789,121.52999877929688,121.31999969482422,121.47000122070312,75.96876525878906,1024800
2013-04-16,121.25,121.37000274658203,121.2300033569336,121.25,75.8311767578125,1629800
2013-04-17,121.31999969482422,121.62999725341797,121.31999969482422,121.41999816894531,75.9375,1373200
2013-04-18,121.44999694824219,121.66000366210938,121.44999694824219,121.52999877929688,76.00628662109375,1656700
2013-04-19,121.62000274658203,121.7699966430664,121.47000122070312,121.70999908447266,76.11881256103516,877900
2013-04-22,121.75,121.80999755859375,121.66999816894531,121.75,76.14385986328125,1271500
2013-04-23,121.91000366210938,122.08999633789062,121.80999755859375,121.91000366210938,76.24390411376953,1659700
2013-04-24,121.86000061035156,122.04000091552734,121.80999755859375,121.95999908447266,76.27523803710938,1366900
2013-04-25,121.91000366210938,122.0199966430664,121.83000183105469,121.88999938964844,76.23146057128906,1067100
2013-04-26,122.1500015258789,122.3499984741211,122.1500015258789,122.33000183105469,76.50659942626953,1294500
2013-04-29,122.54000091552734,122.55000305175781,122.30000305175781,122.33999633789062,76.51287078857422,875700
2013-04-30,122.31999969482422,122.56999969482422,122.0999984741211,122.12999725341797,76.38154602050781,2347500
2013-05-01,121.94999694824219,122.38999938964844,121.94999694824219,122.30999755859375,76.72154998779297,4063500
2013-05-02,122.08999633789062,122.4000015258789,122.08999633789062,122.30999755859375,76.72154998779297,1799000
2013-05-03,121.88999938964844,121.88999938964844,121.1500015258789,121.16000366210938,76.00012969970703,2882200
2013-05-06,121.30000305175781,121.4000015258789,121.08000183105469,121.13999938964844,75.98760223388672,1839300
2013-05-07,121.05000305175781,121.26000213623047,120.98999786376953,121.05000305175781,75.93119049072266,3886100
2013-05-08,121.0199966430664,121.2699966430664,120.95999908447266,121.16000366210938,76.00012969970703,2379000
2013-05-09,121.1500015258789,121.41000366210938,120.9000015258789,120.9000015258789,75.83708953857422,825800
2013-05-10,120.86000061035156,120.86000061035156,120.05000305175781,120.2699966430664,75.44188690185547,2808200
2013-05-13,120.02999877929688,120.16000366210938,119.9000015258789,119.95999908447266,75.24742889404297,2498400
2013-05-14,120.2300033569336,120.30999755859375,119.61000061035156,119.63999938964844,75.0467300415039,2325000
2013-05-15,120.12999725341797,120.1500015258789,119.66999816894531,120.05999755859375,75.31016540527344,2081600
2013-05-16,120.27999877929688,120.75,120.27999877929688,120.61000061035156,75.6551513671875,2916500
2013-05-17,120.5,120.55000305175781,120.04000091552734,120.08999633789062,75.3289566040039,909500
2013-05-20,120.2300033569336,120.30999755859375,119.87000274658203,119.94999694824219,75.24115753173828,2097100
2013-05-21,119.91000366210938,120.41000366210938,119.7300033569336,120.4000015258789,75.5234146118164,2007700
2013-05-22,120.41999816894531,120.5999984741211,119.44000244140625,119.44999694824219,74.92755889892578,2886300
2013-05-23,119.7300033569336,119.80999755859375,119.2300033569336,119.56999969482422,75.00279235839844,2568500
2013-05-24,119.63999938964844,119.80999755859375,119.45999908447266,119.48999786376953,74.95260620117188,1090900
2013-05-28,119.33000183105469,119.48999786376953,118.33000183105469,118.33999633789062,74.23126983642578,1683700
2013-05-29,118.41000366210938,118.58000183105469,118.1500015258789,118.29000091552734,74.19990539550781,3574100
2013-05-30,118.31999969482422,118.5999984741211,118.25,118.44000244140625,74.2939453125,1759000
2013-05-31,118.31999969482422,118.44999694824219,117.4800033569336,117.8499984741211,73.92390441894531,4297500
2013-06-03,117.25,117.75,116.93000030517578,117.18000030517578,73.72946166992188,10863900
2013-06-04,116.94999694824219,117.25,116.70999908447266,116.72000122070312,73.4400405883789,3726500
2013-06-05,116.80999755859375,117.0,116.4800033569336,116.55000305175781,73.33307647705078,4575200
2013-06-06,116.56999969482422,117.45999908447266,116.41999816894531,117.05000305175781,73.64762878417969,2500000
2013-06-07,116.88999938964844,117.19999694824219,116.38999938964844,116.58999633789062,73.35826110839844,3159800
2013-06-10,116.22000122070312,116.4800033569336,116.06999969482422,116.2300033569336,73.13172149658203,2911100
2013-06-11,115.5,116.05000305175781,115.2300033569336,116.01000213623047,72.99329376220703,3983700
2013-06-12,115.80000305175781,116.0999984741211,115.5,115.61000061035156,72.74162292480469,3469000
2013-06-13,115.83999633789062,116.91000366210938,115.79000091552734,116.8499984741211,73.52185821533203,2474400
2013-06-14,116.93000030517578,117.1500015258789,116.73999786376953,116.7699966430664,73.47150421142578,1283900
2013-06-17,116.91000366210938,117.11000061035156,116.55000305175781,116.5999984741211,73.36453247070312,1868600
2013-06-18,116.27999877929688,116.55999755859375,116.16000366210938,116.37000274658203,73.2198257446289,1748400
2013-06-19,116.5,116.55999755859375,114.66999816894531,114.72000122070312,72.18163299560547,2823000
2013-06-20,113.87000274658203,113.88999938964844,112.79000091552734,113.13999938964844,71.18753051757812,6649600
2013-06-21,113.26000213623047,113.4800033569336,112.19999694824219,112.20999908447266,70.60236358642578,4107600
2013-06-24,111.43000030517578,112.0999984741211,110.91000366210938,111.4800033569336,70.14302825927734,6063600
2013-06-25,112.19000244140625,112.47000122070312,111.66000366210938,111.8499984741211,70.37584686279297,3653200
2013-06-26,112.75,113.0,112.51000213623047,112.69999694824219,70.91065216064453,2010000
2013-06-27,113.23999786376953,113.79000091552734,113.23999786376953,113.72000122070312,71.5524673461914,1544800
2013-06-28,113.12999725341797,113.69999694824219,112.87999725341797,113.6500015258789,71.50841522216797,2960300
2013-07-01,113.08000183105469,113.94000244140625,113.08000183105469,113.58000183105469,71.69332885742188,2849900
2013-07-02,113.80999755859375,114.16999816894531,113.66000366210938,113.94000244140625,71.92058563232422,2214800
2013-07-03,113.9000015258789,114.08000183105469,113.56999969482422,113.61000061035156,71.71229553222656,2132000
2013-07-05,112.18000030517578,112.43000030517578,111.69999694824219,112.16999816894531,70.80332946777344,2500100
2013-07-08,112.54000091552734,113.08999633789062,112.54000091552734,113.08999633789062,71.38407135009766,3096700
2013-07-09,113.05000305175781,113.51000213623047,113.05000305175781,113.19000244140625,71.44715118408203,4037000
2013-07-10,113.26000213623047,113.44999694824219,112.80000305175781,112.86000061035156,71.23887634277344,2908800
2013-07-11,113.86000061035156,114.19999694824219,113.5999984741211,114.19000244140625,72.078369140625,2179100
2013-07-12,114.31999969482422,114.5,113.73999786376953,113.87000274658203,71.87639617919922,2008800
2013-07-15,114.08999633789062,114.62000274658203,113.94999694824219,114.5999984741211,72.337158203125,3308200
2013-07-16,114.52999877929688,114.5999984741211,114.29000091552734,114.43000030517578,72.22985076904297,1625900
2013-07-17,114.87999725341797,115.1500015258789,114.73999786376953,114.86000061035156,72.50129699707031,1248400
2013-07-18,114.94999694824219,114.94999694824219,114.41999816894531,114.55999755859375,72.31193542480469,1119900
2013-07-19,114.7699966430664,115.20999908447266,114.7300033569336,115.19000244140625,72.70962524414062,2734900
2013-07-22,115.31999969482422,115.47000122070312,115.29000091552734,115.44999694824219,72.87372589111328,2235900
2013-07-23,115.12999725341797,115.37999725341797,115.01000213623047,115.2699966430664,72.7601547241211,827300
2013-07-24,114.72000122070312,114.87999725341797,114.29000091552734,114.70999908447266,72.40660095214844,1960700
2013-07-25,114.18000030517578,114.56999969482422,114.12999725341797,114.56999969482422,72.31825256347656,2109200
2013-07-26,114.66999816894531,114.79000091552734,114.48999786376953,114.69000244140625,72.39399719238281,1022700
2013-07-29,114.54000091552734,114.68000030517578,114.44000244140625,114.5,72.27405548095703,2211900
2013-07-30,114.72000122070312,114.77999877929688,114.36000061035156,114.52999877929688,72.29298400878906,1331900
2013-07-31,113.87999725341797,114.6500015258789,113.69999694824219,114.54000091552734,72.29930877685547,2282100
2013-08-01,113.94999694824219,113.94999694824219,113.12000274658203,113.27999877929688,71.7231674194336,1845700
2013-08-02,113.6500015258789,113.97000122070312,113.62000274658203,113.83999633789062,72.07774353027344,1772000
2013-08-05,113.68000030517578,113.83000183105469,113.37999725341797,113.41000366210938,71.80549621582031,3111500
2013-08-06,113.36000061035156,113.5999984741211,113.27999877929688,113.4800033569336,71.84980773925781,1047200
2013-08-07,113.61000061035156,113.86000061035156,113.58999633789062,113.7300033569336,72.0080795288086,946000
2013-08-08,113.91000366210938,114.16999816894531,113.88999938964844,113.97000122070312,72.16001892089844,960900
2013-08-09,114.0199966430664,114.08000183105469,113.75,113.97000122070312,72.16001892089844,539600
2013-08-12,114.08000183105469,114.18000030517578,113.8499984741211,113.91000366210938,72.12201690673828,1042800
2013-08-13,113.27999877929688,113.41000366210938,113.0,113.0999984741211,71.60913848876953,1221600
2013-08-14,113.0199966430664,113.1500015258789,112.87000274658203,112.91000366210938,71.48887634277344,1723700
2013-08-15,112.08999633789062,112.41999816894531,111.98999786376953,112.11000061035156,70.98235321044922,1793800
2013-08-16,112.06999969482422,112.20999908447266,111.36000061035156,111.55000305175781,70.62781524658203,2469000
2013-08-19,111.31999969482422,111.44000244140625,110.93000030517578,110.94000244140625,70.24159240722656,4884400
2013-08-20,111.29000091552734,111.73999786376953,111.29000091552734,111.62000274658203,70.67208099365234,2100500
2013-08-21,111.41000366210938,111.66000366210938,110.88999938964844,110.94999694824219,70.24788665771484,2310800
2013-08-22,111.05000305175781,111.5,111.05000305175781,111.45999908447266,70.57084655761719,2507700
2013-08-23,111.43000030517578,112.22000122070312,111.37999725341797,112.20999908447266,71.0456771850586,2327600
2013-08-26,112.31999969482422,112.47000122070312,112.26000213623047,112.44000244140625,71.19126892089844,1385700
2013-08-27,112.51000213623047,112.97000122070312,112.44999694824219,112.91999816894531,71.49520874023438,2398500
2013-08-28,112.73999786376953,112.94000244140625,112.55000305175781,112.94000244140625,71.50786590576172,2488300
2013-08-29,112.6500015258789,113.06999969482422,112.5199966430664,113.05000305175781,71.57752227783203,2273100
2013-08-30,113.0,113.29000091552734,112.80999755859375,113.05000305175781,71.57752227783203,1668800
2013-09-03,112.0,112.2699966430664,111.51000213623047,112.23999786376953,71.29551696777344,5473600
2013-09-04,112.2699966430664,112.37000274658203,111.79000091552734,111.83000183105469,71.0350341796875,2335000
2013-09-05,111.38999938964844,111.41999816894531,110.7300033569336,110.91000366210938,70.45065307617188,2703800
2013-09-06,111.41000366210938,111.6500015258789,110.98999786376953,111.06999969482422,70.55228424072266,1960600
2013-09-09,111.45999908447266,111.5999984741211,111.2699966430664,111.36000061035156,70.73652648925781,1615600
2013-09-10,111.04000091552734,111.31999969482422,110.81999969482422,110.87000274658203,70.42527770996094,2115900
2013-09-11,111.11000061035156,111.38999938964844,110.81999969482422,111.38999938964844,70.7555923461914,2301300
2013-09-12,111.5999984741211,111.76000213623047,111.2300033569336,111.30999755859375,70.7047119140625,1860200
2013-09-13,111.33999633789062,111.54000091552734,111.31999969482422,111.37999725341797,70.7491683959961,1255400
2013-09-16,112.41999816894531,112.44000244140625,111.44000244140625,111.51000213623047,70.83180236816406,2311100
2013-09-17,111.68000030517578,111.83999633789062,111.55999755859375,111.80999755859375,71.0223388671875,1020100
2013-09-18,111.69999694824219,113.70999908447266,111.41999816894531,113.44999694824219,72.06411743164062,5100000
2013-09-19,113.4000015258789,113.55999755859375,112.66000366210938,112.7300033569336,71.60671997070312,5030300
2013-09-20,112.93000030517578,113.08999633789062,112.75,112.83000183105469,71.6702651977539,1089700
2013-09-23,112.88999938964844,113.5199966430664,112.88999938964844,113.5,72.09581756591797,3719000
2013-09-24,113.62000274658203,113.93000030517578,113.4000015258789,113.79000091552734,72.28009796142578,2576200
2013-09-25,113.72000122070312,114.18000030517578,113.62999725341797,114.13999938964844,72.50235748291016,1931100
2013-09-26,113.7300033569336,113.94999694824219,113.7300033569336,113.86000061035156,72.32456970214844,921300
2013-09-27,113.75,113.8499984741211,113.66000366210938,113.7699966430664,72.26737213134766,1194100
2013-09-30,113.5999984741211,113.77999877929688,113.41999816894531,113.5199966430664,72.10853576660156,1800800
2013-10-01,113.06999969482422,113.18000030517578,112.93000030517578,113.04000091552734,72.0359115600586,3172400
2013-10-02,113.19999694824219,113.55999755859375,113.19000244140625,113.37999725341797,72.25259399414062,910300
2013-10-03,113.29000091552734,113.62999725341797,113.29000091552734,113.44000244140625,72.29076385498047,1411600
2013-10-04,113.29000091552734,113.43000030517578,113.19000244140625,113.33000183105469,72.22074890136719,569300
2013-10-07,113.45999908447266,113.69000244140625,113.43000030517578,113.52999877929688,72.34813690185547,1374600
2013-10-08,113.4800033569336,113.62000274658203,113.27999877929688,113.51000213623047,72.33541870117188,1667900
2013-10-09,113.43000030517578,113.52999877929688,113.20999908447266,113.2699966430664,72.18247985839844,1017300
2013-10-10,113.08999633789062,113.48999786376953,113.0199966430664,113.43000030517578,72.28446197509766,1978400
2013-10-11,113.68000030517578,113.80999755859375,113.52999877929688,113.58000183105469,72.3800048828125,3275900
2013-10-14,113.51000213623047,113.63999938964844,113.11000061035156,113.2300033569336,72.156982421875,525100
2013-10-15,113.56999969482422,113.58000183105469,113.19999694824219,113.25,72.16973876953125,1430400
2013-10-16,113.26000213623047,114.1500015258789,113.20999908447266,114.08999633789062,72.70506286621094,1395200
2013-10-17,114.41000366210938,115.0,114.33999633789062,114.93000030517578,73.24032592773438,2697900
2013-10-18,115.0999984741211,115.2699966430664,114.98999786376953,115.08000183105469,73.33589172363281,1071200
2013-10-21,115.01000213623047,115.18000030517578,114.73999786376953,114.77999877929688,73.14473724365234,1031400
2013-10-22,115.30999755859375,115.48999786376953,115.26000213623047,115.4800033569336,73.59085083007812,1372100
2013-10-23,115.47000122070312,115.66999816894531,115.41000366210938,115.44999694824219,73.57167053222656,1514800
2013-10-24,115.55999755859375,115.63999938964844,115.2699966430664,115.33000183105469,73.4952392578125,1500200
2013-10-25,115.30999755859375,115.52999877929688,115.30000305175781,115.31999969482422,73.48886108398438,708700
2013-10-28,115.26000213623047,115.5199966430664,115.25,115.43000030517578,73.55892944335938,2958700
2013-10-29,115.3499984741211,115.5999984741211,115.26000213623047,115.58999633789062,73.66093444824219,1584300
2013-10-30,115.58999633789062,115.75,115.08000183105469,115.36000061035156,73.51431274414062,1436200
2013-10-31,115.44999694824219,115.5,115.08999633789062,115.19999694824219,73.41239929199219,1072800
2013-11-01,114.80999755859375,114.93000030517578,114.29000091552734,114.51000213623047,73.21422576904297,1965300
2013-11-04,114.66000366210938,114.79000091552734,114.5199966430664,114.54000091552734,73.23334503173828,772400
2013-11-05,114.33000183105469,114.33000183105469,113.91999816894531,114.05000305175781,72.9200668334961,1264700
2013-11-06,114.2300033569336,114.23999786376953,114.08000183105469,114.18000030517578,73.00320434570312,1060000
2013-11-07,114.37000274658203,114.48999786376953,114.20999908447266,114.41000366210938,73.15025329589844,1337000
2013-11-08,113.4800033569336,113.51000213623047,113.27999877929688,113.29000091552734,72.43413543701172,1634000
2013-11-11,113.22000122070312,113.27999877929688,113.01000213623047,113.0999984741211,72.31263732910156,1241500
2013-11-12,113.04000091552734,113.22000122070312,113.0,113.18000030517578,72.36381530761719,2301900
2013-11-13,113.33000183105469,113.56999969482422,113.30000305175781,113.44000244140625,72.53002166748047,4339700
2013-11-14,113.73999786376953,114.13999938964844,113.66000366210938,114.05999755859375,72.92648315429688,1355100
2013-11-15,114.08000183105469,114.1500015258789,113.93000030517578,114.05999755859375,72.92648315429688,1451200
2013-11-18,114.12000274658203,114.56999969482422,114.12000274658203,114.56999969482422,73.25257873535156,3003900
2013-11-19,114.36000061035156,114.45999908447266,114.16999816894531,114.16999816894531,72.99679565429688,914200
2013-11-20,114.13999938964844,114.44000244140625,113.5199966430664,113.68000030517578,72.6834945678711,1881300
2013-11-21,113.58999633789062,113.93000030517578,113.33000183105469,113.9000015258789,72.82416534423828,3320600
2013-11-22,114.02999877929688,114.30000305175781,114.0,114.30000305175781,73.07991027832031,1190900
2013-11-25,114.2699966430664,114.54000091552734,114.2699966430664,114.5,73.2077865600586,1189200
2013-11-26,114.5199966430664,114.77999877929688,114.5199966430664,114.7300033569336,73.35482788085938,1044500
2013-11-27,114.5999984741211,114.80999755859375,114.27999877929688,114.75,73.36764526367188,2387900
2013-11-29,114.37000274658203,114.75,114.33999633789062,114.66000366210938,73.31010437011719,741200
2013-12-02,114.0999984741211,114.19999694824219,113.73999786376953,113.75,72.96247100830078,5714000
2013-12-03,113.88999938964844,114.13999938964844,113.88999938964844,114.04000091552734,73.14839935302734,1164500
2013-12-04,113.41999816894531,113.72000122070312,113.41999816894531,113.66999816894531,72.9111328125,1705000
2013-12-05,113.38999938964844,113.58999633789062,113.23999786376953,113.41999816894531,72.75080108642578,1234400
2013-12-06,113.43000030517578,113.69000244140625,113.33999633789062,113.66000366210938,72.9046859741211,737400
2013-12-09,113.66000366210938,113.8499984741211,113.66000366210938,113.83000183105469,73.01373291015625,590100
2013-12-10,114.16999816894531,114.30999755859375,113.98999786376953,114.29000091552734,73.30879974365234,1171600
2013-12-11,114.19999694824219,114.29000091552734,113.94000244140625,113.97000122070312,73.10358428955078,1087800
2013-12-12,113.86000061035156,113.91999816894531,113.70999908447266,113.77999877929688,72.98171997070312,877300
2013-12-13,113.98999786376953,114.12999725341797,113.81999969482422,114.08999633789062,73.18054962158203,904000
2013-12-16,114.27999877929688,114.3499984741211,114.05999755859375,114.18000030517578,73.23828125,1593500
2013-12-17,114.08999633789062,114.5199966430664,114.08999633789062,114.5199966430664,73.456298828125,1500800
2013-12-18,114.33000183105469,114.9000015258789,114.04000091552734,114.5199966430664,73.456298828125,1946900
2013-12-19,114.19000244140625,114.5,114.16999816894531,114.3499984741211,73.34728240966797,2493300
2013-12-20,114.66000366210938,114.87999725341797,114.51000213623047,114.87999725341797,73.6872787475586,1269700
2013-12-23,114.81999969482422,115.04000091552734,114.69000244140625,114.69999694824219,73.5718002319336,1204900
2013-12-24,114.5199966430664,115.0,114.51000213623047,114.66999816894531,73.55255889892578,1003500
2013-12-26,114.16999816894531,114.38999938964844,114.16999816894531,114.23999786376953,73.49976348876953,2268000
2013-12-27,114.08000183105469,114.23999786376953,114.04000091552734,114.13999938964844,73.4354476928711,2463600
2013-12-30,114.19999694824219,114.48999786376953,114.19999694824219,114.4800033569336,73.65418243408203,2790000
2013-12-31,114.30000305175781,114.48999786376953,114.0199966430664,114.19000244140625,73.46760559082031,1658600
2014-01-02,114.29000091552734,114.45999908447266,114.11000061035156,114.41000366210938,73.60913848876953,1887700
2014-01-03,114.22000122070312,114.73999786376953,114.22000122070312,114.58000183105469,73.71853637695312,1695800
2014-01-06,114.73999786376953,114.88999938964844,114.6500015258789,114.83000183105469,73.87939453125,1171700
2014-01-07,114.91999816894531,114.94000244140625,114.66000366210938,114.73999786376953,73.82148742675781,1086500
2014-01-08,114.5,114.52999877929688,114.1500015258789,114.25,73.50624084472656,1067000
2014-01-09,114.4000015258789,114.51000213623047,114.18000030517578,114.51000213623047,73.67347717285156,1216000
2014-01-10,114.91000366210938,115.25,114.88999938964844,115.12999725341797,74.07241821289062,1736900
2014-01-13,115.2300033569336,115.44999694824219,115.16999816894531,115.3499984741211,74.21395874023438,2109900
2014-01-14,115.19999694824219,115.30000305175781,115.0,115.01000213623047,73.99520111083984,1529100
2014-01-15,114.80000305175781,115.08999633789062,114.73999786376953,115.04000091552734,74.01448059082031,1495000
2014-01-16,115.22000122070312,115.31999969482422,115.16999816894531,115.30999755859375,74.18819427490234,1372300
2014-01-17,115.19000244140625,115.44000244140625,115.11000061035156,115.44000244140625,74.27188110351562,1766000
2014-01-21,115.2699966430664,115.4000015258789,115.2699966430664,115.27999877929688,74.16893005371094,1114100
2014-01-22,115.16000366210938,115.29000091552734,114.98999786376953,115.0,73.9887466430664,1687800
2014-01-23,115.22000122070312,115.5999984741211,115.19999694824219,115.44000244140625,74.27188110351562,1597600
2014-01-24,115.48999786376953,115.62999725341797,115.2699966430664,115.36000061035156,74.22042083740234,1681100
2014-01-27,115.2699966430664,115.58999633789062,115.13999938964844,115.13999938964844,74.07884216308594,1979600
2014-01-28,115.4000015258789,115.69999694824219,115.30000305175781,115.69999694824219,74.4390869140625,2420900
2014-01-29,115.72000122070312,115.98999786376953,115.58000183105469,115.93000030517578,74.58707427978516,2105500
2014-01-30,115.83000183105469,116.0199966430664,115.66999816894531,115.98999786376953,74.62572479248047,1821900
2014-01-31,116.05000305175781,116.33999633789062,116.01000213623047,116.33999633789062,74.85089111328125,1427400
2014-02-03,115.88999938964844,116.75,115.83000183105469,116.73999786376953,75.33355712890625,6064600
2014-02-04,116.33000183105469,116.33999633789062,116.0999984741211,116.18000030517578,74.9721908569336,2015000
2014-02-05,116.0,116.01000213623047,115.77999877929688,115.80999755859375,74.73344421386719,3226900
2014-02-06,115.75,115.83000183105469,115.62000274658203,115.69999694824219,74.6624526977539,853500
2014-02-07,115.83000183105469,116.16999816894531,115.77999877929688,116.05999755859375,74.89478302001953,1076900
2014-02-10,115.93000030517578,116.12000274658203,115.87999725341797,116.11000061035156,74.92701721191406,1048800
2014-02-11,115.87000274658203,115.93000030517578,115.70999908447266,115.87000274658203,74.7721939086914,2288900
2014-02-12,115.69999694824219,115.72000122070312,115.45999908447266,115.5199966430664,74.54631042480469,971500
2014-02-13,116.04000091552734,116.0999984741211,115.8499984741211,116.0,74.85604095458984,1125500
2014-02-14,116.12000274658203,116.22000122070312,115.9800033569336,116.22000122070312,74.998046875,1063900
2014-02-18,116.3499984741211,116.6500015258789,116.29000091552734,116.45999908447266,75.15290069580078,1034400
2014-02-19,116.69999694824219,116.69999694824219,116.26000213623047,116.33000183105469,75.0689697265625,1556900
2014-02-20,116.19000244140625,116.30999755859375,116.0,116.18000030517578,74.9721908569336,1148800
2014-02-21,116.05999755859375,116.33999633789062,116.04000091552734,116.30000305175781,75.04964447021484,711000
2014-02-24,116.41000366210938,116.45999908447266,116.2300033569336,116.36000061035156,75.08837127685547,703600
2014-02-25,116.62999725341797,116.80999755859375,116.44999694824219,116.80999755859375,75.37873077392578,787300
2014-02-26,116.80000305175781,117.19999694824219,116.79000091552734,117.19000244140625,75.6240005493164,898200
2014-02-27,117.29000091552734,117.44000244140625,117.26000213623047,117.38999938964844,75.75303649902344,964900
2014-02-28,117.2300033569336,117.36000061035156,117.02999877929688,117.31999969482422,75.70781707763672,1791900
2014-03-03,117.05999755859375,117.29000091552734,116.95999908447266,117.27999877929688,75.90591430664062,1292700
2014-03-04,116.9800033569336,117.04000091552734,116.6500015258789,116.6500015258789,75.49817657470703,1075900
2014-03-05,116.56999969482422,116.8499984741211,116.55000305175781,116.58999633789062,75.4593505859375,2869300
2014-03-06,116.13999938964844,116.37999725341797,116.12000274658203,116.23999786376953,75.2327651977539,1271000
2014-03-07,115.94999694824219,116.0,115.63999938964844,115.81999969482422,74.96096801757812,1473800
2014-03-10,115.69999694824219,115.79000091552734,115.62000274658203,115.63999938964844,74.844482421875,1851400
2014-03-11,115.69000244140625,115.80999755859375,115.61000061035156,115.68000030517578,74.87034606933594,943800
2014-03-12,116.0,116.13999938964844,115.93000030517578,116.08999633789062,75.13569641113281,1303800
2014-03-13,115.81999969482422,116.55999755859375,115.81999969482422,116.5,75.40105438232422,1696400
2014-03-14,116.69999694824219,116.7699966430664,116.37000274658203,116.37000274658203,75.31696319580078,797800
2014-03-17,116.36000061035156,116.43000030517578,116.16999816894531,116.22000122070312,75.2198486328125,635800
2014-03-18,116.25,116.58000183105469,116.19000244140625,116.58000183105469,75.45285034179688,963500
2014-03-19,116.52999877929688,116.54000091552734,115.69000244140625,115.73999786376953,74.90919494628906,1286700
2014-03-20,115.7300033569336,115.95999908447266,115.70999908447266,115.9000015258789,75.01276397705078,2003400
2014-03-21,116.06999969482422,116.38999938964844,116.01000213623047,116.30000305175781,75.2716293334961,636100
2014-03-24,116.29000091552734,116.66000366210938,116.25,116.5199966430664,75.41403198242188,1061300
2014-03-25,116.27999877929688,116.5999984741211,116.27999877929688,116.55999755859375,75.43989562988281,1352800
2014-03-26,116.62000274658203,117.02999877929688,116.5999984741211,117.01000213623047,75.73115539550781,955000
2014-03-27,116.87000274658203,117.26000213623047,116.80999755859375,117.04000091552734,75.75056457519531,665500
2014-03-28,117.0199966430664,117.11000061035156,116.83000183105469,116.94999694824219,75.69232940673828,816300
2014-03-31,116.69000244140625,116.97000122070312,116.56999969482422,116.94000244140625,75.68583679199219,1695700
2014-04-01,116.44000244140625,116.52999877929688,116.30000305175781,116.30999755859375,75.49762725830078,3416600
2014-04-02,116.08000183105469,116.26000213623047,116.08000183105469,116.1500015258789,75.39376068115234,1236800
2014-04-03,116.25,116.51000213623047,116.25,116.37000274658203,75.53653717041016,1012200
2014-04-04,116.73999786376953,117.02999877929688,116.72000122070312,116.83000183105469,75.83515930175781,989900
2014-04-07,116.98999786376953,117.19999694824219,116.95999908447266,117.11000061035156,76.01689910888672,1024500
2014-04-08,117.0999984741211,117.41999816894531,117.02999877929688,117.41999816894531,76.21808624267578,992600
2014-04-09,117.19000244140625,117.58999633789062,117.12999725341797,117.5199966430664,76.28304290771484,1675600
2014-04-10,117.4800033569336,118.04000091552734,117.38999938964844,117.68000030517578,76.38691711425781,1401500
2014-04-11,118.0,118.0,117.76000213623047,117.76000213623047,76.43877410888672,1258200
2014-04-14,117.8499984741211,117.93000030517578,117.69999694824219,117.83999633789062,76.49076080322266,908600
2014-04-15,117.83999633789062,118.2300033569336,117.7699966430664,118.08999633789062,76.65298461914062,1152500
2014-04-16,117.7699966430664,118.1500015258789,117.75,118.13999938964844,76.68546295166016,956300
2014-04-17,118.12000274658203,118.12000274658203,117.41999816894531,117.45999908447266,76.24406433105469,1510500
2014-04-21,117.70999908447266,117.79000091552734,117.51000213623047,117.62000274658203,76.34795379638672,652500
2014-04-22,117.44999694824219,117.73999786376953,117.4000015258789,117.68000030517578,76.38691711425781,1385000
2014-04-23,117.7699966430664,118.01000213623047,117.76000213623047,117.94000244140625,76.55563354492188,1778900
2014-04-24,117.73999786376953,118.01000213623047,117.69999694824219,117.95999908447266,76.56863403320312,1161000
2014-04-25,118.04000091552734,118.2699966430664,117.94000244140625,117.94000244140625,76.55563354492188,1051500
2014-04-28,117.94000244140625,118.08000183105469,117.69999694824219,117.80000305175781,76.46475982666016,1015500
2014-04-29,117.61000061035156,117.87000274658203,117.5999984741211,117.81999969482422,76.47776794433594,1359500
2014-04-30,117.95999908447266,118.27999877929688,117.79000091552734,118.1500015258789,76.69198608398438,2123200
2014-05-01,117.87999725341797,118.31999969482422,117.81999969482422,118.30000305175781,77.0135726928711,2193800
2014-05-02,118.04000091552734,118.68000030517578,117.94000244140625,118.55000305175781,77.17631530761719,862700
2014-05-05,118.5,118.63999938964844,118.23999786376953,118.25,76.98100280761719,1879800
2014-05-06,118.41000366210938,118.55000305175781,118.37000274658203,118.44999694824219,77.1112060546875,2251100
2014-05-07,118.4800033569336,118.58000183105469,118.29000091552734,118.47000122070312,77.12428283691406,1869200
2014-05-08,118.58000183105469,118.83000183105469,118.37000274658203,118.5,77.14373779296875,3351200
2014-05-09,118.33999633789062,118.4800033569336,118.2300033569336,118.37000274658203,77.05915832519531,1148100
2014-05-12,118.12000274658203,118.19999694824219,117.97000122070312,118.06999969482422,76.86382293701172,1634400
2014-05-13,118.3499984741211,118.5199966430664,118.30000305175781,118.51000213623047,77.1502914428711,961600
2014-05-14,118.86000061035156,119.22000122070312,118.83999633789062,119.0999984741211,77.53437805175781,1359000
2014-05-15,119.29000091552734,119.55999755859375,119.0999984741211,119.30999755859375,77.67105865478516,755100
2014-05-16,119.0999984741211,119.36000061035156,119.06999969482422,119.16999816894531,77.5799331665039,821100
2014-05-19,119.3499984741211,119.45999908447266,118.97000122070312,119.05999755859375,77.50833892822266,726700
2014-05-20,118.94999694824219,119.31999969482422,118.94999694824219,119.05999755859375,77.50833892822266,1200100
2014-05-21,118.77999877929688,118.88999938964844,118.66999816894531,118.83999633789062,77.3651123046875,1397200
2014-05-22,118.8499984741211,118.87000274658203,118.68000030517578,118.80000305175781,77.33908081054688,605800
2014-05-23,118.94000244140625,119.04000091552734,118.83000183105469,118.93000030517578,77.4236831665039,582500
2014-05-27,119.05999755859375,119.3499984741211,118.80999755859375,119.3499984741211,77.6971206665039,1062700
2014-05-28,119.51000213623047,119.91999816894531,119.51000213623047,119.91999816894531,78.06816864013672,1430800
2014-05-29,119.86000061035156,120.12999725341797,119.56999969482422,119.56999969482422,77.84039306640625,1325700
2014-05-30,119.47000122070312,119.69000244140625,119.33999633789062,119.58999633789062,77.85334014892578,1045400
2014-06-02,118.88999938964844,119.08000183105469,118.55000305175781,118.58999633789062,77.42118072509766,2652700
2014-06-03,118.45999908447266,118.48999786376953,118.05000305175781,118.05000305175781,77.06861114501953,1431100
2014-06-04,118.20999908447266,118.2300033569336,117.97000122070312,117.98999786376953,77.02947235107422,1263600
2014-06-05,118.04000091552734,118.3499984741211,117.91000366210938,118.23999786376953,77.19269561767578,801000
2014-06-06,118.44000244140625,118.76000213623047,118.37000274658203,118.48999786376953,77.35586547851562,1112700
2014-06-09,118.29000091552734,118.33000183105469,118.11000061035156,118.25,77.19917297363281,1215400
2014-06-10,118.06999969482422,118.16999816894531,118.0,118.02999877929688,77.05558013916016,758800
2014-06-11,118.11000061035156,118.27999877929688,118.02999877929688,118.12000274658203,77.11431884765625,507500
2014-06-12,118.18000030517578,118.5999984741211,118.05999755859375,118.5,77.36239624023438,964800
2014-06-13,118.12999725341797,118.58999633789062,118.08000183105469,118.4800033569336,77.34937286376953,474700
2014-06-16,118.4000015258789,118.62000274658203,118.37999725341797,118.47000122070312,77.34284973144531,732400
2014-06-17,118.37000274658203,118.37999725341797,118.05999755859375,118.06999969482422,77.08171081542969,605200
2014-06-18,118.33999633789062,118.75,118.16999816894531,118.75,77.5256576538086,791400
2014-06-19,118.88999938964844,118.9000015258789,118.20999908447266,118.33000183105469,77.2514419555664,610700
2014-06-20,118.23999786376953,118.61000061035156,118.18000030517578,118.55999755859375,77.40156555175781,1151900
2014-06-23,118.69999694824219,118.77999877929688,118.48999786376953,118.55000305175781,77.39505004882812,833300
2014-06-24,118.87999725341797,119.05999755859375,118.58999633789062,119.05000305175781,77.7214584350586,777600
2014-06-25,119.43000030517578,119.43000030517578,119.13999938964844,119.16999816894531,77.79981231689453,827100
2014-06-26,119.23999786376953,119.5199966430664,119.23999786376953,119.38999938964844,77.94343566894531,698700
2014-06-27,119.5199966430664,119.61000061035156,119.37000274658203,119.37000274658203,77.930419921875,729300
2014-06-30,119.44000244140625,119.45999908447266,119.16999816894531,119.26000213623047,77.85856628417969,857200
2014-07-01,118.70999908447266,118.8499984741211,118.45999908447266,118.47000122070312,77.55751037597656,5448400
2014-07-02,118.31999969482422,118.31999969482422,117.97000122070312,118.05000305175781,77.28248596191406,3278000
2014-07-03,117.76000213623047,118.0,117.66000366210938,117.93000030517578,77.20390319824219,648400
2014-07-07,118.0199966430664,118.22000122070312,117.94999694824219,118.13999938964844,77.34142303466797,1219200
2014-07-08,118.48999786376953,118.66000366210938,118.45999908447266,118.58000183105469,77.62947845458984,1296400
2014-07-09,118.5199966430664,118.87000274658203,118.37000274658203,118.7699966430664,77.7538070678711,836700
2014-07-10,118.94000244140625,118.97000122070312,118.6500015258789,118.68000030517578,77.6949462890625,524000
2014-07-11,118.83999633789062,119.11000061035156,118.83999633789062,119.05000305175781,77.93717193603516,1259300
2014-07-14,118.86000061035156,118.93000030517578,118.7300033569336,118.80000305175781,77.77345275878906,690900
2014-07-15,118.70999908447266,119.04000091552734,118.5,118.66999816894531,77.6883773803711,791400
2014-07-16,118.79000091552734,118.98999786376953,118.69000244140625,118.94999694824219,77.87167358398438,963800
2014-07-17,119.18000030517578,119.48999786376953,119.05999755859375,119.4000015258789,78.1662826538086,847900
2014-07-18,119.3499984741211,119.38999938964844,119.06999969482422,119.23999786376953,78.06149291992188,539300
2014-07-21,119.37000274658203,119.47000122070312,119.20999908447266,119.23999786376953,78.06149291992188,852600
2014-07-22,119.30999755859375,119.4000015258789,119.18000030517578,119.33000183105469,78.1204605102539,1017500
2014-07-23,119.45999908447266,119.55000305175781,119.41000366210938,119.47000122070312,78.21209716796875,1597800
2014-07-24,119.11000061035156,119.16999816894531,118.9800033569336,119.0,77.9044189453125,813400
2014-07-25,119.37000274658203,119.45999908447266,119.22000122070312,119.45999908447266,78.20558166503906,655400
2014-07-28,119.41000366210938,119.51000213623047,119.2300033569336,119.31999969482422,78.11393737792969,1290600
2014-07-29,119.52999877929688,119.55000305175781,119.27999877929688,119.43000030517578,78.1859130859375,787500
2014-07-30,119.08000183105469,119.18000030517578,118.69999694824219,118.87999725341797,77.82585906982422,1305800
2014-07-31,118.37000274658203,118.7300033569336,118.36000061035156,118.55000305175781,77.60981750488281,2121700
2014-08-01,118.12999725341797,118.87999725341797,118.08000183105469,118.81999969482422,78.00965118408203,2763600
2014-08-04,118.87000274658203,119.01000213623047,118.72000122070312,118.8499984741211,78.02933502197266,1779300
2014-08-05,118.66999816894531,118.98999786376953,118.5,118.97000122070312,78.10813903808594,2416200
2014-08-06,119.11000061035156,119.12000274658203,118.73999786376953,118.76000213623047,77.97024536132812,1799500
2014-08-07,118.94000244140625,119.12000274658203,118.79000091552734,119.06999969482422,78.17378234863281,1839200
2014-08-08,119.2699966430664,119.41000366210938,119.0,119.04000091552734,78.15408325195312,1048300
2014-08-11,119.13999938964844,119.27999877929688,119.0199966430664,119.08999633789062,78.18692016601562,770900
2014-08-12,119.19999694824219,119.20999908447266,118.9800033569336,119.02999877929688,78.1475601196289,1927400
2014-08-13,119.04000091552734,119.33000183105469,119.0,119.2699966430664,78.3050765991211,2260600
2014-08-14,119.45999908447266,119.5,119.19000244140625,119.4000015258789,78.39046478271484,1694200
2014-08-15,119.56999969482422,120.18000030517578,119.51000213623047,119.81999969482422,78.66615295410156,1729500
2014-08-18,119.68000030517578,119.73999786376953,119.45999908447266,119.55000305175781,78.48892974853516,1624200
2014-08-19,119.73999786376953,119.77999877929688,119.30000305175781,119.47000122070312,78.43637084960938,1559000
2014-08-20,119.43000030517578,119.47000122070312,119.11000061035156,119.19999694824219,78.25911712646484,746700
2014-08-21,119.38999938964844,119.63999938964844,119.37999725341797,119.61000061035156,78.5283203125,1817900
2014-08-22,119.61000061035156,119.87999725341797,119.33999633789062,119.76000213623047,78.62676239013672,1014500
2014-08-25,119.87999725341797,119.94999694824219,119.72000122070312,119.94999694824219,78.75151824951172,793300
2014-08-26,120.05000305175781,120.08999633789062,119.8499984741211,120.02999877929688,78.80403900146484,730100
2014-08-27,120.0999984741211,120.29000091552734,120.0199966430664,120.2300033569336,78.93537139892578,1412400
2014-08-28,120.5,120.5999984741211,120.31999969482422,120.48999786376953,79.10603332519531,1100200
2014-08-29,120.43000030517578,120.68000030517578,120.38999938964844,120.58000183105469,79.16511535644531,1257900
2014-09-02,119.73999786376953,119.87999725341797,119.58000183105469,119.66999816894531,78.78858184814453,3493400
2014-09-03,119.45999908447266,119.83000183105469,119.41000366210938,119.83000183105469,78.89389038085938,838300
2014-09-04,119.52999877929688,119.66000366210938,118.94999694824219,118.9800033569336,78.3342514038086,4901900
2014-09-05,119.26000213623047,119.4000015258789,118.88999938964844,119.0,78.3474349975586,1557300
2014-09-08,119.20999908447266,119.30000305175781,118.7699966430664,118.80000305175781,78.21575927734375,1133000
2014-09-09,118.69000244140625,118.70999908447266,118.47000122070312,118.4800033569336,78.00505065917969,1853400
2014-09-10,118.23999786376953,118.41000366210938,118.19999694824219,118.29000091552734,77.88005065917969,1894800
2014-09-11,118.38999938964844,118.55000305175781,118.19999694824219,118.19999694824219,77.82072448730469,1300200
2014-09-12,117.86000061035156,118.02999877929688,117.5999984741211,117.62999725341797,77.44544982910156,1296900
2014-09-15,117.88999938964844,117.94000244140625,117.61000061035156,117.66000366210938,77.4652328491211,3575600
2014-09-16,117.66999816894531,117.91999816894531,117.58000183105469,117.63999938964844,77.45203399658203,1567600
2014-09-17,117.80999755859375,117.91000366210938,117.26000213623047,117.31999969482422,77.24134826660156,1763300
2014-09-18,117.41000366210938,117.58000183105469,117.33000183105469,117.52999877929688,77.37963104248047,1521200
2014-09-19,117.66999816894531,118.0199966430664,117.5,117.98999786376953,77.68247985839844,739000
2014-09-22,118.05000305175781,118.16999816894531,117.91000366210938,118.0999984741211,77.75492095947266,1729400
2014-09-23,118.16999816894531,118.29000091552734,118.05999755859375,118.29000091552734,77.88005065917969,904400
2014-09-24,118.22000122070312,118.23999786376953,117.94000244140625,118.01000213623047,77.69567108154297,786700
2014-09-25,118.05999755859375,118.44000244140625,118.05000305175781,118.36000061035156,77.92608642578125,1375200
2014-09-26,117.87999725341797,118.13999938964844,117.4000015258789,118.0999984741211,77.75492095947266,3295000
2014-09-29,118.12000274658203,118.2300033569336,117.87999725341797,118.05000305175781,77.72195434570312,3628200
2014-09-30,118.13999938964844,118.41999816894531,118.05000305175781,118.22000122070312,77.83390808105469,1716100
2014-10-01,118.30999755859375,118.80999755859375,118.25,118.5999984741211,78.30596923828125,1973500
2014-10-02,118.5999984741211,118.79000091552734,118.37000274658203,118.58999633789062,78.29936981201172,1891200
2014-10-03,118.56999969482422,118.94999694824219,118.37000274658203,118.93000030517578,78.52387237548828,2535800
2014-10-06,118.91000366210938,119.1500015258789,118.87000274658203,118.98999786376953,78.56343841552734,1858400
2014-10-07,119.27999877929688,119.62999725341797,119.16000366210938,119.41999816894531,78.84735107421875,1887900
2014-10-08,119.5999984741211,120.08000183105469,119.2300033569336,120.02999877929688,79.2501220703125,2297900
2014-10-09,119.7300033569336,119.94000244140625,119.51000213623047,119.52999877929688,78.91996002197266,1786200
2014-10-10,119.5999984741211,119.66999816894531,119.41000366210938,119.62999725341797,78.98604583740234,1371400
2014-10-13,119.91999816894531,120.18000030517578,119.80000305175781,119.94000244140625,79.19074249267578,1748200
2014-10-14,120.08999633789062,120.25,119.88999938964844,120.20999908447266,79.36900329589844,2826400
2014-10-15,120.80000305175781,122.43000030517578,120.12999725341797,120.30000305175781,79.42838287353516,3497900
2014-10-16,120.73999786376953,120.79000091552734,119.83999633789062,120.02999877929688,79.2501220703125,2229900
2014-10-17,120.05999755859375,120.19999694824219,119.75,119.9800033569336,79.2171630859375,1537800
2014-10-20,120.27999877929688,120.29000091552734,119.97000122070312,120.19999694824219,79.36236572265625,1735300
2014-10-21,120.0,120.23999786376953,119.94999694824219,120.12999725341797,79.3161849975586,1150000
2014-10-22,119.93000030517578,120.0199966430664,119.77999877929688,119.93000030517578,79.1841049194336,957000
2014-10-23,119.69999694824219,119.8499984741211,119.44999694824219,119.69999694824219,79.03227996826172,1408400
2014-10-24,119.68000030517578,119.94999694824219,119.5999984741211,119.75,79.06527709960938,1727800
2014-10-27,119.75,119.91000366210938,119.66000366210938,119.9000015258789,79.16429901123047,1946500
2014-10-28,119.70999908447266,119.75,119.44000244140625,119.5,78.90017700195312,2212700
2014-10-29,119.44000244140625,119.5,118.86000061035156,119.27999877929688,78.75492858886719,3574000
2014-10-30,119.44999694824219,119.69999694824219,119.30000305175781,119.36000061035156,78.80779266357422,2542000
2014-10-31,119.30999755859375,119.44000244140625,119.02999877929688,119.33999633789062,78.7945556640625,1893700
2014-11-03,118.77999877929688,118.97000122070312,118.62999725341797,118.7699966430664,78.63896179199219,6621700
2014-11-04,118.80000305175781,119.12999725341797,118.7699966430664,118.94000244140625,78.75154113769531,2155400
2014-11-05,118.80999755859375,118.8499984741211,118.61000061035156,118.72000122070312,78.60586547851562,1725300
2014-11-06,118.58999633789062,118.70999908447266,118.33000183105469,118.36000061035156,78.36752319335938,1458700
2014-11-07,118.5,119.12000274658203,118.5,119.11000061035156,78.86414337158203,1730000
2014-11-10,118.9800033569336,119.0,118.5,118.51000213623047,78.46684265136719,1710500
2014-11-11,118.5,118.58999633789062,118.4000015258789,118.5,78.4601821899414,805600
2014-11-12,118.83000183105469,118.9800033569336,118.3499984741211,118.48999786376953,78.45355224609375,1931400
2014-11-13,118.52999877929688,118.55999755859375,118.30999755859375,118.36000061035156,78.36752319335938,2128500
2014-11-14,118.25,118.70999908447266,118.19000244140625,118.51000213623047,78.46684265136719,1784800
2014-11-17,118.63999938964844,118.68000030517578,118.16999816894531,118.2300033569336,78.28144836425781,1770100
2014-11-18,118.20999908447266,118.36000061035156,118.16000366210938,118.33000183105469,78.34761047363281,2002900
2014-11-19,117.86000061035156,118.08000183105469,117.69999694824219,117.69999694824219,77.93052673339844,1890200
2014-11-20,118.20999908447266,118.30000305175781,117.87000274658203,118.1500015258789,78.22846221923828,2040100
2014-11-21,118.38999938964844,118.75,118.30000305175781,118.66000366210938,78.56614685058594,1820200
2014-11-24,118.62000274658203,118.88999938964844,118.5999984741211,118.8499984741211,78.69193267822266,1592600
2014-11-25,119.0,119.44999694824219,118.94999694824219,119.36000061035156,79.02960968017578,2052800
2014-11-26,119.7300033569336,119.8499984741211,119.66000366210938,119.7699966430664,79.30108642578125,978200
2014-11-28,119.91000366210938,120.11000061035156,119.91000366210938,120.08999633789062,79.51297760009766,1037800
2014-12-01,119.80000305175781,119.87999725341797,118.94999694824219,119.33999633789062,79.23737335205078,6029800
2014-12-02,118.94000244140625,118.95999908447266,118.54000091552734,118.54000091552734,78.70623779296875,1496200
2014-12-03,118.62000274658203,118.83000183105469,118.55000305175781,118.66000366210938,78.78593444824219,5153700
2014-12-04,118.61000061035156,119.0,118.58000183105469,118.8499984741211,78.91207122802734,2413000
2014-12-05,118.75,118.80999755859375,118.30000305175781,118.36000061035156,78.58674621582031,1118600
2014-12-08,118.52999877929688,119.05999755859375,118.41999816894531,118.91999816894531,78.95853424072266,1842000
2014-12-09,119.12999725341797,119.2699966430664,118.9000015258789,119.0199966430664,79.02490997314453,1369900
2014-12-10,118.9800033569336,119.2699966430664,118.93000030517578,118.9800033569336,78.99837493896484,2974000
2014-12-11,119.05000305175781,119.1500015258789,118.68000030517578,118.86000061035156,78.9186782836914,1915600
2014-12-12,119.1500015258789,119.62999725341797,119.0,119.05000305175781,79.04485321044922,3457700
2014-12-15,119.0,119.48999786376953,118.86000061035156,119.33000183105469,79.23077392578125,4318600
2014-12-16,119.33999633789062,119.5999984741211,119.13999938964844,119.29000091552734,79.20427703857422,2041000
2014-12-17,119.5199966430664,119.88999938964844,119.12999725341797,119.31999969482422,79.22415161132812,1875200
2014-12-18,119.25,119.51000213623047,118.87999725341797,119.44000244140625,79.30380249023438,2056600
2014-12-19,119.19000244140625,119.47000122070312,119.02999877929688,119.37999725341797,79.26396942138672,1088400
2014-12-22,119.55999755859375,119.80999755859375,119.33000183105469,119.76000213623047,79.51627349853516,2011400
2014-12-23,119.5999984741211,119.61000061035156,118.7699966430664,118.8499984741211,78.91207122802734,1285700
2014-12-24,118.51000213623047,118.98999786376953,118.41999816894531,118.91000366210938,79.1664047241211,466200
2014-12-26,119.0999984741211,119.12999725341797,118.86000061035156,119.0,79.2263412475586,499100
2014-12-29,119.2699966430664,119.41999816894531,119.11000061035156,119.2300033569336,79.37943267822266,826200
2014-12-30,119.55000305175781,119.72000122070312,119.30000305175781,119.33000183105469,79.44601440429688,1052000
2014-12-31,119.58000183105469,119.79000091552734,119.30999755859375,119.41000366210938,79.49927520751953,1231400
2015-01-02,119.5999984741211,120.23999786376953,119.55000305175781,119.83000183105469,79.7789077758789,2523600
2015-01-05,120.19000244140625,120.68000030517578,120.08999633789062,120.31999969482422,80.10508728027344,3218800
2015-01-06,120.6500015258789,121.16999816894531,120.47000122070312,120.80999755859375,80.43132781982422,5313400
2015-01-07,120.63999938964844,121.05000305175781,120.51000213623047,120.97000122070312,80.53788757324219,1636600
2015-01-08,120.6500015258789,120.66999816894531,120.37000274658203,120.58000183105469,80.27824401855469,2156900
2015-01-09,120.41999816894531,121.0199966430664,120.38999938964844,120.9000015258789,80.49126434326172,1530400
2015-01-12,120.94000244140625,121.19000244140625,120.87000274658203,121.12999725341797,80.64442443847656,1948000
2015-01-13,121.12999725341797,121.27999877929688,120.91000366210938,121.23999786376953,80.71762084960938,1468300
2015-01-14,121.70999908447266,121.81999969482422,121.3499984741211,121.44999694824219,80.85745239257812,2457000
2015-01-15,121.52999877929688,122.2699966430664,121.44999694824219,122.08000183105469,81.27686309814453,2171300
2015-01-16,121.70999908447266,121.91000366210938,121.2300033569336,121.4000015258789,80.82412719726562,1322500
2015-01-20,121.70999908447266,122.05999755859375,121.62999725341797,121.68000030517578,81.01054382324219,1648900
2015-01-21,122.08000183105469,122.11000061035156,121.31999969482422,121.62999725341797,80.9772720336914,1878000
2015-01-22,121.87999725341797,121.95999908447266,121.25,121.56999969482422,80.93733978271484,1938400
2015-01-23,122.08999633789062,122.41000366210938,122.04000091552734,122.27999877929688,81.41004180908203,1436300
2015-01-26,122.3499984741211,122.47000122070312,122.0,122.25,81.39009094238281,2347900
2015-01-27,122.68000030517578,122.83000183105469,122.19999694824219,122.33999633789062,81.44998168945312,1268000
2015-01-28,122.38999938964844,123.33999633789062,122.37000274658203,123.16999816894531,82.00255584716797,1367900
2015-01-29,122.86000061035156,123.02999877929688,122.69000244140625,122.87999725341797,81.80948638916016,1674500
2015-01-30,123.55000305175781,123.9000015258789,123.43000030517578,123.88999938964844,82.48190307617188,3499000
2015-02-02,123.23999786376953,123.72000122070312,123.05000305175781,123.66999816894531,82.5587158203125,5684700
2015-02-03,123.05999755859375,123.19000244140625,122.5199966430664,122.66999816894531,81.8910903930664,2828500
2015-02-04,122.26000213623047,122.87000274658203,122.19000244140625,122.83999633789062,82.0046157836914,3209500
2015-02-05,122.58999633789062,122.69000244140625,122.36000061035156,122.44999694824219,81.74425506591797,1789300
2015-02-06,121.95999908447266,122.08999633789062,121.13999938964844,121.16999816894531,80.8897705078125,2578400
2015-02-09,121.55999755859375,121.62000274658203,121.11000061035156,121.25,80.94316101074219,2426900
2015-02-10,121.2300033569336,121.30000305175781,120.88999938964844,120.91999816894531,80.72285461425781,2580300
2015-02-11,121.02999877929688,121.05000305175781,120.63999938964844,121.0,80.77626037597656,2239600
2015-02-12,121.0,121.44000244140625,120.9000015258789,121.30999755859375,80.98323822021484,4045600
2015-02-13,121.29000091552734,121.36000061035156,120.81999969482422,120.83000183105469,80.66273498535156,2068700
2015-02-17,120.66000366210938,120.77999877929688,120.05999755859375,120.2699966430664,80.28895568847656,2970300
2015-02-18,120.33999633789062,121.0,120.20999908447266,120.69999694824219,80.57598876953125,3221900
2015-02-19,120.63999938964844,121.08000183105469,120.54000091552734,120.68000030517578,80.56266784667969,2765500
2015-02-20,121.0199966430664,121.31999969482422,120.47000122070312,120.86000061035156,80.68280792236328,1621100
2015-02-23,121.1500015258789,121.27999877929688,121.05999755859375,121.2699966430664,80.95648956298828,2191400
2015-02-24,121.05999755859375,122.0999984741211,120.80000305175781,122.05999755859375,81.48387908935547,1891700
2015-02-25,121.91999816894531,122.19999694824219,121.73999786376953,122.16999816894531,81.55731201171875,2024500
2015-02-26,122.0,122.1500015258789,121.44000244140625,121.51000213623047,81.11676025390625,1192200
2015-02-27,121.54000091552734,121.86000061035156,121.30999755859375,121.80000305175781,81.31035614013672,2892800
2015-03-02,121.36000061035156,121.36000061035156,120.4000015258789,120.41999816894531,80.6054458618164,4540700
2015-03-03,120.5,120.7699966430664,120.33999633789062,120.3499984741211,80.55860137939453,4737600
2015-03-04,120.66000366210938,120.66999816894531,120.19999694824219,120.2699966430664,80.50505065917969,2703200
2015-03-05,120.5,120.58000183105469,120.12999725341797,120.43000030517578,80.61216735839844,1307600
2015-03-06,119.69999694824219,119.80999755859375,119.11000061035156,119.1500015258789,79.75538635253906,3372800
2015-03-09,119.58999633789062,119.68000030517578,119.37999725341797,119.62999725341797,80.07659912109375,6241000
2015-03-10,120.0199966430664,120.19000244140625,119.79000091552734,119.81999969482422,80.20384216308594,3356900
2015-03-11,120.06999969482422,120.44000244140625,119.87999725341797,120.43000030517578,80.61216735839844,1712200
2015-03-12,120.62999725341797,120.72000122070312,120.08000183105469,120.30999755859375,80.53187561035156,2970700
2015-03-13,120.0,120.30000305175781,119.9000015258789,119.97000122070312,80.30426025390625,1845300
2015-03-16,120.41999816894531,120.41999816894531,119.91000366210938,120.08999633789062,80.38459777832031,1588300
2015-03-17,120.0999984741211,120.37000274658203,119.87999725341797,120.29000091552734,80.51848602294922,2528800
2015-03-18,120.54000091552734,121.88999938964844,120.36000061035156,121.7699966430664,81.50911712646484,3382500
2015-03-19,121.4800033569336,121.61000061035156,121.05000305175781,121.1500015258789,81.0941162109375,2503000
2015-03-20,121.47000122070312,121.70999908447266,121.36000061035156,121.48999786376953,81.32168579101562,3669300
2015-03-23,121.56999969482422,121.83000183105469,121.55000305175781,121.7699966430664,81.50911712646484,2946600
2015-03-24,121.88999938964844,122.0,121.69999694824219,121.94999694824219,81.62963104248047,2782100
2015-03-25,122.0,122.30000305175781,121.44000244140625,121.55000305175781,81.36184692382812,3205900
2015-03-26,121.2699966430664,121.37999725341797,120.72000122070312,120.80000305175781,80.85980224609375,2681800
2015-03-27,121.18000030517578,121.54000091552734,121.02999877929688,121.27999877929688,81.18111419677734,1009700
2015-03-30,121.41999816894531,121.58999633789062,121.27999877929688,121.48999786376953,81.32168579101562,981100
2015-03-31,121.47000122070312,121.76000213623047,121.31999969482422,121.70999908447266,81.46894073486328,1688400
2015-04-01,121.69999694824219,122.16999816894531,121.61000061035156,121.7300033569336,81.70317077636719,7393500
2015-04-02,121.94000244140625,122.12000274658203,121.5,121.52999877929688,81.56898498535156,3013700
2015-04-06,122.01000213623047,122.16000366210938,121.4000015258789,121.69000244140625,81.67633819580078,3496000
2015-04-07,121.5999984741211,122.13999938964844,121.47000122070312,122.12999725341797,81.9716567993164,2613500
2015-04-08,122.12999725341797,122.12999725341797,121.69999694824219,122.08999633789062,81.9448471069336,3933500
2015-04-09,122.06999969482422,122.06999969482422,121.36000061035156,121.47000122070312,81.5287094116211,1780600
2015-04-10,121.80999755859375,121.9000015258789,121.55999755859375,121.63999938964844,81.64276885986328,1325000
2015-04-13,121.6500015258789,121.8499984741211,121.54000091552734,121.5999984741211,81.61593627929688,1710100
2015-04-14,122.05000305175781,122.30999755859375,121.8499984741211,121.87999725341797,81.80391693115234,2245000
2015-04-15,122.1500015258789,122.29000091552734,121.95999908447266,121.95999908447266,81.85758972167969,1560900
2015-04-16,122.13999938964844,122.13999938964844,121.56999969482422,121.88999938964844,81.81058502197266,1820500
2015-04-17,121.81999969482422,122.3499984741211,121.6500015258789,122.22000122070312,82.03201293945312,1625800
2015-04-20,122.19000244140625,122.3499984741211,121.83999633789062,121.93000030517578,81.83744812011719,1527200
2015-04-21,122.05000305175781,122.0999984741211,121.77999877929688,121.9000015258789,81.81732940673828,2441600
2015-04-22,121.93000030517578,121.94000244140625,121.08999633789062,121.11000061035156,81.2870864868164,2106000
2015-04-23,121.13999938964844,121.58999633789062,121.04000091552734,121.41999816894531,81.49514770507812,1962900
2015-04-24,121.61000061035156,121.83000183105469,121.51000213623047,121.6500015258789,81.64952850341797,1690200
2015-04-27,121.6500015258789,121.76000213623047,121.31999969482422,121.55999755859375,81.58907318115234,1564700
2015-04-28,121.22000122070312,121.37999725341797,120.76000213623047,120.83999633789062,81.10585021972656,1972700
2015-04-29,120.01000213623047,120.1500015258789,119.5999984741211,119.83999633789062,80.43461608886719,3087100
2015-04-30,119.66000366210938,120.01000213623047,119.16999816894531,119.94000244140625,80.50177001953125,5716000
2015-05-01,119.22000122070312,119.47000122070312,118.80000305175781,118.94999694824219,80.05760192871094,3462200
2015-05-04,119.01000213623047,119.16000366210938,118.55999755859375,118.56999969482422,79.80181884765625,2689600
2015-05-05,118.63999938964844,118.69000244140625,118.05000305175781,118.37000274658203,79.66722106933594,3307400
2015-05-06,118.30000305175781,118.30000305175781,117.68000030517578,117.86000061035156,79.3239517211914,2105900
2015-05-07,118.01000213623047,118.41000366210938,117.86000061035156,118.33000183105469,79.64031219482422,3641200
2015-05-08,119.08999633789062,119.2300033569336,118.83000183105469,119.01000213623047,80.09796905517578,5393700
2015-05-11,118.61000061035156,118.6500015258789,117.69000244140625,117.80999755859375,79.29029846191406,3882800
2015-05-12,117.44999694824219,117.9800033569336,117.19999694824219,117.63999938964844,79.17591857910156,3737200
2015-05-13,118.20999908447266,118.27999877929688,117.48999786376953,117.52999877929688,79.10189056396484,3263600
2015-05-14,117.75,118.13999938964844,117.61000061035156,117.93000030517578,79.37110900878906,3094300
2015-05-15,118.20999908447266,118.81999969482422,118.0999984741211,118.75,79.9229507446289,1856500
2015-05-18,118.30999755859375,118.4800033569336,117.75,117.83999633789062,79.3105239868164,2820500
2015-05-19,117.30000305175781,117.80000305175781,117.19999694824219,117.20999908447266,78.88650512695312,3562500
2015-05-20,117.37999725341797,117.68000030517578,117.11000061035156,117.3499984741211,78.98070526123047,2626800
2015-05-21,117.55000305175781,117.94999694824219,117.41999816894531,117.91000366210938,79.35761260986328,1606900
2015-05-22,117.81999969482422,117.8499984741211,117.51000213623047,117.83000183105469,79.30374908447266,2858500
2015-05-26,117.86000061035156,118.41000366210938,117.80999755859375,118.3499984741211,79.65376281738281,2232300
2015-05-27,118.36000061035156,118.55000305175781,118.08999633789062,118.47000122070312,79.73455047607422,2282700
2015-05-28,118.43000030517578,118.48999786376953,118.19000244140625,118.22000122070312,79.56623077392578,2901000
2015-05-29,118.5,118.56999969482422,118.12999725341797,118.2699966430664,79.59988403320312,2845800
2015-06-01,117.86000061035156,117.98999786376953,117.22000122070312,117.27999877929688,79.1538314819336,5315800
2015-06-02,116.87000274658203,116.98999786376953,116.58999633789062,116.68000030517578,78.74887084960938,7084900
2015-06-03,116.44000244140625,116.44000244140625,115.70999908447266,115.93000030517578,78.2426986694336,3307900
2015-06-04,116.12000274658203,116.66999816894531,116.12000274658203,116.52999877929688,78.64759826660156,2849100
2015-06-05,115.91000366210938,116.20999908447266,115.5,115.94000244140625,78.24945068359375,5548400
2015-06-08,116.08000183105469,116.19999694824219,115.86000061035156,115.86000061035156,78.19542694091797,2131100
2015-06-09,115.66999816894531,115.66999816894531,115.23999786376953,115.33999633789062,77.8444595336914,6152300
2015-06-10,115.18000030517578,115.27999877929688,114.93000030517578,115.02999877929688,77.6352767944336,1959600
2015-06-11,115.54000091552734,116.06999969482422,115.29000091552734,116.05000305175781,78.32366180419922,2562600
2015-06-12,115.76000213623047,116.33000183105469,115.7300033569336,115.8499984741211,78.18865203857422,2437900
2015-06-15,116.19999694824219,116.25,115.68000030517578,115.83000183105469,78.17520141601562,1827600
2015-06-16,115.95999908447266,116.12000274658203,115.66000366210938,116.12000274658203,78.37092590332031,2274100
2015-06-17,116.04000091552734,116.19999694824219,115.47000122070312,116.11000061035156,78.3641357421875,3824200
2015-06-18,115.8499984741211,116.0,115.52999877929688,115.9000015258789,78.22238159179688,1853100
2015-06-19,116.2300033569336,116.62000274658203,116.05999755859375,116.5199966430664,78.64089965820312,5114500
2015-06-22,116.08999633789062,116.25,115.54000091552734,115.5999984741211,78.01995086669922,2547700
2015-06-23,115.08999633789062,115.63999938964844,115.08999633789062,115.33999633789062,77.8444595336914,1238700
2015-06-24,115.44000244140625,115.72000122070312,115.30000305175781,115.66000366210938,78.06045532226562,2540000
2015-06-25,115.4800033569336,115.63999938964844,115.26000213623047,115.47000122070312,77.93218994140625,2567500
2015-06-26,115.0199966430664,115.12999725341797,114.7300033569336,114.94000244140625,77.57451629638672,2285000
2015-06-29,115.22000122070312,116.08999633789062,115.1500015258789,115.94000244140625,78.24945068359375,5945700
2015-06-30,115.66999816894531,116.18000030517578,115.5999984741211,115.72000122070312,78.10093688964844,2668600
2015-07-01,115.02999877929688,115.29000091552734,115.0199966430664,115.0199966430664,77.85050201416016,4088700
2015-07-02,115.30000305175781,115.66000366210938,115.27999877929688,115.45999908447266,78.1483154296875,1971000
2015-07-06,115.87999725341797,116.06999969482422,115.58999633789062,115.91999816894531,78.45967864990234,4845100
2015-07-07,116.6500015258789,116.86000061035156,116.26000213623047,116.4000015258789,78.78456115722656,3627500
2015-07-08,116.51000213623047,116.70999908447266,116.2300033569336,116.55999755859375,78.89286041259766,3490600
2015-07-09,116.16000366210938,116.19999694824219,115.72000122070312,115.79000091552734,78.37167358398438,1427800
2015-07-10,115.1500015258789,115.36000061035156,114.80999755859375,115.05000305175781,77.8708267211914,2740000
2015-07-13,114.58000183105469,115.08000183105469,114.58000183105469,114.80000305175781,77.70162963867188,3146100
2015-07-14,114.87000274658203,115.0,114.66000366210938,114.9000015258789,77.76930236816406,4364200
2015-07-15,114.86000061035156,115.37000274658203,114.7699966430664,115.19999694824219,77.97234344482422,1923800
2015-07-16,115.02999877929688,115.45999908447266,114.91999816894531,115.37999725341797,78.09416961669922,2036600
2015-07-17,115.38999938964844,115.62000274658203,115.38999938964844,115.45999908447266,78.1483154296875,2268200
2015-07-20,115.25,115.44999694824219,115.1500015258789,115.19000244140625,77.9655990600586,2805800
2015-07-21,115.01000213623047,115.4800033569336,115.0,115.43000030517578,78.1280288696289,2490900
2015-07-22,115.41000366210938,115.75,115.33999633789062,115.58000183105469,78.22956085205078,1292900
2015-07-23,115.52999877929688,116.0199966430664,115.4000015258789,115.91999816894531,78.45967864990234,2007600
2015-07-24,116.11000061035156,116.11000061035156,115.66999816894531,115.87000274658203,78.4258804321289,2704700
2015-07-27,115.93000030517578,116.18000030517578,115.80999755859375,115.87999725341797,78.43257141113281,4836700
2015-07-28,115.62999725341797,115.81999969482422,115.5,115.79000091552734,78.37167358398438,2755100
2015-07-29,115.7300033569336,115.80999755859375,115.5199966430664,115.69000244140625,78.30398559570312,1569200
2015-07-30,115.7699966430664,115.91999816894531,115.5999984741211,115.75,78.34461975097656,2157600
2015-07-31,116.11000061035156,116.41000366210938,116.0999984741211,116.3499984741211,78.75069427490234,3626900
2015-08-03,115.86000061035156,116.37999725341797,115.83000183105469,116.29000091552734,78.93397521972656,2942800
2015-08-04,115.98999786376953,116.05000305175781,115.63999938964844,115.69999694824219,78.53350067138672,3823200
2015-08-05,115.51000213623047,115.51000213623047,115.08999633789062,115.25,78.22804260253906,2991600
2015-08-06,115.37999725341797,115.58999633789062,115.33000183105469,115.47000122070312,78.37740325927734,1750800
2015-08-07,115.63999938964844,115.94000244140625,115.55000305175781,115.87000274658203,78.64891052246094,2907200
2015-08-10,115.58000183105469,115.68000030517578,115.3499984741211,115.41000366210938,78.33665466308594,1317600
2015-08-11,115.88999938964844,116.20999908447266,115.81999969482422,115.88999938964844,78.66246032714844,5011600
2015-08-12,115.88999938964844,116.26000213623047,115.6500015258789,115.70999908447266,78.54032135009766,5062200
2015-08-13,115.41000366210938,115.66000366210938,115.22000122070312,115.30999755859375,78.26880645751953,1647500
2015-08-14,115.27999877929688,115.52999877929688,115.16999816894531,115.41999816894531,78.34346771240234,1693600
2015-08-17,115.80000305175781,116.0999984741211,115.58999633789062,115.79000091552734,78.59457397460938,3313900
2015-08-18,115.5199966430664,115.63999938964844,115.27999877929688,115.3499984741211,78.29595947265625,2200900
2015-08-19,115.0999984741211,115.98999786376953,115.0,115.91000366210938,78.67607116699219,2600100
2015-08-20,115.94999694824219,116.11000061035156,115.80999755859375,115.9800033569336,78.72355651855469,1760100
2015-08-21,116.01000213623047,116.29000091552734,115.81999969482422,116.01000213623047,78.7439193725586,2971100
2015-08-24,116.5,116.58999633789062,115.62999725341797,115.69000244140625,78.52672576904297,3966000
2015-08-25,115.3499984741211,115.55999755859375,114.87000274658203,115.0999984741211,78.12623596191406,2625300
2015-08-26,114.87999725341797,115.2300033569336,114.68000030517578,115.02999877929688,78.0787582397461,3299400
2015-08-27,114.80999755859375,115.38999938964844,114.69999694824219,115.13999938964844,78.15337371826172,2957800
2015-08-28,115.70999908447266,115.76000213623047,115.2699966430664,115.3499984741211,78.29595947265625,1901200
2015-08-31,115.79000091552734,115.81999969482422,115.05999755859375,115.05999755859375,78.09910583496094,1250200
2015-09-01,115.05999755859375,115.48999786376953,114.83999633789062,115.41999816894531,78.57222747802734,3856800
2015-09-02,114.97000122070312,115.45999908447266,114.97000122070312,115.25,78.45650482177734,1824500
2015-09-03,115.56999969482422,115.94000244140625,115.41999816894531,115.80000305175781,78.83089447021484,11303000
2015-09-04,115.97000122070312,116.19999694824219,115.77999877929688,116.05999755859375,79.00791931152344,1648600
2015-09-08,115.76000213623047,115.81999969482422,115.5,115.5199966430664,78.6402587890625,1892300
2015-09-09,115.2300033569336,115.83999633789062,115.19999694824219,115.7699966430664,78.81045532226562,2079100
2015-09-10,115.56999969482422,115.6500015258789,115.36000061035156,115.54000091552734,78.65392303466797,2566500
2015-09-11,115.58000183105469,115.88999938964844,115.56999969482422,115.62000274658203,78.7083511352539,2333300
2015-09-14,115.77999877929688,115.81999969482422,115.4800033569336,115.61000061035156,78.70155334472656,1732500
2015-09-15,115.33999633789062,115.4800033569336,114.63999938964844,114.73999786376953,78.10932922363281,3090400
2015-09-16,114.80999755859375,115.05000305175781,114.76000213623047,114.94999694824219,78.2522201538086,2918300
2015-09-17,114.93000030517578,115.94000244140625,114.88999938964844,115.9000015258789,78.89899444580078,4106700
2015-09-18,116.08000183105469,116.37999725341797,116.0,116.25,79.1372299194336,4692400
2015-09-21,115.94000244140625,116.0999984741211,115.61000061035156,115.66000366210938,78.73562622070312,3209900
2015-09-22,116.05000305175781,116.3499984741211,115.94000244140625,116.16000366210938,79.0759506225586,4001000
2015-09-23,116.12000274658203,116.22000122070312,115.93000030517578,116.08999633789062,79.02828979492188,2435200
2015-09-24,116.45999908447266,116.5199966430664,116.08000183105469,116.11000061035156,79.04192352294922,2378100
2015-09-25,115.73999786376953,115.94999694824219,115.6500015258789,115.76000213623047,78.80367279052734,2858800
2015-09-28,115.83999633789062,116.16000366210938,115.69999694824219,115.95999908447266,78.9398193359375,3099400
2015-09-29,115.91000366210938,116.1500015258789,115.81999969482422,116.11000061035156,79.04192352294922,2267100
2015-09-30,115.87999725341797,116.12999725341797,115.83000183105469,116.08999633789062,79.02828979492188,4404200
2015-10-01,115.73999786376953,115.91999816894531,115.56999969482422,115.7300033569336,79.01060485839844,6459600
2015-10-02,116.3499984741211,116.48999786376953,116.0199966430664,116.23999786376953,79.35871887207031,3480100
2015-10-05,115.91999816894531,116.06999969482422,115.80000305175781,115.93000030517578,79.1470947265625,7567200
2015-10-06,115.93000030517578,116.22000122070312,115.6500015258789,116.16000366210938,79.30410766601562,3241200
2015-10-07,116.23999786376953,116.5999984741211,115.91999816894531,116.56999969482422,79.58401489257812,5884900
2015-10-08,116.56999969482422,116.56999969482422,115.9800033569336,116.11000061035156,79.26998138427734,2175000
2015-10-09,116.08999633789062,116.27999877929688,115.98999786376953,116.16000366210938,79.30410766601562,3798800
2015-10-12,116.31999969482422,116.69999694824219,116.31999969482422,116.62999725341797,79.6249771118164,860400
2015-10-13,116.61000061035156,116.63999938964844,116.23999786376953,116.54000091552734,79.56356811523438,2147200
2015-10-14,116.83999633789062,117.01000213623047,116.56999969482422,117.0,79.87760925292969,1976500
2015-10-15,116.8499984741211,116.94999694824219,116.61000061035156,116.94999694824219,79.84342956542969,4233500
2015-10-16,116.91999816894531,117.02999877929688,116.83000183105469,116.98999786376953,79.87077331542969,3055300
2015-10-19,116.94000244140625,116.98999786376953,116.63999938964844,116.9800033569336,79.86390686035156,2510700
2015-10-20,116.63999938964844,116.8499984741211,116.55000305175781,116.76000213623047,79.71377563476562,4190100
2015-10-21,117.05000305175781,117.37000274658203,117.05000305175781,117.33999633789062,80.10973358154297,2497700
2015-10-22,117.30999755859375,117.77999877929688,117.22000122070312,117.58999633789062,80.28042602539062,2396900
2015-10-23,117.3499984741211,117.41000366210938,117.16000366210938,117.16000366210938,79.98686218261719,3682800
2015-10-26,117.37000274658203,117.43000030517578,117.12999725341797,117.37000274658203,80.13023376464844,3771900
2015-10-27,117.66000366210938,117.69000244140625,117.37000274658203,117.4000015258789,80.15068817138672,2809600
2015-10-28,117.29000091552734,117.36000061035156,116.81999969482422,116.94000244140625,79.83666229248047,4693300
2015-10-29,116.61000061035156,116.62999725341797,116.0,116.12000274658203,79.27682495117188,2942100
2015-10-30,116.19000244140625,116.44000244140625,116.08000183105469,116.41999816894531,79.48165893554688,2664100
2015-11-02,115.80000305175781,115.87999725341797,115.55999755859375,115.58999633789062,79.13997650146484,6241700
2015-11-03,115.5999984741211,115.70999908447266,115.43000030517578,115.5999984741211,79.1468505859375,2672700
2015-11-04,115.62999725341797,115.79000091552734,115.44999694824219,115.47000122070312,79.0578384399414,4176400
2015-11-05,115.55999755859375,115.72000122070312,115.2300033569336,115.5,79.07839965820312,3743100
2015-11-06,114.83000183105469,114.87999725341797,114.63999938964844,114.75,78.56488037109375,4306200
2015-11-09,114.54000091552734,114.80999755859375,114.43000030517578,114.55999755859375,78.43476867675781,3253200
2015-11-10,114.69999694824219,115.05999755859375,114.56999969482422,114.8499984741211,78.63333892822266,2228800
2015-11-11,114.80000305175781,114.9000015258789,114.7300033569336,114.83999633789062,78.62645721435547,910900
2015-11-12,114.75,115.19999694824219,114.73999786376953,114.80000305175781,78.59911346435547,3102000
2015-11-13,115.08999633789062,115.19000244140625,114.9800033569336,115.13999938964844,78.8319091796875,2618900
2015-11-16,115.20999908447266,115.30000305175781,115.0199966430664,115.16000366210938,78.8455581665039,2558400
2015-11-17,114.94999694824219,115.5,114.86000061035156,115.27999877929688,78.92772674560547,3857700
2015-11-18,115.19999694824219,115.41000366210938,115.06999969482422,115.30999755859375,78.94828796386719,1713300
2015-11-19,115.47000122070312,115.7699966430664,115.44000244140625,115.6500015258789,79.18108367919922,2890500
2015-11-20,115.62999725341797,115.76000213623047,115.4800033569336,115.62999725341797,79.1673583984375,2344900
2015-11-23,115.54000091552734,115.75,115.47000122070312,115.66999816894531,79.1947250366211,1948100
2015-11-24,115.63999938964844,115.81999969482422,115.58000183105469,115.70999908447266,79.2221450805664,1659500
2015-11-25,115.75,115.91000366210938,115.68000030517578,115.81999969482422,79.29743194580078,609600
2015-11-27,115.91000366210938,116.0,115.86000061035156,115.86000061035156,79.32486724853516,409200
2015-11-30,115.8499984741211,115.94999694824219,115.80000305175781,115.91000366210938,79.35910034179688,4925000
2015-12-01,115.63999938964844,116.47000122070312,115.55999755859375,116.44999694824219,79.9557876586914,5961700
2015-12-02,116.20999908447266,116.33000183105469,116.05000305175781,116.16999816894531,79.76349639892578,6138300
2015-12-03,115.58000183105469,115.69000244140625,114.55999755859375,114.62999725341797,78.70609283447266,4515400
2015-12-04,114.79000091552734,115.27999877929688,114.79000091552734,115.25,79.13179779052734,3120500
2015-12-07,115.22000122070312,115.83000183105469,115.19000244140625,115.44999694824219,79.26912689208984,3094600
2015-12-08,115.5999984741211,115.61000061035156,115.22000122070312,115.30000305175781,79.16616821289062,3754100
2015-12-09,115.16999816894531,115.41999816894531,114.93000030517578,115.2699966430664,79.14553833007812,3394600
2015-12-10,115.29000091552734,115.47000122070312,115.0,115.0,78.96019744873047,4722600
2015-12-11,115.27999877929688,115.41000366210938,114.80999755859375,115.19999694824219,79.09748840332031,7949600
2015-12-14,114.8499984741211,115.0,114.18000030517578,114.3499984741211,78.51385498046875,6442800
2015-12-15,114.06999969482422,114.62999725341797,113.94000244140625,114.36000061035156,78.52072143554688,3822600
2015-12-16,114.30999755859375,114.62999725341797,113.69999694824219,114.33999633789062,78.50699615478516,2540900
2015-12-17,114.66000366210938,114.73999786376953,114.33999633789062,114.47000122070312,78.59626770019531,2327500
2015-12-18,114.5199966430664,114.76000213623047,114.43000030517578,114.47000122070312,78.59626770019531,2566200
2015-12-21,114.76000213623047,114.9000015258789,114.45999908447266,114.55000305175781,78.65113067626953,3026000
2015-12-22,114.43000030517578,114.58999633789062,114.29000091552734,114.4000015258789,78.5481948852539,2204900
2015-12-23,114.27999877929688,114.5199966430664,114.20999908447266,114.5,78.6168441772461,1923200
2015-12-24,114.33999633789062,114.55000305175781,114.19999694824219,114.55000305175781,78.87295532226562,920100
2015-12-28,114.36000061035156,114.55999755859375,114.20999908447266,114.41000366210938,78.77656555175781,2422500
2015-12-29,114.27999877929688,114.37999725341797,113.80999755859375,113.81999969482422,78.37032318115234,2965700
2015-12-30,113.7699966430664,114.05000305175781,113.7300033569336,113.81999969482422,78.37032318115234,1890600
2015-12-31,114.16999816894531,114.2699966430664,114.0,114.01000213623047,78.50117492675781,1228200
2016-01-04,114.1500015258789,114.41000366210938,113.88999938964844,113.94999694824219,78.4598388671875,8333700
2016-01-05,114.08999633789062,114.2300033569336,113.91000366210938,114.01000213623047,78.50117492675781,4474300
2016-01-06,114.4800033569336,114.52999877929688,114.30000305175781,114.45999908447266,78.81100463867188,4522400
2016-01-07,114.56999969482422,114.68000030517578,114.25,114.55000305175781,78.87295532226562,4820000
2016-01-08,114.5199966430664,114.91999816894531,114.44000244140625,114.63999938964844,78.93495178222656,4363500
2016-01-11,114.48999786376953,114.61000061035156,114.2300033569336,114.2699966430664,78.68021392822266,4161500
2016-01-12,114.30000305175781,114.91000366210938,114.30000305175781,114.52999877929688,78.85920715332031,2616600
2016-01-13,114.72000122070312,115.0,114.54000091552734,114.87999725341797,79.10020446777344,5649800
2016-01-14,114.9000015258789,114.91999816894531,114.26000213623047,114.30999755859375,78.70767211914062,4735300
2016-01-15,114.33999633789062,114.48999786376953,113.9800033569336,114.13999938964844,78.59068298339844,5977900
2016-01-19,114.04000091552734,114.12000274658203,113.61000061035156,113.62999725341797,78.23953247070312,3374300
2016-01-20,113.83999633789062,113.94000244140625,113.51000213623047,113.80000305175781,78.35658264160156,6175300
2016-01-21,113.80999755859375,113.98999786376953,113.36000061035156,113.47000122070312,78.12934112548828,3928300
2016-01-22,113.43000030517578,113.76000213623047,113.3499984741211,113.54000091552734,78.17756652832031,2932000
2016-01-25,113.19000244140625,113.70999908447266,113.19000244140625,113.41999816894531,78.09490966796875,2485200
2016-01-26,113.51000213623047,113.77999877929688,113.44000244140625,113.73999786376953,78.31526947021484,4002200
2016-01-27,113.52999877929688,113.70999908447266,113.20999908447266,113.43000030517578,78.10181427001953,2535900
2016-01-28,113.2699966430664,113.75,113.2699966430664,113.55999755859375,78.19127655029297,4187100
2016-01-29,114.22000122070312,114.22000122070312,113.9000015258789,114.1500015258789,78.59756469726562,2022700
2016-02-01,113.48999786376953,113.58999633789062,113.11000061035156,113.44999694824219,78.34691619873047,8696800
2016-02-02,113.63999938964844,113.73999786376953,113.37000274658203,113.66000366210938,78.49192810058594,5881200
2016-02-03,113.5199966430664,113.94000244140625,113.23999786376953,113.37999725341797,78.29850006103516,3732100
2016-02-04,113.48999786376953,113.68000030517578,113.33000183105469,113.43000030517578,78.33306884765625,3367500
2016-02-05,113.27999877929688,113.5,113.12000274658203,113.41000366210938,78.31926727294922,4334400
2016-02-08,113.6500015258789,114.08000183105469,113.5,114.0,78.72672271728516,3265200
2016-02-09,113.66000366210938,114.08000183105469,113.58999633789062,113.61000061035156,78.45738220214844,3346900
2016-02-10,113.73999786376953,113.93000030517578,113.62000274658203,113.75,78.55406188964844,3738300
2016-02-11,114.0,114.48999786376953,113.9000015258789,114.12999725341797,78.81649017333984,5333600
2016-02-12,113.66999816894531,113.83000183105469,113.16999816894531,113.48999786376953,78.37450408935547,4180600
2016-02-16,113.52999877929688,113.52999877929688,112.87999725341797,112.94999694824219,78.00159454345703,4972200
2016-02-17,112.9000015258789,113.13999938964844,112.66999816894531,112.91999816894531,77.98084259033203,5008100
2016-02-18,113.19000244140625,113.87999725341797,113.08000183105469,113.83999633789062,78.61621856689453,3810700
2016-02-19,113.80000305175781,113.97000122070312,113.56999969482422,113.76000213623047,78.56097412109375,3587300
2016-02-22,113.87000274658203,114.04000091552734,113.77999877929688,113.98999786376953,78.71981811523438,4556800
2016-02-23,113.75,114.30000305175781,113.55000305175781,114.22000122070312,78.87866973876953,2832100
2016-02-24,114.5,114.81999969482422,114.2699966430664,114.33000183105469,78.95462799072266,3402200
2016-02-25,114.58000183105469,115.11000061035156,114.58000183105469,114.97000122070312,79.39656066894531,4531800
2016-02-26,114.91000366210938,114.95999908447266,114.56999969482422,114.93000030517578,79.3689956665039,5422500
2016-02-29,114.8499984741211,115.06999969482422,114.77999877929688,115.01000213623047,79.42418670654297,5231900
2016-03-01,115.11000061035156,115.11000061035156,113.91999816894531,114.05000305175781,78.99132537841797,8301800
2016-03-02,113.94999694824219,114.30000305175781,113.81999969482422,114.27999877929688,79.150634765625,3519600
2016-03-03,114.29000091552734,114.9000015258789,114.27999877929688,114.81999969482422,79.52462005615234,3614600
2016-03-04,114.73999786376953,114.81999969482422,114.44999694824219,114.80000305175781,79.51078796386719,2040600
2016-03-07,114.48999786376953,114.95999908447266,114.48999786376953,114.93000030517578,79.60084533691406,3616900
2016-03-08,115.7699966430664,115.86000061035156,115.44999694824219,115.54000091552734,80.02335357666016,3279800
2016-03-09,115.19999694824219,115.54000091552734,115.18000030517578,115.41000366210938,79.93328094482422,3205800
2016-03-10,115.91000366210938,116.08999633789062,115.4000015258789,115.88999938964844,80.26568603515625,4459000
2016-03-11,116.30000305175781,116.37999725341797,115.97000122070312,116.22000122070312,80.4942626953125,4603500
2016-03-14,116.43000030517578,116.5999984741211,116.20999908447266,116.55999755859375,80.72976684570312,2997400
2016-03-15,116.83000183105469,116.83000183105469,116.38999938964844,116.5199966430664,80.70204162597656,6599400
2016-03-16,116.3499984741211,117.12000274658203,116.26000213623047,117.08000183105469,81.08992767333984,3975400
2016-03-17,117.08000183105469,117.69000244140625,117.08000183105469,117.44000244140625,81.33928680419922,3341900
2016-03-18,117.86000061035156,117.91000366210938,117.5,117.70999908447266,81.52625274658203,3315200
2016-03-21,117.51000213623047,117.83999633789062,117.41999816894531,117.56999969482422,81.42928314208984,2948600
2016-03-22,117.80000305175781,117.80000305175781,117.27999877929688,117.3499984741211,81.27688598632812,3762900
2016-03-23,117.58999633789062,117.94000244140625,117.30999755859375,117.94000244140625,81.68558502197266,5338700
2016-03-24,118.26000213623047,118.26000213623047,117.80000305175781,117.88999938964844,81.65092468261719,2601500
2016-03-28,117.94000244140625,118.19000244140625,117.86000061035156,117.95999908447266,81.69938659667969,3274500
2016-03-29,118.27999877929688,118.5999984741211,118.11000061035156,118.48999786376953,82.06645965576172,3758500
2016-03-30,118.48999786376953,118.48999786376953,118.19000244140625,118.3499984741211,81.96957397460938,3877600
2016-03-31,118.37999725341797,118.86000061035156,118.29000091552734,118.81999969482422,82.2950668334961,7853500
2016-04-01,118.6500015258789,118.95999908447266,118.19000244140625,118.87000274658203,82.56037139892578,6809800
2016-04-04,118.9000015258789,118.91999816894531,118.66000366210938,118.87999725341797,82.56730651855469,4138700
2016-04-05,118.69000244140625,119.2699966430664,118.55999755859375,119.26000213623047,82.83120727539062,6944700
2016-04-06,119.06999969482422,119.18000030517578,118.91000366210938,119.16000366210938,82.76176452636719,4793600
2016-04-07,119.44000244140625,119.54000091552734,119.25,119.4800033569336,82.9840316772461,3591900
2016-04-08,119.37999725341797,119.38999938964844,119.13999938964844,119.20999908447266,82.79650115966797,2060900
2016-04-11,119.08999633789062,119.33999633789062,118.9800033569336,119.19999694824219,82.78955841064453,1998600
2016-04-12,118.87999725341797,119.04000091552734,118.61000061035156,118.7300033569336,82.46312713623047,3553400
2016-04-13,118.7699966430664,119.16000366210938,118.69999694824219,119.13999938964844,82.74789428710938,2502200
2016-04-14,119.18000030517578,119.2300033569336,118.91000366210938,119.05999755859375,82.69233703613281,1864000
2016-04-15,119.30000305175781,119.62000274658203,119.13999938964844,119.55999755859375,83.03956604003906,3789500
2016-04-18,119.33999633789062,119.69000244140625,119.33999633789062,119.69000244140625,83.1298828125,2827400
2016-04-19,119.7300033569336,119.91999816894531,119.56999969482422,119.91000366210938,83.28270721435547,2577100
2016-04-20,120.05999755859375,120.38999938964844,119.55000305175781,119.58000183105469,83.05351257324219,3040900
2016-04-21,119.66000366210938,119.69000244140625,119.33000183105469,119.52999877929688,83.01873016357422,3579500
2016-04-22,119.91000366210938,119.91000366210938,119.55000305175781,119.66000366210938,83.10906219482422,1651800
2016-04-25,119.68000030517578,119.69000244140625,119.30000305175781,119.37999725341797,82.91458129882812,2923600
2016-04-26,119.5,119.5,119.12000274658203,119.33000183105469,82.87985229492188,3286600
2016-04-27,119.58999633789062,120.08999633789062,119.41999816894531,120.08999633789062,83.40771484375,3091100
2016-04-28,119.9000015258789,120.2699966430664,119.81999969482422,120.19999694824219,83.4841079711914,3503200
2016-04-29,120.08000183105469,120.41999816894531,119.8499984741211,120.33000183105469,83.57439422607422,2924600
2016-05-02,119.94999694824219,120.05000305175781,119.7699966430664,119.8499984741211,83.46646881103516,6771200
2016-05-03,120.04000091552734,120.23999786376953,119.9000015258789,120.05999755859375,83.61270904541016,3732700
2016-05-04,120.0,120.01000213623047,119.72000122070312,119.86000061035156,83.47339630126953,4228200
2016-05-05,119.95999908447266,120.12999725341797,119.62000274658203,120.0999984741211,83.6405258178711,4466000
2016-05-06,120.05000305175781,120.05000305175781,119.69000244140625,119.83999633789062,83.45947265625,3045000
2016-05-09,119.94999694824219,119.94999694824219,119.61000061035156,119.72000122070312,83.37592315673828,6202800
2016-05-10,119.80999755859375,119.97000122070312,119.66999816894531,119.91999816894531,83.51520538330078,5469900
2016-05-11,119.83999633789062,120.23999786376953,119.75,120.05000305175781,83.60574340820312,3416600
2016-05-12,120.0999984741211,120.0999984741211,119.66999816894531,119.80000305175781,83.4316177368164,2681900
2016-05-13,119.91000366210938,120.05999755859375,119.77999877929688,120.0199966430664,83.58484649658203,4328100
2016-05-16,120.0199966430664,120.0199966430664,119.5999984741211,119.62000274658203,83.3062744140625,2968400
2016-05-17,119.61000061035156,119.80000305175781,119.51000213623047,119.58000183105469,83.2784194946289,3386000
2016-05-18,119.44999694824219,119.44999694824219,118.44000244140625,118.55999755859375,82.56805419921875,7022100
2016-05-19,118.62000274658203,118.91999816894531,118.62000274658203,118.83999633789062,82.7630386352539,5759900
2016-05-20,118.93000030517578,118.98999786376953,118.69000244140625,118.91999816894531,82.8187484741211,2977700
2016-05-23,118.91999816894531,118.9800033569336,118.70999908447266,118.91999816894531,82.8187484741211,2842000
2016-05-24,118.98999786376953,118.98999786376953,118.55999755859375,118.72000122070312,82.67948150634766,3498100
2016-05-25,118.7300033569336,118.95999908447266,118.69999694824219,118.93000030517578,82.82574462890625,4793800
2016-05-26,118.95999908447266,119.44999694824219,118.95999908447266,119.2699966430664,83.06253814697266,4858600
2016-05-27,119.27999877929688,119.41000366210938,119.02999877929688,119.18000030517578,82.99982452392578,2762800
2016-05-31,119.0,119.5,118.91000366210938,119.38999938964844,83.14608764648438,3170400
2016-06-01,119.27999877929688,119.41999816894531,119.04000091552734,119.13999938964844,83.20471954345703,5528700
2016-06-02,119.27999877929688,119.5999984741211,119.2300033569336,119.37999725341797,83.37236785888672,2709400
2016-06-03,120.05000305175781,120.33999633789062,119.93000030517578,120.33999633789062,84.04279327392578,2998800
2016-06-06,120.30999755859375,120.30999755859375,120.0199966430664,120.05000305175781,83.84027862548828,6401500
2016-06-07,120.31999969482422,120.44999694824219,120.18000030517578,120.2300033569336,83.96601104736328,3663400
2016-06-08,120.37999725341797,120.63999938964844,120.33000183105469,120.62999725341797,84.24536895751953,2478800
2016-06-09,120.91000366210938,120.97000122070312,120.7300033569336,120.80000305175781,84.36404418945312,2885400
2016-06-10,120.9000015258789,121.1500015258789,120.87999725341797,120.94000244140625,84.46187591552734,4209200
2016-06-13,121.1500015258789,121.1500015258789,120.68000030517578,120.76000213623047,84.33613586425781,3979900
2016-06-14,120.91999816894531,121.0199966430664,120.44999694824219,120.48999786376953,84.14757537841797,6301100
2016-06-15,120.9000015258789,121.08999633789062,120.6500015258789,120.94000244140625,84.46187591552734,5589500
2016-06-16,120.91999816894531,121.26000213623047,120.86000061035156,121.12000274658203,84.5875473022461,4550700
2016-06-17,121.08000183105469,121.08000183105469,120.69000244140625,120.76000213623047,84.33613586425781,2673200
2016-06-20,120.68000030517578,120.69999694824219,120.4800033569336,120.61000061035156,84.23136901855469,4549700
2016-06-21,120.70999908447266,120.7699966430664,120.41000366210938,120.5,84.15457916259766,4396400
2016-06-22,120.52999877929688,120.7300033569336,120.5,120.72000122070312,84.30815124511719,4090400
2016-06-23,120.6500015258789,120.69999694824219,120.5,120.5999984741211,84.22441864013672,3942700
2016-06-24,120.87999725341797,121.5,120.87999725341797,121.16999816894531,84.62250518798828,5294900
2016-06-27,121.58999633789062,121.98999786376953,121.58999633789062,121.68000030517578,84.97869873046875,7323900
2016-06-28,121.83000183105469,122.38999938964844,121.81999969482422,122.3499984741211,85.446533203125,5555700
2016-06-29,122.5199966430664,122.69000244140625,122.22000122070312,122.30999755859375,85.41858673095703,5325800
2016-06-30,122.44000244140625,122.83999633789062,122.30000305175781,122.73999786376953,85.71894073486328,5398300
2016-07-01,122.98999786376953,123.16999816894531,122.76000213623047,123.05000305175781,86.16779327392578,4396300
2016-07-05,123.45999908447266,123.58000183105469,123.19999694824219,123.47000122070312,86.46192169189453,4415000
2016-07-06,123.63999938964844,123.75,123.4000015258789,123.69000244140625,86.61595916748047,6770300
2016-07-07,123.62999725341797,123.86000061035156,123.45999908447266,123.70999908447266,86.62994384765625,2597100
2016-07-08,124.05000305175781,124.41999816894531,123.86000061035156,124.4000015258789,87.11314392089844,3835300
2016-07-11,124.27999877929688,124.4800033569336,124.05999755859375,124.08000183105469,86.88909912109375,3000200
2016-07-12,123.83000183105469,123.83999633789062,123.37000274658203,123.37999725341797,86.39888763427734,4363000
2016-07-13,123.88999938964844,124.05999755859375,123.7300033569336,123.86000061035156,86.7350082397461,3738500
2016-07-14,123.2300033569336,123.68000030517578,123.20999908447266,123.55999755859375,86.5249252319336,7254900
2016-07-15,123.2699966430664,123.5,123.0,123.08999633789062,86.19578552246094,4442600
2016-07-18,123.41000366210938,123.44999694824219,122.83000183105469,123.08999633789062,86.19578552246094,4737300
2016-07-19,123.41000366210938,123.41000366210938,123.0199966430664,123.30999755859375,86.3498764038086,7196300
2016-07-20,123.19000244140625,123.30999755859375,122.94000244140625,123.2699966430664,86.32186889648438,3676800
2016-07-21,122.87999725341797,123.44999694824219,122.80000305175781,123.41000366210938,86.41991424560547,3570100
2016-07-22,123.16999816894531,123.61000061035156,123.0999984741211,123.33999633789062,86.37090301513672,3748200
2016-07-25,123.5199966430664,123.5199966430664,123.19999694824219,123.2699966430664,86.32186889648438,3295600
2016-07-26,123.55999755859375,123.55999755859375,122.97000122070312,123.1500015258789,86.23780822753906,4929300
2016-07-27,123.38999938964844,123.73999786376953,123.19999694824219,123.66000366210938,86.5949935913086,5976800
2016-07-28,123.38999938964844,123.62000274658203,123.25,123.54000091552734,86.51092529296875,5276100
2016-07-29,123.5,124.04000091552734,123.5,123.98999786376953,86.82604217529297,4226100
2016-08-01,123.31999969482422,123.44000244140625,122.94999694824219,122.97000122070312,86.33667755126953,4827700
2016-08-02,122.43000030517578,122.66999816894531,122.11000061035156,122.27999877929688,85.85223388671875,4526700
2016-08-03,122.52999877929688,122.6500015258789,122.18000030517578,122.44000244140625,85.96453094482422,6037600
2016-08-04,122.8499984741211,123.2300033569336,122.7300033569336,122.95999908447266,86.32966613769531,3413100
2016-08-05,122.87000274658203,122.95999908447266,122.41000366210938,122.45999908447266,85.97859954833984,3888300
2016-08-08,122.33999633789062,122.7699966430664,122.2300033569336,122.54000091552734,86.03478240966797,4161300
2016-08-09,122.87999725341797,123.31999969482422,122.75,123.26000213623047,86.540283203125,4259100
2016-08-10,123.5999984741211,123.72000122070312,123.27999877929688,123.61000061035156,86.78601837158203,6338800
2016-08-11,123.69999694824219,123.76000213623047,123.05999755859375,123.19999694824219,86.49818420410156,4227600
2016-08-12,123.76000213623047,124.05999755859375,123.68000030517578,123.76000213623047,86.89134216308594,6585200
2016-08-15,123.62000274658203,123.63999938964844,123.37999725341797,123.37999725341797,86.62454223632812,2980700
2016-08-16,123.5199966430664,123.52999877929688,123.11000061035156,123.16000366210938,86.47013092041016,4526300
2016-08-17,123.25,123.66000366210938,123.18000030517578,123.5,86.7087631225586,4566900
2016-08-18,123.73999786376953,123.94000244140625,123.5,123.80000305175781,86.91941833496094,4237900
2016-08-19,123.54000091552734,123.69999694824219,123.26000213623047,123.43000030517578,86.65963745117188,5272100
2016-08-22,123.83999633789062,123.97000122070312,123.63999938964844,123.8499984741211,86.95452117919922,5221000
2016-08-23,124.05000305175781,124.2300033569336,123.9000015258789,123.98999786376953,87.05279541015625,5398800
2016-08-24,124.16999816894531,124.25,123.9000015258789,123.91000366210938,86.99665069580078,3871200
2016-08-25,123.91999816894531,124.06999969482422,123.76000213623047,123.79000091552734,86.91239929199219,3679300
2016-08-26,124.05000305175781,124.44999694824219,123.31999969482422,123.4000015258789,86.6385498046875,3388100
2016-08-29,123.80000305175781,124.25,123.70999908447266,124.0999984741211,87.13005065917969,2668000
2016-08-30,124.08000183105469,124.0999984741211,123.80999755859375,123.94000244140625,87.01771545410156,10626500
2016-08-31,124.01000213623047,124.05000305175781,123.7699966430664,123.88999938964844,86.98255157470703,5300000
2016-09-01,123.19999694824219,123.62999725341797,123.08000183105469,123.56999969482422,86.9825439453125,10146300
2016-09-02,123.58000183105469,123.58999633789062,123.0999984741211,123.3499984741211,86.8277359008789,4155700
2016-09-06,123.47000122070312,123.9000015258789,123.18000030517578,123.77999877929688,87.13040161132812,6387400
2016-09-07,123.94999694824219,124.04000091552734,123.61000061035156,123.61000061035156,87.0107192993164,2983400
2016-09-08,123.25,123.4000015258789,122.66999816894531,122.73999786376953,86.39836120605469,4632300
2016-09-09,122.11000061035156,122.37999725341797,121.75,121.81999969482422,85.75079345703125,8136000
2016-09-12,121.72000122070312,122.05999755859375,121.55000305175781,121.83000183105469,85.7577896118164,5164100
2016-09-13,121.98999786376953,121.98999786376953,121.05000305175781,121.43000030517578,85.4761962890625,13637100
2016-09-14,121.48999786376953,121.72000122070312,121.3499984741211,121.51000213623047,85.53256225585938,4444000
2016-09-15,121.48999786376953,121.69999694824219,121.19999694824219,121.58999633789062,85.5888442993164,3441100
2016-09-16,121.75,121.81999969482422,121.5,121.7300033569336,85.68740844726562,6832400
2016-09-19,121.80999755859375,121.91000366210938,121.61000061035156,121.69000244140625,85.65922546386719,5997100
2016-09-20,121.9800033569336,122.20999908447266,121.80999755859375,121.8499984741211,85.7718505859375,5026100
2016-09-21,121.87999725341797,122.5,121.62000274658203,122.47000122070312,86.20829772949219,4651400
2016-09-22,122.72000122070312,123.11000061035156,122.69999694824219,122.97000122070312,86.56024932861328,8544300
2016-09-23,122.95999908447266,123.04000091552734,122.83999633789062,122.87999725341797,86.49688720703125,6284600
2016-09-26,122.94999694824219,123.20999908447266,122.9000015258789,123.06999969482422,86.63066864013672,5027000
2016-09-27,123.33999633789062,123.44000244140625,123.06999969482422,123.37000274658203,86.84184265136719,4571800
2016-09-28,123.48999786376953,123.51000213623047,123.25,123.44999694824219,86.89813995361328,8094600
2016-09-29,123.19000244140625,123.44000244140625,123.08000183105469,123.4000015258789,86.86292266845703,5409100
2016-09-30,123.44999694824219,123.44999694824219,122.83999633789062,123.18000030517578,86.70806884765625,5224600
2016-10-03,122.91999816894531,122.94999694824219,122.51000213623047,122.51000213623047,86.46247863769531,5555900
2016-10-04,122.43000030517578,122.56999969482422,121.94000244140625,121.94000244140625,86.0601806640625,6890100
2016-10-05,122.04000091552734,122.1500015258789,121.66999816894531,121.80999755859375,85.96843719482422,4168600
2016-10-06,121.80999755859375,122.12999725341797,121.6500015258789,121.81999969482422,85.9754867553711,5909300
2016-10-07,121.98999786376953,122.19999694824219,121.69000244140625,122.11000061035156,86.18013763427734,2545900
2016-10-10,122.11000061035156,122.12000274658203,121.7699966430664,122.11000061035156,86.18013763427734,2246100
2016-10-11,121.75,122.01000213623047,121.69000244140625,121.7300033569336,85.91197204589844,3416600
2016-10-12,121.80000305175781,121.93000030517578,121.58000183105469,121.88999938964844,86.0248794555664,2327800
2016-10-13,122.0999984741211,122.33000183105469,122.05999755859375,122.19000244140625,86.23663330078125,4204300
2016-10-14,121.86000061035156,122.0999984741211,121.61000061035156,121.62000274658203,85.83430480957031,2208900
2016-10-17,121.80000305175781,122.06999969482422,121.80000305175781,122.0199966430664,86.11660766601562,2698800
2016-10-18,121.91999816894531,122.31999969482422,121.91000366210938,122.31999969482422,86.3283920288086,2944100
2016-10-19,122.23999786376953,122.56999969482422,122.16000366210938,122.4800033569336,86.4413070678711,5010500
2016-10-20,122.7699966430664,122.7699966430664,122.41999816894531,122.44000244140625,86.41307067871094,2646800
2016-10-21,122.5199966430664,122.58000183105469,122.30000305175781,122.51000213623047,86.46247863769531,3502500
2016-10-24,122.55000305175781,122.55000305175781,122.0199966430664,122.16000366210938,86.21546936035156,3816500
2016-10-25,122.08999633789062,122.29000091552734,121.9800033569336,122.06999969482422,86.1519546508789,6611600
2016-10-26,121.87999725341797,121.91999816894531,121.55000305175781,121.55999755859375,85.79202270507812,10256000
2016-10-27,121.31999969482422,121.31999969482422,120.7300033569336,121.01000213623047,85.4038314819336,11643100
2016-10-28,120.94999694824219,121.13999938964844,120.83999633789062,120.87000274658203,85.30503845214844,5629800
2016-10-31,121.16000366210938,121.19999694824219,120.94000244140625,120.9800033569336,85.38263702392578,5377300
2016-11-01,120.43000030517578,120.66999816894531,120.18000030517578,120.51000213623047,85.27508544921875,9303000
2016-11-02,120.5999984741211,120.80999755859375,120.51000213623047,120.69000244140625,85.40245056152344,4798100
2016-11-03,120.51000213623047,120.61000061035156,120.36000061035156,120.44999694824219,85.2326431274414,6320500
2016-11-04,120.62999725341797,120.9000015258789,120.62999725341797,120.80999755859375,85.48736572265625,4242900
2016-11-07,120.68000030517578,120.7699966430664,120.55999755859375,120.7300033569336,85.43075561523438,4352400
2016-11-08,120.69000244140625,120.77999877929688,120.33000183105469,120.45999908447266,85.23970031738281,3632400
2016-11-09,119.47000122070312,119.69000244140625,118.51000213623047,118.69000244140625,83.98725128173828,9216200
2016-11-10,118.51000213623047,119.08000183105469,118.41000366210938,118.58999633789062,83.91648864746094,9063900
2016-11-11,118.54000091552734,118.6500015258789,118.0199966430664,118.08000183105469,83.55557250976562,6011900
2016-11-14,117.31999969482422,118.01000213623047,117.18000030517578,117.47000122070312,83.1239242553711,7148700
2016-11-15,117.66000366210938,118.05000305175781,117.56999969482422,117.83000183105469,83.37871551513672,4840300
2016-11-16,117.69000244140625,118.05999755859375,117.6500015258789,118.0,83.49898529052734,5417800
2016-11-17,117.70999908447266,117.77999877929688,117.12000274658203,117.25,82.96826934814453,6106200
2016-11-18,117.41000366210938,117.44999694824219,116.5199966430664,116.58999633789062,82.50129699707031,9801400
2016-11-21,116.79000091552734,116.94999694824219,116.58999633789062,116.70999908447266,82.58613586425781,5077200
2016-11-22,117.0999984741211,117.11000061035156,116.77999877929688,117.01000213623047,82.79842376708984,3693100
2016-11-23,116.30000305175781,116.76000213623047,116.04000091552734,116.58000183105469,82.49417114257812,6098300
2016-11-25,116.87000274658203,116.87000274658203,116.45999908447266,116.58999633789062,82.50129699707031,876100
2016-11-28,116.97000122070312,117.16999816894531,116.87000274658203,117.12000274658203,82.87628173828125,3125200
2016-11-29,117.04000091552734,117.31999969482422,116.94999694824219,117.27999877929688,82.989501953125,3926200
2016-11-30,116.55999755859375,116.93000030517578,116.4800033569336,116.83999633789062,82.67810821533203,11333400
2016-12-01,115.9800033569336,116.16000366210938,115.5999984741211,115.87000274658203,82.21481323242188,11597800
2016-12-02,116.16000366210938,116.69000244140625,116.16000366210938,116.4000015258789,82.59088897705078,7533500
2016-12-05,116.27999877929688,116.87000274658203,116.11000061035156,116.6500015258789,82.76825714111328,4107500
2016-12-06,116.69999694824219,116.77999877929688,116.61000061035156,116.63999938964844,82.76114654541016,9040100
2016-12-07,116.91000366210938,117.2699966430664,116.86000061035156,117.12999725341797,83.10882568359375,8069200
2016-12-08,116.81999969482422,116.8499984741211,116.56999969482422,116.6500015258789,82.76825714111328,5941700
2016-12-09,116.54000091552734,116.69999694824219,116.05000305175781,116.19999694824219,82.44898223876953,8875100
2016-12-12,116.05999755859375,116.22000122070312,115.87000274658203,116.08999633789062,82.37093353271484,7302800
2016-12-13,116.56999969482422,116.56999969482422,116.13999938964844,116.3499984741211,82.55540466308594,6232700
2016-12-14,116.87000274658203,116.87000274658203,115.58000183105469,115.61000061035156,82.03031158447266,6133700
2016-12-15,115.83999633789062,116.05000305175781,115.55999755859375,115.69000244140625,82.08707427978516,9352800
2016-12-16,115.87000274658203,116.0,115.55000305175781,115.5999984741211,82.02322387695312,7852000
2016-12-19,116.19999694824219,116.22000122070312,115.94999694824219,116.16000366210938,82.42053985595703,5777400
2016-12-20,115.93000030517578,116.12999725341797,115.81999969482422,116.08999633789062,82.37093353271484,3750000
2016-12-21,116.12000274658203,116.4800033569336,116.12000274658203,116.45999908447266,82.63345336914062,4199600
2016-12-22,115.98999786376953,116.20999908447266,115.88999938964844,116.1500015258789,82.63909912109375,3773400
2016-12-23,116.23999786376953,116.37999725341797,116.22000122070312,116.33000183105469,82.76716613769531,1291700
2016-12-27,116.0999984741211,116.16999816894531,116.0,116.12000274658203,82.6177978515625,2542800
2016-12-28,116.33000183105469,116.68000030517578,116.12999725341797,116.55000305175781,82.92372131347656,1731700
2016-12-29,116.79000091552734,117.13999938964844,116.66000366210938,117.0,83.24388885498047,3309500
2016-12-30,117.0,117.36000061035156,116.94999694824219,117.18000030517578,83.37196350097656,2388400
2017-01-03,116.94999694824219,117.4000015258789,116.5199966430664,117.27999877929688,83.44306945800781,5822600
2017-01-04,117.52999877929688,117.68000030517578,117.33000183105469,117.68000030517578,83.72771453857422,4999200
2017-01-05,117.80000305175781,118.33999633789062,117.70999908447266,118.30999755859375,84.17593383789062,7071100
2017-01-06,117.87000274658203,117.9800033569336,117.62000274658203,117.69000244140625,83.73484802246094,4496000
2017-01-09,118.01000213623047,118.06999969482422,117.87000274658203,117.91999816894531,83.89849090576172,3561400
2017-01-10,117.91999816894531,117.97000122070312,117.7699966430664,117.8499984741211,83.84867858886719,4259600
2017-01-11,117.9000015258789,118.38999938964844,117.69000244140625,118.02999877929688,83.97673034667969,7133600
2017-01-12,118.41999816894531,118.43000030517578,118.01000213623047,118.0199966430664,83.96958923339844,3922600
2017-01-13,117.81999969482422,117.97000122070312,117.38999938964844,117.77999877929688,83.798828125,4045300
2017-01-17,118.43000030517578,118.54000091552734,118.0999984741211,118.29000091552734,84.16173553466797,8443000
2017-01-18,117.94999694824219,118.01000213623047,117.41999816894531,117.51000213623047,83.60673522949219,6026200
2017-01-19,117.30000305175781,117.3499984741211,116.91999816894531,117.11000061035156,83.3221664428711,3371300
2017-01-20,117.12999725341797,117.36000061035156,116.9000015258789,117.31999969482422,83.4715576171875,4570600
2017-01-23,117.54000091552734,118.05000305175781,117.31999969482422,117.86000061035156,83.85576629638672,8747800
2017-01-24,117.66999816894531,117.76000213623047,117.33999633789062,117.51000213623047,83.60673522949219,5129700
2017-01-25,117.16999816894531,117.25,116.86000061035156,117.05999755859375,83.28658294677734,5886400
2017-01-26,117.05999755859375,117.25,116.81999969482422,117.19999694824219,83.3862075805664,4033200
2017-01-27,117.3499984741211,117.41999816894531,117.22000122070312,117.33999633789062,83.48578643798828,3816700
2017-01-30,117.29000091552734,117.33999633789062,117.0999984741211,117.13999938964844,83.34353637695312,3651000
2017-01-31,117.18000030517578,117.55999755859375,117.08000183105469,117.3499984741211,83.49291229248047,4982500
2017-02-01,116.77999877929688,117.05000305175781,116.52999877929688,116.88999938964844,83.39015197753906,3626900
2017-02-02,117.13999938964844,117.29000091552734,116.87999725341797,116.91999816894531,83.41159057617188,7145600
2017-02-03,117.26000213623047,117.43000030517578,116.80000305175781,117.05000305175781,83.50434112548828,5243200
2017-02-06,117.43000030517578,117.52999877929688,117.16999816894531,117.41999816894531,83.76826477050781,4494500
2017-02-07,117.41999816894531,117.83000183105469,117.29000091552734,117.62000274658203,83.91098022460938,3228900
2017-02-08,118.01000213623047,118.13999938964844,117.83999633789062,118.02999877929688,84.20345306396484,6287200
2017-02-09,118.02999877929688,118.02999877929688,117.4800033569336,117.55999755859375,83.86817932128906,4692700
2017-02-10,117.3499984741211,117.62000274658203,117.26000213623047,117.52999877929688,83.84678649902344,4881600
2017-02-13,117.41000366210938,117.4800033569336,117.26000213623047,117.4800033569336,83.81111145019531,3723500
2017-02-14,117.5199966430664,117.5199966430664,116.80999755859375,117.19999694824219,83.6113510131836,4404100
2017-02-15,116.94999694824219,117.11000061035156,116.87000274658203,117.11000061035156,83.54715728759766,3632700
2017-02-16,117.31999969482422,117.56999969482422,117.20999908447266,117.44000244140625,83.78256225585938,4037700
2017-02-17,117.86000061035156,117.87000274658203,117.62999725341797,117.73999786376953,83.99657440185547,3104800
2017-02-21,117.56999969482422,117.91999816894531,117.5,117.79000091552734,84.03227233886719,3656200
2017-02-22,118.05000305175781,118.16999816894531,117.54000091552734,117.87999725341797,84.09645080566406,4259100
2017-02-23,118.16000366210938,118.20999908447266,118.05000305175781,118.18000030517578,84.31047821044922,4247900
2017-02-24,118.62000274658203,118.87000274658203,118.44000244140625,118.77999877929688,84.7385482788086,5388800
2017-02-27,118.76000213623047,118.76000213623047,118.45999908447266,118.5,84.53876495361328,5083400
2017-02-28,118.62000274658203,118.77999877929688,118.5,118.58000183105469,84.5958480834961,4290600
2017-03-01,117.61000061035156,117.62000274658203,117.38999938964844,117.55999755859375,84.09581756591797,6524600
2017-03-02,117.44999694824219,117.4800033569336,117.25,117.37999725341797,83.96702575683594,4687900
2017-03-03,117.5199966430664,117.52999877929688,117.12999725341797,117.5,84.05289459228516,4926300
2017-03-06,117.4800033569336,117.5,117.20999908447266,117.29000091552734,83.90264892578125,3464400
2017-03-07,117.01000213623047,117.12999725341797,116.5999984741211,116.70999908447266,83.4877700805664,5999600
2017-03-08,116.4800033569336,116.4800033569336,116.16000366210938,116.3499984741211,83.23025512695312,7933300
2017-03-09,115.98999786376953,116.0199966430664,115.66000366210938,115.72000122070312,82.77960968017578,5497200
2017-03-10,116.06999969482422,116.06999969482422,115.76000213623047,116.01000213623047,82.98702239990234,4789100
2017-03-13,115.9000015258789,116.0,115.62000274658203,115.62000274658203,82.70803833007812,3171600
2017-03-14,115.70999908447266,115.80000305175781,115.62999725341797,115.72000122070312,82.77960968017578,3598500
2017-03-15,116.04000091552734,116.80999755859375,115.91000366210938,116.72000122070312,83.49491882324219,7841600
2017-03-16,116.7300033569336,116.73999786376953,116.5,116.55000305175781,83.37335205078125,3116900
2017-03-17,116.75,116.91999816894531,116.68000030517578,116.81999969482422,83.56644439697266,4440500
2017-03-20,116.86000061035156,117.12999725341797,116.81999969482422,117.08999633789062,83.75956726074219,2939600
2017-03-21,117.0999984741211,117.47000122070312,117.02999877929688,117.37999725341797,83.96702575683594,5032300
2017-03-22,117.70999908447266,117.80000305175781,117.47000122070312,117.68000030517578,84.18167114257812,3905800
2017-03-23,117.76000213623047,117.77999877929688,117.44999694824219,117.5999984741211,84.12442779541016,4504900
2017-03-24,117.5199966430664,117.81999969482422,117.5199966430664,117.72000122070312,84.21025848388672,3158300
2017-03-27,118.08999633789062,118.08999633789062,117.80000305175781,117.97000122070312,84.38911437988281,3492100
2017-03-28,117.93000030517578,118.08999633789062,117.69000244140625,117.72000122070312,84.21025848388672,4834900
2017-03-29,117.91999816894531,118.0999984741211,117.81999969482422,118.0999984741211,84.48211669921875,3457100
2017-03-30,117.93000030517578,118.04000091552734,117.73999786376953,117.79000091552734,84.26036071777344,2667700
2017-03-31,117.87000274658203,117.94000244140625,117.79000091552734,117.91000366210938,84.34619140625,5772300
2017-04-03,117.63999938964844,118.12000274658203,117.61000061035156,118.12000274658203,84.72491455078125,3713700
2017-04-04,117.98999786376953,118.02999877929688,117.80999755859375,117.80999755859375,84.50252532958984,3016200
2017-04-05,117.87999725341797,118.06999969482422,117.69999694824219,117.95999908447266,84.61013793945312,6753900
2017-04-06,118.08000183105469,118.12000274658203,117.80999755859375,118.06999969482422,84.6890640258789,2012600
2017-04-07,118.33999633789062,118.44000244140625,117.75,117.77999877929688,84.48102569580078,2121700
2017-04-10,117.98999786376953,118.1500015258789,117.91000366210938,118.0,84.63886260986328,2766200
2017-04-11,118.26000213623047,118.62000274658203,118.26000213623047,118.55000305175781,85.03337097167969,3534200
2017-04-12,118.80999755859375,118.94000244140625,118.51000213623047,118.94000244140625,85.3130874633789,2886300
2017-04-13,119.05999755859375,119.20999908447266,118.88999938964844,119.13999938964844,85.45648956298828,3286700
2017-04-17,119.19000244140625,119.20999908447266,118.8499984741211,118.91000366210938,85.29156494140625,2933700
2017-04-18,119.27999877929688,119.66000366210938,119.1500015258789,119.61000061035156,85.79364013671875,3616800
2017-04-19,119.37000274658203,119.43000030517578,119.16000366210938,119.25,85.53544616699219,1839400
2017-04-20,119.0999984741211,119.19000244140625,118.9000015258789,119.08000183105469,85.41350555419922,3264000
2017-04-21,119.27999877929688,119.29000091552734,119.06999969482422,119.08000183105469,85.41350555419922,3892400
2017-04-24,118.93000030517578,119.02999877929688,118.73999786376953,118.91999816894531,85.29872131347656,3193400
2017-04-25,118.75,118.80999755859375,118.41000366210938,118.44999694824219,84.96160888671875,3541100
2017-04-26,118.47000122070312,118.77999877929688,118.44000244140625,118.73999786376953,85.16962432861328,3320400
2017-04-27,118.73999786376953,118.94000244140625,118.61000061035156,118.8499984741211,85.2485122680664,4391000
2017-04-28,118.70999908447266,119.01000213623047,118.5999984741211,118.98999786376953,85.34891510009766,4478000
2017-05-01,118.56999969482422,118.70999908447266,118.18000030517578,118.30000305175781,85.08425903320312,3479800
2017-05-02,118.36000061035156,118.68000030517578,118.29000091552734,118.6500015258789,85.33599090576172,2858200
2017-05-03,118.87000274658203,118.9000015258789,118.5,118.58999633789062,85.2928237915039,2854900
2017-05-04,118.25,118.36000061035156,118.16999816894531,118.36000061035156,85.12743377685547,1540100
2017-05-05,118.37999725341797,118.4000015258789,118.12999725341797,118.4000015258789,85.15618133544922,2887300
2017-05-08,118.37000274658203,118.37000274658203,118.0999984741211,118.19000244140625,85.00518035888672,3886500
2017-05-09,118.12000274658203,118.20999908447266,118.05000305175781,118.20999908447266,85.01953887939453,3012400
2017-05-10,118.52999877929688,118.52999877929688,118.2300033569336,118.37000274658203,85.13465118408203,4282600
2017-05-11,118.19999694824219,118.47000122070312,118.1500015258789,118.43000030517578,85.17772674560547,2263500
2017-05-12,118.80000305175781,119.05999755859375,118.77999877929688,119.02999877929688,85.60929107666016,3165000
2017-05-15,118.95999908447266,119.08000183105469,118.87999725341797,119.0199966430664,85.60211181640625,3752700
2017-05-16,119.08999633789062,119.36000061035156,119.05000305175781,119.19000244140625,85.72438049316406,3996400
2017-05-17,119.58999633789062,119.9800033569336,119.58999633789062,119.91999816894531,86.24940490722656,7304300
2017-05-18,119.91000366210938,119.94999694824219,119.69999694824219,119.9000015258789,86.23503875732422,4825400
2017-05-19,119.83000183105469,119.97000122070312,119.69999694824219,119.97000122070312,86.28540802001953,2907800
2017-05-22,119.87999725341797,119.93000030517578,119.80000305175781,119.87000274658203,86.21343231201172,2852900
2017-05-23,120.01000213623047,120.01000213623047,119.45999908447266,119.5,85.94734191894531,5154200
2017-05-24,119.56999969482422,119.76000213623047,119.37999725341797,119.69000244140625,86.08395385742188,5274800
2017-05-25,119.7699966430664,119.7699966430664,119.55000305175781,119.73999786376953,86.11995697021484,2806200
2017-05-26,119.81999969482422,119.91000366210938,119.72000122070312,119.83000183105469,86.18467712402344,2054800
2017-05-30,120.0,120.12000274658203,119.95999908447266,120.11000061035156,86.38601684570312,3898300
2017-05-31,120.11000061035156,120.26000213623047,120.0199966430664,120.25,86.48676300048828,4428500
2017-06-01,119.69000244140625,119.97000122070312,119.66999816894531,119.95999908447266,86.5055160522461,9430000
2017-06-02,120.45999908447266,120.58000183105469,120.30000305175781,120.5199966430664,86.90931701660156,5130100
2017-06-05,120.26000213623047,120.37000274658203,120.16999816894531,120.18000030517578,86.66414642333984,3198500
2017-06-06,120.66000366210938,120.66000366210938,120.44999694824219,120.52999877929688,86.91656494140625,1806700
2017-06-07,120.47000122070312,120.5999984741211,120.31999969482422,120.37999725341797,86.80838012695312,5702400
2017-06-08,120.38999938964844,120.38999938964844,120.0,120.16999816894531,86.65695190429688,3895200
2017-06-09,119.94999694824219,120.13999938964844,119.8499984741211,120.05000305175781,86.57037353515625,6884700
2017-06-12,119.95999908447266,120.27999877929688,119.91999816894531,120.08000183105469,86.59201049804688,4075100
2017-06-13,119.95999908447266,120.20999908447266,119.95999908447266,120.20999908447266,86.685791015625,4822000
2017-06-14,120.98999786376953,121.30999755859375,120.79000091552734,121.02999877929688,87.27708435058594,6852800
2017-06-15,120.87000274658203,120.87000274658203,120.58999633789062,120.73999786376953,87.06795501708984,6624700
2017-06-16,120.83999633789062,120.91000366210938,120.76000213623047,120.83999633789062,87.14008331298828,4314800
2017-06-19,120.8499984741211,120.8499984741211,120.62999725341797,120.69000244140625,87.03190612792969,7827700
2017-06-20,120.86000061035156,121.08000183105469,120.73999786376953,120.95999908447266,87.22664642333984,6906500
2017-06-21,120.94999694824219,121.08000183105469,120.83000183105469,121.0199966430664,87.2698745727539,5462700
2017-06-22,121.19000244140625,121.2300033569336,120.9800033569336,121.12000274658203,87.34199523925781,3520800
2017-06-23,121.11000061035156,121.19000244140625,121.05000305175781,121.18000030517578,87.38529968261719,5495700
2017-06-26,121.44999694824219,121.55999755859375,121.37000274658203,121.4000015258789,87.54389190673828,3808600
2017-06-27,121.12999725341797,121.1500015258789,120.81999969482422,120.8499984741211,87.14732360839844,4736500
2017-06-28,120.91000366210938,120.9800033569336,120.62999725341797,120.9800033569336,87.24104309082031,3933900
2017-06-29,120.37000274658203,120.70999908447266,120.33999633789062,120.61000061035156,86.97425079345703,6954200
2017-06-30,120.66000366210938,120.69000244140625,120.47000122070312,120.51000213623047,86.90213012695312,4567700
2017-07-03,120.33999633789062,120.33999633789062,119.93000030517578,119.93000030517578,86.71409606933594,5759500
2017-07-05,120.02999877929688,120.1500015258789,119.9000015258789,120.12999725341797,86.85877227783203,5406900
2017-07-06,119.77999877929688,119.88999938964844,119.5,119.81999969482422,86.63460540771484,11548000
2017-07-07,119.69999694824219,119.7699966430664,119.5999984741211,119.72000122070312,86.56230163574219,9803900
2017-07-10,119.88999938964844,119.94999694824219,119.73999786376953,119.91999816894531,86.70689392089844,2234500
2017-07-11,119.9000015258789,119.98999786376953,119.7300033569336,119.97000122070312,86.74309539794922,4340900
2017-07-12,120.5,120.62000274658203,120.37999725341797,120.5,87.12628936767578,6779600
2017-07-13,120.37999725341797,120.43000030517578,120.12000274658203,120.29000091552734,86.97439575195312,3977400
2017-07-14,120.72000122070312,120.80000305175781,120.37999725341797,120.56999969482422,87.17684173583984,5302000
2017-07-17,120.56999969482422,120.75,120.44999694824219,120.68000030517578,87.25642395019531,5899000
2017-07-18,121.05000305175781,121.19999694824219,120.91999816894531,121.19999694824219,87.63240051269531,4775300
2017-07-19,121.19000244140625,121.30000305175781,121.08999633789062,121.16000366210938,87.60347747802734,4144200
2017-07-20,121.41999816894531,121.47000122070312,121.19000244140625,121.2699966430664,87.68299102783203,1925200
2017-07-21,121.44000244140625,121.61000061035156,121.43000030517578,121.55000305175781,87.88545227050781,3634000
2017-07-24,121.47000122070312,121.5,121.30999755859375,121.41000366210938,87.78424072265625,2647900
2017-07-25,120.94000244140625,120.9800033569336,120.66000366210938,120.69000244140625,87.26362609863281,7043100
2017-07-26,120.68000030517578,121.19000244140625,120.63999938964844,121.08999633789062,87.5528335571289,9355500
2017-07-27,120.83999633789062,120.93000030517578,120.69999694824219,120.79000091552734,87.33595275878906,2769100
2017-07-28,120.83999633789062,121.11000061035156,120.79000091552734,121.11000061035156,87.56732940673828,2312200
2017-07-31,120.91000366210938,121.12000274658203,120.91000366210938,121.11000061035156,87.56732940673828,3689900
2017-08-01,120.62999725341797,121.2300033569336,120.56999969482422,121.2300033569336,87.88485717773438,7390500
2017-08-02,121.16999816894531,121.29000091552734,121.0,121.04000091552734,87.74710845947266,6728600
2017-08-03,121.11000061035156,121.2699966430664,121.08999633789062,121.20999908447266,87.87034606933594,6520500
2017-08-04,120.9000015258789,120.91999816894531,120.58000183105469,120.73999786376953,87.52957916259766,5095700
2017-08-07,120.75,120.83000183105469,120.58999633789062,120.7699966430664,87.55134582519531,10816400
2017-08-08,120.6500015258789,120.66999816894531,120.16999816894531,120.19000244140625,87.13088989257812,9992700
2017-08-09,120.56999969482422,120.62000274658203,120.30000305175781,120.30999755859375,87.21790313720703,7465800
2017-08-10,120.33999633789062,120.44000244140625,120.05999755859375,120.2699966430664,87.18888854980469,8053400
2017-08-11,120.30000305175781,120.51000213623047,120.08999633789062,120.48999786376953,87.3483657836914,10910500
2017-08-14,120.41999816894531,120.6500015258789,120.36000061035156,120.41000366210938,87.29039001464844,3051500
2017-08-15,120.16999816894531,120.3499984741211,120.11000061035156,120.2699966430664,87.18888854980469,4710000
2017-08-16,120.30000305175781,120.80000305175781,120.29000091552734,120.61000061035156,87.43537139892578,5190200
2017-08-17,120.5999984741211,120.83999633789062,120.4800033569336,120.7300033569336,87.52239990234375,8973800
2017-08-18,121.02999877929688,121.04000091552734,120.61000061035156,120.6500015258789,87.46437072753906,4350900
2017-08-21,120.83999633789062,120.87000274658203,120.72000122070312,120.81999969482422,87.587646484375,3666200
2017-08-22,120.77999877929688,120.79000091552734,120.63999938964844,120.69999694824219,87.5006332397461,2390100
2017-08-23,120.94999694824219,121.16999816894531,120.87000274658203,121.16000366210938,87.83411407470703,4590000
2017-08-24,121.0,121.12999725341797,120.88999938964844,120.93000030517578,87.66735076904297,2929800
2017-08-25,121.01000213623047,121.29000091552734,120.94999694824219,121.20999908447266,87.87034606933594,5488000
2017-08-28,121.18000030517578,121.26000213623047,121.0,121.20999908447266,87.87034606933594,5200500
2017-08-29,121.6500015258789,121.69999694824219,121.2300033569336,121.30000305175781,87.93556213378906,3499700
2017-08-30,121.29000091552734,121.4000015258789,121.23999786376953,121.4000015258789,88.008056640625,2573700
2017-08-31,121.45999908447266,121.66000366210938,121.44999694824219,121.61000061035156,88.16031646728516,4549400
2017-09-01,121.19000244140625,121.22000122070312,120.80000305175781,120.80999755859375,87.8114242553711,7946000
2017-09-05,121.22000122070312,121.66000366210938,121.16999816894531,121.55999755859375,88.35658264160156,7357000
2017-09-06,121.54000091552734,121.5999984741211,121.08000183105469,121.12999725341797,88.04399871826172,8863700
2017-09-07,121.37000274658203,121.80999755859375,121.3499984741211,121.5999984741211,88.38565826416016,7698800
2017-09-08,121.5199966430664,121.5199966430664,121.2300033569336,121.23999786376953,88.12393188476562,6776600
2017-09-11,120.98999786376953,121.19000244140625,120.8499984741211,120.87000274658203,87.85501098632812,4220300
2017-09-12,120.81999969482422,120.81999969482422,120.55000305175781,120.73999786376953,87.76055145263672,4615800
2017-09-13,120.81999969482422,120.83999633789062,120.5999984741211,120.62000274658203,87.6733169555664,5671300
2017-09-14,120.55999755859375,120.91999816894531,120.55999755859375,120.91999816894531,87.891357421875,4333500
2017-09-15,120.98999786376953,121.05000305175781,120.79000091552734,121.0199966430664,87.96405029296875,4631300
2017-09-18,120.95999908447266,120.9800033569336,120.76000213623047,120.9000015258789,87.8768539428711,4971700
2017-09-19,120.94999694824219,121.05999755859375,120.83999633789062,120.97000122070312,87.9277114868164,5296800
2017-09-20,121.06999969482422,121.08999633789062,120.54000091552734,120.81999969482422,87.81871795654297,6603300
2017-09-21,120.8499984741211,121.06999969482422,120.80999755859375,120.81999969482422,87.81871795654297,3410000
2017-09-22,121.05999755859375,121.12000274658203,120.9000015258789,120.9800033569336,87.93498992919922,2099200
2017-09-25,121.12000274658203,121.45999908447266,121.06999969482422,121.43000030517578,88.26206970214844,3489900
2017-09-26,121.30000305175781,121.45999908447266,121.20999908447266,121.41000366210938,88.24751281738281,10290700
2017-09-27,120.8499984741211,121.01000213623047,120.63999938964844,120.94000244140625,87.90592956542969,6695500
2017-09-28,120.79000091552734,121.13999938964844,120.75,121.12000274658203,88.03675079345703,6350800
2017-09-29,121.19999694824219,121.30000305175781,120.94999694824219,121.2300033569336,88.11670684814453,7627300
2017-10-02,120.95999908447266,121.11000061035156,120.7699966430664,121.0199966430664,88.19903564453125,7218100
2017-10-03,120.9800033569336,121.29000091552734,120.91999816894531,121.29000091552734,88.39580535888672,7569400
2017-10-04,121.30000305175781,121.30000305175781,120.9800033569336,121.22000122070312,88.34481811523438,5376300
2017-10-05,121.1500015258789,121.1500015258789,120.91999816894531,121.05000305175781,88.22093963623047,3932800
2017-10-06,120.68000030517578,120.98999786376953,120.56999969482422,120.94999694824219,88.14802551269531,5901300
2017-10-09,121.0199966430664,121.06999969482422,120.87000274658203,121.05000305175781,88.22093963623047,1312200
2017-10-10,121.08999633789062,121.4000015258789,121.05000305175781,121.12999725341797,88.27919006347656,3873400
2017-10-11,121.30999755859375,121.30999755859375,121.0,121.06999969482422,88.23550415039062,7170900
2017-10-12,121.11000061035156,121.19000244140625,120.94999694824219,121.0999984741211,88.25736236572266,10302500
2017-10-13,121.56999969482422,121.6500015258789,121.4000015258789,121.58000183105469,88.60716247558594,5755800
2017-10-16,121.54000091552734,121.55999755859375,121.29000091552734,121.41000366210938,88.4832992553711,4886100
2017-10-17,121.2699966430664,121.48999786376953,121.26000213623047,121.38999938964844,88.46870422363281,4476900
2017-10-18,121.0999984741211,121.29000091552734,121.04000091552734,121.20999908447266,88.33750915527344,3272500
2017-10-19,121.55000305175781,121.55000305175781,121.30000305175781,121.38999938964844,88.46870422363281,4143300
2017-10-20,120.9800033569336,121.16000366210938,120.9000015258789,121.05999755859375,88.22821807861328,7280400
2017-10-23,121.23999786376953,121.30999755859375,121.13999938964844,121.18000030517578,88.31568908691406,2675800
2017-10-24,120.87999725341797,121.05999755859375,120.8499984741211,120.87999725341797,88.09703063964844,4686200
2017-10-25,120.58000183105469,120.63999938964844,120.4000015258789,120.55999755859375,87.86382293701172,8866600
2017-10-26,120.80000305175781,120.80000305175781,120.54000091552734,120.55000305175781,87.85652923583984,9420100
2017-10-27,120.70999908447266,120.94999694824219,120.68000030517578,120.91000366210938,88.1188735961914,6915900
2017-10-30,120.70999908447266,121.3499984741211,120.70999908447266,121.30999755859375,88.41038513183594,5236600
2017-10-31,121.36000061035156,121.36000061035156,121.12000274658203,121.13999938964844,88.28652954101562,5932800
2017-11-01,121.05000305175781,121.1500015258789,120.8499984741211,121.01000213623047,88.42609405517578,5967400
2017-11-02,121.1500015258789,121.1500015258789,120.9000015258789,120.98999786376953,88.4114761352539,13253900
2017-11-03,121.0999984741211,121.19000244140625,120.91000366210938,121.12999725341797,88.51377868652344,5307500
2017-11-06,121.19000244140625,121.25,121.05000305175781,121.16000366210938,88.53570556640625,9576900
2017-11-07,121.0199966430664,121.11000061035156,120.95999908447266,121.05999755859375,88.46263122558594,7643200
2017-11-08,121.08000183105469,121.11000061035156,120.87999725341797,120.9000015258789,88.34571838378906,7185500
2017-11-09,120.61000061035156,120.75,120.51000213623047,120.58000183105469,88.11186981201172,7232300
2017-11-10,120.08999633789062,120.1500015258789,119.77999877929688,119.88999938964844,87.607666015625,5816600
2017-11-13,120.0999984741211,120.12000274658203,119.91000366210938,119.91000366210938,87.62228393554688,3646400
2017-11-14,119.9800033569336,120.0999984741211,119.87999725341797,119.94000244140625,87.64421081542969,6112500
2017-11-15,120.06999969482422,120.4800033569336,119.8499984741211,120.44999694824219,88.01688385009766,7141900
2017-11-16,120.36000061035156,120.5199966430664,120.2699966430664,120.30999755859375,87.91455841064453,5051200
2017-11-17,120.51000213623047,120.58000183105469,120.37999725341797,120.45999908447266,88.02421569824219,5521500
2017-11-20,120.41999816894531,120.5999984741211,120.37999725341797,120.45999908447266,88.02421569824219,3190600
2017-11-21,120.9000015258789,120.94000244140625,120.66999816894531,120.86000061035156,88.31646728515625,4372100
2017-11-22,121.05000305175781,121.37000274658203,120.9800033569336,121.33000183105469,88.65990447998047,4111500
2017-11-24,121.25,121.37000274658203,121.16999816894531,121.19000244140625,88.5576171875,1359700
2017-11-27,121.16000366210938,121.26000213623047,121.04000091552734,121.12000274658203,88.50647735595703,6049200
2017-11-28,121.23999786376953,121.38999938964844,121.16999816894531,121.29000091552734,88.63068389892578,5176400
2017-11-29,120.80999755859375,120.87000274658203,120.62000274658203,120.80999755859375,88.27996826171875,7606300
2017-11-30,120.93000030517578,120.94000244140625,120.47000122070312,120.66999816894531,88.1775894165039,6119600
2017-12-01,120.80999755859375,121.37999725341797,120.4000015258789,120.72000122070312,88.45021057128906,13958300
2017-12-04,120.77999877929688,120.91999816894531,120.58000183105469,120.91000366210938,88.58940124511719,5766700
2017-12-05,121.0,121.16999816894531,120.83000183105469,121.13999938964844,88.75790405273438,4541900
2017-12-06,121.4800033569336,121.54000091552734,121.33999633789062,121.37000274658203,88.92646026611328,4801500
2017-12-07,121.48999786376953,121.56999969482422,120.94000244140625,121.12999725341797,88.75059509277344,8295200
2017-12-08,121.0199966430664,121.11000061035156,120.91000366210938,120.9800033569336,88.64069366455078,5135100
2017-12-11,121.08999633789062,121.22000122070312,121.02999877929688,121.06999969482422,88.70663452148438,4521500
2017-12-12,120.94999694824219,120.98999786376953,120.77999877929688,120.9800033569336,88.64069366455078,10153000
2017-12-13,121.18000030517578,121.54000091552734,121.08999633789062,121.4000015258789,88.94844055175781,7205800
2017-12-14,121.29000091552734,121.66000366210938,121.22000122070312,121.62000274658203,89.1095962524414,8022200
2017-12-15,121.69999694824219,121.8499984741211,121.48999786376953,121.79000091552734,89.23418426513672,5846000
2017-12-18,121.72000122070312,121.7699966430664,121.41000366210938,121.43000030517578,88.97039031982422,6371100
2017-12-19,121.16999816894531,121.19000244140625,120.6500015258789,120.80999755859375,88.51616668701172,6029200
2017-12-20,120.55000305175781,120.69999694824219,120.4000015258789,120.48999786376953,88.28165435791016,9805700
2017-12-21,120.29000091552734,120.58999633789062,120.2699966430664,120.55999755859375,88.51957702636719,6210400
2017-12-22,120.56999969482422,120.66999816894531,120.48999786376953,120.6500015258789,88.58566284179688,2934900
2017-12-26,120.68000030517578,120.86000061035156,120.5999984741211,120.80999755859375,88.70313262939453,1873000
2017-12-27,121.08000183105469,121.48999786376953,120.94999694824219,121.4800033569336,89.195068359375,3179300
2017-12-28,121.47000122070312,121.4800033569336,121.22000122070312,121.4000015258789,89.13633728027344,2493200
2017-12-29,121.26000213623047,121.62999725341797,121.26000213623047,121.55999755859375,89.2538070678711,3003300
2018-01-02,121.31999969482422,121.45999908447266,120.5,120.75,88.65906524658203,8480600
2018-01-03,120.94000244140625,121.05000305175781,120.69999694824219,120.97000122070312,88.82061004638672,5087600
2018-01-04,120.77999877929688,121.01000213623047,120.7300033569336,120.93000030517578,88.79122924804688,7710100
2018-01-05,121.08999633789062,121.08999633789062,120.76000213623047,120.88999938964844,88.76183319091797,5796500
2018-01-08,121.0199966430664,121.02999877929688,120.7699966430664,120.87999725341797,88.75453186035156,3897200
2018-01-09,120.7300033569336,120.7699966430664,120.41999816894531,120.44000244140625,88.43143463134766,7621600
2018-01-10,120.05000305175781,120.6500015258789,119.91000366210938,120.5199966430664,88.49020385742188,6050500
2018-01-11,120.48999786376953,120.94999694824219,120.48999786376953,120.80999755859375,88.70313262939453,5192600
2018-01-12,120.5999984741211,120.91000366210938,120.55000305175781,120.83000183105469,88.71781921386719,4463000
2018-01-16,121.18000030517578,121.18000030517578,120.81999969482422,120.94000244140625,88.79857635498047,7410200
2018-01-17,120.95999908447266,121.0199966430664,120.48999786376953,120.61000061035156,88.5562744140625,11240700
2018-01-18,120.16999816894531,120.41000366210938,120.01000213623047,120.13999938964844,88.211181640625,6399400
2018-01-19,119.98999786376953,120.11000061035156,119.72000122070312,119.7699966430664,87.93953704833984,6797800
2018-01-22,119.7699966430664,120.0,119.62999725341797,119.66000366210938,87.85874938964844,5096700
2018-01-23,119.97000122070312,120.19000244140625,119.91000366210938,120.18000030517578,88.24055480957031,6144000
2018-01-24,119.94000244140625,120.12000274658203,119.83000183105469,120.0999984741211,88.18183898925781,5679000
2018-01-25,120.0199966430664,120.70999908447266,120.0,120.70999908447266,88.62973022460938,7042100
2018-01-26,120.62000274658203,120.62000274658203,120.33999633789062,120.55000305175781,88.51226806640625,6391300
2018-01-29,120.19999694824219,120.37999725341797,120.0,120.2300033569336,88.27725219726562,5732400
2018-01-30,120.0,120.08000183105469,119.69999694824219,119.81999969482422,87.97623443603516,6662600
2018-01-31,120.16999816894531,120.22000122070312,119.70999908447266,120.06999969482422,88.15979766845703,6751200
2018-02-01,119.91000366210938,119.95999908447266,119.13999938964844,119.22000122070312,87.7703857421875,12272400
2018-02-02,119.0,119.0,118.47000122070312,118.61000061035156,87.32125854492188,8681500
2018-02-05,118.23999786376953,119.33000183105469,118.22000122070312,118.68000030517578,87.37281799316406,14486000
2018-02-06,118.58999633789062,118.81999969482422,118.38999938964844,118.44000244140625,87.19612884521484,10467500
2018-02-07,118.80000305175781,118.8499984741211,118.08000183105469,118.11000061035156,86.95314025878906,8862300
2018-02-08,117.94000244140625,118.0999984741211,117.55999755859375,117.5999984741211,86.57769775390625,10957000
2018-02-09,117.44999694824219,117.47000122070312,117.19999694824219,117.22000122070312,86.2979507446289,8719000
2018-02-12,117.29000091552734,117.62000274658203,117.19999694824219,117.22000122070312,86.2979507446289,7814800
2018-02-13,117.08999633789062,117.20999908447266,116.79000091552734,117.18000030517578,86.26847839355469,8730500
2018-02-14,116.80999755859375,117.0,116.66000366210938,116.75,85.9519271850586,11013300
2018-02-15,117.18000030517578,117.45999908447266,117.05999755859375,117.30000305175781,86.35680389404297,4953400
2018-02-16,117.58000183105469,117.76000213623047,117.45999908447266,117.6500015258789,86.61453247070312,6319800
2018-02-20,117.3499984741211,117.41000366210938,117.12999725341797,117.1500015258789,86.24639129638672,8786200
2018-02-21,117.19999694824219,117.30999755859375,116.44000244140625,116.51000213623047,85.77523040771484,6387200
2018-02-22,116.83999633789062,117.06999969482422,116.63999938964844,116.66999816894531,85.89299011230469,7227100
2018-02-23,117.05000305175781,117.23999786376953,116.87999725341797,117.20999908447266,86.2905502319336,8005600
2018-02-26,117.58999633789062,117.75,117.33000183105469,117.36000061035156,86.40099334716797,5072000
2018-02-27,117.51000213623047,117.5199966430664,116.69999694824219,116.8499984741211,86.0255355834961,7279500
2018-02-28,117.01000213623047,117.16000366210938,116.94999694824219,117.06999969482422,86.18748474121094,7963400
2018-03-01,116.55999755859375,116.80999755859375,116.37000274658203,116.62000274658203,86.09892272949219,11679100
2018-03-02,116.36000061035156,116.48999786376953,116.19000244140625,116.25,85.82575225830078,5335000
2018-03-05,116.51000213623047,116.58000183105469,116.0999984741211,116.20999908447266,85.79623413085938,10168400
2018-03-06,116.63999938964844,116.68000030517578,116.29000091552734,116.30999755859375,85.87003326416016,8363400
2018-03-07,116.5,116.52999877929688,116.2300033569336,116.2699966430664,85.84049987792969,4070400
2018-03-08,116.48999786376953,116.69999694824219,116.33999633789062,116.5,86.01033020019531,6410000
2018-03-09,116.31999969482422,116.37000274658203,116.04000091552734,116.08999633789062,85.70759582519531,7773800
2018-03-12,116.19000244140625,116.27999877929688,116.0999984741211,116.23999786376953,85.8183364868164,8555600
2018-03-13,116.3499984741211,116.4000015258789,116.11000061035156,116.25,85.82575225830078,8625900
2018-03-14,116.2699966430664,116.69999694824219,116.26000213623047,116.51000213623047,86.0177001953125,5765700
2018-03-15,116.4800033569336,116.70999908447266,116.44000244140625,116.62999725341797,86.10626983642578,5268200
2018-03-16,116.41000366210938,116.83000183105469,116.36000061035156,116.76000213623047,86.20227813720703,10754700
2018-03-19,116.5,116.5999984741211,116.36000061035156,116.37000274658203,85.91434478759766,8095300
2018-03-20,116.02999877929688,116.19000244140625,115.91999816894531,115.95999908447266,85.61161804199219,6445000
2018-03-21,115.76000213623047,116.2300033569336,115.5199966430664,115.88999938964844,85.5599365234375,7312600
2018-03-22,116.19000244140625,116.29000091552734,115.98999786376953,116.08999633789062,85.70759582519531,10966600
2018-03-23,115.97000122070312,116.02999877929688,115.70999908447266,115.72000122070312,85.43443298339844,6120800
2018-03-26,116.05999755859375,116.19999694824219,116.0,116.12999725341797,85.73714447021484,5834800
2018-03-27,116.05999755859375,116.62000274658203,116.05999755859375,116.55000305175781,86.04723358154297,5000200
2018-03-28,116.77999877929688,116.9800033569336,116.66000366210938,116.86000061035156,86.27608489990234,4771600
2018-03-29,117.11000061035156,117.47000122070312,116.94999694824219,117.38999938964844,86.66737365722656,5930800
2018-04-02,116.9000015258789,117.06999969482422,116.72000122070312,116.98999786376953,86.62076568603516,4393500
2018-04-03,116.94000244140625,116.94000244140625,116.62999725341797,116.68000030517578,86.39120483398438,3773500
2018-04-04,116.7300033569336,116.86000061035156,116.63999938964844,116.68000030517578,86.39120483398438,5259600
2018-04-05,116.61000061035156,116.75,116.5,116.72000122070312,86.42082977294922,5171000
2018-04-06,116.93000030517578,117.06999969482422,116.80999755859375,117.06999969482422,86.67996215820312,4772500
2018-04-09,116.8499984741211,117.18000030517578,116.8499984741211,117.12999725341797,86.7243881225586,3611300
2018-04-10,117.20999908447266,117.44000244140625,117.01000213623047,117.16000366210938,86.74661254882812,5201300
2018-04-11,117.36000061035156,117.4000015258789,117.11000061035156,117.23999786376953,86.80585479736328,2483800
2018-04-12,117.12000274658203,117.19999694824219,116.9000015258789,116.91999816894531,86.56890106201172,2588100
2018-04-13,116.83999633789062,117.05999755859375,116.83999633789062,116.95999908447266,86.59854125976562,4427800
2018-04-16,116.75,116.98999786376953,116.70999908447266,116.97000122070312,86.60591125488281,2323600
2018-04-17,116.9800033569336,117.1500015258789,116.91000366210938,116.9800033569336,86.61334991455078,6702900
2018-04-18,116.94000244140625,116.94999694824219,116.36000061035156,116.37999725341797,86.16907501220703,6888000
2018-04-19,116.04000091552734,116.06999969482422,115.76000213623047,115.94000244140625,85.84332275390625,4058600
2018-04-20,115.79000091552734,115.83000183105469,115.45999908447266,115.47000122070312,85.49529266357422,4679700
2018-04-23,115.44000244140625,115.47000122070312,115.25,115.41999816894531,85.45832061767578,4380000
2018-04-24,115.30999755859375,115.44000244140625,114.98999786376953,115.08000183105469,85.20658111572266,5984700
2018-04-25,114.81999969482422,114.83999633789062,114.55000305175781,114.72000122070312,84.94001007080078,3756100
2018-04-26,115.0199966430664,115.18000030517578,114.91999816894531,115.05999755859375,85.19173431396484,6027200
2018-04-27,115.25,115.37000274658203,115.22000122070312,115.31999969482422,85.38423156738281,3369800
2018-04-30,115.37000274658203,115.45999908447266,115.16999816894531,115.22000122070312,85.31021118164062,6388500
2018-05-01,114.83000183105469,114.87000274658203,114.48999786376953,114.58000183105469,85.07930755615234,6051500
2018-05-02,114.7300033569336,114.75,114.48999786376953,114.48999786376953,85.012451171875,3608100
2018-05-03,114.7699966430664,114.81999969482422,114.47000122070312,114.51000213623047,85.02726745605469,4122600
2018-05-04,114.86000061035156,114.86000061035156,114.47000122070312,114.66999816894531,85.14610290527344,3733800
2018-05-07,114.70999908447266,114.75,114.5,114.54000091552734,85.04955291748047,3870900
2018-05-08,114.43000030517578,114.54000091552734,114.26000213623047,114.5,85.0198974609375,5069300
2018-05-09,114.31999969482422,114.62999725341797,114.27999877929688,114.4800033569336,85.00498962402344,3906600
2018-05-10,114.83999633789062,115.06999969482422,114.72000122070312,115.05999755859375,85.43572235107422,5103000
2018-05-11,115.2300033569336,115.27999877929688,115.08000183105469,115.26000213623047,85.58422088623047,4254000
2018-05-14,115.12999725341797,115.2699966430664,115.05000305175781,115.05000305175781,85.42827606201172,4808300
2018-05-15,114.51000213623047,114.76000213623047,114.0,114.18000030517578,84.78229522705078,5970000
2018-05-16,114.23999786376953,114.3499984741211,113.98999786376953,114.02999877929688,84.67088317871094,4210800
2018-05-17,114.0,114.05999755859375,113.72000122070312,113.80999755859375,84.50753784179688,3272300
2018-05-18,113.98999786376953,114.33000183105469,113.95999908447266,114.27999877929688,84.85650634765625,4154700
2018-05-21,114.1500015258789,114.3499984741211,114.0999984741211,114.3499984741211,84.90852355957031,2593300
2018-05-22,114.26000213623047,114.38999938964844,114.12999725341797,114.2300033569336,84.81940460205078,3230000
2018-05-23,114.41000366210938,114.80000305175781,114.33000183105469,114.72000122070312,85.18326568603516,5771100
2018-05-24,114.9800033569336,115.08000183105469,114.88999938964844,115.04000091552734,85.42081451416016,4436900
2018-05-25,115.37999725341797,115.41999816894531,115.2300033569336,115.37999725341797,85.67330169677734,3997600
2018-05-29,115.43000030517578,116.20999908447266,115.26000213623047,115.98999786376953,86.12619018554688,6831700
2018-05-30,115.61000061035156,115.81999969482422,115.2699966430664,115.54000091552734,85.79210662841797,5083900
2018-05-31,115.66000366210938,115.7699966430664,115.36000061035156,115.48999786376953,85.75498962402344,6303300
2018-06-01,114.87000274658203,115.13999938964844,114.80999755859375,114.91000366210938,85.59037780761719,4479700
2018-06-04,114.9000015258789,114.97000122070312,114.6500015258789,114.6500015258789,85.396728515625,3714900
2018-06-05,114.93000030517578,114.94999694824219,114.69000244140625,114.7300033569336,85.4563217163086,3901500
2018-06-06,114.41000366210938,114.47000122070312,114.16000366210938,114.30999755859375,85.1434555053711,4754900
2018-06-07,114.25,115.05999755859375,114.25,114.69000244140625,85.426513671875,7185200
2018-06-08,114.5999984741211,114.6500015258789,114.43000030517578,114.5,85.2850341796875,2935600
2018-06-11,114.30000305175781,114.4000015258789,114.2300033569336,114.38999938964844,85.20307159423828,2905100
2018-06-12,114.25,114.5,114.22000122070312,114.4000015258789,85.21052551269531,3396500
2018-06-13,114.44000244140625,114.58000183105469,113.9800033569336,114.29000091552734,85.12862396240234,4906500
2018-06-14,114.68000030517578,114.81999969482422,114.48999786376953,114.80999755859375,85.51590728759766,4915800
2018-06-15,114.9800033569336,115.05999755859375,114.58999633789062,114.6500015258789,85.396728515625,5887100
2018-06-18,114.63999938964844,114.66000366210938,114.41999816894531,114.52999877929688,85.3073501586914,4723200
2018-06-19,114.55999755859375,114.66000366210938,114.47000122070312,114.58999633789062,85.35203552246094,4278700
2018-06-20,114.61000061035156,114.61000061035156,113.9000015258789,113.94999694824219,84.87533569335938,7731500
2018-06-21,113.9000015258789,114.08999633789062,113.86000061035156,113.86000061035156,84.80830383300781,15921600
2018-06-22,113.80000305175781,114.08999633789062,113.75,114.0,84.9125747680664,6728500
2018-06-25,114.04000091552734,114.11000061035156,113.87000274658203,113.88999938964844,84.83064270019531,3243900
2018-06-26,113.9800033569336,114.29000091552734,113.88999938964844,114.2699966430664,85.11365509033203,10345300
2018-06-27,114.58999633789062,114.66000366210938,114.4800033569336,114.66000366210938,85.40415954589844,9776300
2018-06-28,114.56999969482422,114.56999969482422,114.2699966430664,114.51000213623047,85.29241180419922,6241300
2018-06-29,114.63999938964844,114.83999633789062,114.51000213623047,114.56999969482422,85.33709716796875,7855600
2018-07-02,114.41000366210938,114.41000366210938,114.16000366210938,114.23999786376953,85.34832763671875,4806200
2018-07-03,114.30999755859375,114.7300033569336,114.30999755859375,114.66000366210938,85.66212463378906,2518100
2018-07-05,114.7699966430664,115.02999877929688,114.75,115.0199966430664,85.93108367919922,4730600
2018-07-06,115.23999786376953,115.27999877929688,115.08999633789062,115.18000030517578,86.05062866210938,2465600
2018-07-09,115.08999633789062,115.30000305175781,115.02999877929688,115.26000213623047,86.11035919189453,5161600
2018-07-10,115.23999786376953,115.37000274658203,115.11000061035156,115.12999725341797,86.01327514648438,6624000
2018-07-11,115.2699966430664,115.38999938964844,115.12000274658203,115.36000061035156,86.18511199951172,4071400
2018-07-12,115.4000015258789,115.61000061035156,115.31999969482422,115.61000061035156,86.3718490600586,3324800
2018-07-13,115.70999908447266,115.80999755859375,115.62999725341797,115.69999694824219,86.4390640258789,4273800
2018-07-16,115.5,115.62999725341797,115.29000091552734,115.51000213623047,86.29718780517578,2653700
2018-07-17,115.5199966430664,115.58000183105469,115.37999725341797,115.43000030517578,86.23736572265625,6157000
2018-07-18,115.54000091552734,115.54000091552734,115.3499984741211,115.41000366210938,86.22241973876953,3527600
2018-07-19,115.4000015258789,115.73999786376953,115.37000274658203,115.58999633789062,86.35690307617188,5098600
2018-07-20,115.33999633789062,115.38999938964844,115.12000274658203,115.25,86.10292053222656,5139900
2018-07-23,115.05000305175781,115.12000274658203,114.72000122070312,114.79000091552734,85.75922393798828,4716300
2018-07-24,114.80999755859375,115.16999816894531,114.80999755859375,115.1500015258789,86.0281982421875,4446700
2018-07-25,115.4000015258789,115.4000015258789,115.19999694824219,115.30000305175781,86.14025115966797,7376300
2018-07-26,115.41999816894531,115.55000305175781,115.27999877929688,115.41000366210938,86.22241973876953,5860900
2018-07-27,115.75,115.75,115.45999908447266,115.55999755859375,86.33447265625,5497600
2018-07-30,115.31999969482422,115.48999786376953,115.30999755859375,115.4000015258789,86.2149887084961,6467600
2018-07-31,115.70999908447266,115.86000061035156,115.63999938964844,115.76000213623047,86.48392486572266,6081600
2018-08-01,114.9000015258789,115.1500015258789,114.8499984741211,115.01000213623047,86.178955078125,7255900
2018-08-02,115.05000305175781,115.16999816894531,114.87999725341797,115.1500015258789,86.28386688232422,6751500
2018-08-03,115.29000091552734,115.55000305175781,115.16000366210938,115.51000213623047,86.55361938476562,2711200
2018-08-06,115.58999633789062,115.76000213623047,115.58999633789062,115.62000274658203,86.6360092163086,3059800
2018-08-07,115.58999633789062,115.58999633789062,115.19999694824219,115.26000213623047,86.36628723144531,5397700
2018-08-08,115.16999816894531,115.2300033569336,115.08000183105469,115.08000183105469,86.23141479492188,7433200
2018-08-09,115.25,115.36000061035156,115.08999633789062,115.16999816894531,86.29883575439453,7273500
2018-08-10,115.0999984741211,115.5,115.02999877929688,115.36000061035156,86.44125366210938,4765900
2018-08-13,115.26000213623047,115.37999725341797,115.22000122070312,115.33000183105469,86.41877746582031,3145700
2018-08-14,115.48999786376953,115.52999877929688,115.41000366210938,115.4800033569336,86.53116607666016,7052500
2018-08-15,115.6500015258789,115.76000213623047,115.55000305175781,115.72000122070312,86.71098327636719,5208100
2018-08-16,115.81999969482422,115.88999938964844,115.69999694824219,115.87000274658203,86.82335662841797,5997900
2018-08-17,115.95999908447266,116.06999969482422,115.88999938964844,115.97000122070312,86.89830017089844,3871900
2018-08-20,116.25,116.37000274658203,116.18000030517578,116.2699966430664,87.12310791015625,2686800
2018-08-21,116.22000122070312,116.22000122070312,115.95999908447266,115.9800033569336,86.90579223632812,5480400
2018-08-22,116.22000122070312,116.23999786376953,115.94999694824219,115.97000122070312,86.89830017089844,6877700
2018-08-23,116.13999938964844,116.18000030517578,115.94000244140625,116.01000213623047,86.92829132080078,5693800
2018-08-24,115.88999938964844,116.29000091552734,115.8499984741211,116.23999786376953,87.10061645507812,5152500
2018-08-27,116.0199966430664,116.16000366210938,116.01000213623047,116.05999755859375,86.96571350097656,3762200
2018-08-28,115.87000274658203,115.9800033569336,115.5999984741211,115.62000274658203,86.6360092163086,4026900
2018-08-29,115.7300033569336,115.75,115.41000366210938,115.5,86.5461196899414,10473500
2018-08-30,115.73999786376953,115.80999755859375,115.5199966430664,115.61000061035156,86.62854766845703,5682300
2018-08-31,115.80999755859375,115.83999633789062,115.43000030517578,115.44000244140625,86.50115203857422,4425800
2018-09-04,114.86000061035156,114.98999786376953,114.68000030517578,114.87999725341797,86.34181213378906,6468700
2018-09-05,114.83999633789062,114.87999725341797,114.77999877929688,114.80999755859375,86.28922271728516,6103200
2018-09-06,114.98999786376953,115.20999908447266,114.94999694824219,115.12999725341797,86.52972412109375,6918100
2018-09-07,114.76000213623047,114.76000213623047,114.62999725341797,114.6500015258789,86.16896057128906,4529100
2018-09-10,114.73999786376953,115.02999877929688,114.73999786376953,115.02999877929688,86.45454406738281,5512700
2018-09-11,114.80000305175781,114.88999938964844,114.72000122070312,114.7699966430664,86.25917053222656,5976900
2018-09-12,114.97000122070312,115.12000274658203,114.95999908447266,115.0,86.43202209472656,5543100
2018-09-13,115.25,115.33000183105469,115.12999725341797,115.23999786376953,86.61239624023438,5584100
2018-09-14,115.01000213623047,115.16000366210938,114.94999694824219,115.0999984741211,86.50719451904297,7003500
2018-09-17,114.91000366210938,115.11000061035156,114.88999938964844,115.02999877929688,86.45454406738281,2667100
2018-09-18,114.80999755859375,114.80999755859375,114.5199966430664,114.55999755859375,86.10132598876953,5160900
2018-09-19,114.52999877929688,114.54000091552734,114.2300033569336,114.38999938964844,85.97356414794922,5220700
2018-09-20,114.41000366210938,114.80999755859375,114.38999938964844,114.69000244140625,86.19904327392578,6152400
2018-09-21,114.5999984741211,114.79000091552734,114.5999984741211,114.70999908447266,86.21405029296875,9404300
2018-09-24,114.4800033569336,114.5999984741211,114.37000274658203,114.44999694824219,86.01861572265625,10749400
2018-09-25,114.33000183105469,114.47000122070312,114.2300033569336,114.44999694824219,86.01861572265625,4087100
2018-09-26,114.6500015258789,114.93000030517578,114.52999877929688,114.86000061035156,86.3267593383789,7433600
2018-09-27,114.8499984741211,115.04000091552734,114.7699966430664,115.01000213623047,86.43954467773438,6323400
2018-09-28,115.13999938964844,115.13999938964844,114.9000015258789,114.93000030517578,86.37939453125,12578500
2018-10-01,114.5,114.63999938964844,114.41999816894531,114.41999816894531,86.26029968261719,7550600
2018-10-02,114.55999755859375,114.75,114.5199966430664,114.5199966430664,86.335693359375,11207800
2018-10-03,114.41000366210938,114.52999877929688,113.66000366210938,113.8499984741211,85.83058166503906,8400500
2018-10-04,113.55999755859375,113.66000366210938,113.2300033569336,113.37999725341797,85.47624206542969,9843800
2018-10-05,113.1500015258789,113.26000213623047,112.76000213623047,112.94000244140625,85.1445083618164,8785800
2018-10-08,113.0,113.01000213623047,112.80000305175781,112.81999969482422,85.05403137207031,1355200
2018-10-09,113.0,113.16999816894531,112.91000366210938,113.13999938964844,85.29530334472656,8416200
2018-10-10,112.86000061035156,113.01000213623047,112.58999633789062,112.83000183105469,85.06160736083984,12316400
2018-10-11,113.08000183105469,113.48999786376953,113.05000305175781,113.30000305175781,85.41597747802734,18587600
2018-10-12,113.33999633789062,113.52999877929688,113.16000366210938,113.31999969482422,85.43101501464844,8956700
2018-10-15,113.26000213623047,113.36000061035156,113.0999984741211,113.11000061035156,85.27267456054688,6636500
2018-10-16,113.16000366210938,113.4800033569336,113.05999755859375,113.4000015258789,85.49134063720703,9017800
2018-10-17,113.30999755859375,113.4000015258789,112.83999633789062,112.83999633789062,85.06915283203125,6880600
2018-10-18,112.7300033569336,112.9800033569336,112.5999984741211,112.83999633789062,85.06915283203125,10418000
2018-10-19,112.75,112.86000061035156,112.5999984741211,112.69999694824219,84.96359252929688,6355700
2018-10-22,112.83000183105469,112.8499984741211,112.52999877929688,112.55999755859375,84.85804748535156,7282900
2018-10-23,112.80999755859375,112.95999908447266,112.66000366210938,112.72000122070312,84.97864532470703,10277900
2018-10-24,112.94999694824219,113.05000305175781,112.81999969482422,112.87999725341797,85.09929656982422,7262000
2018-10-25,112.7300033569336,112.8499984741211,112.72000122070312,112.73999786376953,84.9937744140625,5653100
2018-10-26,112.97000122070312,113.08000183105469,112.91999816894531,112.93000030517578,85.13697052001953,4955300
2018-10-29,112.86000061035156,112.91999816894531,112.72000122070312,112.80000305175781,85.03897857666016,6573300
2018-10-30,112.58999633789062,112.66999816894531,112.44000244140625,112.55000305175781,84.85054016113281,7669600
2018-10-31,112.38999938964844,112.61000061035156,112.2300033569336,112.2300033569336,84.60926055908203,13156300
2018-11-01,111.70999908447266,112.20999908447266,111.66999816894531,112.19999694824219,84.86571502685547,14262000
2018-11-02,112.06999969482422,112.18000030517578,111.7300033569336,111.75,84.52532958984375,7738400
2018-11-05,111.8499984741211,112.04000091552734,111.8499984741211,111.94999694824219,84.67658996582031,5064000
2018-11-06,112.02999877929688,112.18000030517578,112.01000213623047,112.13999938964844,84.8203125,5787100
2018-11-07,112.62999725341797,112.70999908447266,112.37999725341797,112.43000030517578,85.0396728515625,13257500
2018-11-08,112.41000366210938,112.45999908447266,112.0999984741211,112.0999984741211,84.7900619506836,10934400
2018-11-09,112.18000030517578,112.33000183105469,112.08999633789062,112.18000030517578,84.85055541992188,8836800
2018-11-12,112.41000366210938,112.41000366210938,112.08000183105469,112.16999816894531,84.8429946899414,2876500
2018-11-13,112.05999755859375,112.12000274658203,111.95999908447266,112.0199966430664,84.72953796386719,7778400
2018-11-14,111.7300033569336,111.94000244140625,111.68000030517578,111.72000122070312,84.50260925292969,11595100
2018-11-15,111.58999633789062,111.66999816894531,111.31999969482422,111.51000213623047,84.34381103515625,15158300
2018-11-16,111.47000122070312,111.76000213623047,111.41000366210938,111.7300033569336,84.51018524169922,13503700
2018-11-19,111.47000122070312,111.6500015258789,111.41999816894531,111.62000274658203,84.42697143554688,9773700
2018-11-20,111.37999725341797,111.5999984741211,111.33000183105469,111.3499984741211,84.22277069091797,16168200
2018-11-21,111.62000274658203,111.72000122070312,111.44999694824219,111.58999633789062,84.40428924560547,10704600
2018-11-23,111.94000244140625,111.9800033569336,111.62999725341797,111.63999938964844,84.44210815429688,2924700
2018-11-26,111.7699966430664,111.81999969482422,111.63999938964844,111.69000244140625,84.47991180419922,5938900
2018-11-27,111.61000061035156,111.66000366210938,111.5199966430664,111.55000305175781,84.37403106689453,8581300
2018-11-28,111.51000213623047,111.94999694824219,111.29000091552734,111.8499984741211,84.60095977783203,13861300
2018-11-29,111.75,111.87000274658203,111.41999816894531,111.52999877929688,84.3589096069336,10939100
2018-11-30,111.55000305175781,111.58000183105469,111.25,111.45999908447266,84.30599975585938,14854800
2018-12-03,111.30999755859375,111.5999984741211,111.25,111.5199966430664,84.61933135986328,12740500
2018-12-04,111.72000122070312,111.9800033569336,111.52999877929688,111.54000091552734,84.634521484375,13521500
2018-12-06,111.61000061035156,111.98999786376953,111.5999984741211,111.87999725341797,84.89247131347656,12752200
2018-12-07,112.0,112.05999755859375,111.73999786376953,111.88999938964844,84.90007019042969,11791900
2018-12-10,112.19999694824219,112.23999786376953,111.91000366210938,112.2300033569336,85.15807342529297,6886500
2018-12-11,112.37999725341797,112.55999755859375,112.26000213623047,112.43000030517578,85.309814453125,10241100
2018-12-12,112.44999694824219,112.68000030517578,111.58999633789062,112.55000305175781,85.40089416503906,10001600
2018-12-13,112.73999786376953,112.91000366210938,112.7300033569336,112.8499984741211,85.62853240966797,6911200
2018-12-14,112.91000366210938,113.01000213623047,112.70999908447266,112.7300033569336,85.53743743896484,6037900
2018-12-17,112.7699966430664,112.98999786376953,112.7699966430664,112.8499984741211,85.62853240966797,6480500
2018-12-18,112.69999694824219,112.94000244140625,112.61000061035156,112.9000015258789,85.93450927734375,5923200
2018-12-19,113.05000305175781,113.30999755859375,112.80999755859375,112.80999755859375,85.86601257324219,10049200
2018-12-20,113.08000183105469,113.1500015258789,112.2699966430664,112.44000244140625,85.58438873291016,20942200
2018-12-21,112.58000183105469,112.68000030517578,112.13999938964844,112.33000183105469,85.50064849853516,11850700
2018-12-24,112.31999969482422,112.41000366210938,111.98999786376953,112.06999969482422,85.30277252197266,4384800
2018-12-26,112.08000183105469,112.20999908447266,111.79000091552734,111.9800033569336,85.23422241210938,7659300
2018-12-27,112.16000366210938,112.29000091552734,111.9800033569336,111.9800033569336,85.23422241210938,7797300
2018-12-28,112.0999984741211,112.52999877929688,112.0999984741211,112.51000213623047,85.63765716552734,4334500
2018-12-31,112.5199966430664,112.91999816894531,112.43000030517578,112.81999969482422,85.87357330322266,7008400
2019-01-02,112.81999969482422,113.19000244140625,112.77999877929688,113.16999816894531,86.14002227783203,9506500
2019-01-03,113.0,113.30000305175781,112.94999694824219,113.22000122070312,86.17805480957031,11199100
2019-01-04,112.87999725341797,113.19999694824219,112.80999755859375,113.1500015258789,86.12480926513672,12080700
2019-01-07,113.38999938964844,113.45999908447266,113.1500015258789,113.16000366210938,86.13243103027344,16150100
2019-01-08,113.20999908447266,113.44000244140625,113.20999908447266,113.41000366210938,86.32268524169922,7961400
2019-01-09,113.5,113.88999938964844,113.5,113.83999633789062,86.6500015258789,10534900
2019-01-10,113.7300033569336,113.7699966430664,113.43000030517578,113.54000091552734,86.4216537475586,10337000
2019-01-11,113.79000091552734,113.79000091552734,113.58999633789062,113.75,86.58146667480469,6890800
2019-01-14,113.62000274658203,113.79000091552734,113.41999816894531,113.44999694824219,86.35311889648438,4511400
2019-01-15,113.54000091552734,113.68000030517578,113.44999694824219,113.5199966430664,86.40642547607422,10536500
2019-01-16,113.5199966430664,113.9000015258789,113.45999908447266,113.73999786376953,86.57389831542969,17911800
2019-01-17,113.66000366210938,113.9800033569336,113.66000366210938,113.97000122070312,86.74890899658203,8756200
2019-01-18,113.95999908447266,114.27999877929688,113.95999908447266,114.16999816894531,86.9012222290039,12589700
2019-01-22,114.31999969482422,114.58000183105469,114.31999969482422,114.36000061035156,87.0457763671875,9101600
2019-01-23,114.45999908447266,114.73999786376953,114.38999938964844,114.6500015258789,87.26652526855469,11707200
2019-01-24,115.05000305175781,115.11000061035156,114.86000061035156,114.94999694824219,87.49486541748047,8874700
2019-01-25,114.9000015258789,115.05000305175781,114.87999725341797,115.05000305175781,87.5710220336914,8529200
2019-01-28,114.94999694824219,115.12000274658203,114.88999938964844,115.02999877929688,87.55574798583984,7830600
2019-01-29,115.16999816894531,115.27999877929688,115.06999969482422,115.27999877929688,87.74604034423828,9111300
2019-01-30,115.31999969482422,115.80999755859375,115.16999816894531,115.80999755859375,88.14944458007812,17275500
2019-01-31,116.20999908447266,116.69999694824219,116.19000244140625,116.62000274658203,88.76598358154297,12004200
2019-02-01,116.12000274658203,116.30999755859375,115.91999816894531,115.98999786376953,88.55450439453125,15158400
2019-02-04,115.87000274658203,115.88999938964844,115.61000061035156,115.83000183105469,88.43235778808594,7375500
2019-02-05,116.0999984741211,116.4800033569336,116.08999633789062,116.30000305175781,88.79118347167969,9298100
2019-02-06,116.37999725341797,116.4000015258789,116.04000091552734,116.08000183105469,88.62323760986328,7083600
2019-02-07,116.0,116.08000183105469,115.77999877929688,116.05999755859375,88.60796356201172,12973200
2019-02-08,116.1500015258789,116.37999725341797,116.11000061035156,116.3499984741211,88.82933044433594,5502500
2019-02-11,116.27999877929688,116.27999877929688,116.0,116.08999633789062,88.6308822631836,5353800
2019-02-12,116.08000183105469,116.25,116.02999877929688,116.25,88.75300598144531,10689100
2019-02-13,116.01000213623047,116.0999984741211,115.88999938964844,115.94999694824219,88.52397155761719,9595200
2019-02-14,116.23999786376953,116.23999786376953,115.94000244140625,116.08000183105469,88.62323760986328,14906100
2019-02-15,116.02999877929688,116.26000213623047,116.02999877929688,116.22000122070312,88.73011779785156,8298000
2019-02-19,116.44000244140625,116.44000244140625,116.16999816894531,116.29000091552734,88.78353881835938,6920300
2019-02-20,116.19000244140625,116.2300033569336,115.98999786376953,116.19000244140625,88.70720672607422,8577400
2019-02-21,115.76000213623047,115.9800033569336,115.73999786376953,115.86000061035156,88.45528411865234,6311000
2019-02-22,115.97000122070312,116.4800033569336,115.97000122070312,116.37999725341797,88.85230255126953,4110600
2019-02-25,116.26000213623047,116.44999694824219,116.25,116.33999633789062,88.82170104980469,6026200
2019-02-26,116.51000213623047,116.58999633789062,116.41000366210938,116.5199966430664,88.95911407470703,6360600
2019-02-27,116.37000274658203,116.37000274658203,116.11000061035156,116.19000244140625,88.70720672607422,7008500
2019-02-28,116.25,116.37000274658203,115.95999908447266,116.02999877929688,88.58505249023438,12468400
2019-03-01,115.73999786376953,115.87999725341797,115.41999816894531,115.47000122070312,88.43035888671875,12714100
2019-03-04,115.80999755859375,115.86000061035156,115.68000030517578,115.7300033569336,88.62947845458984,9453600
2019-03-05,115.69000244140625,115.79000091552734,115.56999969482422,115.7699966430664,88.66009521484375,9090400
2019-03-06,115.80999755859375,115.95999908447266,115.73999786376953,115.87999725341797,88.74435424804688,6278700
2019-03-07,116.0999984741211,116.30000305175781,116.02999877929688,116.26000213623047,89.03536987304688,7355500
2019-03-08,116.11000061035156,116.43000030517578,115.91000366210938,116.41000366210938,89.15027618408203,7386600
2019-03-11,116.38999938964844,116.54000091552734,116.30999755859375,116.54000091552734,89.24980926513672,7813600
2019-03-12,116.56999969482422,116.94000244140625,116.55999755859375,116.86000061035156,89.49484252929688,7994600
2019-03-13,116.54000091552734,116.70999908447266,116.54000091552734,116.66999816894531,89.34935760498047,5834000
2019-03-14,116.62999725341797,116.63999938964844,116.33999633789062,116.44000244140625,89.17322540283203,5395300
2019-03-15,116.76000213623047,117.0199966430664,116.69999694824219,116.86000061035156,89.49484252929688,8537000
2019-03-18,116.77999877929688,116.88999938964844,116.75,116.80000305175781,89.44893646240234,4308300
2019-03-19,116.62999725341797,116.93000030517578,116.62999725341797,116.81999969482422,89.46421813964844,8074700
2019-03-20,116.88999938964844,117.66000366210938,116.77999877929688,117.61000061035156,90.06922912597656,16202600
2019-03-21,117.5199966430664,117.91000366210938,117.5199966430664,117.83000183105469,90.23772430419922,14163200
2019-03-22,118.20999908447266,118.63999938964844,118.20999908447266,118.55000305175781,90.78911590576172,10576900
2019-03-25,118.56999969482422,119.0,118.37000274658203,118.79000091552734,90.972900390625,7096100
2019-03-26,118.73999786376953,118.93000030517578,118.58999633789062,118.83999633789062,91.01119232177734,7766500
2019-03-27,119.0,119.22000122070312,118.91999816894531,119.0,91.13375091552734,7484100
2019-03-28,119.02999877929688,119.1500015258789,118.91000366210938,119.1500015258789,91.2486343383789,4621200
2019-03-29,118.83000183105469,119.1500015258789,118.79000091552734,119.05999755859375,91.17969512939453,8415100
2019-04-01,118.44999694824219,118.62000274658203,118.19999694824219,118.26000213623047,90.8401870727539,9567400
2019-04-02,118.27999877929688,118.44999694824219,118.19000244140625,118.41999816894531,90.96305847167969,7733300
2019-04-03,118.1500015258789,118.29000091552734,118.11000061035156,118.16999816894531,90.77104187011719,6048400
2019-04-04,118.19999694824219,118.36000061035156,118.11000061035156,118.36000061035156,90.9169692993164,7510600
2019-04-05,118.33999633789062,118.69000244140625,118.26000213623047,118.55000305175781,91.06291961669922,9326200
2019-04-08,118.5199966430664,118.56999969482422,118.3499984741211,118.37999725341797,90.93235778808594,8564800
2019-04-09,118.69000244140625,118.83000183105469,118.58000183105469,118.62999725341797,91.1243896484375,7749000
2019-04-10,118.87000274658203,119.2699966430664,118.86000061035156,119.20999908447266,91.56988525390625,5765300
2019-04-11,119.05999755859375,119.20999908447266,119.01000213623047,119.08999633789062,91.47772216796875,7769500
2019-04-12,118.98999786376953,119.12000274658203,118.88999938964844,119.0199966430664,91.42394256591797,11083800
2019-04-15,119.01000213623047,119.08000183105469,118.83000183105469,118.83000183105469,91.27799987792969,12427300
2019-04-16,118.79000091552734,118.79000091552734,118.48999786376953,118.5,91.0245132446289,10302700
2019-04-17,118.62000274658203,118.72000122070312,118.47000122070312,118.4800033569336,91.0091552734375,6062300
2019-04-18,118.75,118.80000305175781,118.55000305175781,118.58000183105469,91.08598327636719,8060000
2019-04-22,118.45999908447266,118.52999877929688,118.33999633789062,118.38999938964844,90.94004821777344,6581900
2019-04-23,118.55999755859375,118.87999725341797,118.54000091552734,118.87999725341797,91.31643676757812,7389700
2019-04-24,119.16000366210938,119.4000015258789,119.12999725341797,119.27999877929688,91.62366485595703,6463200
2019-04-25,119.16999816894531,119.2699966430664,119.02999877929688,119.22000122070312,91.57758331298828,4404000
2019-04-26,119.62000274658203,119.70999908447266,119.5,119.63999938964844,91.90021514892578,3406100
2019-04-29,119.37999725341797,119.43000030517578,119.11000061035156,119.16999816894531,91.53919219970703,5847500
2019-04-30,119.1500015258789,119.3499984741211,119.0999984741211,119.22000122070312,91.57758331298828,9753300
2019-05-01,119.0,119.56999969482422,118.83000183105469,118.83000183105469,91.54829406738281,12804300
2019-05-02,118.69999694824219,118.73999786376953,118.29000091552734,118.4000015258789,91.21703338623047,11748200
2019-05-03,118.6500015258789,118.97000122070312,118.6500015258789,118.93000030517578,91.6253662109375,7481000
2019-05-06,119.02999877929688,119.2300033569336,118.87999725341797,119.08999633789062,91.74859619140625,8077400
2019-05-07,119.27999877929688,119.29000091552734,119.0,119.08000183105469,91.74088287353516,11575500
2019-05-08,119.1500015258789,119.19999694824219,118.63999938964844,118.68000030517578,91.4327621459961,11843100
2019-05-09,118.93000030517578,118.94999694824219,118.61000061035156,118.79000091552734,91.51752471923828,11586200
2019-05-10,118.75,118.91999816894531,118.70999908447266,118.86000061035156,91.57142639160156,8155600
2019-05-13,118.86000061035156,119.12999725341797,118.77999877929688,118.93000030517578,91.6253662109375,16744900
2019-05-14,119.0,119.12000274658203,118.91999816894531,119.0999984741211,91.75630187988281,7993500
2019-05-15,119.41000366210938,119.44999694824219,119.18000030517578,119.43000030517578,92.01057434082031,10804400
2019-05-16,119.33999633789062,119.33999633789062,119.20999908447266,119.23999786376953,91.86418914794922,11716300
2019-05-17,119.37999725341797,119.44000244140625,119.2300033569336,119.25,91.87187194824219,7746100
2019-05-20,119.22000122070312,119.30999755859375,118.95999908447266,118.97000122070312,91.65619659423828,2890900
2019-05-21,119.08999633789062,119.11000061035156,118.93000030517578,119.06999969482422,91.73320770263672,3610100
2019-05-22,119.13999938964844,119.30999755859375,119.04000091552734,119.22000122070312,91.84877014160156,9526200
2019-05-23,119.2699966430664,119.61000061035156,119.19000244140625,119.4800033569336,92.04910278320312,9983400
2019-05-24,119.63999938964844,119.75,119.5199966430664,119.7300033569336,92.24169158935547,5981700
2019-05-28,119.93000030517578,120.0,119.7699966430664,119.80999755859375,92.30331420898438,9039100
2019-05-29,119.87999725341797,120.02999877929688,119.81999969482422,119.86000061035156,92.34185028076172,8778000
2019-05-30,120.0999984741211,120.58999633789062,120.01000213623047,120.55000305175781,92.8734130859375,11946400
2019-05-31,120.62000274658203,120.83999633789062,120.38999938964844,120.83000183105469,93.08915710449219,11611700
2019-06-03,120.75,120.91000366210938,120.41000366210938,120.83000183105469,93.37580108642578,12525200
2019-06-04,120.52999877929688,120.93000030517578,120.52999877929688,120.87000274658203,93.40673065185547,20566100
2019-06-05,120.97000122070312,121.18000030517578,120.68000030517578,120.79000091552734,93.3449478149414,10423100
2019-06-06,120.95999908447266,121.12000274658203,120.81999969482422,121.0199966430664,93.52266693115234,14133600
2019-06-07,121.5,121.8499984741211,121.43000030517578,121.55999755859375,93.9399642944336,11912900
2019-06-10,121.33999633789062,121.47000122070312,121.11000061035156,121.12000274658203,93.5999755859375,13072400
2019-06-11,121.19999694824219,121.31999969482422,121.02999877929688,121.2300033569336,93.68495178222656,17076700
2019-06-12,121.23999786376953,121.43000030517578,121.1500015258789,121.41000366210938,93.82404327392578,11814400
2019-06-13,121.44999694824219,121.75,121.44999694824219,121.72000122070312,94.0635986328125,6665700
2019-06-14,121.55000305175781,121.81999969482422,121.45999908447266,121.7699966430664,94.1022720336914,4652300
2019-06-17,121.69000244140625,121.93000030517578,121.62000274658203,121.83000183105469,94.14865112304688,6213200
2019-06-18,122.45999908447266,122.7699966430664,122.33999633789062,122.63999938964844,94.7745590209961,19575000
2019-06-19,122.3499984741211,123.44999694824219,122.2300033569336,123.41999816894531,95.37734985351562,17597800
2019-06-20,123.9000015258789,124.16000366210938,123.69999694824219,124.08999633789062,95.89512634277344,24937900
2019-06-21,123.68000030517578,123.88999938964844,123.4800033569336,123.63999938964844,95.5473861694336,18566400
2019-06-24,123.94999694824219,124.16999816894531,123.77999877929688,123.94999694824219,95.78693389892578,15241600
2019-06-25,123.94999694824219,123.98999786376953,123.47000122070312,123.58000183105469,95.50102233886719,17843700
2019-06-26,123.83999633789062,123.83999633789062,123.27999877929688,123.33000183105469,95.30783081054688,24436700
2019-06-27,123.63999938964844,124.13999938964844,123.54000091552734,124.05000305175781,95.86420440673828,10314500
2019-06-28,124.11000061035156,124.44000244140625,124.08999633789062,124.37000274658203,96.11151885986328,9512100
2019-07-01,124.20999908447266,124.54000091552734,123.94000244140625,124.25,96.29364013671875,19129900
2019-07-02,124.31999969482422,124.6500015258789,124.19999694824219,124.58999633789062,96.55715942382812,15843800
2019-07-03,124.6500015258789,124.95999908447266,124.58999633789062,124.93000030517578,96.8206558227539,6947300
2019-07-05,124.04000091552734,124.1500015258789,123.33999633789062,123.83000183105469,95.9681396484375,7889900
2019-07-08,124.0,124.05000305175781,123.66000366210938,123.66000366210938,95.83641815185547,9239200
2019-07-09,123.58999633789062,123.62000274658203,123.33999633789062,123.4000015258789,95.63487243652344,15877100
2019-07-10,123.55000305175781,123.83999633789062,123.4800033569336,123.68000030517578,95.85188293457031,9551800
2019-07-11,123.44999694824219,123.63999938964844,122.8499984741211,122.94999694824219,95.2861099243164,7101300
2019-07-12,122.9000015258789,123.13999938964844,122.83999633789062,123.06999969482422,95.37911224365234,6363600
2019-07-15,123.19999694824219,123.33999633789062,123.08999633789062,123.27999877929688,95.54190063476562,7705000
2019-07-16,122.8499984741211,123.04000091552734,122.70999908447266,123.0199966430664,95.34034729003906,9867500
2019-07-17,123.1500015258789,123.68000030517578,123.1500015258789,123.66999816894531,95.8441162109375,6620400
2019-07-18,123.61000061035156,124.08999633789062,123.36000061035156,123.95999908447266,96.06887817382812,10357300
2019-07-19,123.83000183105469,124.05999755859375,123.6500015258789,123.7699966430664,95.92159271240234,8789300
2019-07-22,124.25,124.2699966430664,124.08999633789062,124.1500015258789,96.21611785888672,4464800
2019-07-23,124.23999786376953,124.23999786376953,123.97000122070312,124.22000122070312,96.27039337158203,7013600
2019-07-24,124.38999938964844,124.58000183105469,124.22000122070312,124.56999969482422,96.54163360595703,11851200
2019-07-25,124.41000366210938,124.48999786376953,123.87000274658203,124.16999816894531,96.23163604736328,9943100
2019-07-26,124.43000030517578,124.48999786376953,124.16999816894531,124.33999633789062,96.36334228515625,7285100
2019-07-29,124.48999786376953,124.51000213623047,124.25,124.26000213623047,96.30138397216797,7379600
2019-07-30,124.22000122070312,124.30999755859375,123.91999816894531,124.22000122070312,96.27039337158203,12112000
2019-07-31,124.3499984741211,124.7300033569336,123.80999755859375,124.33000183105469,96.35565185546875,17422700
2019-08-01,124.30999755859375,125.30999755859375,124.22000122070312,124.98999786376953,97.13902282714844,16216800
2019-08-02,124.94999694824219,125.1500015258789,124.83999633789062,125.12000274658203,97.24006652832031,14629500
2019-08-05,125.51000213623047,125.51000213623047,125.12999725341797,125.20999908447266,97.30998992919922,12715500
2019-08-06,125.58000183105469,126.04000091552734,125.33000183105469,125.98999786376953,97.91617584228516,14920200
2019-08-07,126.47000122070312,126.66000366210938,125.86000061035156,125.97000122070312,97.9006576538086,24644100
2019-08-08,125.77999877929688,126.36000061035156,125.52999877929688,126.30999755859375,98.16487884521484,8353800
2019-08-09,126.30999755859375,126.3499984741211,125.88999938964844,125.94000244140625,97.8773193359375,6375900
2019-08-12,126.30000305175781,126.83000183105469,126.26000213623047,126.7300033569336,98.49130249023438,8075100
2019-08-13,126.81999969482422,126.94999694824219,126.44999694824219,126.62999725341797,98.41361236572266,10955000
2019-08-14,127.0999984741211,127.19999694824219,126.83000183105469,127.0,98.70115661621094,9070900
2019-08-15,127.1500015258789,128.0,127.05000305175781,127.62000274658203,99.1829605102539,11378300
2019-08-16,127.31999969482422,127.9000015258789,127.06999969482422,127.8499984741211,99.36176300048828,10842200
2019-08-19,127.16999816894531,127.62000274658203,127.0,127.43000030517578,99.03532409667969,7226200
2019-08-20,127.8499984741211,128.22000122070312,127.72000122070312,128.1699981689453,99.61042785644531,11402300
2019-08-21,127.87000274658203,128.72999572753906,127.87000274658203,128.39999389648438,99.7891616821289,9344000
2019-08-22,128.25,128.5,127.87999725341797,127.93000030517578,99.4239273071289,7054000
2019-08-23,127.79000091552734,128.7100067138672,127.7699966430664,128.39999389648438,99.7891616821289,7998600
2019-08-26,128.47999572753906,128.72000122070312,128.2100067138672,128.41000366210938,99.79695892333984,6305900
2019-08-27,128.75,129.1999969482422,128.75,129.10000610351562,100.33318328857422,12644100
2019-08-28,129.39999389648438,129.4600067138672,129.00999450683594,129.10000610351562,100.33318328857422,8935800
2019-08-29,129.05999755859375,129.10000610351562,128.35000610351562,128.82000732421875,100.1156005859375,17900500
2019-08-30,128.6699981689453,128.83999633789062,128.4199981689453,128.8000030517578,100.10005950927734,8653700
2019-09-03,128.3699951171875,128.72000122070312,127.94000244140625,128.3300018310547,100.00579071044922,22683500
2019-09-04,128.07000732421875,128.7100067138672,128.07000732421875,128.57000732421875,100.19281768798828,8502600
2019-09-05,127.94999694824219,128.24000549316406,127.41999816894531,127.62999725341797,99.46026611328125,19042800
2019-09-06,127.83999633789062,128.19000244140625,127.77999877929688,128.08999633789062,99.81874084472656,8914800
2019-09-09,127.47000122070312,127.55999755859375,127.1500015258789,127.1500015258789,99.08619689941406,7219000
2019-09-10,126.97000122070312,126.98999786376953,126.06999969482422,126.08000183105469,98.25234985351562,9863400
2019-09-11,126.0,126.31999969482422,125.91000366210938,125.9800033569336,98.1744384765625,8165800
2019-09-12,126.66000366210938,126.76000213623047,125.7300033569336,125.80999755859375,98.04197692871094,11506000
2019-09-13,125.36000061035156,125.58999633789062,124.68000030517578,124.68000030517578,97.16138458251953,8984600
2019-09-16,125.12999725341797,125.43000030517578,124.93000030517578,125.30999755859375,97.65229797363281,11464700
2019-09-17,125.26000213623047,125.80999755859375,125.16000366210938,125.62999725341797,97.90168762207031,12480700
2019-09-18,126.06999969482422,126.45999908447266,125.52999877929688,125.94000244140625,98.14324188232422,9162300
2019-09-19,126.41000366210938,126.61000061035156,126.20999908447266,126.30000305175781,98.42384338378906,9042800
2019-09-20,126.69000244140625,127.2300033569336,126.55999755859375,127.16999816894531,99.10176849365234,10406200
2019-09-23,127.38999938964844,127.58000183105469,127.05000305175781,127.08000183105469,99.03164672851562,9526600
2019-09-24,127.41000366210938,127.6500015258789,127.29000091552734,127.4800033569336,99.34337615966797,12638700
2019-09-25,127.27999877929688,127.36000061035156,126.62999725341797,126.76000213623047,98.78231048583984,13852300
2019-09-26,127.19000244140625,127.2699966430664,127.0,127.02999877929688,98.9926528930664,8377600
2019-09-27,127.1500015258789,127.22000122070312,126.93000030517578,127.05999755859375,99.01606750488281,8627800
2019-09-30,126.95999908447266,127.51000213623047,126.86000061035156,127.4800033569336,99.34337615966797,10769500
2019-10-01,126.55999755859375,127.66000366210938,126.55999755859375,127.29000091552734,99.45745086669922,13233900
2019-10-02,127.25,127.3499984741211,126.97000122070312,127.23999786376953,99.41836547851562,11377000
2019-10-03,127.43000030517578,127.91999816894531,127.43000030517578,127.73999786376953,99.80903625488281,13985000
2019-10-04,128.02999877929688,128.27000427246094,127.94999694824219,128.27000427246094,100.22317504882812,9168500
2019-10-07,127.91000366210938,128.0,127.61000061035156,127.62000274658203,99.71527862548828,6989300
2019-10-08,127.91000366210938,127.98999786376953,127.4800033569336,127.51000213623047,99.62934112548828,8635500
2019-10-09,127.77999877929688,127.77999877929688,127.27999877929688,127.55999755859375,99.66839599609375,9929500
2019-10-10,127.13999938964844,127.19999694824219,126.66000366210938,126.80999755859375,99.08238220214844,7962200
2019-10-11,126.48999786376953,126.7699966430664,126.05000305175781,126.58000183105469,98.90272521972656,11061500
2019-10-14,126.9000015258789,127.05000305175781,126.69999694824219,127.0,99.2308349609375,2276500
2019-10-15,127.05000305175781,127.05000305175781,126.56999969482422,126.66000366210938,98.96520233154297,13199100
2019-10-16,126.73999786376953,126.91000366210938,126.51000213623047,126.80000305175781,99.0745849609375,7793500
2019-10-17,126.81999969482422,127.19000244140625,126.70999908447266,126.9800033569336,99.21522521972656,5795300
2019-10-18,127.13999938964844,127.33999633789062,127.05000305175781,127.13999938964844,99.34026336669922,5978200
2019-10-21,126.9000015258789,127.0,126.80000305175781,126.8499984741211,99.1136474609375,6457700
2019-10-22,127.23999786376953,127.26000213623047,126.87999725341797,127.06999969482422,99.28553009033203,5820000
2019-10-23,127.30999755859375,127.37000274658203,127.08999633789062,127.13999938964844,99.34026336669922,4986100
2019-10-24,127.2699966430664,127.55999755859375,127.2699966430664,127.41999816894531,99.55903625488281,9154900
2019-10-25,127.4800033569336,127.4800033569336,127.02999877929688,127.19999694824219,99.3870849609375,6263000
2019-10-28,126.80000305175781,126.94000244140625,126.72000122070312,126.81999969482422,99.09020233154297,9081600
2019-10-29,126.7699966430664,126.87999725341797,126.4800033569336,126.48999786376953,98.8323745727539,9236700
2019-10-30,126.45999908447266,127.01000213623047,126.43000030517578,126.94000244140625,99.18396759033203,12250700
2019-10-31,127.41000366210938,127.79000091552734,127.26000213623047,127.70999908447266,99.78562927246094,18082800
2019-11-01,127.37999725341797,127.83000183105469,127.30000305175781,127.48999786376953,99.88353729248047,11238400
2019-11-04,127.1500015258789,127.18000030517578,126.8499984741211,126.88999938964844,99.4134521484375,10122100
2019-11-05,126.33999633789062,126.55999755859375,126.0199966430664,126.16000366210938,98.84151458740234,10409200
2019-11-06,126.51000213623047,126.9000015258789,126.5,126.87000274658203,99.3978042602539,8496500
2019-11-07,126.31999969482422,126.44000244140625,125.73999786376953,125.87999725341797,98.6221694946289,14799000
2019-11-08,125.86000061035156,126.16999816894531,125.70999908447266,125.70999908447266,98.48898315429688,6256300
2019-11-11,125.95999908447266,125.98999786376953,125.66000366210938,125.75,98.52031707763672,3231600
2019-11-12,125.86000061035156,125.97000122070312,125.61000061035156,125.87000274658203,98.61434936523438,9936600
2019-11-13,126.2300033569336,126.33999633789062,126.11000061035156,126.16999816894531,98.8493881225586,10280100
2019-11-14,126.63999938964844,126.91000366210938,126.63999938964844,126.83000183105469,99.36647033691406,10163800
2019-11-15,126.73999786376953,126.98999786376953,126.5999984741211,126.8499984741211,99.38213348388672,5411900
2019-11-18,127.04000091552734,127.16999816894531,126.91000366210938,126.98999786376953,99.49182891845703,9148900
2019-11-19,127.08000183105469,127.27999877929688,127.04000091552734,127.23999786376953,99.68767547607422,3818800
2019-11-20,127.41000366210938,127.55000305175781,127.30999755859375,127.41999816894531,99.8287582397461,5395800
2019-11-21,127.16999816894531,127.30000305175781,127.01000213623047,127.12000274658203,99.59368133544922,8425700
2019-11-22,127.41999816894531,127.51000213623047,127.2300033569336,127.47000122070312,99.86788177490234,5276600
2019-11-25,127.63999938964844,127.9800033569336,127.62999725341797,127.91000366210938,100.2126235961914,6808600
2019-11-26,128.0500030517578,128.3300018310547,128.02999877929688,128.24000549316406,100.4711685180664,8688800
2019-11-27,127.98999786376953,128.27999877929688,127.9800033569336,128.22999572753906,100.46331024169922,7264000
2019-11-29,128.17999267578125,128.25999450683594,127.83999633789062,127.97000122070312,100.25962829589844,5260900
2019-12-02,127.06999969482422,127.1500015258789,126.80000305175781,127.06999969482422,99.82437133789062,14911500
2019-12-03,127.63999938964844,128.1699981689453,127.51000213623047,128.0500030517578,100.59427642822266,9376800
2019-12-04,127.8499984741211,128.02000427246094,127.45999908447266,127.87999725341797,100.46073150634766,11177600
2019-12-05,127.68000030517578,127.8499984741211,127.47000122070312,127.73999786376953,100.3507080078125,5700600
2019-12-06,127.37000274658203,127.86000061035156,127.30000305175781,127.66999816894531,100.2957534790039,6149500
2019-12-09,127.9800033569336,127.98999786376953,127.62000274658203,127.6500015258789,100.28001403808594,4545300
2019-12-10,127.81999969482422,127.93000030517578,127.52999877929688,127.6500015258789,100.28001403808594,6425500
2019-12-11,127.87999725341797,128.2899932861328,127.83000183105469,128.14999389648438,100.67282104492188,4417100
2019-12-12,128.08999633789062,128.1300048828125,127.16999816894531,127.55999755859375,100.20935821533203,10375000
2019-12-13,128.0399932861328,128.4600067138672,127.69999694824219,128.38999938964844,100.86138916015625,12474100
2019-12-16,128.24000549316406,128.30999755859375,127.97000122070312,128.10000610351562,100.63360595703125,8062600
2019-12-17,128.22000122070312,128.35000610351562,127.97000122070312,128.0,100.55499267578125,10886800
2019-12-18,128.00999450683594,128.11000061035156,127.80999755859375,127.91000366210938,100.48429107666016,10205500
2019-12-19,127.56999969482422,127.83999633789062,127.5,127.69999694824219,100.58355712890625,9307000
2019-12-20,127.62999725341797,127.7300033569336,127.4800033569336,127.66000366210938,100.55204772949219,8336900
2019-12-23,127.80000305175781,127.86000061035156,127.47000122070312,127.72000122070312,100.59929656982422,3827500
2019-12-24,127.55999755859375,127.95999908447266,127.5,127.8499984741211,100.70169830322266,2638000
2019-12-26,128.0399932861328,128.10000610351562,127.80000305175781,128.0800018310547,100.88282012939453,3879900
2019-12-27,128.35000610351562,128.39999389648438,128.25999450683594,128.25999450683594,101.0246353149414,8752100
2019-12-30,127.9000015258789,128.5,127.77999877929688,128.49000549316406,101.20576477050781,9993800
2019-12-31,128.00999450683594,128.25,127.88999938964844,127.95999908447266,100.78829956054688,5499400
2020-01-02,128.33999633789062,128.57000732421875,128.05999755859375,128.22999572753906,101.00096893310547,15348700
2020-01-03,128.39999389648438,128.7100067138672,128.27000427246094,128.6699981689453,101.3475570678711,10110900
2020-01-06,128.69000244140625,128.86000061035156,128.13999938964844,128.24000549316406,101.00886535644531,13894300
2020-01-07,128.1699981689453,128.17999267578125,127.83999633789062,127.91000366210938,100.74896240234375,8211700
2020-01-08,128.00999450683594,128.32000732421875,127.66999816894531,127.7300033569336,100.60717010498047,12268500
2020-01-09,127.69999694824219,128.38999938964844,127.66000366210938,128.33999633789062,101.08763885498047,14415100
2020-01-10,128.47000122070312,128.85000610351562,128.41000366210938,128.6999969482422,101.37117767333984,8263500
2020-01-13,128.52000427246094,128.5500030517578,128.3300018310547,128.38999938964844,101.12701416015625,4477400
2020-01-14,128.36000061035156,128.57000732421875,128.32000732421875,128.5500030517578,101.25306701660156,11066300
2020-01-15,128.8000030517578,128.8699951171875,128.63999938964844,128.8300018310547,101.47358703613281,8712400
2020-01-16,128.89999389648438,129.11000061035156,128.75,129.00999450683594,101.61534881591797,13926100
2020-01-17,128.92999267578125,129.08999633789062,128.60000610351562,128.99000549316406,101.59959411621094,13727800
2020-01-21,129.36000061035156,129.6699981689453,129.07000732421875,129.61000061035156,102.08794403076172,16807300
2020-01-22,129.83999633789062,129.8800048828125,129.6699981689453,129.67999267578125,102.14309692382812,9928600
2020-01-23,129.91000366210938,130.0,129.74000549316406,129.85000610351562,102.27701568603516,13623200
2020-01-24,130.1300048828125,130.22000122070312,129.9600067138672,130.07000732421875,102.4502944946289,11604500
2020-01-27,130.19000244140625,130.4499969482422,130.13999938964844,130.32000732421875,102.64720916748047,10461200
2020-01-28,130.4499969482422,130.55999755859375,130.1199951171875,130.25,102.59202575683594,12055900
2020-01-29,130.60000610351562,130.8800048828125,130.58999633789062,130.6699981689453,102.92285919189453,11174700
2020-01-30,130.72000122070312,130.9499969482422,130.47000122070312,130.75,102.98591613769531,14619200
2020-01-31,130.9600067138672,131.16000366210938,130.77000427246094,131.08999633789062,103.25369262695312,20194800
2020-02-03,130.5800018310547,130.80999755859375,130.4199981689453,130.64999389648438,103.1723403930664,11216300
2020-02-04,130.4199981689453,130.5,130.1300048828125,130.3300018310547,102.91963195800781,16799300
2020-02-05,130.1699981689453,130.30999755859375,130.08999633789062,130.25,102.85645294189453,9587500
2020-02-06,130.2899932861328,130.44000244140625,130.17999267578125,130.19000244140625,102.8091049194336,11028900
2020-02-07,130.72000122070312,130.88999938964844,130.5800018310547,130.69000244140625,103.2039566040039,11517200
2020-02-10,130.89999389648438,131.05999755859375,130.8000030517578,131.0,103.44871520996094,10405800
2020-02-11,130.88999938964844,131.07000732421875,130.7899932861328,130.80999755859375,103.29869079589844,10052700
2020-02-12,130.6999969482422,130.80999755859375,130.60000610351562,130.75,103.25133514404297,7069100
2020-02-13,130.75,130.91000366210938,130.63999938964844,130.66000366210938,103.18024444580078,5437400
2020-02-14,131.05999755859375,131.13999938964844,130.85000610351562,130.97999572753906,103.4329833984375,8254500
2020-02-18,131.1300048828125,131.35000610351562,131.02999877929688,131.22999572753906,103.63037109375,9650900
2020-02-19,131.1199951171875,131.2899932861328,131.00999450683594,131.0500030517578,103.48822784423828,10731500
2020-02-20,131.16000366210938,131.49000549316406,131.13999938964844,131.49000549316406,103.8356704711914,13706000
2020-02-21,131.77999877929688,132.0500030517578,131.6699981689453,131.75,104.04098510742188,12192700
2020-02-24,132.02000427246094,132.16000366210938,131.75999450683594,131.77000427246094,104.05677795410156,17894700
2020-02-25,131.89999389648438,132.1999969482422,131.75,131.89999389648438,104.15947723388672,19930500
2020-02-26,131.5,132.0399932861328,131.39999389648438,131.41000366210938,103.77249908447266,23073400
2020-02-27,131.6300048828125,131.89999389648438,130.69000244140625,130.7100067138672,103.21973419189453,29687900
2020-02-28,131.00999450683594,132.2899932861328,130.75999450683594,132.17999267578125,104.38059997558594,25073300
2020-03-02,131.8699951171875,132.50999450683594,131.60000610351562,131.6999969482422,104.27684783935547,15922600
2020-03-03,131.8300018310547,133.99000549316406,131.75,133.1999969482422,105.46453094482422,39141000
2020-03-04,133.61000061035156,134.05999755859375,133.25,133.38999938964844,105.61495208740234,23702000
2020-03-05,133.72000122070312,133.8699951171875,133.05999755859375,133.33999633789062,105.57539367675781,22089500
2020-03-06,134.1999969482422,134.52999877929688,133.49000549316406,134.27000427246094,106.31171417236328,30099900
2020-03-09,131.2899932861328,133.22000122070312,130.35000610351562,131.00999450683594,103.73056030273438,27166000
2020-03-10,130.91000366210938,131.36000061035156,128.05999755859375,128.05999755859375,101.39476776123047,30024700
2020-03-11,128.0800018310547,128.27000427246094,123.19999694824219,123.8499984741211,98.06137084960938,37310300
2020-03-12,121.43000030517578,125.80000305175781,115.72000122070312,117.94000244140625,93.38201141357422,41021400
2020-03-13,121.48999786376953,124.0,119.23999786376953,123.05000305175781,97.42797088623047,33470600
2020-03-16,116.31999969482422,122.05000305175781,115.20999908447266,121.30000305175781,96.0423812866211,19928900
2020-03-17,119.44999694824219,121.05000305175781,115.38999938964844,116.33000183105469,92.10724639892578,19074000
2020-03-18,112.72000122070312,114.70999908447266,108.31999969482422,110.51000213623047,87.49911499023438,23808700
2020-03-19,109.08000183105469,110.0,104.94999694824219,105.05000305175781,83.17601776123047,29077100
2020-03-20,108.87000274658203,110.63999938964844,105.80000305175781,106.73999786376953,84.51414489746094,29390100
2020-03-23,111.06999969482422,115.13999938964844,110.83000183105469,114.62999725341797,90.76123809814453,36918800
2020-03-24,115.54000091552734,118.72000122070312,114.8499984741211,116.9800033569336,92.62191009521484,43049700
2020-03-25,117.88999938964844,123.5999984741211,117.19000244140625,122.58000183105469,97.05587005615234,45181000
2020-03-26,122.5,123.33000183105469,121.25,122.68000030517578,97.1350326538086,21893500
2020-03-27,121.58000183105469,122.62000274658203,120.55999755859375,122.43000030517578,96.93710327148438,27730300
2020-03-30,122.83999633789062,125.0,122.83999633789062,123.91999816894531,98.11685180664062,19272700
2020-03-31,124.08999633789062,124.91000366210938,122.98999786376953,123.51000213623047,97.79219055175781,23901400
2020-04-01,122.55000305175781,122.5999984741211,121.31999969482422,121.41000366210938,96.371337890625,21859400
2020-04-02,121.66000366210938,123.5,121.51000213623047,121.7300033569336,96.6253662109375,22929500
2020-04-03,122.0199966430664,122.23999786376953,120.68000030517578,121.0999984741211,96.12527465820312,10754100
2020-04-06,122.62999725341797,123.5,122.2300033569336,123.48999786376953,98.02239227294922,15631800
2020-04-07,124.30000305175781,124.4800033569336,123.47000122070312,123.68000030517578,98.1732177734375,17457700
2020-04-08,124.33000183105469,126.01000213623047,123.87999725341797,125.91000366210938,99.94327545166016,15484100
2020-04-09,129.41000366210938,132.0,129.10000610351562,131.8300018310547,104.64240264892578,53580000
2020-04-13,131.19000244140625,131.4600067138672,129.80999755859375,130.5500030517578,103.62641906738281,20599800
2020-04-14,131.39999389648438,131.5,129.83999633789062,129.91000366210938,103.11837768554688,14791600
2020-04-15,129.39999389648438,130.8800048828125,129.39999389648438,130.77999877929688,103.8089599609375,13687800
2020-04-16,130.6199951171875,131.07000732421875,130.0399932861328,130.1300048828125,103.29301452636719,12582100
2020-04-17,131.3300018310547,131.47000122070312,129.94000244140625,130.55999755859375,103.63432312011719,11187900
2020-04-20,130.02999877929688,130.1300048828125,129.22999572753906,129.82000732421875,103.04693603515625,12057500
2020-04-21,129.6999969482422,130.1300048828125,128.69000244140625,129.36000061035156,102.68177795410156,16146000
2020-04-22,129.36000061035156,129.60000610351562,128.91000366210938,129.44000244140625,102.74530792236328,19956600
2020-04-23,129.9199981689453,130.24000549316406,129.6999969482422,129.99000549316406,103.18187713623047,5833400
2020-04-24,129.77999877929688,130.1999969482422,129.2100067138672,129.89999389648438,103.11043548583984,14985500
2020-04-27,129.97999572753906,130.10000610351562,128.82000732421875,128.85000610351562,102.27703094482422,11794700
2020-04-28,129.39999389648438,129.55999755859375,129.07000732421875,129.1999969482422,102.55480194091797,9232900
2020-04-29,129.83999633789062,130.22999572753906,129.6999969482422,130.0500030517578,103.22949981689453,7399100
2020-04-30,129.72999572753906,130.14999389648438,129.11000061035156,129.1699981689453,102.531005859375,14583200
2020-05-01,128.6999969482422,128.94000244140625,127.83000183105469,128.33999633789062,102.12516021728516,15442300
2020-05-04,128.52999877929688,128.9499969482422,128.36000061035156,128.5399932861328,102.28431701660156,9466700
2020-05-05,128.38999938964844,128.72000122070312,128.16000366210938,128.3699951171875,102.14905548095703,7268800
2020-05-06,127.88999938964844,127.94999694824219,126.70999908447266,126.93000030517578,101.00321197509766,10662900
2020-05-07,127.29000091552734,127.5,126.88999938964844,127.2699966430664,101.2737045288086,11194300
2020-05-08,126.81999969482422,127.08000183105469,126.37000274658203,126.66000366210938,100.78833770751953,12286700
2020-05-11,126.37999725341797,126.52999877929688,125.5199966430664,125.55000305175781,99.90505981445312,12334800
2020-05-12,127.16999816894531,127.19999694824219,126.19000244140625,126.76000213623047,100.8678970336914,18760500
2020-05-13,127.29000091552734,127.55999755859375,126.94000244140625,127.05000305175781,101.09867095947266,13404100
2020-05-14,127.5,128.1199951171875,127.0,128.10000610351562,101.93418884277344,16978300
2020-05-15,128.10000610351562,128.61000061035156,127.97000122070312,128.5500030517578,102.29226684570312,17987400
2020-05-18,128.86000061035156,130.0,128.86000061035156,129.27999877929688,102.87315368652344,15299000
2020-05-19,129.3300018310547,129.66000366210938,128.89999389648438,129.3800048828125,102.9527359008789,13529000
2020-05-20,129.75999450683594,130.86000061035156,129.64999389648438,130.8000030517578,104.08272552490234,15068200
2020-05-21,130.99000549316406,131.0,130.5500030517578,130.6999969482422,104.00312042236328,11059200
2020-05-22,130.72000122070312,130.97999572753906,130.52000427246094,130.6999969482422,104.00312042236328,12546900
2020-05-26,130.9199981689453,131.14999389648438,130.47000122070312,130.52000427246094,103.85987091064453,12864900
2020-05-27,130.92999267578125,131.11000061035156,130.6999969482422,131.05999755859375,104.28956604003906,10204500
2020-05-28,130.92999267578125,131.3800048828125,130.60000610351562,131.1699981689453,104.37710571289062,12360900
2020-05-29,131.36000061035156,132.0399932861328,131.16000366210938,132.02000427246094,105.053466796875,14092500
2020-06-01,131.39999389648438,131.64999389648438,131.25,131.63999938964844,105.0072250366211,15415500
2020-06-02,131.82000732421875,132.30999755859375,131.72999572753906,132.05999755859375,105.3422622680664,11585400
2020-06-03,132.07000732421875,132.27999877929688,131.60000610351562,131.97999572753906,105.27841186523438,15198200
2020-06-04,132.13999938964844,132.3000030517578,131.5,131.5800018310547,104.95938873291016,9777400
2020-06-05,132.08999633789062,132.4499969482422,131.5,132.25999450683594,105.50177764892578,22147400
2020-06-08,132.49000549316406,132.9199981689453,132.30999755859375,132.6999969482422,105.8527603149414,15872100
2020-06-09,132.77000427246094,132.85000610351562,132.35000610351562,132.4199981689453,105.62944030761719,17982200
2020-06-10,132.66000366210938,133.50999450683594,132.10000610351562,133.2899932861328,106.32340240478516,16866200
2020-06-11,132.58999633789062,132.80999755859375,131.1300048828125,131.6999969482422,105.0550765991211,28279600
2020-06-12,132.72999572753906,132.97000122070312,131.7899932861328,132.33999633789062,105.56558990478516,16202800
2020-06-15,131.88999938964844,134.8300018310547,131.82000732421875,134.22000122070312,107.06523132324219,24006200
2020-06-16,134.88999938964844,134.89999389648438,133.47999572753906,133.85000610351562,106.77008819580078,16299500
2020-06-17,134.0,134.11000061035156,132.80999755859375,133.58999633789062,106.5627212524414,20132900
2020-06-18,133.6199951171875,133.9199981689453,133.36000061035156,133.88999938964844,106.80201721191406,9306600
2020-06-19,133.9600067138672,134.1999969482422,133.6300048828125,133.99000549316406,106.88178253173828,13741400
2020-06-22,133.99000549316406,134.30999755859375,133.60000610351562,133.86000061035156,106.778076171875,10134000
2020-06-23,133.6999969482422,134.07000732421875,133.55999755859375,133.61000061035156,106.57866668701172,9381300
2020-06-24,133.33999633789062,133.39999389648438,132.6999969482422,133.24000549316406,106.28350067138672,12357300
2020-06-25,133.3699951171875,133.49000549316406,133.0800018310547,133.3800048828125,106.39517974853516,19115300
2020-06-26,133.39999389648438,133.60000610351562,133.14999389648438,133.5,106.49089050292969,7304900
2020-06-29,133.50999450683594,134.1199951171875,133.17999267578125,134.1199951171875,106.98548126220703,10954600
2020-06-30,134.30999755859375,134.52999877929688,133.82000732421875,134.5,107.28858184814453,11599000
2020-07-01,134.14999389648438,134.94000244140625,133.8800048828125,134.72000122070312,107.71239471435547,11872500
2020-07-02,134.9600067138672,135.11000061035156,134.7899932861328,135.0500030517578,107.97622680664062,9733200
2020-07-06,135.16000366210938,135.50999450683594,134.9600067138672,135.39999389648438,108.25606536865234,12706800
2020-07-07,135.39999389648438,135.67999267578125,135.22999572753906,135.5800018310547,108.39994049072266,11645100
2020-07-08,135.6699981689453,135.7100067138672,135.22999572753906,135.36000061035156,108.22406005859375,10033100
2020-07-09,135.63999938964844,136.25,135.4199981689453,136.1199951171875,108.8316650390625,9809000
2020-07-10,136.30999755859375,136.4199981689453,135.67999267578125,135.8699951171875,108.63180541992188,9043100
2020-07-13,135.88999938964844,136.0800018310547,135.42999267578125,135.50999450683594,108.34395599365234,22457200
2020-07-14,135.85000610351562,136.44000244140625,135.8000030517578,136.3000030517578,108.9755859375,12505600
2020-07-15,136.47999572753906,136.5800018310547,136.24000549316406,136.57000732421875,109.19148254394531,8815600
2020-07-16,136.72000122070312,137.02999877929688,136.60000610351562,136.9499969482422,109.49529266357422,7761800
2020-07-17,137.32000732421875,137.41000366210938,136.94000244140625,137.32000732421875,109.79112243652344,6078400
2020-07-20,137.6199951171875,137.6999969482422,137.39999389648438,137.6999969482422,110.09494018554688,7244300
2020-07-21,137.9199981689453,138.10000610351562,137.77999877929688,137.8800048828125,110.23880767822266,7712300
2020-07-22,138.27999877929688,138.33999633789062,138.10000610351562,138.3300018310547,110.5986099243164,6229900
2020-07-23,138.47000122070312,138.52000427246094,138.1699981689453,138.42999267578125,110.6786117553711,9544200
2020-07-24,138.1699981689453,138.38999938964844,137.9499969482422,138.1199951171875,110.43073272705078,9106500
2020-07-27,138.19000244140625,138.2899932861328,137.61000061035156,137.6999969482422,110.09494018554688,6347600
2020-07-28,137.9199981689453,137.99000549316406,137.50999450683594,137.55999755859375,109.9830093383789,12922600
2020-07-29,137.69000244140625,138.30999755859375,137.57000732421875,138.30999755859375,110.58265686035156,7625100
2020-07-30,138.22999572753906,138.30999755859375,137.9600067138672,138.16000366210938,110.46273803710938,8939900
2020-07-31,138.13999938964844,138.4600067138672,137.92999267578125,138.35000610351562,110.61465454101562,11788700
2020-08-03,137.9499969482422,138.33999633789062,137.80999755859375,138.24000549316406,110.76287841796875,10915900
2020-08-04,138.49000549316406,138.75,138.41000366210938,138.75,111.17152404785156,10101900
2020-08-05,138.5399932861328,138.8000030517578,138.42999267578125,138.55999755859375,111.01924896240234,11602000
2020-08-06,138.99000549316406,139.25999450683594,138.92999267578125,139.14999389648438,111.49200439453125,8067800
2020-08-07,139.2899932861328,139.3800048828125,138.72000122070312,138.75999450683594,111.17953491210938,7405300
2020-08-10,138.97999572753906,138.99000549316406,138.41000366210938,138.4600067138672,110.9391098022461,6137100
2020-08-11,138.0,138.08999633789062,137.49000549316406,137.58999633789062,110.2420425415039,12870500
2020-08-12,137.5,137.72999572753906,137.10000610351562,137.25,109.96961975097656,11902600
2020-08-13,137.14999389648438,137.22999572753906,135.75,136.00999450683594,108.97610473632812,20754500
2020-08-14,135.85000610351562,136.1199951171875,135.27999877929688,135.41000366210938,108.49537658691406,12409100
2020-08-17,135.75,135.9199981689453,135.57000732421875,135.69000244140625,108.7197265625,9522800
2020-08-18,135.86000061035156,136.24000549316406,135.74000549316406,136.0800018310547,109.03218078613281,12198000
2020-08-19,136.27999877929688,136.35000610351562,135.60000610351562,135.72000122070312,108.74376678466797,12168600
2020-08-20,136.24000549316406,136.35000610351562,136.02000427246094,136.1999969482422,109.12832641601562,12065300
2020-08-21,136.27999877929688,136.49000549316406,135.97999572753906,136.4499969482422,109.32865142822266,6353900
2020-08-24,136.4600067138672,136.6699981689453,136.1199951171875,136.2100067138672,109.13634490966797,13093400
2020-08-25,135.7100067138672,136.0,135.22999572753906,135.6199951171875,108.66361236572266,12191100
2020-08-26,135.39999389648438,135.67999267578125,135.1300048828125,135.6699981689453,108.70368957519531,6259000
2020-08-27,135.86000061035156,135.88999938964844,134.55999755859375,134.58999633789062,107.83834838867188,12251100
2020-08-28,134.8300018310547,135.07000732421875,134.6199951171875,135.0,108.16685485839844,7907500
2020-08-31,135.1199951171875,135.7899932861328,135.05999755859375,135.60000610351562,108.64762115478516,11874000
2020-09-01,135.25,136.1999969482422,135.10000610351562,136.16000366210938,109.33415222167969,13289900
2020-09-02,136.0500030517578,136.80999755859375,136.0,136.6999969482422,109.76774597167969,14236600
2020-09-03,136.8699951171875,136.89999389648438,136.3300018310547,136.39999389648438,109.52686309814453,16452600
2020-09-04,136.00999450683594,136.1199951171875,134.8699951171875,134.9499969482422,108.362548828125,13177800
2020-09-08,135.13999938964844,135.42999267578125,134.99000549316406,135.0800018310547,108.46693420410156,13932300
2020-09-09,135.11000061035156,135.69000244140625,135.00999450683594,135.1699981689453,108.5391845703125,11640000
2020-09-10,135.0500030517578,135.4199981689453,134.8800048828125,135.27000427246094,108.6195068359375,12624700
2020-09-11,135.3300018310547,135.60000610351562,135.17999267578125,135.3699951171875,108.6998062133789,9773000
2020-09-14,135.60000610351562,135.97999572753906,135.5800018310547,135.7100067138672,108.97284698486328,13896200
2020-09-15,135.74000549316406,135.99000549316406,135.72999572753906,135.86000061035156,109.09325408935547,9388500
2020-09-16,136.1699981689453,136.27000427246094,135.75999450683594,135.9499969482422,109.16551971435547,8868200
2020-09-17,136.27000427246094,136.3000030517578,135.7899932861328,135.97999572753906,109.18965148925781,12190400
2020-09-18,136.05999755859375,136.1199951171875,135.69000244140625,135.72999572753906,108.98882293701172,9968000
2020-09-21,135.97000122070312,135.97000122070312,135.47000122070312,135.60000610351562,108.88449096679688,12081100
2020-09-22,135.7100067138672,135.8000030517578,135.52000427246094,135.67999267578125,108.9487075805664,8295900
2020-09-23,135.66000366210938,135.72999572753906,134.6199951171875,134.6999969482422,108.16175842285156,17759900
2020-09-24,134.67999267578125,134.80999755859375,134.22999572753906,134.36000061035156,107.88878631591797,20595000
2020-09-25,134.27999877929688,134.4499969482422,134.0399932861328,134.22000122070312,107.77635955810547,9793100
2020-09-28,134.52000427246094,134.9199981689453,134.38999938964844,134.89999389648438,108.32240295410156,8579500
2020-09-29,135.05999755859375,135.17999267578125,134.7100067138672,134.72999572753906,108.18586730957031,8428600
2020-09-30,134.64999389648438,134.7899932861328,134.4199981689453,134.7100067138672,108.16984558105469,11634700
2020-10-01,134.25999450683594,134.92999267578125,134.2100067138672,134.7899932861328,108.4708023071289,12642600
2020-10-02,134.66000366210938,134.88999938964844,134.39999389648438,134.80999755859375,108.48686981201172,10829600
2020-10-05,134.49000549316406,134.75999450683594,134.32000732421875,134.36000061035156,108.12476348876953,10078700
2020-10-06,134.4499969482422,134.9499969482422,133.9499969482422,134.25,108.03622436523438,22370600
2020-10-07,134.25999450683594,134.74000549316406,134.11000061035156,134.2899932861328,108.06844329833984,14745500
2020-10-08,134.66000366210938,134.85000610351562,134.50999450683594,134.6199951171875,108.33399963378906,12101600
2020-10-09,134.52000427246094,134.97999572753906,134.4499969482422,134.92999267578125,108.58345031738281,9979700
2020-10-12,135.11000061035156,135.75,135.10000610351562,135.7100067138672,109.2111587524414,5465400
2020-10-13,135.6699981689453,135.7899932861328,135.38999938964844,135.5800018310547,109.10655975341797,9228200
2020-10-14,135.7899932861328,135.89999389648438,135.5,135.7100067138672,109.2111587524414,12994600
2020-10-15,135.6999969482422,135.75999450683594,135.49000549316406,135.57000732421875,109.0985107421875,13255900
2020-10-16,135.50999450683594,135.8699951171875,135.32000732421875,135.33999633789062,108.91338348388672,8742400
2020-10-19,135.25,135.32000732421875,135.00999450683594,135.0800018310547,108.70418548583984,8634500
2020-10-20,134.97999572753906,135.00999450683594,134.77000427246094,134.8000030517578,108.47883605957031,13413100
2020-10-21,134.58999633789062,134.8800048828125,134.5399932861328,134.5800018310547,108.30184173583984,8890100
2020-10-22,134.5,134.5399932861328,134.16000366210938,134.27999877929688,108.06035614013672,9661800
2020-10-23,134.30999755859375,134.72999572753906,134.2899932861328,134.6199951171875,108.33399963378906,12010800
2020-10-26,134.77999877929688,135.00999450683594,134.72000122070312,134.89999389648438,108.55928802490234,9776600
2020-10-27,135.07000732421875,135.4600067138672,135.00999450683594,135.4499969482422,109.00190734863281,7023800
2020-10-28,135.41000366210938,135.47999572753906,134.74000549316406,134.77999877929688,108.4627914428711,13578300
2020-10-29,134.8000030517578,134.8000030517578,134.0800018310547,134.42999267578125,108.18111419677734,14744600
2020-10-30,134.27000427246094,134.5399932861328,133.72000122070312,133.72999572753906,107.6177749633789,19875600
2020-11-02,133.9600067138672,134.25,133.8800048828125,133.97000122070312,108.03953552246094,18496400
2020-11-03,133.91000366210938,134.13999938964844,133.77999877929688,134.10000610351562,108.14441680908203,11661900
2020-11-04,135.61000061035156,136.22999572753906,135.55999755859375,136.11000061035156,109.76528930664062,20019500
2020-11-05,136.5399932861328,136.82000732421875,136.35000610351562,136.6199951171875,110.17662811279297,14349900
2020-11-06,136.27000427246094,136.3300018310547,135.94000244140625,136.19000244140625,109.82984161376953,12029700
2020-11-09,136.19000244140625,136.3000030517578,135.13999938964844,135.16000366210938,108.99922180175781,21273800
2020-11-10,134.82000732421875,135.3699951171875,134.77000427246094,134.80999755859375,108.71695709228516,18849800
2020-11-11,135.0,135.08999633789062,134.7100067138672,135.05999755859375,108.91863250732422,3763300
2020-11-12,135.17999267578125,135.60000610351562,135.07000732421875,135.60000610351562,109.3541030883789,16891500
2020-11-13,135.77000427246094,135.94000244140625,135.6199951171875,135.75999450683594,109.48306274414062,8256800
2020-11-16,135.8000030517578,136.25,135.72999572753906,136.1999969482422,109.83792877197266,12742500
2020-11-17,136.38999938964844,136.75999450683594,136.25999450683594,136.63999938964844,110.19273376464844,11832300
2020-11-18,136.83999633789062,137.0800018310547,136.77999877929688,136.92999267578125,110.42659759521484,11878400
2020-11-19,137.1999969482422,137.85000610351562,137.11000061035156,137.69000244140625,111.03948974609375,16107800
2020-11-20,137.39999389648438,137.75,137.1699981689453,137.57000732421875,110.94275665283203,18308400
2020-11-23,137.6699981689453,137.80999755859375,137.5500030517578,137.74000549316406,111.07987976074219,8648500
2020-11-24,137.6999969482422,137.77999877929688,137.39999389648438,137.42999267578125,110.82981872558594,11204400
2020-11-25,137.60000610351562,137.6300048828125,137.3800048828125,137.50999450683594,110.89434814453125,6709800
2020-11-27,137.82000732421875,138.07000732421875,137.75,138.0,111.2895278930664,3404800
2020-11-30,138.10000610351562,138.52000427246094,137.9499969482422,138.47999572753906,111.67666625976562,11856200
2020-12-01,138.0500030517578,138.27000427246094,137.47999572753906,137.67999267578125,111.25321197509766,18933600
2020-12-02,137.4600067138672,137.5,136.97999572753906,137.22000122070312,110.88148498535156,15637700
2020-12-03,137.64999389648438,138.02999877929688,137.47999572753906,137.75999450683594,111.31785583496094,18888700
2020-12-04,137.13999938964844,137.33999633789062,136.83999633789062,137.0,110.70369720458984,12521200
2020-12-07,137.33999633789062,137.49000549316406,137.07000732421875,137.1199951171875,110.80065155029297,16697300
2020-12-08,137.3699951171875,137.4499969482422,136.89999389648438,136.9600067138672,110.67142486572266,12797700
2020-12-09,136.60000610351562,136.60000610351562,136.1199951171875,136.4600067138672,110.26739501953125,20824700
2020-12-10,136.57000732421875,137.16000366210938,136.55999755859375,137.13999938964844,110.81685638427734,13527600
2020-12-11,137.13999938964844,137.30999755859375,136.9199981689453,137.27999877929688,110.92999267578125,9023000
2020-12-14,136.97999572753906,137.32000732421875,136.8699951171875,137.17999267578125,110.84916687011719,8004000
2020-12-15,137.1699981689453,137.47999572753906,137.08999633789062,137.4499969482422,111.06733703613281,12254500
2020-12-16,137.1699981689453,137.61000061035156,136.8800048828125,137.33999633789062,110.97846984863281,12326000
2020-12-17,137.52000427246094,137.5800018310547,136.97000122070312,137.25999450683594,111.140380859375,12338800
2020-12-18,137.47999572753906,137.52000427246094,137.00999450683594,137.16000366210938,111.0594253540039,8781900
2020-12-21,137.1300048828125,137.13999938964844,136.6699981689453,136.88999938964844,110.84080505371094,11925000
2020-12-22,137.19000244140625,137.2899932861328,136.99000549316406,137.27000427246094,111.14851379394531,10226800
2020-12-23,136.9199981689453,137.32000732421875,136.64999389648438,137.3000030517578,111.17278289794922,7553100
2020-12-24,137.47999572753906,137.8300018310547,137.47999572753906,137.77000427246094,111.5533218383789,3397000
2020-12-28,137.57000732421875,137.89999389648438,137.5,137.86000061035156,111.6262435913086,6279200
2020-12-29,137.61000061035156,137.92999267578125,137.60000610351562,137.9199981689453,111.67479705810547,6581800
2020-12-30,137.88999938964844,138.11000061035156,137.7899932861328,138.10000610351562,111.82054901123047,5343100
2020-12-31,138.0399932861328,138.22000122070312,137.9600067138672,138.1300048828125,111.8448257446289,6932300
2021-01-04,137.88999938964844,137.88999938964844,137.3800048828125,137.42999267578125,111.27801513671875,14891400
2021-01-05,137.05999755859375,137.05999755859375,136.5500030517578,136.99000549316406,110.92179107666016,16294400
2021-01-06,135.77999877929688,135.97999572753906,135.39999389648438,135.8800048828125,110.0229721069336,19136500
2021-01-07,135.55999755859375,135.9499969482422,135.5399932861328,135.86000061035156,110.00679016113281,11886100
2021-01-08,135.77999877929688,135.88999938964844,135.4499969482422,135.75999450683594,109.92581176757812,13341400
2021-01-11,135.49000549316406,135.49000549316406,135.1699981689453,135.17999267578125,109.4561996459961,7557700
2021-01-12,135.11000061035156,135.5399932861328,134.74000549316406,135.47000122070312,109.69100952148438,16766200
2021-01-13,135.75999450683594,136.63999938964844,135.72999572753906,136.52000427246094,110.54122924804688,16490700
2021-01-14,136.5500030517578,136.6300048828125,135.83999633789062,135.92999267578125,110.06349182128906,22050500
2021-01-15,136.24000549316406,136.50999450683594,136.0399932861328,136.13999938964844,110.2335205078125,13680700
2021-01-19,136.08999633789062,136.47999572753906,136.0500030517578,136.3800048828125,110.4278793334961,12807500
2021-01-20,136.35000610351562,136.50999450683594,136.27000427246094,136.33999633789062,110.39546966552734,12218400
2021-01-21,135.77000427246094,135.92999267578125,135.60000610351562,135.8000030517578,109.95826721191406,25084300
2021-01-22,135.75999450683594,135.91000366210938,135.60000610351562,135.6999969482422,109.87724304199219,15998800
2021-01-25,135.9499969482422,136.3699951171875,135.92999267578125,136.27999877929688,110.34689331054688,14603700
2021-01-26,136.02000427246094,136.4499969482422,135.9600067138672,136.27000427246094,110.33882141113281,11926900
2021-01-27,136.4199981689453,136.44000244140625,135.97999572753906,136.02999877929688,110.14444732666016,13822700
2021-01-28,136.0399932861328,136.17999267578125,135.75999450683594,135.80999755859375,109.96636962890625,16896900
2021-01-29,135.4199981689453,135.89999389648438,134.9600067138672,135.60000610351562,109.79629516601562,18131600
2021-02-01,135.3699951171875,135.6999969482422,135.30999755859375,135.60000610351562,110.0129165649414,10682300
2021-02-02,135.2100067138672,135.36000061035156,135.0399932861328,135.24000549316406,109.72081756591797,12710600
2021-02-03,135.0,135.0800018310547,134.8699951171875,134.9199981689453,109.46121978759766,13189600
2021-02-04,134.80999755859375,135.22000122070312,134.6300048828125,135.14999389648438,109.6478271484375,10689500
2021-02-05,135.24000549316406,135.3800048828125,134.72000122070312,134.7899932861328,109.35577392578125,12016300
2021-02-08,134.92999267578125,135.41000366210938,134.8699951171875,135.3699951171875,109.8262939453125,13460300
2021-02-09,135.47000122070312,135.49000549316406,134.8800048828125,135.16000366210938,109.65592956542969,11755100
2021-02-10,135.3800048828125,135.5500030517578,135.2899932861328,135.47999572753906,109.91555786132812,9414500
2021-02-11,135.5399932861328,135.55999755859375,135.0399932861328,135.1199951171875,109.62353515625,9241100
2021-02-12,134.61000061035156,134.94000244140625,134.57000732421875,134.67999267578125,109.26654052734375,13717100
2021-02-16,134.02000427246094,134.2899932861328,133.7100067138672,133.72999572753906,108.49573516845703,21429200
2021-02-17,134.33999633789062,134.42999267578125,134.02999877929688,134.39999389648438,109.03937530517578,16195400
2021-02-18,134.1300048828125,134.35000610351562,133.83999633789062,134.13999938964844,108.82839965820312,15414100
2021-02-19,133.7899932861328,133.89999389648438,133.14999389648438,133.1699981689453,108.04141998291016,13678500
2021-02-22,132.94000244140625,133.22000122070312,132.25,132.33999633789062,107.3680648803711,17978100
2021-02-23,131.91000366210938,132.47000122070312,131.75999450683594,132.44000244140625,107.44917297363281,23482500
2021-02-24,131.63999938964844,132.6699981689453,131.35000610351562,132.63999938964844,107.61144256591797,18120000
2021-02-25,131.72999572753906,131.91000366210938,129.77999877929688,130.5399932861328,105.90766143798828,35471200
2021-02-26,131.44000244140625,132.32000732421875,130.99000549316406,132.27000427246094,107.31124877929688,23284400
2021-03-01,131.63999938964844,132.1699981689453,131.63999938964844,132.1300048828125,107.4161148071289,23890800
2021-03-02,132.10000610351562,132.11000061035156,131.77000427246094,131.97999572753906,107.2942123413086,13633400
2021-03-03,131.2899932861328,131.85000610351562,130.94000244140625,131.0,106.49749755859375,24043300
2021-03-04,131.0500030517578,131.16000366210938,129.80999755859375,129.92999267578125,105.62759399414062,21771800
2021-03-05,129.58999633789062,129.92999267578125,129.27000427246094,129.75999450683594,105.48942565917969,23789400
2021-03-08,129.52999877929688,129.6199951171875,128.52999877929688,128.5500030517578,104.50574493408203,15029200
2021-03-09,129.2100067138672,129.6199951171875,129.16000366210938,129.52000427246094,105.2943115234375,21900300
2021-03-10,129.7100067138672,130.2899932861328,129.7100067138672,130.1300048828125,105.79022979736328,19440400
2021-03-11,130.2899932861328,130.5500030517578,130.05999755859375,130.2100067138672,105.85527801513672,20622100
2021-03-12,129.1300048828125,129.2899932861328,128.66000366210938,128.7100067138672,104.63581085205078,14352000
2021-03-15,128.8300018310547,129.27999877929688,128.8300018310547,129.14999389648438,104.99346923828125,10111200
2021-03-16,129.2100067138672,129.38999938964844,128.8699951171875,129.05999755859375,104.9203109741211,11356900
2021-03-17,128.47999572753906,129.4600067138672,128.30999755859375,129.17999267578125,105.0179214477539,19086100
2021-03-18,128.00999450683594,128.6199951171875,127.91000366210938,128.44000244140625,104.41631317138672,21368700
2021-03-19,128.42999267578125,128.72000122070312,128.24000549316406,128.6300048828125,104.57080078125,19776100
2021-03-22,129.05999755859375,129.4600067138672,128.92999267578125,129.08999633789062,104.9447250366211,16677200
2021-03-23,129.08999633789062,129.58999633789062,129.08999633789062,129.47000122070312,105.25365447998047,32228000
2021-03-24,129.2100067138672,129.9199981689453,129.2100067138672,129.86000061035156,105.57073211669922,13435400
2021-03-25,129.92999267578125,130.02000427246094,129.4499969482422,129.7100067138672,105.44878387451172,12945900
2021-03-26,129.4499969482422,129.82000732421875,129.3300018310547,129.6199951171875,105.37560272216797,14315000
2021-03-29,129.6699981689453,129.7100067138672,129.11000061035156,129.30999755859375,105.12358093261719,11279900
2021-03-30,129.25999450683594,129.7899932861328,128.97999572753906,129.7100067138672,105.44878387451172,20219000
2021-03-31,129.91000366210938,130.3800048828125,129.8300018310547,130.0500030517578,105.72517395019531,23764600
2021-04-01,130.4600067138672,130.64999389648438,130.14999389648438,130.61000061035156,106.38821411132812,16390900
2021-04-05,130.19000244140625,130.3000030517578,129.9199981689453,129.97000122070312,105.86688232421875,17015500
2021-04-06,130.16000366210938,130.8800048828125,130.16000366210938,130.83999633789062,106.57555389404297,15762000
2021-04-07,130.7899932861328,130.9199981689453,130.41000366210938,130.5800018310547,106.36377716064453,10976500
2021-04-08,130.75,131.0800018310547,130.6699981689453,131.05999755859375,106.75476837158203,7452800
2021-04-09,130.63999938964844,131.10000610351562,130.5399932861328,130.7899932861328,106.53483581542969,7568300
2021-04-12,130.6999969482422,130.77000427246094,130.52000427246094,130.75999450683594,106.51039123535156,10579800
2021-04-13,130.61000061035156,131.35000610351562,130.55999755859375,131.33999633789062,106.98284149169922,9582100
2021-04-14,131.16000366210938,131.2899932861328,130.94000244140625,131.16000366210938,106.83621215820312,10219300
2021-04-15,131.66000366210938,132.32000732421875,131.64999389648438,131.97000122070312,107.49596405029297,17234400
2021-04-16,131.27999877929688,131.67999267578125,131.0500030517578,131.07000732421875,106.76290893554688,21100200
2021-04-19,130.77999877929688,130.89999389648438,130.6300048828125,130.72999572753906,106.48597717285156,10868200
2021-04-20,130.69000244140625,131.19000244140625,130.64999389648438,130.97999572753906,106.6895980834961,11996200
2021-04-21,131.05999755859375,131.42999267578125,130.89999389648438,131.42999267578125,107.0561752319336,10473600
2021-04-22,131.5500030517578,131.6699981689453,131.25999450683594,131.55999755859375,107.16203308105469,16487100
2021-04-23,131.72000122070312,131.88999938964844,131.49000549316406,131.6699981689453,107.25164794921875,15170600
2021-04-26,131.6999969482422,131.8800048828125,131.58999633789062,131.61000061035156,107.20276641845703,10915200
2021-04-27,131.60000610351562,131.63999938964844,131.02000427246094,131.02000427246094,106.72218322753906,10418200
2021-04-28,131.00999450683594,131.11000061035156,130.5800018310547,131.0399932861328,106.73847198486328,15731100
2021-04-29,130.6699981689453,130.92999267578125,130.36000061035156,130.8800048828125,106.60816192626953,11697300
2021-04-30,130.9600067138672,131.24000549316406,130.8699951171875,131.14999389648438,106.82808685302734,11860200
2021-05-03,131.1300048828125,131.42999267578125,130.8699951171875,131.2100067138672,107.08516693115234,9029900
2021-05-04,131.47999572753906,131.61000061035156,131.08999633789062,131.2899932861328,107.15048217773438,14006800
2021-05-05,131.1199951171875,131.5,131.1199951171875,131.4499969482422,107.28102111816406,5722300
2021-05-06,131.5,131.75999450683594,131.3699951171875,131.6999969482422,107.48506164550781,9383600
2021-05-07,132.0800018310547,132.33999633789062,131.52999877929688,131.75,107.52584075927734,11267200
2021-05-10,131.52000427246094,131.77000427246094,131.02999877929688,131.0399932861328,106.9464111328125,9705000
2021-05-11,130.5399932861328,130.7899932861328,130.4199981689453,130.55999755859375,106.5546646118164,12179400
2021-05-12,130.1300048828125,130.30999755859375,129.77999877929688,129.85000610351562,105.97521209716797,12569900
2021-05-13,130.1300048828125,130.5399932861328,130.1300048828125,130.33999633789062,106.37513732910156,9508200
2021-05-14,130.82000732421875,131.0800018310547,130.6699981689453,131.0500030517578,106.95457458496094,8987200
2021-05-17,131.0500030517578,131.05999755859375,130.82000732421875,130.89999389648438,106.83214569091797,6001600
2021-05-18,130.6699981689453,130.72999572753906,130.4499969482422,130.47000122070312,106.48123931884766,8835300
2021-05-19,130.36000061035156,130.67999267578125,129.97999572753906,130.24000549316406,106.29351043701172,20069600
2021-05-20,130.63999938964844,131.1699981689453,130.63999938964844,131.1300048828125,107.01985931396484,10498100
2021-05-21,131.32000732421875,131.4199981689453,131.08999633789062,131.22000122070312,107.09331512451172,7826100
2021-05-24,131.5,131.64999389648438,131.36000061035156,131.5800018310547,107.38712310791016,5756400
2021-05-25,131.67999267578125,132.11000061035156,131.66000366210938,132.07000732421875,107.78704071044922,11428000
2021-05-26,131.8800048828125,132.1300048828125,131.74000549316406,132.0,107.72991180419922,28568500
2021-05-27,131.80999755859375,131.82000732421875,131.02000427246094,131.60000610351562,107.40348815917969,15033000
2021-05-28,131.69000244140625,132.05999755859375,131.66000366210938,131.7100067138672,107.49322509765625,10432400
2021-06-01,131.44000244140625,131.5,131.11000061035156,131.47000122070312,107.50712585449219,6390600
2021-06-02,131.55999755859375,131.75999450683594,131.5500030517578,131.67999267578125,107.6788558959961,8140400
2021-06-03,131.3000030517578,131.38999938964844,131.1300048828125,131.16000366210938,107.25365447998047,10028100
2021-06-04,131.58999633789062,132.10000610351562,131.5399932861328,132.08999633789062,108.01414489746094,11427200
2021-06-07,131.97000122070312,132.0500030517578,131.86000061035156,131.97999572753906,107.92417907714844,5000100
2021-06-08,132.32000732421875,132.52999877929688,132.32000732421875,132.47999572753906,108.33303833007812,10626800
2021-06-09,132.97999572753906,133.16000366210938,132.77999877929688,132.9600067138672,108.72557830810547,12152200
2021-06-10,132.74000549316406,133.57000732421875,132.63999938964844,133.55999755859375,109.21620178222656,16424100
2021-06-11,133.6699981689453,133.8000030517578,133.42999267578125,133.6699981689453,109.30615234375,12707000
2021-06-14,133.49000549316406,133.50999450683594,133.0,133.17999267578125,108.90541076660156,8327200
2021-06-15,133.05999755859375,133.32000732421875,132.9600067138672,133.27999877929688,108.98722076416016,17848200
2021-06-16,133.44000244140625,133.7100067138672,132.52999877929688,132.89999389648438,108.67650604248047,22698500
2021-06-17,133.22000122070312,134.25999450683594,133.22000122070312,133.63999938964844,109.28158569335938,22735800
2021-06-18,133.88999938964844,134.57000732421875,133.77000427246094,134.33999633789062,109.85404205322266,21169700
2021-06-21,133.75,133.9199981689453,133.47000122070312,133.55999755859375,109.21620178222656,22492000
2021-06-22,133.1300048828125,133.7899932861328,133.11000061035156,133.77999877929688,109.39607238769531,12098400
2021-06-23,133.58999633789062,133.8000030517578,133.4499969482422,133.57000732421875,109.2243423461914,12519100
2021-06-24,133.6999969482422,133.8800048828125,133.63999938964844,133.8300018310547,109.4369888305664,8241300
2021-06-25,133.83999633789062,133.92999267578125,133.13999938964844,133.47999572753906,109.15074920654297,10981600
2021-06-28,133.8000030517578,134.1199951171875,133.75999450683594,134.0500030517578,109.61688232421875,12359900
2021-06-29,133.80999755859375,134.22000122070312,133.77000427246094,134.2100067138672,109.74772644042969,11194400
2021-06-30,134.42999267578125,134.6199951171875,134.27000427246094,134.36000061035156,109.87040710449219,17381500
2021-07-01,134.0500030517578,134.16000366210938,133.74000549316406,133.99000549316406,109.77450561523438,11062700
2021-07-02,134.02999877929688,134.3800048828125,133.9499969482422,134.3699951171875,110.08584594726562,6896200
2021-07-06,134.52999877929688,135.17999267578125,134.52999877929688,134.86000061035156,110.48725891113281,11499900
2021-07-07,135.1300048828125,135.5,134.97999572753906,135.32000732421875,110.86416625976562,16902400
2021-07-08,135.27000427246094,135.60000610351562,135.16000366210938,135.38999938964844,110.9215087890625,17494900
2021-07-09,134.8000030517578,134.8800048828125,134.72000122070312,134.82000732421875,110.45450592041016,13192600
2021-07-12,134.9499969482422,135.00999450683594,134.64999389648438,134.75,110.39715576171875,12577200
2021-07-13,134.89999389648438,134.9600067138672,134.02999877929688,134.25,109.98753356933594,19922400
2021-07-14,134.6300048828125,134.89999389648438,134.6199951171875,134.8699951171875,110.4954605102539,14420100
2021-07-15,135.22000122070312,135.2899932861328,134.77000427246094,135.16000366210938,110.7330551147461,15859100
2021-07-16,134.8000030517578,135.1300048828125,134.8000030517578,134.97000122070312,110.57740783691406,9624600
2021-07-19,135.64999389648438,136.0800018310547,135.58999633789062,135.94000244140625,111.37214660644531,21808500
2021-07-20,136.3699951171875,136.5399932861328,135.57000732421875,135.75,111.2164535522461,24764800
2021-07-21,135.24000549316406,135.44000244140625,135.02999877929688,135.27000427246094,110.82318115234375,22385000
2021-07-22,135.3800048828125,135.89999389648438,135.27000427246094,135.8300018310547,111.28197479248047,6074900
2021-07-23,135.3000030517578,135.77999877929688,135.25,135.77000427246094,111.2328109741211,11455300
2021-07-26,135.88999938964844,135.88999938964844,135.3800048828125,135.47000122070312,110.9870376586914,8684600
2021-07-27,135.94000244140625,136.0500030517578,135.6699981689453,136.0500030517578,111.46221160888672,10506100
2021-07-28,135.75999450683594,136.3000030517578,135.6300048828125,136.2899932861328,111.65885925292969,12225700
2021-07-29,135.8800048828125,136.00999450683594,135.77000427246094,135.89999389648438,111.33937072753906,15828800
2021-07-30,135.9600067138672,136.17999267578125,135.92999267578125,136.00999450683594,111.42943572998047,11148100
2021-08-02,135.9199981689453,136.50999450683594,135.85000610351562,136.16000366210938,111.75200653076172,12042700
2021-08-03,136.19000244140625,136.39999389648438,136.13999938964844,136.3000030517578,111.86689758300781,13121700
2021-08-04,136.6199951171875,136.77999877929688,135.72000122070312,136.3300018310547,111.89154052734375,14426200
2021-08-05,136.11000061035156,136.13999938964844,135.74000549316406,135.77000427246094,111.43193054199219,13960900
2021-08-06,134.99000549316406,135.16000366210938,134.63999938964844,134.66000366210938,110.52088928222656,8641500
2021-08-09,134.69000244140625,134.80999755859375,134.0800018310547,134.0800018310547,110.04485321044922,14166600
2021-08-10,134.24000549316406,134.25,133.77999877929688,133.77999877929688,109.79861450195312,12103500
2021-08-11,133.77999877929688,134.3300018310547,133.57000732421875,133.99000549316406,109.97098541259766,15902200
2021-08-12,134.0,134.2100067138672,133.8699951171875,134.17999267578125,110.12693786621094,14593200
2021-08-13,134.50999450683594,135.1199951171875,134.39999389648438,135.0800018310547,110.86560821533203,17846600
2021-08-16,135.41000366210938,135.66000366210938,135.1300048828125,135.16000366210938,110.93125915527344,15203000
2021-08-17,134.94000244140625,135.1300048828125,134.82000732421875,134.9199981689453,110.73431396484375,15055900
2021-08-18,134.92999267578125,135.11000061035156,134.60000610351562,134.8300018310547,110.66043853759766,9134600
2021-08-19,135.0399932861328,135.25,134.83999633789062,135.13999938964844,110.91484069824219,15681600
2021-08-20,135.2899932861328,135.38999938964844,135.0500030517578,135.22999572753906,110.98871612548828,10782100
2021-08-23,135.3300018310547,135.4600067138672,135.1999969482422,135.3300018310547,111.07080078125,12064300
2021-08-24,135.1999969482422,135.3000030517578,134.91000366210938,135.02000427246094,110.81639099121094,13782900
2021-08-25,135.02000427246094,135.1300048828125,134.50999450683594,134.6699981689453,110.52909088134766,15533600
2021-08-26,134.8300018310547,134.85000610351562,134.4499969482422,134.6300048828125,110.49626159667969,14673700
2021-08-27,134.77999877929688,135.42999267578125,134.57000732421875,135.3800048828125,111.11184692382812,11670000
2021-08-30,135.25,135.66000366210938,135.22000122070312,135.61000061035156,111.30062103271484,9119900
2021-08-31,135.57000732421875,135.77999877929688,135.1999969482422,135.3000030517578,111.04617309570312,15644700
2021-09-01,135.3300018310547,135.38999938964844,134.8800048828125,135.24000549316406,111.18924713134766,16028100
2021-09-02,135.3699951171875,135.47999572753906,135.1999969482422,135.47999572753906,111.38654327392578,11822200
2021-09-03,134.91000366210938,135.08999633789062,134.82000732421875,134.99000549316406,110.98369598388672,7681300
2021-09-07,134.5,134.5,134.1199951171875,134.35000610351562,110.45747375488281,14271400
2021-09-08,134.5800018310547,134.8800048828125,134.39999389648438,134.77999877929688,110.81103515625,16045000
2021-09-09,134.9600067138672,135.72999572753906,134.83999633789062,135.66000366210938,111.53453063964844,18014200
2021-09-10,135.52000427246094,135.60000610351562,135.08999633789062,135.27000427246094,111.21389770507812,10776600
2021-09-13,135.57000732421875,135.77999877929688,135.5399932861328,135.60000610351562,111.48523712158203,13159800
2021-09-14,135.77000427246094,136.25999450683594,135.67999267578125,136.00999450683594,111.82227325439453,16550300
2021-09-15,135.9600067138672,136.0,135.63999938964844,135.85000610351562,111.69073486328125,14194400
2021-09-16,135.4499969482422,135.74000549316406,135.3699951171875,135.66000366210938,111.53453063964844,16282400
2021-09-17,135.2899932861328,135.39999389648438,135.10000610351562,135.36000061035156,111.28788757324219,15769600
2021-09-20,135.3800048828125,135.8300018310547,135.3800048828125,135.77999877929688,111.63322448730469,17519900
2021-09-21,135.8000030517578,135.88999938964844,135.6699981689453,135.77000427246094,111.62496948242188,15834600
2021-09-22,135.77999877929688,136.2100067138672,135.6300048828125,136.14999389648438,111.93737030029297,15898200
2021-09-23,135.7100067138672,135.7100067138672,135.0,135.2100067138672,111.16454315185547,14735500
2021-09-24,135.05999755859375,135.14999389648438,134.77999877929688,134.9199981689453,110.9261703491211,10797300
2021-09-27,134.6300048828125,134.9600067138672,134.5399932861328,134.85000610351562,110.86857604980469,13104100
2021-09-28,134.0500030517578,134.0500030517578,133.38999938964844,133.41000366210938,109.68464660644531,19987200
2021-09-29,133.77999877929688,134.07000732421875,133.25,133.3800048828125,109.66000366210938,14956300
2021-09-30,133.30999755859375,133.3800048828125,132.97000122070312,133.02999877929688,109.37220764160156,21397100
2021-10-01,133.22999572753906,133.94000244140625,133.17999267578125,133.74000549316406,110.16718292236328,21381400
2021-10-04,133.42999267578125,133.6699981689453,133.25,133.52000427246094,109.9859390258789,12931100
2021-10-05,133.39999389648438,133.50999450683594,132.97000122070312,132.97000122070312,109.5328598022461,14635200
2021-10-06,133.0,133.1300048828125,132.77999877929688,133.00999450683594,109.56580352783203,13855500
2021-10-07,132.72000122070312,132.82000732421875,132.3800048828125,132.4199981689453,109.0798568725586,15805500
2021-10-08,132.27999877929688,132.30999755859375,131.7100067138672,131.80999755859375,108.57736206054688,9079400
2021-10-11,131.5800018310547,131.83999633789062,131.5399932861328,131.55999755859375,108.37139129638672,4337000
2021-10-12,132.08999633789062,132.4499969482422,131.83999633789062,132.39999389648438,109.0633544921875,19870400
2021-10-13,132.61000061035156,133.11000061035156,132.55999755859375,133.07000732421875,109.61527252197266,18260300
2021-10-14,133.30999755859375,133.6999969482422,133.22000122070312,133.6999969482422,110.13422393798828,15870000
2021-10-15,133.2100067138672,133.27999877929688,133.0,133.22000122070312,109.73882293701172,13131700
2021-10-18,133.0,133.2899932861328,132.7100067138672,133.11000061035156,109.6482162475586,11530300
2021-10-19,132.77999877929688,132.8300018310547,132.3800048828125,132.3800048828125,109.04688262939453,12213200
2021-10-20,132.30999755859375,132.50999450683594,132.02999877929688,132.05999755859375,108.78328704833984,13810200
2021-10-21,132.0,132.05999755859375,131.66000366210938,131.77999877929688,108.5526351928711,13131000
2021-10-22,132.08999633789062,132.44000244140625,131.97999572753906,132.30999755859375,108.98921203613281,13735100
2021-10-25,132.3000030517578,132.63999938964844,132.25999450683594,132.3699951171875,109.03861999511719,8206800
2021-10-26,132.72000122070312,132.9600067138672,132.39999389648438,132.94000244140625,109.50816345214844,10100600
2021-10-27,133.52999877929688,134.05999755859375,133.24000549316406,133.75,110.17536163330078,15928300
2021-10-28,133.7100067138672,133.8800048828125,133.2899932861328,133.5500030517578,110.01065063476562,18514400
2021-10-29,133.00999450683594,133.72000122070312,132.9499969482422,133.47999572753906,109.95299530029297,17367800
2021-11-01,132.61000061035156,133.07000732421875,132.61000061035156,132.97999572753906,109.75651550292969,11894200
2021-11-02,132.97999572753906,133.57000732421875,132.97999572753906,133.49000549316406,110.17743682861328,18047600
2021-11-03,133.6300048828125,133.74000549316406,132.91000366210938,133.14999389648438,109.89682006835938,11847700
2021-11-04,133.3000030517578,134.02999877929688,133.3000030517578,133.85000610351562,110.47461700439453,20135500
2021-11-05,134.33999633789062,135.0,134.22000122070312,134.8300018310547,111.2834701538086,15840400
2021-11-08,134.69000244140625,134.7100067138672,134.33999633789062,134.52000427246094,111.02764892578125,8494200
2021-11-09,135.2100067138672,135.30999755859375,134.86000061035156,134.8800048828125,111.32476043701172,18075300
2021-11-10,134.6699981689453,134.69000244140625,133.25,133.5,110.18572998046875,23397300
2021-11-11,133.5399932861328,133.67999267578125,133.0500030517578,133.1199951171875,109.8720932006836,6168900
2021-11-12,133.3000030517578,133.4199981689453,132.7899932861328,132.97999572753906,109.75651550292969,11897100
2021-11-15,132.85000610351562,132.89999389648438,131.9600067138672,131.97000122070312,108.92289733886719,12353400
2021-11-16,131.88999938964844,132.35000610351562,131.67999267578125,131.75,108.74134826660156,18709500
2021-11-17,131.60000610351562,132.32000732421875,131.49000549316406,132.27999877929688,109.17880249023438,14541100
2021-11-18,132.19000244140625,132.69000244140625,132.19000244140625,132.5800018310547,109.4263916015625,14086100
2021-11-19,132.89999389648438,133.2100067138672,132.88999938964844,133.0800018310547,109.839111328125,17682900
2021-11-22,132.5500030517578,132.75999450683594,131.8699951171875,131.9199981689453,108.88166046142578,13745400
2021-11-23,131.61000061035156,131.6999969482422,130.97999572753906,130.97999572753906,108.1058349609375,10986900
2021-11-24,130.9600067138672,131.6300048828125,130.80999755859375,131.61000061035156,108.62580871582031,14019900
2021-11-26,132.02000427246094,132.74000549316406,131.80999755859375,132.67999267578125,109.50896453857422,14399300
2021-11-29,132.13999938964844,132.8699951171875,132.0500030517578,132.77000427246094,109.5832748413086,21231700
2021-11-30,133.22999572753906,133.72999572753906,132.77000427246094,133.05999755859375,109.82257080078125,28873400
2021-12-01,132.77000427246094,132.9600067138672,132.35000610351562,132.83999633789062,109.8382797241211,18070800
2021-12-02,132.8699951171875,133.22999572753906,132.60000610351562,133.14999389648438,110.0945816040039,17305900
2021-12-03,133.1199951171875,134.55999755859375,133.07000732421875,134.25999450683594,111.01239013671875,25739900
2021-12-06,134.2100067138672,134.24000549316406,133.50999450683594,133.5800018310547,110.45016479492188,25332000
2021-12-07,133.63999938964844,134.07000732421875,133.47999572753906,133.63999938964844,110.499755859375,17338200
2021-12-08,133.3000030517578,133.36000061035156,132.5399932861328,132.75,109.76387786865234,17408000
2021-12-09,132.94000244140625,133.16000366210938,132.58999633789062,132.63999938964844,109.67290496826172,12348300
2021-12-10,133.2899932861328,133.3300018310547,132.72999572753906,132.7899932861328,109.79693603515625,12792300
2021-12-13,133.32000732421875,133.6999969482422,133.27999877929688,133.38999938964844,110.29307556152344,10264200
2021-12-14,133.02999877929688,133.1699981689453,132.61000061035156,132.7899932861328,109.79693603515625,17725400
2021-12-15,132.3699951171875,133.02999877929688,132.32000732421875,132.9600067138672,109.93756103515625,20585100
2021-12-16,132.77999877929688,133.10000610351562,132.52000427246094,132.6999969482422,109.9342041015625,9750200
2021-12-17,132.85000610351562,133.13999938964844,132.85000610351562,133.00999450683594,110.19100952148438,8753100
2021-12-20,132.77000427246094,132.91000366210938,132.35000610351562,132.42999267578125,109.71050262451172,12931400
2021-12-21,131.47999572753906,132.6999969482422,131.47999572753906,132.69000244140625,109.92591094970703,12933300
2021-12-22,132.8699951171875,132.91000366210938,132.55999755859375,132.89999389648438,110.09991455078125,7850800
2021-12-23,132.77000427246094,132.82000732421875,132.4199981689453,132.6999969482422,109.9342041015625,8401200
2021-12-27,132.74000549316406,133.1999969482422,132.67999267578125,133.08999633789062,110.2573013305664,8744200
2021-12-28,133.36000061035156,133.41000366210938,132.75,132.9199981689453,110.11647033691406,6864300
2021-12-29,132.3800048828125,132.50999450683594,132.0,132.19000244140625,109.51168823242188,7263000
2021-12-30,132.3800048828125,132.75,132.10000610351562,132.72000122070312,109.95075225830078,5566900
2021-12-31,132.72999572753906,133.02999877929688,132.4499969482422,132.52000427246094,109.78507995605469,8514500
2022-01-03,131.77999877929688,131.7899932861328,131.11000061035156,131.11000061035156,108.61698150634766,18199400
2022-01-04,130.94000244140625,131.24000549316406,130.69000244140625,131.22000122070312,108.70809173583984,18748000
2022-01-05,131.47999572753906,131.47999572753906,130.4199981689453,130.4499969482422,108.07022857666016,16107500
2022-01-06,130.17999267578125,130.47999572753906,130.0,130.27999877929688,107.92937469482422,19336300
2022-01-07,130.11000061035156,130.1999969482422,129.47000122070312,129.72000122070312,107.4654541015625,17750800
2022-01-10,129.39999389648438,129.67999267578125,129.02999877929688,129.60000610351562,107.36603546142578,14253400
2022-01-11,129.61000061035156,130.07000732421875,129.47999572753906,129.99000549316406,107.6891098022461,17231000
2022-01-12,130.22999572753906,130.3800048828125,129.88999938964844,129.89999389648438,107.61456298828125,12733100
2022-01-13,130.11000061035156,130.32000732421875,129.69000244140625,130.30999755859375,107.95423126220703,13468500
2022-01-14,129.7100067138672,129.72999572753906,129.10000610351562,129.16000366210938,107.00149536132812,14308300
2022-01-18,128.4199981689453,128.49000549316406,127.87000274658203,127.93000030517578,105.98253631591797,15266600
2022-01-19,128.27000427246094,128.69000244140625,128.10000610351562,128.1300048828125,106.1482162475586,16057900
2022-01-20,128.2899932861328,128.5,127.93000030517578,128.05999755859375,106.09024047851562,22915800
2022-01-21,128.67999267578125,129.11000061035156,128.6199951171875,128.89999389648438,106.78610229492188,21504700
2022-01-24,128.94000244140625,129.0,128.41000366210938,128.5,106.45476531982422,22567100
2022-01-25,128.47999572753906,128.7899932861328,128.08999633789062,128.13999938964844,106.15650177001953,17247300
2022-01-26,128.47999572753906,128.6199951171875,127.1500015258789,127.2699966430664,105.43573760986328,23220800
2022-01-27,127.70999908447266,128.05999755859375,127.31999969482422,127.55999755859375,105.67597961425781,22292800
2022-01-28,126.86000061035156,127.75,126.8499984741211,127.69999694824219,105.79197692871094,21294200
2022-01-31,127.54000091552734,127.87999725341797,127.26000213623047,127.76000213623047,105.84168243408203,20325100
2022-02-01,127.58999633789062,127.81999969482422,127.05000305175781,127.7300033569336,106.01766967773438,17587300
2022-02-02,127.94000244140625,128.3000030517578,127.61000061035156,127.73999786376953,106.02594757080078,22644800
2022-02-03,126.81999969482422,126.93000030517578,126.45999908447266,126.70999908447266,105.17105865478516,23396800
2022-02-04,125.68000030517578,125.80000305175781,125.11000061035156,125.44999694824219,104.12525939941406,26115800
2022-02-07,125.33000183105469,125.80999755859375,125.19999694824219,125.68000030517578,104.31612396240234,12756600
2022-02-08,125.54000091552734,125.68000030517578,125.20999908447266,125.20999908447266,103.92601013183594,22126100
2022-02-09,125.72000122070312,126.08000183105469,125.5999984741211,125.62999725341797,104.2746353149414,19616400
2022-02-10,124.95999908447266,125.19000244140625,123.9000015258789,123.91999816894531,102.85530853271484,39583900
2022-02-11,124.19000244140625,124.95999908447266,123.69999694824219,124.83999633789062,103.61894226074219,21553500
2022-02-14,124.1500015258789,124.30000305175781,123.66000366210938,123.7300033569336,102.69759368896484,22793600
2022-02-15,123.58999633789062,123.8499984741211,123.11000061035156,123.11000061035156,102.1829605102539,15673700
2022-02-16,123.47000122070312,123.48999786376953,122.62000274658203,123.29000091552734,102.33240509033203,27148800
2022-02-17,123.44000244140625,123.7699966430664,123.08999633789062,123.37999725341797,102.4071044921875,24384600
2022-02-18,123.76000213623047,124.13999938964844,123.26000213623047,123.68000030517578,102.65607452392578,19233800
2022-02-22,123.25,123.52999877929688,123.12000274658203,123.5199966430664,102.5232925415039,18011000
2022-02-23,123.2300033569336,123.3499984741211,122.37000274658203,122.4000015258789,101.59368896484375,16579900
2022-02-24,122.47000122070312,123.08000183105469,122.22000122070312,122.9800033569336,102.07511901855469,29245000
2022-02-25,123.31999969482422,124.08000183105469,123.0199966430664,123.4800033569336,102.4900894165039,19073700
2022-02-28,123.94000244140625,125.0,123.94000244140625,124.80000305175781,103.58575439453125,23474500
2022-03-01,124.83999633789062,125.83999633789062,124.80000305175781,124.97000122070312,103.94002532958984,28504600
2022-03-02,124.12999725341797,124.30000305175781,123.04000091552734,123.06999969482422,102.35974884033203,24849900
2022-03-03,123.52999877929688,123.86000061035156,123.23999786376953,123.5199966430664,102.73406219482422,14144600
2022-03-04,124.33000183105469,124.44999694824219,123.56999969482422,123.63999938964844,102.8338623046875,17402800
2022-03-07,122.88999938964844,123.29000091552734,122.0,122.13999938964844,101.58625793457031,16164900
2022-03-08,121.31999969482422,121.83000183105469,120.80999755859375,121.41000366210938,100.9791259765625,20045200
2022-03-09,121.55999755859375,122.0,121.41999816894531,121.62000274658203,101.15379333496094,27652200
2022-03-10,120.87999725341797,120.93000030517578,119.79000091552734,120.2300033569336,99.9976806640625,34185900
2022-03-11,120.30000305175781,120.41999816894531,120.06999969482422,120.18000030517578,99.95609283447266,20701300
2022-03-14,119.11000061035156,119.56999969482422,118.4000015258789,118.44000244140625,98.5089111328125,18624900
2022-03-15,119.01000213623047,119.47000122070312,118.81999969482422,119.37000274658203,99.28236389160156,24022000
2022-03-16,119.9000015258789,120.44999694824219,118.66999816894531,120.38999938964844,100.13074493408203,32561800
2022-03-17,121.01000213623047,121.87999725341797,120.83000183105469,121.56999969482422,101.11219024658203,23878300
2022-03-18,121.1500015258789,121.98999786376953,121.1500015258789,121.80999755859375,101.31179809570312,21675100
2022-03-21,120.88999938964844,121.16000366210938,119.95999908447266,120.12000274658203,99.90618896484375,17919300
2022-03-22,119.73999786376953,119.98999786376953,119.58999633789062,119.83000183105469,99.6650161743164,16780900
2022-03-23,120.05000305175781,120.33000183105469,119.6500015258789,120.16999816894531,99.94779205322266,16949300
2022-03-24,119.4000015258789,120.4000015258789,118.83999633789062,120.22000122070312,99.9893569946289,20466500
2022-03-25,119.77999877929688,119.80999755859375,118.83999633789062,119.2699966430664,99.19924926757812,23247400
2022-03-28,119.4800033569336,120.12000274658203,119.33000183105469,119.93000030517578,99.74816131591797,18691100
2022-03-29,120.55000305175781,121.01000213623047,120.29000091552734,120.94000244140625,100.58819580078125,23812400
2022-03-30,120.48999786376953,121.3499984741211,120.43000030517578,121.22000122070312,100.82110595703125,17696700
2022-03-31,121.2699966430664,121.55999755859375,120.72000122070312,120.94000244140625,100.58819580078125,19905200
2022-04-01,120.05999755859375,121.4000015258789,119.94999694824219,121.08999633789062,100.92575073242188,16506800
2022-04-04,121.16999816894531,121.55000305175781,120.77999877929688,121.51000213623047,101.27582550048828,19647900
2022-04-05,121.13999938964844,121.19000244140625,119.36000061035156,119.37999725341797,99.5005111694336,22750400
2022-04-06,118.11000061035156,119.23999786376953,117.80000305175781,118.68000030517578,98.91706848144531,25447400
2022-04-07,118.52999877929688,118.62000274658203,117.91000366210938,118.12999725341797,98.45868682861328,21292700
2022-04-08,117.25,117.55999755859375,116.8499984741211,117.19999694824219,97.68354797363281,16072800
2022-04-11,116.5,116.58999633789062,115.77999877929688,116.05999755859375,96.73336029052734,20685500
2022-04-12,116.83999633789062,117.16999816894531,116.12999725341797,116.13999938964844,96.8000717163086,25029100
2022-04-13,116.1500015258789,116.80999755859375,116.0999984741211,116.73999786376953,97.30014038085938,21276200
2022-04-14,116.66999816894531,116.69999694824219,115.2699966430664,115.37999725341797,96.1666030883789,19717700
2022-04-18,115.13999938964844,115.33000183105469,114.38999938964844,114.5,95.43315887451172,16576000
2022-04-19,113.93000030517578,114.16999816894531,113.5199966430664,113.58999633789062,94.6746826171875,19775400
2022-04-20,114.33000183105469,115.08999633789062,114.30999755859375,114.7699966430664,95.65819549560547,21119400
2022-04-21,114.5,114.58000183105469,113.22000122070312,113.55000305175781,94.64131927490234,25288700
2022-04-22,113.11000061035156,113.70999908447266,112.80999755859375,113.41999816894531,94.53300476074219,19927300
2022-04-25,114.02999877929688,114.86000061035156,114.0199966430664,114.68000030517578,95.58320617675781,22261500
2022-04-26,115.23999786376953,115.2699966430664,114.4800033569336,114.62000274658203,95.53314971923828,22695300
2022-04-27,114.4000015258789,114.80999755859375,113.47000122070312,113.5199966430664,94.6163330078125,19426200
2022-04-28,113.2699966430664,113.87000274658203,113.0199966430664,113.86000061035156,94.89971923828125,19645500
2022-04-29,112.91000366210938,113.5199966430664,112.37999725341797,112.5999984741211,93.84952545166016,20257300
2022-05-02,111.69000244140625,111.91999816894531,111.30000305175781,111.68000030517578,93.293212890625,17184100
2022-05-03,112.77999877929688,113.33999633789062,112.29000091552734,112.4000015258789,93.89463806152344,20914600
2022-05-04,112.38999938964844,113.86000061035156,111.77999877929688,113.5,94.81352996826172,34240700
2022-05-05,112.44000244140625,112.48999786376953,110.88999938964844,111.76000213623047,93.3600082397461,34356900
2022-05-06,110.8499984741211,111.5199966430664,110.66000366210938,110.80999755859375,92.56643676757812,15550400
2022-05-09,110.41999816894531,111.31999969482422,110.19000244140625,111.19999694824219,92.89222717285156,17185900
2022-05-10,112.08000183105469,112.36000061035156,111.56999969482422,111.66999816894531,93.2848129272461,25650800
2022-05-11,111.19999694824219,112.45999908447266,111.04000091552734,112.19000244140625,93.71922302246094,25053500
2022-05-12,112.45999908447266,112.87999725341797,112.16000366210938,112.23999786376953,93.76100158691406,22156400
2022-05-13,112.06999969482422,112.16000366210938,111.41999816894531,111.6500015258789,93.26815795898438,16107900
2022-05-16,111.8499984741211,112.30999755859375,111.73999786376953,111.80000305175781,93.39342498779297,11980500
2022-05-17,111.16999816894531,111.4000015258789,110.94999694824219,111.16000366210938,92.85881805419922,16562600
2022-05-18,110.88999938964844,111.62000274658203,110.88999938964844,111.56999969482422,93.2012939453125,16146400
2022-05-19,112.2699966430664,112.62000274658203,111.70999908447266,111.87000274658203,93.451904296875,21212500
2022-05-20,112.18000030517578,112.45999908447266,111.9800033569336,112.41999816894531,93.91136932373047,13906700
2022-05-23,112.06999969482422,112.51000213623047,111.77999877929688,112.0199966430664,93.57722473144531,14892400
2022-05-24,112.48999786376953,113.61000061035156,112.41000366210938,113.48999786376953,94.8051986694336,17210400
2022-05-25,114.0199966430664,114.68000030517578,113.91999816894531,114.66000366210938,95.78258514404297,25637000
2022-05-26,114.83000183105469,115.2699966430664,114.43000030517578,114.69000244140625,95.80760192871094,34022300
2022-05-27,115.16999816894531,115.66000366210938,114.87000274658203,115.29000091552734,96.30883026123047,9246100
2022-05-31,114.26000213623047,114.66000366210938,113.70999908447266,114.44000244140625,95.59877014160156,20336900
2022-06-01,114.66000366210938,114.9000015258789,113.08999633789062,113.5,95.04109954833984,22403900
2022-06-02,113.66000366210938,113.79000091552734,112.88999938964844,113.55000305175781,95.08299255371094,14823300
2022-06-03,112.73999786376953,113.19999694824219,112.73999786376953,113.19000244140625,94.7815170288086,11440900
2022-06-06,113.11000061035156,113.19000244140625,112.30999755859375,112.38999938964844,94.11161041259766,12213900
2022-06-07,112.69000244140625,113.29000091552734,112.61000061035156,112.98999786376953,94.61402893066406,11291400
2022-06-08,112.76000213623047,113.08999633789062,112.33000183105469,112.33999633789062,94.06977081298828,13730800
2022-06-09,112.05999755859375,112.33999633789062,111.54000091552734,111.5999984741211,93.4500732421875,24846700
2022-06-10,111.01000213623047,111.13999938964844,109.86000061035156,110.5199966430664,92.54576110839844,36297900
2022-06-13,108.37000274658203,108.8499984741211,107.0999984741211,107.97000122070312,90.41047668457031,34771900
2022-06-14,108.45999908447266,108.81999969482422,107.16000366210938,107.41000366210938,89.94151306152344,27320800
2022-06-15,108.66000366210938,109.19000244140625,107.73999786376953,109.08999633789062,91.3482894897461,31581500
2022-06-16,107.58999633789062,109.4800033569336,107.29000091552734,109.20999908447266,91.44881439208984,30588300
2022-06-17,109.5199966430664,109.70999908447266,108.7699966430664,109.43000030517578,91.63302612304688,17319600
2022-06-21,108.94000244140625,109.41999816894531,108.20999908447266,108.33000183105469,90.71192169189453,17031500
2022-06-22,109.45999908447266,109.66999816894531,109.05999755859375,109.12000274658203,91.37342071533203,18943300
2022-06-23,109.63999938964844,110.81999969482422,109.58999633789062,109.95999908447266,92.07682037353516,30742100
2022-06-24,109.87999725341797,110.66999816894531,109.8499984741211,110.08999633789062,92.18568420410156,18668900
2022-06-27,109.4800033569336,109.70999908447266,109.0199966430664,109.08000183105469,91.33993530273438,20847000
2022-06-28,108.9000015258789,109.11000061035156,108.5199966430664,109.05000305175781,91.31481170654297,18998400
2022-06-29,109.0999984741211,109.70999908447266,109.0199966430664,109.69999694824219,91.85911560058594,10747100
2022-06-30,109.7699966430664,110.9000015258789,109.7699966430664,110.02999877929688,92.13543701171875,16570800
2022-07-01,110.66000366210938,111.45999908447266,110.47000122070312,111.12000274658203,93.30001831054688,20179400
2022-07-05,111.19999694824219,111.30000305175781,110.83999633789062,111.08999633789062,93.27483367919922,16728000
2022-07-06,111.41000366210938,111.58000183105469,110.43000030517578,110.54000091552734,92.81303405761719,17291300
2022-07-07,110.95999908447266,111.13999938964844,110.33000183105469,110.52999877929688,92.80462646484375,15165800
2022-07-08,110.12000274658203,110.41000366210938,109.94999694824219,110.3499984741211,92.65348052978516,14384500
2022-07-11,110.81999969482422,111.16000366210938,110.5,110.66000366210938,92.91376495361328,9456900
2022-07-12,111.11000061035156,111.58000183105469,110.77999877929688,110.81999969482422,93.04810333251953,18053600
2022-07-13,109.72000122070312,111.77999877929688,109.70999908447266,111.6500015258789,93.74500274658203,25657200
2022-07-14,110.44000244140625,111.22000122070312,110.08999633789062,110.94000244140625,93.14887237548828,22978600
2022-07-15,110.86000061035156,112.05000305175781,110.86000061035156,111.83000183105469,93.89615631103516,15192500
2022-07-18,111.66000366210938,111.66999816894531,110.97000122070312,111.05000305175781,93.24124145507812,15665500
2022-07-19,111.20999908447266,111.47000122070312,110.81999969482422,111.36000061035156,93.50149536132812,15414500
2022-07-20,111.8499984741211,111.94000244140625,111.16000366210938,111.23999786376953,93.4007568359375,9888100
2022-07-21,111.51000213623047,112.7699966430664,111.51000213623047,112.76000213623047,94.67700958251953,25141900
2022-07-22,113.70999908447266,114.23999786376953,113.13999938964844,113.62999725341797,95.40747833251953,16062400
2022-07-25,112.83999633789062,113.01000213623047,112.4000015258789,112.66999816894531,94.60144805908203,25656700
2022-07-26,113.01000213623047,113.12000274658203,112.5999984741211,112.6500015258789,94.58465576171875,18514600
2022-07-27,113.16000366210938,114.05000305175781,113.12999725341797,113.4000015258789,95.21439361572266,16995200
2022-07-28,114.2300033569336,114.51000213623047,113.98999786376953,114.33999633789062,96.00363159179688,17266700
2022-07-29,114.27999877929688,115.08000183105469,114.13999938964844,114.61000061035156,96.23030853271484,14914000
2022-08-01,114.37999725341797,114.91000366210938,114.26000213623047,114.55999755859375,96.4205551147461,18348900
2022-08-02,114.52999877929688,114.68000030517578,113.06999969482422,113.16000366210938,95.24221801757812,22706500
2022-08-03,113.2300033569336,114.41999816894531,112.87000274658203,114.38999938964844,96.27745819091797,19416500
2022-08-04,114.26000213623047,114.62999725341797,113.91000366210938,114.56999969482422,96.428955078125,22451000
2022-08-05,112.94999694824219,113.0999984741211,112.30999755859375,113.0199966430664,95.12435913085938,15893400
2022-08-08,113.58000183105469,113.94000244140625,113.41000366210938,113.47000122070312,95.5031509399414,11889800
2022-08-09,113.0199966430664,113.20999908447266,112.83000183105469,112.95999908447266,95.07386779785156,17809000
2022-08-10,113.55999755859375,114.30999755859375,113.54000091552734,114.02999877929688,95.9744644165039,25548100
2022-08-11,114.47000122070312,114.9800033569336,112.87999725341797,112.93000030517578,95.04863739013672,24970100
2022-08-12,113.54000091552734,114.26000213623047,113.2699966430664,114.23999786376953,96.15120697021484,16542900
2022-08-15,114.44000244140625,114.61000061035156,114.13999938964844,114.16000366210938,96.08390045166016,10750200
2022-08-16,113.80999755859375,113.87000274658203,113.12999725341797,113.72000122070312,95.71353912353516,15328900
2022-08-17,112.95999908447266,113.18000030517578,112.4000015258789,112.6500015258789,94.81297302246094,20836800
2022-08-18,113.01000213623047,113.31999969482422,112.87999725341797,112.94000244140625,95.05707550048828,13914300
2022-08-19,111.94000244140625,111.94000244140625,111.3499984741211,111.5999984741211,93.92922973632812,17996700
2022-08-22,111.29000091552734,111.30000305175781,110.7300033569336,110.8499984741211,93.29798889160156,10208500
2022-08-23,110.72000122070312,111.48999786376953,110.61000061035156,110.97000122070312,93.39897918701172,14517700
2022-08-24,110.7300033569336,110.80000305175781,110.43000030517578,110.63999938964844,93.12123107910156,14441000
2022-08-25,111.2300033569336,112.04000091552734,110.75,111.77999877929688,94.08071899414062,33579200
2022-08-26,111.44999694824219,111.73999786376953,111.01000213623047,111.11000061035156,93.51679992675781,13942300
2022-08-29,110.62000274658203,110.62000274658203,110.1500015258789,110.29000091552734,92.82664489746094,18371900
2022-08-30,110.58000183105469,110.80000305175781,109.8499984741211,110.43000030517578,92.9444808959961,19251300
2022-08-31,110.19999694824219,110.37000274658203,109.20999908447266,109.2699966430664,91.9681396484375,19484300
2022-09-01,108.19000244140625,108.41999816894531,107.3499984741211,108.30999755859375,91.41448974609375,26706500
2022-09-02,108.8499984741211,109.25,108.37999725341797,108.38999938964844,91.48200988769531,14458700
2022-09-06,107.86000061035156,107.94000244140625,106.91999816894531,106.91999816894531,90.24132537841797,16455700
2022-09-07,107.41000366210938,108.48999786376953,107.38999938964844,108.37999725341797,91.47355651855469,21874300
2022-09-08,108.33999633789062,108.66999816894531,108.05000305175781,108.12999725341797,91.26255798339844,16871100
2022-09-09,108.55000305175781,108.98999786376953,108.3499984741211,108.37999725341797,91.47355651855469,11911700
2022-09-12,108.80000305175781,109.0199966430664,107.91999816894531,108.13999938964844,91.27101135253906,11084600
2022-09-13,107.05999755859375,107.5199966430664,106.91000366210938,107.36000061035156,90.61268615722656,19563400
2022-09-14,107.33000183105469,108.05999755859375,107.30000305175781,107.87000274658203,91.0431137084961,19360500
2022-09-15,107.62000274658203,107.76000213623047,107.19999694824219,107.3499984741211,90.60423278808594,12947800
2022-09-16,106.75,108.16000366210938,106.7300033569336,107.0999984741211,90.39322662353516,13980900
2022-09-19,106.62000274658203,107.38999938964844,106.52999877929688,107.27999877929688,90.54515838623047,13679600
2022-09-20,106.33999633789062,106.6500015258789,106.05999755859375,106.20999908447266,89.64205932617188,30310500
2022-09-21,106.62999725341797,106.9000015258789,105.5999984741211,106.61000061035156,89.97966003417969,23883200
2022-09-22,105.62000274658203,105.62999725341797,104.80999755859375,105.11000061035156,88.71366882324219,20982600
2022-09-23,104.87999725341797,105.06999969482422,104.33000183105469,104.80999755859375,88.46044921875,18671200
2022-09-26,104.38999938964844,104.58999633789062,102.94000244140625,102.98999786376953,86.92436981201172,27606500
2022-09-27,103.05999755859375,103.2699966430664,101.4000015258789,101.44000244140625,85.61615753173828,34683500
2022-09-28,102.48999786376953,103.56999969482422,102.2699966430664,103.4800033569336,87.33793640136719,39921300
2022-09-29,102.5199966430664,102.77999877929688,101.73999786376953,102.70999908447266,86.68804168701172,30873000
2022-09-30,103.05999755859375,103.56999969482422,102.44000244140625,102.44999694824219,86.4686050415039,24058300
2022-10-03,103.61000061035156,104.83999633789062,103.38999938964844,104.0,88.06822204589844,27200900
2022-10-04,104.80999755859375,105.12000274658203,104.36000061035156,104.4800033569336,88.47470092773438,21918800
2022-10-05,103.66999816894531,103.88999938964844,102.94999694824219,103.69000244140625,87.80571746826172,24999500
2022-10-06,103.68000030517578,103.94000244140625,103.19999694824219,103.44999694824219,87.60247039794922,22017200
2022-10-07,102.83999633789062,102.91000366210938,102.37000274658203,102.41999816894531,86.7302474975586,20895500
2022-10-10,102.38999938964844,102.44999694824219,101.08999633789062,101.5,85.95121002197266,6179400
2022-10-11,101.7699966430664,102.16999816894531,101.04000091552734,101.29000091552734,85.77336883544922,30332900
2022-10-12,101.16999816894531,101.4800033569336,100.83000183105469,101.16999816894531,85.6717529296875,18941200
2022-10-13,99.19999694824219,101.63999938964844,99.18000030517578,101.3499984741211,85.8241958618164,20727700
2022-10-14,101.98999786376953,101.98999786376953,100.2699966430664,100.37999725341797,85.00275421142578,20681900
2022-10-17,101.26000213623047,101.66999816894531,100.79000091552734,100.86000061035156,85.40921020507812,16585700
2022-10-18,101.47000122070312,101.61000061035156,100.51000213623047,101.45999908447266,85.91732788085938,23532600
2022-10-19,100.54000091552734,100.83999633789062,99.94000244140625,100.06999969482422,84.7402572631836,16461800
2022-10-20,99.81999969482422,100.37000274658203,99.0999984741211,99.19999694824219,84.00354766845703,21437300
2022-10-21,98.7300033569336,99.63999938964844,98.41000366210938,99.4800033569336,84.24063110351562,18871700
2022-10-24,99.37999725341797,99.9800033569336,98.83000183105469,99.43000030517578,84.19830322265625,16517100
2022-10-25,100.29000091552734,101.19000244140625,100.29000091552734,100.76000213623047,85.32457733154297,23143100
2022-10-26,101.01000213623047,101.72000122070312,100.91000366210938,101.22000122070312,85.71409606933594,22201400
2022-10-27,101.56999969482422,102.08999633789062,101.19999694824219,101.69000244140625,86.11211395263672,21002900
2022-10-28,101.29000091552734,102.05000305175781,101.23999786376953,101.9000015258789,86.28993225097656,19532300
2022-10-31,101.54000091552734,101.68000030517578,100.97000122070312,101.3499984741211,85.8241958618164,21884100
2022-11-01,102.0999984741211,102.19000244140625,101.19000244140625,101.7699966430664,86.44170379638672,26415300
2022-11-02,101.91000366210938,102.91999816894531,101.0199966430664,101.27999877929688,86.02549743652344,23174200
2022-11-03,100.33000183105469,101.18000030517578,100.01000213623047,100.91999816894531,85.7197036743164,52723900
2022-11-04,101.20999908447266,101.55000305175781,100.66000366210938,101.12000274658203,85.88960266113281,16698200
2022-11-07,101.16999816894531,101.2300033569336,100.54000091552734,100.75,85.5752944946289,13428300
2022-11-08,101.0,101.48999786376953,100.8499984741211,101.16999816894531,85.93205261230469,19206000
2022-11-09,100.86000061035156,101.41999816894531,100.6500015258789,100.91000366210938,85.71121978759766,12204000
2022-11-10,103.0999984741211,104.38999938964844,103.06999969482422,104.29000091552734,88.58213806152344,28447600
2022-11-11,104.12000274658203,104.73999786376953,103.9800033569336,104.56999969482422,88.81995391845703,8578600
2022-11-14,104.20999908447266,104.44999694824219,104.01000213623047,104.04000091552734,88.36978912353516,22576600
2022-11-15,105.12000274658203,105.52999877929688,104.81999969482422,105.48999786376953,89.60136413574219,25504400
2022-11-16,105.80000305175781,106.5999984741211,105.58000183105469,106.38999938964844,90.3658447265625,24648800
2022-11-17,105.5199966430664,105.91000366210938,105.22000122070312,105.81999969482422,89.88170623779297,24106600
2022-11-18,106.12999725341797,106.29000091552734,105.61000061035156,105.80999755859375,89.8731918334961,14214100
2022-11-21,106.19999694824219,106.36000061035156,105.63999938964844,105.6500015258789,89.73729705810547,9664100
2022-11-22,106.19000244140625,106.7300033569336,106.05999755859375,106.58999633789062,90.53570556640625,15050400
2022-11-23,106.95999908447266,107.69999694824219,106.91999816894531,107.66000366210938,91.44453430175781,12511500
2022-11-25,107.72000122070312,107.79000091552734,107.5,107.7699966430664,91.5379638671875,4413900
2022-11-28,107.8499984741211,107.87999725341797,106.88999938964844,106.98999786376953,90.87545776367188,18815800
2022-11-29,106.51000213623047,106.80999755859375,106.23999786376953,106.45999908447266,90.42530059814453,23040000
2022-11-30,106.4000015258789,107.77999877929688,105.98999786376953,107.76000213623047,91.52951049804688,20930100
2022-12-01,107.91999816894531,108.80999755859375,107.61000061035156,108.76000213623047,92.67471313476562,30830200
2022-12-02,108.0,109.41999816894531,107.79000091552734,109.41999816894531,93.23711395263672,16908900
2022-12-05,108.70999908447266,108.70999908447266,108.0199966430664,108.48999786376953,92.44464111328125,19612000
2022-12-06,108.87000274658203,108.9800033569336,108.52999877929688,108.81999969482422,92.72581481933594,18220800
2022-12-07,109.38999938964844,110.08000183105469,109.27999877929688,110.02999877929688,93.75687408447266,22116700
2022-12-08,109.73999786376953,110.02999877929688,109.41000366210938,109.68000030517578,93.45867156982422,18285600
2022-12-09,109.30000305175781,109.4000015258789,108.81999969482422,108.86000061035156,92.75992584228516,15568800
2022-12-12,109.62000274658203,109.73999786376953,108.6500015258789,108.72000122070312,92.6406478881836,13988400
2022-12-13,110.76000213623047,110.88999938964844,109.4800033569336,109.66999816894531,93.45012664794922,19976000
2022-12-14,109.66000366210938,109.93000030517578,108.7699966430664,109.7699966430664,93.53533172607422,19894900
2022-12-15,109.52999877929688,109.72000122070312,109.16000366210938,109.52999877929688,93.61395263671875,16931200
2022-12-16,108.4800033569336,109.19999694824219,108.4800033569336,109.05999755859375,93.21228790283203,16643900
2022-12-19,108.43000030517578,108.44999694824219,107.69999694824219,107.95999908447266,92.27210235595703,14746200
2022-12-20,106.93000030517578,107.0199966430664,106.5199966430664,106.69000244140625,91.18666076660156,18678000
2022-12-21,107.37000274658203,107.5199966430664,107.01000213623047,107.41999816894531,91.81058502197266,15087800
2022-12-22,107.37000274658203,107.54000091552734,107.13999938964844,107.38999938964844,91.784912109375,13957300
2022-12-23,106.95999908447266,107.30999755859375,106.83000183105469,107.05999755859375,91.50286102294922,5992400
2022-12-27,106.31999969482422,106.54000091552734,105.63999938964844,105.68000030517578,90.32345581054688,10456200
2022-12-28,106.06999969482422,106.2300033569336,105.3499984741211,105.3499984741211,90.04135131835938,10050900
2022-12-29,105.7300033569336,106.13999938964844,105.66000366210938,106.0999984741211,90.68240356445312,14253300
2022-12-30,105.80999755859375,105.94000244140625,105.16999816894531,105.43000030517578,90.10977172851562,8528200
2023-01-03,106.94999694824219,106.98999786376953,105.8499984741211,106.16000366210938,90.73365020751953,15589800
2023-01-04,107.02999877929688,107.0999984741211,106.5199966430664,106.93000030517578,91.39179229736328,13951700
2023-01-05,106.08999633789062,106.95999908447266,106.08999633789062,106.8499984741211,91.32341003417969,9848100
2023-01-06,107.02999877929688,108.7699966430664,106.88999938964844,108.5999984741211,92.81912994384766,20695600
2023-01-09,108.44000244140625,109.29000091552734,108.33999633789062,109.02999877929688,93.1866226196289,20449600
2023-01-10,108.51000213623047,108.83000183105469,108.25,108.66000366210938,92.8703842163086,19225200
2023-01-11,109.31999969482422,109.63999938964844,109.16999816894531,109.58999633789062,93.66523742675781,19541700
2023-01-12,109.87999725341797,110.8499984741211,109.23999786376953,110.83000183105469,94.72505187988281,18372500
2023-01-13,110.44999694824219,110.88999938964844,110.30999755859375,110.47000122070312,94.41738891601562,21077700
2023-01-17,110.01000213623047,110.41000366210938,109.91999816894531,110.06999969482422,94.07551574707031,20745100
2023-01-18,111.68000030517578,111.94999694824219,110.87000274658203,111.36000061035156,95.17806243896484,27794600
2023-01-19,110.87000274658203,111.2300033569336,110.76000213623047,111.12999725341797,94.98147583007812,18085800
2023-01-20,110.58000183105469,110.68000030517578,110.12000274658203,110.55000305175781,94.48575592041016,15440000
2023-01-23,110.1500015258789,110.5199966430664,110.08000183105469,110.2300033569336,94.21224212646484,18814700
2023-01-24,110.29000091552734,110.94000244140625,109.91999816894531,110.80999755859375,94.7079849243164,12419700
2023-01-25,110.70999908447266,110.95999908447266,110.33000183105469,110.86000061035156,94.75067138671875,15450000
2023-01-26,110.93000030517578,111.08000183105469,110.37000274658203,110.81999969482422,94.71651458740234,13250300
2023-01-27,110.37000274658203,110.66000366210938,110.27999877929688,110.5,94.44302368164062,8924900
2023-01-30,110.16000366210938,110.62000274658203,110.01000213623047,110.08000183105469,94.08405303955078,20019800
2023-01-31,110.66999816894531,110.97000122070312,110.08000183105469,110.87000274658203,94.75926971435547,27212200
2023-02-01,110.87000274658203,111.9000015258789,110.27999877929688,111.6500015258789,95.72120666503906,29127300
2023-02-02,112.36000061035156,112.51000213623047,111.69999694824219,111.80999755859375,95.85836029052734,18958900
2023-02-03,110.69999694824219,110.9000015258789,110.29000091552734,110.54000091552734,94.76956176757812,16053900
2023-02-06,109.9800033569336,110.01000213623047,109.62000274658203,109.69000244140625,94.04083251953125,18455400
2023-02-07,109.5,110.12000274658203,109.19000244140625,109.33000183105469,93.73219299316406,25191300
2023-02-08,109.43000030517578,109.63999938964844,108.94999694824219,109.44000244140625,93.82649230957031,16484400
2023-02-09,109.95999908447266,109.97000122070312,108.45999908447266,108.5199966430664,93.0377426147461,21637500
2023-02-10,108.37999725341797,108.44999694824219,107.72000122070312,107.76000213623047,92.38619232177734,16092100
2023-02-13,107.86000061035156,108.16000366210938,107.7699966430664,108.16000366210938,92.72911071777344,32223500
2023-02-14,108.11000061035156,108.3499984741211,107.22000122070312,107.88999938964844,92.49762725830078,31922200
2023-02-15,107.72000122070312,107.79000091552734,107.20999908447266,107.4800033569336,92.14612579345703,24279600
2023-02-16,106.95999908447266,107.18000030517578,106.55999755859375,106.62000274658203,91.4088134765625,27909900
2023-02-17,106.2699966430664,107.04000091552734,106.22000122070312,107.04000091552734,91.76886749267578,18528900
2023-02-21,106.18000030517578,106.25,105.4800033569336,105.5199966430664,90.4657211303711,21136000
2023-02-22,105.94000244140625,106.2699966430664,105.7699966430664,105.81999969482422,90.72294616699219,20971700
2023-02-23,106.12999725341797,106.69000244140625,106.05000305175781,106.6500015258789,91.43451690673828,21144600
2023-02-24,105.8499984741211,106.05000305175781,105.58000183105469,105.8499984741211,90.74866485595703,26721100
2023-02-27,106.12999725341797,106.29000091552734,105.80000305175781,105.87999725341797,90.77438354492188,19660700
2023-02-28,105.44000244140625,106.0,105.2699966430664,105.91999816894531,90.80867004394531,18239100
2023-03-01,105.26000213623047,105.36000061035156,104.76000213623047,104.88999938964844,90.2425537109375,27249600
2023-03-02,104.43000030517578,104.9800033569336,104.33000183105469,104.9800033569336,90.31997680664062,23715100
2023-03-03,105.61000061035156,106.2300033569336,105.44000244140625,106.16999816894531,91.34382629394531,27316900
2023-03-06,106.5,106.54000091552734,105.81999969482422,105.87999725341797,91.09429168701172,14688600
2023-03-07,106.08999633789062,106.19999694824219,105.33999633789062,105.58000183105469,90.83619689941406,22431700
2023-03-08,105.9000015258789,106.16999816894531,105.1500015258789,105.41000366210938,90.68994140625,29396500
2023-03-09,105.48999786376953,105.83000183105469,105.16000366210938,105.30999755859375,90.60389709472656,24552400
2023-03-10,106.5,107.13999938964844,106.25,106.81999969482422,91.9030532836914,36906000
2023-03-13,107.41000366210938,108.26000213623047,106.4800033569336,106.91000366210938,91.98047637939453,47445400
2023-03-14,106.83999633789062,107.56999969482422,106.43000030517578,106.58999633789062,91.70516967773438,49782100
2023-03-15,107.30000305175781,108.0999984741211,106.98999786376953,107.61000061035156,92.58271026611328,50591500
2023-03-16,108.05999755859375,108.30000305175781,107.12999725341797,107.44999694824219,92.44505310058594,37961900
2023-03-17,107.77999877929688,108.41999816894531,107.61000061035156,107.98999786376953,92.90962982177734,32011600
2023-03-20,108.08000183105469,108.27999877929688,107.55999755859375,107.66999816894531,92.63433837890625,24035100
2023-03-21,108.12000274658203,108.25,107.69999694824219,108.19000244140625,93.08171844482422,29109400
2023-03-22,108.11000061035156,109.58999633789062,107.80999755859375,108.81999969482422,93.62374114990234,31434700
2023-03-23,108.70999908447266,109.22000122070312,108.37999725341797,109.12999725341797,93.89046478271484,28703800
2023-03-24,109.43000030517578,109.69000244140625,109.18000030517578,109.47000122070312,94.1829833984375,26204100
2023-03-27,108.4800033569336,108.98999786376953,108.12999725341797,108.16000366210938,93.05592346191406,16527900
2023-03-28,108.04000091552734,108.20999908447266,107.73999786376953,107.9800033569336,92.90106964111328,14138000
2023-03-29,107.76000213623047,108.5199966430664,107.72000122070312,108.4800033569336,93.33124542236328,17506000
2023-03-30,108.4800033569336,108.8499984741211,108.45999908447266,108.62999725341797,93.46028137207031,18267200
2023-03-31,109.0999984741211,109.69000244140625,108.86000061035156,109.61000061035156,94.30342864990234,19187400
2023-04-03,109.16999816894531,110.0199966430664,109.0,109.93000030517578,94.8730239868164,20093500
2023-04-04,109.41999816894531,110.19999694824219,109.29000091552734,110.06999969482422,94.99385070800781,20317700
2023-04-05,110.22000122070312,110.58000183105469,110.05000305175781,110.43000030517578,95.30455017089844,14674800
2023-04-06,110.48999786376953,110.5999984741211,110.2300033569336,110.33000183105469,95.21825408935547,14191300
2023-04-10,109.77999877929688,109.88999938964844,109.3499984741211,109.81999969482422,94.7780990600586,10825500
2023-04-11,109.83999633789062,109.94999694824219,109.55000305175781,109.79000091552734,94.75224304199219,14510100
2023-04-12,110.26000213623047,110.30999755859375,109.38999938964844,109.55999755859375,94.55372619628906,20049200
2023-04-13,109.9000015258789,110.05000305175781,109.55000305175781,109.75,94.71766662597656,18589100
2023-04-14,109.44000244140625,109.56999969482422,109.02999877929688,109.38999938964844,94.40696716308594,16218900
2023-04-17,109.05999755859375,109.16999816894531,108.58000183105469,108.69999694824219,93.8115234375,11891400
2023-04-18,108.91000366210938,109.2300033569336,108.9000015258789,109.05999755859375,94.12218475341797,10522400
2023-04-19,108.77999877929688,108.80000305175781,108.45999908447266,108.5199966430664,93.65615844726562,14023700
2023-04-20,108.7699966430664,109.0999984741211,108.75,108.93000030517578,94.00999450683594,16076100
2023-04-21,109.3499984741211,109.4000015258789,108.6500015258789,109.0,94.07038879394531,18480700
2023-04-24,109.0999984741211,109.51000213623047,109.0999984741211,109.4800033569336,94.48467254638672,7974300
2023-04-25,109.94999694824219,110.2300033569336,109.91000366210938,109.95999908447266,94.89892578125,17038800
2023-04-26,110.06999969482422,110.12999725341797,109.37999725341797,109.4800033569336,94.48467254638672,19635200
2023-04-27,109.30000305175781,109.38999938964844,109.02999877929688,109.08000183105469,94.13945007324219,14629500
2023-04-28,109.81999969482422,109.98999786376953,109.51000213623047,109.93000030517578,94.8730239868164,18882100
2023-05-01,108.94000244140625,108.9800033569336,107.61000061035156,107.79000091552734,93.34201049804688,20789900
2023-05-02,108.18000030517578,109.11000061035156,108.05999755859375,109.08999633789062,94.4677734375,21547100
2023-05-03,109.30000305175781,109.55000305175781,108.83999633789062,109.2699966430664,94.62361145019531,15750800
2023-05-04,108.66000366210938,109.26000213623047,108.55000305175781,108.97000122070312,94.36383819580078,17811700
2023-05-05,108.68000030517578,108.81999969482422,108.33999633789062,108.54000091552734,93.99148559570312,12130800
2023-05-08,107.94000244140625,108.02999877929688,107.62000274658203,107.76000213623047,93.3160400390625,16424800
2023-05-09,107.77999877929688,107.98999786376953,107.69000244140625,107.72000122070312,93.28138732910156,15860300
2023-05-10,108.41999816894531,108.58999633789062,108.25,108.56999969482422,94.01746368408203,15815700
2023-05-11,109.23999786376953,109.25,108.86000061035156,108.98999786376953,94.38117980957031,12261800
2023-05-12,108.98999786376953,109.06999969482422,108.30000305175781,108.31999969482422,93.80094909667969,10797200
2023-05-15,107.7699966430664,107.8499984741211,107.5999984741211,107.73999786376953,93.2987289428711,20334800
2023-05-16,107.27999877929688,107.38999938964844,107.08999633789062,107.19999694824219,92.83108520507812,25934500
2023-05-17,107.4000015258789,107.4800033569336,107.08000183105469,107.19000244140625,92.82245635986328,25387100
2023-05-18,106.93000030517578,106.93000030517578,106.58999633789062,106.73999786376953,92.4327621459961,21383500
2023-05-19,106.7300033569336,106.9000015258789,106.5,106.61000061035156,92.3201675415039,22194600
2023-05-22,106.68000030517578,106.93000030517578,106.5,106.56999969482422,92.28553009033203,15526700
2023-05-23,106.44999694824219,106.88999938964844,106.29000091552734,106.79000091552734,92.47604370117188,15529300
2023-05-24,106.8499984741211,106.88999938964844,106.30999755859375,106.37000274658203,92.11234283447266,16688900
2023-05-25,106.48999786376953,106.55999755859375,105.9800033569336,106.0199966430664,91.80925750732422,18743200
2023-05-26,106.04000091552734,106.51000213623047,105.95999908447266,106.47000122070312,92.19892883300781,15848500
2023-05-30,106.94000244140625,107.2699966430664,106.87999725341797,107.2699966430664,92.89170837402344,21581400
2023-05-31,107.23999786376953,107.73999786376953,107.06999969482422,107.62000274658203,93.19480895996094,24052300
2023-06-01,107.61000061035156,107.86000061035156,107.44000244140625,107.5999984741211,93.48063659667969,26084500
2023-06-02,107.69000244140625,107.76000213623047,107.22000122070312,107.30999755859375,93.2286605834961,17086600
2023-06-05,106.97000122070312,107.48999786376953,106.8499984741211,107.08000183105469,93.02883911132812,14211100
2023-06-06,107.11000061035156,107.31999969482422,106.81999969482422,107.29000091552734,93.21131896972656,25228400
2023-06-07,107.20999908447266,107.31999969482422,106.2699966430664,106.33000183105469,92.37728118896484,26526700
2023-06-08,106.44000244140625,107.0999984741211,106.41000366210938,107.04000091552734,92.99409484863281,16579800
2023-06-09,106.80999755859375,106.91999816894531,106.58000183105469,106.76000213623047,92.75086975097656,12060000
2023-06-12,106.98999786376953,107.11000061035156,106.41999816894531,107.0999984741211,93.04623413085938,14229300
2023-06-13,107.2699966430664,107.38999938964844,106.44999694824219,106.62000274658203,92.62922668457031,19385200
2023-06-14,106.93000030517578,107.22000122070312,106.43000030517578,106.94999694824219,92.9159164428711,30280100
2023-06-15,107.51000213623047,107.9000015258789,107.2699966430664,107.87999725341797,93.72389221191406,23426200
2023-06-16,107.54000091552734,107.79000091552734,107.30000305175781,107.69000244140625,93.55880737304688,13184500
2023-06-20,107.8499984741211,108.19999694824219,107.8499984741211,108.08000183105469,93.89762878417969,22272700
2023-06-21,107.62999725341797,108.08999633789062,107.30999755859375,107.95999908447266,93.79338073730469,17521700
2023-06-22,107.55999755859375,107.80000305175781,107.22000122070312,107.4000015258789,93.306884765625,16007900
2023-06-23,108.12000274658203,108.12000274658203,107.5,107.69999694824219,93.56751251220703,13102800
2023-06-26,107.9800033569336,108.0199966430664,107.76000213623047,107.81999969482422,93.67179107666016,14642200
2023-06-27,107.93000030517578,108.12999725341797,107.45999908447266,107.69999694824219,93.56751251220703,15749300
2023-06-28,107.8499984741211,108.19000244140625,107.62999725341797,108.16999816894531,93.975830078125,17806000
2023-06-29,107.37000274658203,107.45999908447266,107.01000213623047,107.3499984741211,93.26344299316406,25554500
2023-06-30,107.62999725341797,108.20999908447266,107.44000244140625,108.13999938964844,93.94976806640625,20938600
2023-07-03,107.87000274658203,108.16000366210938,107.48999786376953,107.48999786376953,93.6865463256836,11810800
2023-07-05,107.30999755859375,107.37999725341797,106.58999633789062,106.72000122070312,93.01543426513672,21463300
2023-07-06,105.87999725341797,105.94000244140625,105.3499984741211,105.63999938964844,92.0741195678711,35240800
2023-07-07,105.66999816894531,105.98999786376953,105.5199966430664,105.54000091552734,91.98697662353516,17148000
2023-07-10,105.68000030517578,106.19000244140625,105.58000183105469,106.08999633789062,92.4663314819336,16360600
2023-07-11,106.33999633789062,106.66000366210938,106.20999908447266,106.58999633789062,92.90213012695312,21693900
2023-07-12,107.12000274658203,107.68000030517578,107.12000274658203,107.52999877929688,93.72142028808594,23217300
2023-07-13,107.98999786376953,108.33000183105469,107.87000274658203,108.29000091552734,94.38382720947266,21637500
2023-07-14,108.12000274658203,108.23999786376953,107.41999816894531,107.44999694824219,93.65168762207031,23784000
2023-07-17,107.43000030517578,107.72000122070312,107.3499984741211,107.62999725341797,93.80856323242188,12260100
2023-07-18,108.06999969482422,108.18000030517578,107.86000061035156,107.9000015258789,94.04390716552734,17403600
2023-07-19,108.26000213623047,108.5199966430664,108.08000183105469,108.51000213623047,94.5755615234375,20871600
2023-07-20,108.06999969482422,108.0999984741211,107.48999786376953,107.77999877929688,93.93929290771484,37868000
2023-07-21,108.18000030517578,108.20999908447266,107.87999725341797,107.97000122070312,94.10489654541016,16517800
2023-07-24,108.16000366210938,108.30000305175781,107.80999755859375,107.83999633789062,93.99160766601562,17999400
2023-07-25,107.55999755859375,107.88999938964844,107.54000091552734,107.66999816894531,93.84342193603516,15029800
2023-07-26,108.05999755859375,108.26000213623047,107.69000244140625,108.16999816894531,94.27922821044922,17816800
2023-07-27,108.04000091552734,108.12999725341797,106.72000122070312,106.8499984741211,93.12873077392578,29142600
2023-07-28,107.33000183105469,107.5999984741211,107.13999938964844,107.55000305175781,93.73883819580078,18719300
2023-07-31,107.58000183105469,108.02999877929688,107.58000183105469,107.8499984741211,94.00032043457031,24906600
2023-08-01,106.80000305175781,106.97000122070312,106.31999969482422,106.41000366210938,93.06365203857422,22977700
2023-08-02,105.80000305175781,105.87999725341797,105.38999938964844,105.76000213623047,92.49517822265625,28516700
2023-08-03,104.91000366210938,104.94999694824219,104.55999755859375,104.80999755859375,91.664306640625,27632700
2023-08-04,105.19000244140625,106.04000091552734,105.18000030517578,105.9000015258789,92.61761474609375,19998900
2023-08-07,105.80999755859375,105.86000061035156,105.5,105.63999938964844,92.39022827148438,10726300
2023-08-08,106.12999725341797,106.30000305175781,105.91999816894531,106.05999755859375,92.75755310058594,17616200
2023-08-09,106.19999694824219,106.30999755859375,106.05999755859375,106.16000366210938,92.84500122070312,11514100
2023-08-10,106.29000091552734,106.55999755859375,105.37999725341797,105.41000366210938,92.18907928466797,22056400
2023-08-11,105.04000091552734,105.41000366210938,104.9800033569336,105.05000305175781,91.87422180175781,12803100
2023-08-14,105.0199966430664,105.30000305175781,104.70999908447266,105.01000213623047,91.83924102783203,9829300
2023-08-15,104.7699966430664,104.94999694824219,104.45999908447266,104.45999908447266,91.35823059082031,17279900
2023-08-16,104.37000274658203,104.66000366210938,103.86000061035156,103.98999786376953,90.94718933105469,20773700
2023-08-17,103.86000061035156,103.94999694824219,103.4000015258789,103.70999908447266,90.70230865478516,29797400
2023-08-18,103.7300033569336,104.20999908447266,103.62000274658203,104.0999984741211,91.04338073730469,17884100
2023-08-21,103.63999938964844,103.70999908447266,103.26000213623047,103.4800033569336,90.50112915039062,19065100
2023-08-22,103.58000183105469,103.87000274658203,103.43000030517578,103.80000305175781,90.78102111816406,18361500
2023-08-23,104.4800033569336,105.27999877929688,104.4800033569336,105.26000213623047,92.05787658691406,22620400
2023-08-24,105.08000183105469,105.22000122070312,104.87999725341797,104.9000015258789,91.74303436279297,20129900
2023-08-25,104.86000061035156,105.29000091552734,104.51000213623047,104.95999908447266,91.79550170898438,18521400
2023-08-28,105.44000244140625,105.44999694824219,105.04000091552734,105.29000091552734,92.08414459228516,15271000
2023-08-29,105.2300033569336,106.16999816894531,105.1500015258789,106.12999725341797,92.81877899169922,21843300
2023-08-30,106.18000030517578,106.26000213623047,105.94000244140625,105.9800033569336,92.68759155273438,21533500
2023-08-31,106.16000366210938,106.4000015258789,106.06999969482422,106.16000366210938,92.84500122070312,20534800
2023-09-01,105.77999877929688,105.80999755859375,104.91000366210938,105.02999877929688,92.18411254882812,16514200
2023-09-05,104.70999908447266,104.75,104.25,104.27999877929688,91.52586364746094,16272800
2023-09-06,104.41999816894531,104.44999694824219,103.94999694824219,104.18000030517578,91.43806457519531,17733800
2023-09-07,104.30999755859375,104.6500015258789,104.20999908447266,104.63999938964844,91.841796875,17295600
2023-09-08,104.91000366210938,105.18000030517578,104.72000122070312,104.72000122070312,91.91202545166016,18608800
2023-09-11,104.58999633789062,104.63999938964844,104.38999938964844,104.5199966430664,91.73648071289062,13686300
2023-09-12,104.52999877929688,104.55000305175781,104.30999755859375,104.48999786376953,91.71015167236328,15839800
2023-09-13,104.37999725341797,104.81999969482422,104.31999969482422,104.72000122070312,91.91202545166016,19975200
2023-09-14,104.80000305175781,104.9000015258789,104.47000122070312,104.52999877929688,91.74525451660156,16821000
2023-09-15,104.43000030517578,104.4800033569336,104.1500015258789,104.37000274658203,91.60484313964844,21796400
2023-09-18,104.16999816894531,104.5999984741211,104.16999816894531,104.56999969482422,91.78035736083984,12182200
2023-09-19,104.31999969482422,104.43000030517578,104.18000030517578,104.22000122070312,91.47319030761719,14577800
2023-09-20,104.55999755859375,104.77999877929688,104.23999786376953,104.26000213623047,91.50828552246094,23735800
2023-09-21,103.41000366210938,103.43000030517578,103.12999725341797,103.20999908447266,90.58670043945312,30183800
2023-09-22,103.44999694824219,103.94000244140625,103.31999969482422,103.83999633789062,91.13965606689453,21849000
2023-09-25,103.05999755859375,103.36000061035156,102.80000305175781,102.83000183105469,90.25318908691406,25968600
2023-09-26,103.05000305175781,103.12000274658203,102.4000015258789,102.54000091552734,89.99862670898438,39047500
2023-09-27,103.0199966430664,103.11000061035156,101.69999694824219,102.05999755859375,89.57733154296875,35741200
2023-09-28,101.62000274658203,102.26000213623047,101.30000305175781,102.23999786376953,89.73532104492188,34650100
2023-09-29,102.77999877929688,102.91999816894531,101.77999877929688,102.0199966430664,89.54225158691406,28143000
2023-10-02,101.12999725341797,101.30000305175781,100.5999984741211,100.69000244140625,88.72190856933594,18787800
2023-10-03,100.37000274658203,100.52999877929688,99.38999938964844,99.52999877929688,87.69979858398438,30830200
2023-10-04,100.08999633789062,100.44999694824219,99.66999816894531,100.4000015258789,88.46639251708984,25863600
2023-10-05,100.54000091552734,100.75,100.12000274658203,100.27999877929688,88.36064147949219,21155700
2023-10-06,99.31999969482422,100.19999694824219,99.16999816894531,99.9800033569336,88.09632110595703,21667900
2023-10-09,100.4800033569336,101.25,100.30999755859375,101.22000122070312,89.18891906738281,6398600
2023-10-10,100.76000213623047,101.66000366210938,100.56999969482422,101.26000213623047,89.22416687011719,23168100
2023-10-11,101.86000061035156,101.94000244140625,101.43000030517578,101.87999725341797,89.77045440673828,22655800
2023-10-12,101.7300033569336,101.83999633789062,100.5999984741211,100.81999969482422,88.83647918701172,27899900
2023-10-13,101.6500015258789,101.7300033569336,101.18000030517578,101.37999725341797,89.32988739013672,20716300
2023-10-16,100.81999969482422,100.94999694824219,100.62999725341797,100.68000030517578,88.71308135986328,25991800
2023-10-17,99.80000305175781,100.22000122070312,99.55999755859375,99.87999725341797,88.0081787109375,24273500
2023-10-18,99.51000213623047,99.56999969482422,98.94999694824219,99.08000183105469,87.30328369140625,32144400
2023-10-19,98.91999816894531,99.2300033569336,98.2699966430664,98.27999877929688,86.598388671875,41211800
2023-10-20,98.36000061035156,98.76000213623047,98.36000061035156,98.66999816894531,86.94200897216797,27130800
2023-10-23,98.37999725341797,99.70999908447266,98.23999786376953,99.44000244140625,87.6204833984375,21103000
2023-10-24,99.58999633789062,100.05999755859375,99.41999816894531,100.0,88.11394500732422,24517600
2023-10-25,99.44000244140625,99.5,98.86000061035156,99.08999633789062,87.31207275390625,20957000
2023-10-26,99.18000030517578,99.87000274658203,99.02999877929688,99.80999755859375,87.94649505615234,28046100
2023-10-27,99.69000244140625,99.81999969482422,99.30999755859375,99.61000061035156,87.7702865600586,21362800
2023-10-30,99.33000183105469,99.52999877929688,99.01000213623047,99.30999755859375,87.50592803955078,20961500
2023-10-31,99.44000244140625,99.9000015258789,99.13999938964844,99.16999816894531,87.382568359375,28805700
2023-11-01,99.2699966430664,100.26000213623047,99.22000122070312,100.22000122070312,88.63310241699219,32111800
2023-11-02,101.19999694824219,101.48999786376953,101.02999877929688,101.41000366210938,89.68553161621094,31295500
2023-11-03,102.58000183105469,102.9000015258789,101.87999725341797,101.91000366210938,90.12770080566406,38496200
2023-11-06,101.7300033569336,101.7300033569336,101.25,101.37000274658203,89.650146484375,17827700
2023-11-07,101.75,102.4000015258789,101.68000030517578,102.18000030517578,90.36649322509766,25518200
2023-11-08,102.33999633789062,102.79000091552734,102.33000183105469,102.69999694824219,90.82635498046875,26997000
2023-11-09,102.55999755859375,102.55999755859375,101.4800033569336,101.66000366210938,89.90662384033203,23864100
2023-11-10,102.30999755859375,102.33999633789062,101.97000122070312,102.16999816894531,90.35763549804688,18498900
2023-11-13,101.83000183105469,102.25,101.6500015258789,102.18000030517578,90.36649322509766,21439200
2023-11-14,103.80999755859375,104.05000305175781,103.66000366210938,103.77999877929688,91.78150177001953,28387800
2023-11-15,103.41999816894531,103.44999694824219,102.97000122070312,103.23999786376953,91.30392456054688,23895000
2023-11-16,103.7699966430664,104.13999938964844,103.69000244140625,104.08999633789062,92.05567169189453,21223000
2023-11-17,104.44999694824219,104.58000183105469,104.1500015258789,104.38999938964844,92.32097625732422,25810200
2023-11-20,104.26000213623047,104.87999725341797,104.23999786376953,104.80999755859375,92.69242858886719,18529400
2023-11-21,104.83000183105469,104.97000122070312,104.55000305175781,104.83999633789062,92.71893310546875,20273200
2023-11-22,105.23999786376953,105.37999725341797,104.8499984741211,105.26000213623047,93.09040069580078,18588000
2023-11-24,104.86000061035156,105.0199966430664,104.69999694824219,104.72000122070312,92.61283111572266,6391400
2023-11-27,105.05999755859375,105.58999633789062,104.87999725341797,105.56999969482422,93.36455535888672,17919500
2023-11-28,105.38999938964844,106.02999877929688,105.29000091552734,105.98999786376953,93.73600769042969,21320800
2023-11-29,106.54000091552734,106.91000366210938,106.4000015258789,106.8499984741211,94.49657440185547,20661800
2023-11-30,106.61000061035156,106.63999938964844,106.08000183105469,106.29000091552734,94.00131225585938,41950900
2023-12-01,106.04000091552734,107.22000122070312,105.9000015258789,107.16999816894531,95.13311004638672,27733500
2023-12-04,106.80999755859375,106.94999694824219,106.44999694824219,106.68000030517578,94.6981430053711,28914300
2023-12-05,107.16000366210938,107.66999816894531,107.02999877929688,107.52999877929688,95.45268249511719,33315200
2023-12-06,107.8499984741211,108.19000244140625,107.72000122070312,107.93000030517578,95.80773162841797,22544300
2023-12-07,107.79000091552734,108.2300033569336,107.68000030517578,107.94000244140625,95.81664276123047,20253300
2023-12-08,107.33999633789062,107.62999725341797,107.18000030517578,107.36000061035156,95.3017807006836,21624200
2023-12-11,107.22000122070312,107.36000061035156,106.77999877929688,107.33000183105469,95.27516174316406,17714600
2023-12-12,107.31999969482422,107.9800033569336,107.13999938964844,107.94000244140625,95.81664276123047,22111100
2023-12-13,108.3499984741211,109.94999694824219,108.12999725341797,109.75,97.42333221435547,33623500
2023-12-14,110.23999786376953,110.87000274658203,110.12000274658203,110.5199966430664,98.45941162109375,28202300
2023-12-15,110.41999816894531,110.56999969482422,110.13999938964844,110.36000061035156,98.31689453125,17904100
2023-12-18,110.04000091552734,110.16000366210938,109.83999633789062,109.9000015258789,97.9071044921875,19714500
2023-12-19,110.11000061035156,110.37000274658203,109.95999908447266,110.04000091552734,98.03179168701172,18086800
2023-12-20,110.25,110.41999816894531,109.91000366210938,110.33000183105469,98.29016876220703,23942000
2023-12-21,110.58999633789062,110.70999908447266,110.02999877929688,110.29000091552734,98.2545166015625,24168300
2023-12-22,110.44000244140625,110.5,109.94000244140625,110.0999984741211,98.08524322509766,11037100
2023-12-26,110.13999938964844,110.4000015258789,110.08999633789062,110.33000183105469,98.29016876220703,5816000
2023-12-27,110.88999938964844,111.4000015258789,110.72000122070312,111.36000061035156,99.207763671875,13646400
2023-12-28,111.20999908447266,111.38999938964844,110.91999816894531,111.06999969482422,98.94940948486328,14288800
2023-12-29,110.69999694824219,111.01000213623047,110.55999755859375,110.66000366210938,98.58414459228516,17956700
2024-01-02,109.94000244140625,110.16999816894531,109.79000091552734,109.91000366210938,97.91600799560547,20622000
2024-01-03,109.0999984741211,109.7699966430664,108.91999816894531,109.66000366210938,97.69327545166016,35384900
2024-01-04,109.0,109.25,108.87000274658203,109.05000305175781,97.14984893798828,43111300
2024-01-05,108.72000122070312,109.56999969482422,108.58000183105469,108.66000366210938,96.80240631103516,24385500
2024-01-08,108.76000213623047,109.55000305175781,108.73999786376953,109.48999786376953,97.54183197021484,29182300
2024-01-09,109.31999969482422,109.79000091552734,109.2699966430664,109.68000030517578,97.71109008789062,55126300
2024-01-10,110.05000305175781,110.16000366210938,109.47000122070312,109.54000091552734,97.58636474609375,32323500
2024-01-11,109.7300033569336,110.33999633789062,109.38999938964844,110.19999694824219,98.1743392944336,50960900
2024-01-12,110.55000305175781,110.8499984741211,110.12999725341797,110.44000244140625,98.38814544677734,30479000
2024-01-16,109.8499984741211,109.98999786376953,109.0999984741211,109.31999969482422,97.390380859375,27124600
2024-01-17,109.06999969482422,109.25,108.69999694824219,109.08999633789062,97.18546295166016,34414000
2024-01-18,109.26000213623047,109.33000183105469,108.76000213623047,108.87999725341797,96.99838256835938,28325100
2024-01-19,108.83999633789062,109.0199966430664,108.44999694824219,108.98999786376953,97.09637451171875,25621500
2024-01-22,109.48999786376953,109.56999969482422,109.16000366210938,109.29000091552734,97.36363983154297,17679900
2024-01-23,109.04000091552734,109.04000091552734,108.66999816894531,108.88999938964844,97.00728607177734,25439500
2024-01-24,109.38999938964844,109.44999694824219,108.58999633789062,108.68000030517578,96.82019805908203,26828300
2024-01-25,109.26000213623047,109.44000244140625,109.05000305175781,109.4000015258789,97.46163940429688,39484000
2024-01-26,109.44000244140625,109.44999694824219,109.05999755859375,109.08999633789062,97.18546295166016,26642300
2024-01-29,109.52999877929688,109.77999877929688,109.31999969482422,109.54000091552734,97.58636474609375,27060700
2024-01-30,109.81999969482422,109.91000366210938,109.33999633789062,109.88999938964844,97.89818572998047,30459200
2024-01-31,110.36000061035156,110.63999938964844,109.87000274658203,110.16999816894531,98.14762115478516,44733000
2024-02-01,110.51000213623047,110.91000366210938,110.0999984741211,110.62999725341797,98.90666198730469,42478500
2024-02-02,109.47000122070312,109.70999908447266,109.22000122070312,109.62000274658203,98.00367736816406,39604900
2024-02-05,108.8499984741211,108.86000061035156,108.31999969482422,108.56999969482422,97.06494140625,39266800
2024-02-06,108.75,109.36000061035156,108.72000122070312,109.18000030517578,97.61029815673828,26095200
2024-02-07,108.91999816894531,109.30999755859375,108.76000213623047,108.86000061035156,97.32421875,23574200
2024-02-08,108.54000091552734,108.58000183105469,108.19000244140625,108.30000305175781,96.82357025146484,26063900
2024-02-09,108.0199966430664,108.23999786376953,108.0,108.16000366210938,96.69839477539062,19029200
2024-02-12,108.22000122070312,108.2699966430664,107.86000061035156,108.16999816894531,96.70733642578125,30378900
2024-02-13,107.19999694824219,107.38999938964844,106.87000274658203,106.9800033569336,95.6434555053711,41494100
2024-02-14,107.0999984741211,107.5199966430664,107.08000183105469,107.4800033569336,96.09046936035156,41932200
2024-02-15,108.08000183105469,108.0999984741211,107.62000274658203,107.87000274658203,96.43913269042969,33255200
2024-02-16,107.36000061035156,107.58999633789062,107.23999786376953,107.4800033569336,96.09046936035156,26189800
2024-02-20,107.83999633789062,107.94999694824219,107.62000274658203,107.83999633789062,96.41230773925781,22386600
2024-02-21,107.91999816894531,107.91999816894531,107.41999816894531,107.56999969482422,96.17090606689453,23606200
2024-02-22,107.7300033569336,107.93000030517578,107.5999984741211,107.73999786376953,96.32289123535156,28705900
2024-02-23,107.79000091552734,108.22000122070312,107.7300033569336,108.05999755859375,96.60899353027344,29856300
2024-02-26,108.08999633789062,108.08999633789062,107.4800033569336,107.72000122070312,96.30501556396484,26696200
2024-02-27,107.6500015258789,107.83999633789062,107.51000213623047,107.56999969482422,96.17090606689453,33453800
2024-02-28,107.44000244140625,107.62999725341797,107.4000015258789,107.55999755859375,96.1619873046875,32713500
2024-02-29,107.72000122070312,108.1500015258789,107.5199966430664,107.66000366210938,96.25138854980469,45656400
2024-03-01,107.04000091552734,108.02999877929688,106.75,107.91999816894531,96.83731842041016,42971500
2024-03-04,107.62999725341797,107.87000274658203,107.55000305175781,107.72000122070312,96.65787506103516,31472000
2024-03-05,108.29000091552734,108.5999984741211,108.13999938964844,108.30999755859375,97.18726348876953,33394200
2024-03-06,108.55000305175781,108.95999908447266,108.5199966430664,108.5999984741211,97.4474868774414,33176900
2024-03-07,108.98999786376953,109.02999877929688,108.5999984741211,108.87000274658203,97.68975830078125,22875700
2024-03-08,109.08999633789062,109.30000305175781,108.91999816894531,109.0199966430664,97.8243637084961,29591100
2024-03-11,109.04000091552734,109.29000091552734,108.87000274658203,109.04000091552734,97.84230041503906,25360200
2024-03-12,108.87000274658203,108.95999908447266,108.58999633789062,108.69000244140625,97.52824401855469,30852100
2024-03-13,108.72000122070312,108.94000244140625,108.54000091552734,108.58000183105469,97.42953491210938,31089900
2024-03-14,108.25,108.25,107.69999694824219,107.77999877929688,96.71170043945312,48815400
2024-03-15,107.83000183105469,107.95999908447266,107.62999725341797,107.80999755859375,96.73859405517578,34525600
2024-03-18,107.87000274658203,107.91999816894531,107.61000061035156,107.62999725341797,96.57711029052734,18279900
2024-03-19,107.80999755859375,108.18000030517578,107.75,107.94000244140625,96.8552474975586,22721000
2024-03-20,107.9800033569336,108.33000183105469,107.52999877929688,108.13999938964844,97.03472137451172,41915400
2024-03-21,108.47000122070312,108.55000305175781,108.12999725341797,108.30000305175781,97.17829895019531,26546700
2024-03-22,108.88999938964844,108.91999816894531,108.62000274658203,108.66999816894531,97.51029968261719,20877600
2024-03-25,108.66000366210938,108.66000366210938,108.23999786376953,108.30000305175781,97.17829895019531,23291000
2024-03-26,108.48999786376953,108.48999786376953,108.12999725341797,108.2699966430664,97.15135955810547,27266700
2024-03-27,108.41999816894531,109.0199966430664,108.3499984741211,109.0199966430664,97.8243637084961,30600500
2024-03-28,108.88999938964844,109.19000244140625,108.80000305175781,108.91999816894531,97.73462677001953,23066200
2024-04-01,108.0199966430664,108.02999877929688,107.37999725341797,107.47000122070312,96.79879760742188,20817100
2024-04-02,106.93000030517578,107.36000061035156,106.68000030517578,107.30999755859375,96.6546630859375,32433900
2024-04-03,106.91999816894531,107.55999755859375,106.75,107.37999725341797,96.71772003173828,25198700
2024-04-04,107.77999877929688,107.77999877929688,107.29000091552734,107.5,96.82581329345703,31423800
2024-04-05,107.08000183105469,107.37999725341797,106.9800033569336,107.02999877929688,96.40248107910156,25134900
2024-04-08,106.93000030517578,107.22000122070312,106.86000061035156,107.0199966430664,96.39346313476562,37054400
2024-04-09,107.44999694824219,107.62999725341797,107.38999938964844,107.56999969482422,96.88883972167969,21967300
2024-04-10,106.73999786376953,106.73999786376953,105.87999725341797,106.04000091552734,95.51080322265625,45351600
2024-04-11,106.30999755859375,106.4000015258789,105.61000061035156,105.81999969482422,95.3126220703125,38047900
2024-04-12,106.29000091552734,106.33000183105469,106.0199966430664,106.05999755859375,95.52879333496094,35119700
2024-04-15,105.48999786376953,105.48999786376953,104.75,104.88999938964844,94.47498321533203,27018500
2024-04-16,104.45999908447266,104.66000366210938,104.18000030517578,104.54000091552734,94.15975189208984,34191600
2024-04-17,105.04000091552734,105.27999877929688,104.80999755859375,105.11000061035156,94.67310333251953,26726300
2024-04-18,105.18000030517578,105.20999908447266,104.7300033569336,104.9000015258789,94.48397064208984,25997900
2024-04-19,105.2699966430664,105.29000091552734,104.91000366210938,105.01000213623047,94.58306121826172,20265600
2024-04-22,104.97000122070312,105.30999755859375,104.91999816894531,105.2699966430664,94.81724548339844,26642400
2024-04-23,105.16999816894531,105.87000274658203,105.0199966430664,105.44999694824219,94.9793472290039,26338800
2024-04-24,105.22000122070312,105.27999877929688,104.73999786376953,105.04000091552734,94.61006927490234,24538400
2024-04-25,104.30000305175781,104.77999877929688,104.13999938964844,104.7300033569336,94.33084869384766,29826400
2024-04-26,105.12999725341797,105.31999969482422,105.05999755859375,105.12999725341797,94.69111633300781,11784100
2024-04-29,105.43000030517578,105.66999816894531,105.30000305175781,105.56999969482422,95.08744049072266,18052100
2024-04-30,105.13999938964844,105.4000015258789,104.9000015258789,104.98999786376953,94.56502532958984,26008100
2024-05-01,104.87999725341797,105.55000305175781,104.6500015258789,105.01000213623047,94.95840454101562,30342900
2024-05-02,105.08999633789062,105.72000122070312,104.93000030517578,105.66000366210938,95.54618072509766,28044200
2024-05-03,106.43000030517578,106.79000091552734,106.0,106.4000015258789,96.21533203125,24166800
2024-05-06,106.5199966430664,106.70999908447266,106.44999694824219,106.69999694824219,96.48662567138672,18519800
2024-05-07,107.0,107.16000366210938,106.6500015258789,106.75,96.53182983398438,28680400
2024-05-08,106.5,106.6500015258789,106.41000366210938,106.4800033569336,96.28768920898438,19916700
2024-05-09,106.4000015258789,106.7699966430664,106.29000091552734,106.6500015258789,96.44142150878906,25583500
2024-05-10,106.44000244140625,106.5199966430664,106.19000244140625,106.30999755859375,96.13396453857422,16291500
2024-05-13,106.55999755859375,106.6500015258789,106.31999969482422,106.3499984741211,96.17013549804688,20464200
2024-05-14,106.62999725341797,106.77999877929688,106.5,106.66000366210938,96.45046997070312,25440400
2024-05-15,107.5,107.77999877929688,107.25,107.61000061035156,97.30953979492188,33780900
2024-05-16,107.76000213623047,107.77999877929688,107.38999938964844,107.44000244140625,97.15579223632812,23586600
2024-05-17,107.25,107.44999694824219,107.16000366210938,107.19000244140625,96.92971801757812,21862800
2024-05-20,107.11000061035156,107.2300033569336,107.05999755859375,107.13999938964844,96.8844985961914,17885200
2024-05-21,107.44000244140625,107.4800033569336,107.26000213623047,107.31999969482422,97.04727935791016,17411900
2024-05-22,107.01000213623047,107.31999969482422,107.0,107.16000366210938,96.90260314941406,26735600
2024-05-23,107.30000305175781,107.33000183105469,106.56999969482422,106.69000244140625,96.47761535644531,24876100
2024-05-24,106.70999908447266,106.98999786376953,106.62000274658203,106.9800033569336,96.73983001708984,11189500
2024-05-28,107.12999725341797,107.12999725341797,106.2699966430664,106.33999633789062,96.16110229492188,15989600
2024-05-29,105.95999908447266,105.97000122070312,105.55000305175781,105.7699966430664,95.64563751220703,30015700
2024-05-30,106.19999694824219,106.44999694824219,106.12999725341797,106.41999816894531,96.2334213256836,21036300
2024-05-31,106.83999633789062,107.0199966430664,106.66999816894531,106.88999938964844,96.658447265625,19901400
2024-06-03,106.80999755859375,107.23999786376953,106.76000213623047,107.22000122070312,97.32561492919922,20154900
2024-06-04,107.5199966430664,107.80000305175781,107.3499984741211,107.63999938964844,97.70685577392578,24545200
2024-06-05,107.81999969482422,108.02999877929688,107.43000030517578,108.0,98.03363037109375,26584700
2024-06-06,107.83000183105469,108.02999877929688,107.79000091552734,107.93000030517578,97.9700927734375,22687100
2024-06-07,107.02999877929688,107.19999694824219,106.87000274658203,106.95999908447266,97.08961486816406,26228700
2024-06-10,106.75,106.83999633789062,106.6500015258789,106.73999786376953,96.8899154663086,19415700
2024-06-11,106.80000305175781,107.2699966430664,106.7300033569336,107.19999694824219,97.3074722290039,19042600
2024-06-12,108.27999877929688,108.55999755859375,107.81999969482422,107.86000061035156,97.90655517578125,27209400
2024-06-13,108.3499984741211,108.55000305175781,108.05999755859375,108.37000274658203,98.36951446533203,26782700
2024-06-14,108.43000030517578,108.58000183105469,108.25,108.45999908447266,98.451171875,28561900
2024-06-17,107.81999969482422,108.01000213623047,107.7300033569336,107.94999694824219,97.9882583618164,24678700
2024-06-18,108.18000030517578,108.55000305175781,108.13999938964844,108.44999694824219,98.44212341308594,25576600
2024-06-20,107.83999633789062,108.11000061035156,107.77999877929688,108.08999633789062,98.11532592773438,21206300
2024-06-21,108.19000244140625,108.3499984741211,107.86000061035156,108.12000274658203,98.1425552368164,21091200
2024-06-24,108.2300033569336,108.41999816894531,108.16999816894531,108.2300033569336,98.242431640625,18597600
2024-06-25,108.1500015258789,108.29000091552734,108.0199966430664,108.19000244140625,98.20611572265625,16251600
2024-06-26,107.5,107.69999694824219,107.38999938964844,107.5999984741211,97.67057037353516,26381300
2024-06-27,107.93000030517578,107.9800033569336,107.77999877929688,107.80999755859375,97.86116027832031,19939400
2024-06-28,108.08000183105469,108.11000061035156,107.08999633789062,107.12000274658203,97.23486328125,27395800
2024-07-01,106.33999633789062,106.69999694824219,106.05000305175781,106.11000061035156,96.65731048583984,22429100
2024-07-02,106.6500015258789,106.81999969482422,106.41000366210938,106.79000091552734,97.27677154541016,19845700
2024-07-03,107.1500015258789,107.58000183105469,107.04000091552734,107.58000183105469,97.99636840820312,14318900
2024-07-05,107.98999786376953,108.19999694824219,107.69999694824219,108.13999938964844,98.50650024414062,18800300
2024-07-08,108.22000122070312,108.30999755859375,107.9800033569336,108.12999725341797,98.49736022949219,18136600
2024-07-09,107.94999694824219,108.12000274658203,107.69000244140625,107.93000030517578,98.31519317626953,20384700
2024-07-10,108.05999755859375,108.20999908447266,107.9000015258789,108.19000244140625,98.55201721191406,17263200
2024-07-11,108.86000061035156,109.0199966430664,108.68000030517578,108.7699966430664,99.08036041259766,31411700
2024-07-12,108.83000183105469,109.16999816894531,108.7300033569336,109.16999816894531,99.4447250366211,20301300
2024-07-15,108.80000305175781,108.95999908447266,108.55000305175781,108.56999969482422,98.89820098876953,18291500
2024-07-16,108.83000183105469,109.22000122070312,108.73999786376953,109.19999694824219,99.47206115722656,20090700
2024-07-17,108.9000015258789,109.30000305175781,108.83999633789062,109.25,99.51760864257812,21313500
2024-07-18,108.98999786376953,109.23999786376953,108.73999786376953,108.77999877929688,99.08948516845703,28091700
2024-07-19,108.56999969482422,108.58000183105469,108.30999755859375,108.37999725341797,98.72510528564453,16576600
2024-07-22,108.72000122070312,108.76000213623047,108.19999694824219,108.31999969482422,98.67044830322266,22556800
2024-07-23,108.45999908447266,108.56999969482422,108.23999786376953,108.23999786376953,98.59756469726562,24425700
2024-07-24,108.37000274658203,108.47000122070312,107.58000183105469,107.58000183105469,97.99636840820312,28026100
2024-07-25,107.79000091552734,108.27999877929688,107.7699966430664,108.01000213623047,98.38806915283203,29760400
2024-07-26,108.61000061035156,108.66000366210938,108.3499984741211,108.61000061035156,98.93460845947266,21119900
2024-07-29,108.93000030517578,108.97000122070312,108.62000274658203,108.83999633789062,99.14412689208984,24734600
2024-07-30,108.91999816894531,108.98999786376953,108.69000244140625,108.93000030517578,99.22610473632812,14952000
2024-07-31,109.38999938964844,109.58999633789062,109.08999633789062,109.55999755859375,99.79998016357422,29226900
2024-08-01,109.55999755859375,109.83999633789062,109.44999694824219,109.52999877929688,100.13091278076172,34564600
2024-08-02,110.11000061035156,110.69000244140625,110.11000061035156,110.5999984741211,101.1091079711914,46697900
2024-08-05,110.55999755859375,110.66000366210938,110.01000213623047,110.31999969482422,100.85311889648438,56991100
2024-08-06,110.19999694824219,110.23999786376953,109.58000183105469,109.5999984741211,100.1949234008789,47432500
2024-08-07,109.54000091552734,109.7699966430664,108.94000244140625,109.0999984741211,99.7378158569336,46819000
2024-08-08,109.04000091552734,109.22000122070312,108.83999633789062,109.1500015258789,99.78352355957031,23536800
2024-08-09,109.88999938964844,109.91999816894531,109.61000061035156,109.70999908447266,100.29547882080078,23199700
2024-08-12,109.66000366210938,110.05999755859375,109.55000305175781,109.94000244140625,100.50574493408203,24281800
2024-08-13,110.45999908447266,110.70999908447266,110.30000305175781,110.70999908447266,101.20964050292969,31245000
2024-08-14,110.83999633789062,111.33999633789062,110.83000183105469,111.19999694824219,101.6576156616211,28985600
2024-08-15,110.51000213623047,111.01000213623047,110.44000244140625,110.86000061035156,101.34679412841797,29546000
2024-08-16,110.9800033569336,111.26000213623047,110.41999816894531,111.19000244140625,101.64847564697266,21411500
2024-08-19,111.16999816894531,111.56999969482422,111.1500015258789,111.44999694824219,101.88616180419922,16004100
2024-08-20,111.63999938964844,111.80000305175781,111.44999694824219,111.73999786376953,102.15125274658203,27114000
2024-08-21,111.83000183105469,112.27999877929688,111.66999816894531,111.98999786376953,102.37982177734375,23819100
2024-08-22,111.73999786376953,111.81999969482422,111.29000091552734,111.52999877929688,101.95929718017578,17926300
2024-08-23,111.8499984741211,112.30000305175781,111.70999908447266,112.16999816894531,102.54437255859375,22650200
2024-08-26,112.4000015258789,112.4000015258789,111.98999786376953,112.02999877929688,102.4163818359375,15312500
2024-08-27,111.58000183105469,111.98999786376953,111.54000091552734,111.94000244140625,102.33409881591797,15922700
2024-08-28,111.87000274658203,111.95999908447266,111.63999938964844,111.70999908447266,102.12385559082031,22104600
2024-08-29,111.48999786376953,111.63999938964844,111.33999633789062,111.5199966430664,101.95014953613281,20079400
2024-08-30,111.66000366210938,111.80999755859375,111.16999816894531,111.20999908447266,101.666748046875,25275500
2024-09-03,111.29000091552734,111.5199966430664,110.97000122070312,111.13999938964844,101.97413635253906,27734500
2024-09-04,111.20999908447266,111.87000274658203,111.19000244140625,111.83000183105469,102.60723114013672,31915900
2024-09-05,112.16000366210938,112.41000366210938,111.73999786376953,112.37999725341797,103.11185455322266,35538500
2024-09-06,112.4000015258789,113.05999755859375,112.12999725341797,112.33000183105469,103.06599426269531,42004600
2024-09-09,112.30999755859375,112.69000244140625,112.18000030517578,112.58000183105469,103.29537200927734,35440300
2024-09-10,112.62999725341797,112.91000366210938,112.51000213623047,112.88999938964844,103.57982635498047,30489500
2024-09-11,112.66000366210938,113.11000061035156,112.56999969482422,112.94000244140625,103.62567901611328,36948000
2024-09-12,112.86000061035156,112.94999694824219,112.55999755859375,112.86000061035156,103.5522689819336,30255700
2024-09-13,113.22000122070312,113.37000274658203,113.0999984741211,113.20999908447266,103.87342071533203,25536600
2024-09-16,113.3499984741211,113.79000091552734,113.22000122070312,113.70999908447266,104.33219146728516,25722000
2024-09-17,113.9000015258789,113.91999816894531,113.54000091552734,113.72000122070312,104.34134674072266,31732800
2024-09-18,113.44000244140625,114.06999969482422,113.22000122070312,113.25,103.91012573242188,35015500
2024-09-19,113.30000305175781,113.55999755859375,113.13999938964844,113.3499984741211,104.00187683105469,31216900
2024-09-20,113.18000030517578,113.5,112.98999786376953,113.44999694824219,104.09361267089844,29958900
2024-09-23,113.0999984741211,113.5199966430664,112.95999908447266,113.29000091552734,103.94680786132812,22919400
2024-09-24,113.0,113.56999969482422,112.9000015258789,113.4800033569336,104.12113189697266,24719900
2024-09-25,113.16000366210938,113.19999694824219,112.77999877929688,112.80999755859375,103.50641632080078,32881300
2024-09-26,113.01000213623047,113.08999633789062,112.5199966430664,112.80999755859375,103.50641632080078,20877100
2024-09-27,113.12999725341797,113.3499984741211,113.05000305175781,113.26000213623047,103.91929626464844,25232000
2024-09-30,113.19999694824219,113.31999969482422,112.83000183105469,112.9800033569336,103.66239929199219,22728400
2024-10-01,113.0999984741211,113.29000091552734,112.87000274658203,113.11000061035156,104.16059112548828,36591300
2024-10-02,112.44000244140625,112.87999725341797,112.38999938964844,112.86000061035156,103.93035125732422,29446700
2024-10-03,112.58000183105469,112.62999725341797,112.12999725341797,112.12999725341797,103.25811767578125,24163200
2024-10-04,111.55000305175781,111.63999938964844,111.38999938964844,111.5199966430664,102.69636535644531,33618100
2024-10-07,111.12000274658203,111.33000183105469,110.87999725341797,110.94999694824219,102.17147827148438,27106300
2024-10-08,110.81999969482422,111.16999816894531,110.66999816894531,111.16999816894531,102.37406921386719,27316000
2024-10-09,110.93000030517578,111.06999969482422,110.75,110.94999694824219,102.17147827148438,29951900
2024-10-10,110.7300033569336,110.88999938964844,110.5,110.83000183105469,102.06097412109375,25932500
2024-10-11,110.66999816894531,111.0199966430664,110.56999969482422,110.80999755859375,102.04255676269531,20079000
2024-10-14,110.5,110.83999633789062,110.37000274658203,110.81999969482422,102.05176544189453,4335400
2024-10-15,111.05000305175781,111.47000122070312,111.05000305175781,111.36000061035156,102.54903411865234,28673200
2024-10-16,111.66999816894531,111.79000091552734,111.48999786376953,111.70999908447266,102.87135314941406,20474300
2024-10-17,111.27999877929688,111.31999969482422,110.83000183105469,110.87999725341797,102.10700988769531,31476700
2024-10-18,111.05999755859375,111.1500015258789,110.7300033569336,110.75,101.9873046875,27372400
2024-10-21,110.20999908447266,110.27999877929688,109.58000183105469,109.62000274658203,100.94671630859375,28320400
2024-10-22,109.72000122070312,109.73999786376953,109.3499984741211,109.61000061035156,100.93748474121094,26001200
2024-10-23,109.23999786376953,109.45999908447266,109.08000183105469,109.23999786376953,100.59676361083984,25425800
2024-10-24,109.41000366210938,109.7699966430664,109.2699966430664,109.56999969482422,100.90066528320312,21021100
2024-10-25,109.87999725341797,109.94000244140625,109.25,109.30999755859375,100.66124725341797,16040900
2024-10-28,109.43000030517578,109.48999786376953,108.97000122070312,109.22000122070312,100.578369140625,20935200
2024-10-29,108.73999786376953,109.37999725341797,108.66000366210938,109.3499984741211,100.69806671142578,24075800
2024-10-30,109.68000030517578,109.94999694824219,109.16000366210938,109.20999908447266,100.56916046142578,25259100
2024-10-31,109.02999877929688,109.31999969482422,108.72000122070312,108.98999786376953,100.36656188964844,29424400
2024-11-01,108.9000015258789,109.06999969482422,107.95999908447266,108.01000213623047,99.81669616699219,25142200
2024-11-04,108.9000015258789,109.08000183105469,108.5199966430664,108.80999755859375,100.55599975585938,24713500
2024-11-05,108.76000213623047,109.3499984741211,108.5,109.33000183105469,101.03655242919922,23732500
2024-11-06,108.06999969482422,108.6500015258789,107.91000366210938,108.19000244140625,99.9830322265625,38097900
2024-11-07,108.83000183105469,109.58999633789062,108.72000122070312,109.47000122070312,101.16592407226562,24596700
2024-11-08,109.70999908447266,110.08000183105469,109.58999633789062,109.8499984741211,101.5171127319336,21113600
2024-11-11,109.6500015258789,109.7300033569336,109.45999908447266,109.63999938964844,101.32304382324219,7971100
2024-11-12,109.16999816894531,109.4000015258789,108.55999755859375,108.6500015258789,100.40814208984375,36203300
2024-11-13,109.23999786376953,109.25,108.16999816894531,108.23999786376953,100.02923583984375,22942500
2024-11-14,108.52999877929688,108.72000122070312,108.0999984741211,108.20999908447266,100.00151062011719,26889100
2024-11-15,107.91000366210938,108.5199966430664,107.5999984741211,108.26000213623047,100.04772186279297,27276300
2024-11-18,108.12999725341797,108.63999938964844,108.04000091552734,108.45999908447266,100.23255920410156,19399100
2024-11-19,108.72000122070312,108.91000366210938,108.61000061035156,108.69000244140625,100.44511413574219,21473200
2024-11-20,108.30999755859375,108.5999984741211,108.2699966430664,108.43000030517578,100.2048568725586,24792000
2024-11-21,108.47000122070312,108.75,108.20999908447266,108.30000305175781,100.08467864990234,22507400
2024-11-22,108.4800033569336,108.58999633789062,108.22000122070312,108.4000015258789,100.17710876464844,13813000
2024-11-25,109.55999755859375,109.80999755859375,109.41999816894531,109.75,101.42471313476562,21678000
2024-11-26,109.48999786376953,109.5199966430664,109.11000061035156,109.47000122070312,101.16592407226562,25005000
2024-11-27,109.79000091552734,109.9800033569336,109.55999755859375,109.87000274658203,101.53559875488281,23584000
2024-11-29,110.33999633789062,110.56999969482422,110.29000091552734,110.55000305175781,102.16400909423828,11838900
2024-12-02,110.3499984741211,110.43000030517578,109.80999755859375,110.33999633789062,102.324462890625,33409400
2024-12-03,110.45999908447266,110.54000091552734,109.88999938964844,109.94999694824219,101.96277618408203,27394800
2024-12-04,109.75,110.58999633789062,109.69999694824219,110.4800033569336,102.45427703857422,22704100
2024-12-05,110.20999908447266,110.54000091552734,110.16999816894531,110.44999694824219,102.42646789550781,16792500
2024-12-06,110.91999816894531,110.93000030517578,110.44000244140625,110.69999694824219,102.65829467773438,16668800
2024-12-09,110.54000091552734,110.5999984741211,110.33000183105469,110.41999816894531,102.39865112304688,21149300
2024-12-10,110.16999816894531,110.4000015258789,110.11000061035156,110.25,102.2409896850586,19497500
2024-12-11,110.44999694824219,110.58999633789062,109.93000030517578,109.94999694824219,101.96277618408203,24516500
2024-12-12,109.69000244140625,109.72000122070312,109.25,109.33000183105469,101.3878173828125,24747600
2024-12-13,109.18000030517578,109.19000244140625,108.6500015258789,108.72000122070312,100.82212829589844,13195000
2024-12-16,109.02999877929688,109.05999755859375,108.69999694824219,108.86000061035156,100.95197296142578,18893000
2024-12-17,108.83999633789062,109.0199966430664,108.75,108.87000274658203,100.96122741699219,29945700
2024-12-18,108.36000061035156,108.58999633789062,107.05000305175781,107.13999938964844,99.70951080322266,36753900
2024-12-19,106.86000061035156,107.0,106.33000183105469,106.55999755859375,99.16973876953125,40479900
2024-12-20,107.08999633789062,107.47000122070312,106.80999755859375,106.9800033569336,99.56061553955078,27608300
2024-12-23,107.01000213623047,107.08000183105469,106.55000305175781,106.66999816894531,99.27212524414062,13091800
2024-12-24,106.45999908447266,107.01000213623047,106.41999816894531,107.0,99.5792236328125,6215300
2024-12-26,106.5,107.13999938964844,106.5,107.0999984741211,99.67228698730469,12454800
2024-12-27,106.91000366210938,107.04000091552734,106.61000061035156,106.6500015258789,99.25350189208984,13908400
2024-12-30,107.02999877929688,107.18000030517578,106.97000122070312,107.11000061035156,99.68159484863281,9141400
2024-12-31,107.29000091552734,107.38999938964844,106.66999816894531,106.83999633789062,99.43031311035156,10768700
2025-01-02,107.12000274658203,107.30999755859375,106.62000274658203,106.8499984741211,99.43963623046875,19098100
2025-01-03,107.0,107.05999755859375,106.54000091552734,106.5999984741211,99.20695495605469,22610500
2025-01-06,106.5199966430664,106.58999633789062,106.2699966430664,106.33000183105469,98.9556884765625,24302200
2025-01-07,106.19000244140625,106.30999755859375,105.66999816894531,105.83999633789062,98.49966430664062,25115700
2025-01-08,105.70999908447266,106.11000061035156,105.62999725341797,106.01000213623047,98.65789031982422,30143800
2025-01-10,105.3499984741211,105.73999786376953,105.22000122070312,105.4000015258789,98.0902099609375,24613500
2025-01-13,105.3499984741211,105.37000274658203,105.02999877929688,105.0999984741211,97.8110122680664,18873300
2025-01-14,105.19999694824219,105.27999877929688,104.94000244140625,105.22000122070312,97.92267608642578,27585200
2025-01-15,106.41999816894531,106.63999938964844,106.22000122070312,106.4800033569336,99.09528350830078,32123600
2025-01-16,106.43000030517578,106.91000366210938,106.20999908447266,106.69000244140625,99.29073333740234,24583300
2025-01-17,106.9800033569336,107.01000213623047,106.70999908447266,106.77999877929688,99.37449645996094,18912000
2025-01-21,107.2300033569336,107.41999816894531,107.12000274658203,107.4000015258789,99.95147705078125,20670600
2025-01-22,107.4000015258789,107.51000213623047,107.05000305175781,107.05999755859375,99.63506317138672,18418900
2025-01-23,106.58999633789062,106.91999816894531,106.56999969482422,106.91000366210938,99.49547576904297,18118300
2025-01-24,106.87000274658203,107.23999786376953,106.76000213623047,107.12000274658203,99.69091796875,13020200
2025-01-27,107.6500015258789,107.88999938964844,107.51000213623047,107.86000061035156,100.37957000732422,18954300
2025-01-28,107.58000183105469,107.7699966430664,107.4800033569336,107.70999908447266,100.23998260498047,22253100
2025-01-29,107.88999938964844,107.91999816894531,107.2300033569336,107.56999969482422,100.10969543457031,24969100
2025-01-30,107.86000061035156,108.01000213623047,107.66000366210938,107.80999755859375,100.33304595947266,22709300
2025-01-31,107.9000015258789,108.0199966430664,107.23999786376953,107.45999908447266,100.00732421875,28454600
2025-02-03,107.36000061035156,107.68000030517578,107.0199966430664,107.23999786376953,100.16517639160156,21155000
2025-02-04,106.9800033569336,107.56999969482422,106.94000244140625,107.44999694824219,100.36132049560547,25086200
2025-02-05,108.04000091552734,108.43000030517578,107.7699966430664,108.19999694824219,101.06184387207031,30119200
2025-02-06,108.12999725341797,108.29000091552734,107.88999938964844,108.0,100.87501525878906,22557700
2025-02-07,107.63999938964844,107.72000122070312,107.4000015258789,107.52999877929688,100.43605041503906,23911000
2025-02-10,107.62999725341797,107.8499984741211,107.44999694824219,107.55999755859375,100.46406555175781,15302300
2025-02-11,107.2300033569336,107.4000015258789,107.19999694824219,107.31999969482422,100.23989868164062,19478800
2025-02-12,106.56999969482422,106.87000274658203,106.36000061035156,106.73999786376953,99.6981430053711,31480600
2025-02-13,107.31999969482422,107.76000213623047,107.27999877929688,107.56999969482422,100.47340393066406,20735100
2025-02-14,108.12999725341797,108.3499984741211,107.98999786376953,107.98999786376953,100.86568450927734,14409400
2025-02-18,107.8499984741211,107.95999908447266,107.47000122070312,107.55000305175781,100.45472717285156,17640000
2025-02-19,107.51000213623047,107.7699966430664,107.4000015258789,107.61000061035156,100.51075744628906,26007400
2025-02-20,107.77999877929688,107.94999694824219,107.70999908447266,107.87000274658203,100.75361633300781,23814800
2025-02-21,108.0199966430664,108.58000183105469,107.98999786376953,108.25,101.1085433959961,30130700
2025-02-24,108.30999755859375,108.68000030517578,108.18000030517578,108.52999877929688,101.37008666992188,23399500
2025-02-25,109.20999908447266,109.4000015258789,109.05999755859375,109.36000061035156,102.14531707763672,26835200
2025-02-26,109.4000015258789,109.63999938964844,109.19000244140625,109.58999633789062,102.36012268066406,22983100
2025-02-27,109.27999877929688,109.44999694824219,109.06999969482422,109.12999725341797,101.93048858642578,27258200
2025-02-28,109.51000213623047,109.66000366210938,109.1500015258789,109.61000061035156,102.37881469726562,29596100
2025-03-03,108.94000244140625,109.54000091552734,108.87000274658203,109.54000091552734,102.7022705078125,42545300
2025-03-04,109.36000061035156,109.55000305175781,109.05000305175781,109.18000030517578,102.36476135253906,46053300
2025-03-05,109.33000183105469,109.44999694824219,108.7300033569336,108.83000183105469,102.03660583496094,45483500
2025-03-06,108.69000244140625,108.83999633789062,108.29000091552734,108.48999786376953,101.71783447265625,40519900
2025-03-07,109.02999877929688,109.02999877929688,108.19999694824219,108.31999969482422,101.55845642089844,30747100
2025-03-10,108.81999969482422,109.05999755859375,108.55000305175781,108.69000244140625,101.90534210205078,34294800
2025-03-11,108.61000061035156,108.68000030517578,107.94999694824219,107.9800033569336,101.23966217041016,42262600
2025-03-12,108.02999877929688,108.05999755859375,107.62000274658203,107.66000366210938,100.93964385986328,35875600
2025-03-13,107.29000091552734,108.02999877929688,107.18000030517578,108.0,101.25839233398438,43907900
2025-03-14,108.0,108.20999908447266,107.87000274658203,107.94999694824219,101.2115249633789,31358100
2025-03-17,108.3499984741211,108.55999755859375,108.12000274658203,108.16999816894531,101.41780090332031,17561400
2025-03-18,108.13999938964844,108.66000366210938,108.0199966430664,108.43000030517578,101.66158294677734,27948100
2025-03-19,108.44999694824219,109.18000030517578,108.27999877929688,109.06999969482422,102.26162719726562,27469800
2025-03-20,109.63999938964844,109.6500015258789,108.9000015258789,108.91000366210938,102.11161041259766,26937300
2025-03-21,108.9800033569336,109.0999984741211,108.69000244140625,108.76000213623047,101.97097778320312,26447400
2025-03-24,108.63999938964844,108.63999938964844,108.20999908447266,108.29000091552734,101.53031158447266,25243300
2025-03-25,108.29000091552734,108.62000274658203,108.19000244140625,108.4000015258789,101.63346862792969,22744000
2025-03-26,108.22000122070312,108.22000122070312,107.91000366210938,107.95999908447266,101.22090911865234,17115600
2025-03-27,107.7699966430664,107.87000274658203,107.63999938964844,107.83000183105469,101.09903717041016,22028900
2025-03-28,108.30000305175781,108.52999877929688,108.1500015258789,108.4800033569336,101.70845031738281,27257000
2025-03-31,108.75,108.81999969482422,108.30000305175781,108.69000244140625,101.90534210205078,29834300
2025-04-01,108.52999877929688,108.9000015258789,108.4800033569336,108.66000366210938,102.26959991455078,22059200
2025-04-02,109.01000213623047,109.01000213623047,108.3499984741211,108.91000366210938,102.50487518310547,24769000
2025-04-03,109.11000061035156,109.54000091552734,108.75,108.9000015258789,102.4954605102539,41675700
2025-04-04,109.12999725341797,109.47000122070312,108.5,108.77999877929688,102.38252258300781,60793800
2025-04-07,107.7699966430664,108.2699966430664,106.36000061035156,106.66000366210938,100.38720703125,62583200
2025-04-08,106.83999633789062,106.91000366210938,104.97000122070312,105.30999755859375,99.1166000366211,56747700
2025-04-09,104.08999633789062,107.11000061035156,103.7699966430664,107.06999969482422,100.77308654785156,77380700
2025-04-10,105.95999908447266,106.3499984741211,105.05999755859375,105.25,99.06013488769531,55825000
2025-04-11,104.52999877929688,105.43000030517578,103.44999694824219,105.2300033569336,99.04132080078125,41686900
2025-04-14,105.98999786376953,106.08999633789062,105.4800033569336,105.87999725341797,99.65309143066406,28111900
2025-04-15,105.93000030517578,106.61000061035156,105.87999725341797,106.44999694824219,100.18955993652344,20502600
2025-04-16,106.55000305175781,106.91000366210938,106.27999877929688,106.9000015258789,100.61309814453125,24639800
2025-04-17,106.91000366210938,107.0,106.56999969482422,106.75,100.47191619873047,11483700
2025-04-21,106.20999908447266,106.37999725341797,105.51000213623047,105.5999984741211,99.38953399658203,23506700
2025-04-22,106.18000030517578,106.2300033569336,105.81999969482422,105.86000061035156,99.63424682617188,20939300
2025-04-23,107.55000305175781,107.66999816894531,106.30999755859375,106.33000183105469,100.07660675048828,31155900
2025-04-24,107.05999755859375,107.4800033569336,106.87000274658203,107.41999816894531,101.1025161743164,23838700
2025-04-25,107.83000183105469,108.04000091552734,107.6500015258789,107.98999786376953,101.63897705078125,14575300
2025-04-28,107.88999938964844,108.3499984741211,107.87999725341797,108.23999786376953,101.874267578125,18297900
2025-04-29,108.05999755859375,108.5,108.05000305175781,108.48999786376953,102.10958862304688,19346200
2025-04-30,108.12999725341797,108.29000091552734,107.80999755859375,107.9800033569336,101.62957000732422,35129300
2025-05-01,107.76000213623047,107.76000213623047,107.08999633789062,107.16999816894531,101.27237701416016,28056300
2025-05-02,106.83999633789062,107.04000091552734,106.69999694824219,106.91000366210938,101.02667999267578,20302100
2025-05-05,106.63999938964844,106.80999755859375,106.30000305175781,106.76000213623047,100.88492584228516,20005800
2025-05-06,106.45999908447266,106.9800033569336,106.37000274658203,106.97000122070312,101.08338165283203,29906500
2025-05-07,107.19000244140625,107.30000305175781,107.0,107.19000244140625,101.29127502441406,19892000
2025-05-08,107.3499984741211,107.43000030517578,106.6500015258789,106.6500015258789,100.7809829711914,25149700
2025-05-09,106.93000030517578,107.02999877929688,106.58000183105469,106.61000061035156,100.74317932128906,18254700
2025-05-12,106.58999633789062,106.83000183105469,106.48999786376953,106.58999633789062,100.72428131103516,28270900
2025-05-13,106.69000244140625,106.81999969482422,106.47000122070312,106.68000030517578,100.80933380126953,32005700
2025-05-14,106.58000183105469,106.70999908447266,106.0999984741211,106.13999938964844,100.29905700683594,25340600
2025-05-15,106.38999938964844,106.95999908447266,106.31999969482422,106.9000015258789,101.0172348022461,30008300
2025-05-16,107.38999938964844,107.4000015258789,106.94999694824219,107.0999984741211,101.20622253417969,21888400
2025-05-19,106.16000366210938,107.16999816894531,106.05999755859375,107.11000061035156,101.21566772460938,33615600
2025-05-20,106.80000305175781,106.9800033569336,106.61000061035156,106.8499984741211,100.96998596191406,23036200
2025-05-21,106.36000061035156,106.54000091552734,105.56999969482422,105.66000366210938,99.84547424316406,35452800
2025-05-22,105.54000091552734,106.25,105.38999938964844,106.19999694824219,100.35575866699219,34010700
2025-05-23,106.41000366210938,106.56999969482422,106.08999633789062,106.27999877929688,100.43135070800781,21447200
2025-05-27,106.91999816894531,107.33000183105469,106.5199966430664,107.23999786376953,101.3385238647461,29208400
2025-05-28,107.02999877929688,107.0999984741211,106.66999816894531,106.9800033569336,101.09282684326172,29079800
2025-05-29,107.33000183105469,107.55999755859375,107.19999694824219,107.45999908447266,101.54641723632812,31012800
2025-05-30,107.44999694824219,107.7699966430664,107.3499984741211,107.7699966430664,101.83935546875,29890800
2025-06-02,106.98999786376953,107.08000183105469,106.69000244140625,107.06999969482422,101.55101776123047,24225900
2025-06-03,107.23999786376953,107.41000366210938,106.98999786376953,107.12000274658203,101.59844970703125,24080000
2025-06-04,107.62999725341797,108.05000305175781,107.5199966430664,107.9000015258789,102.3382568359375,28006400
2025-06-05,107.94000244140625,107.98999786376953,107.51000213623047,107.56999969482422,102.02525329589844,29760700
2025-06-06,107.22000122070312,107.3499984741211,106.91000366210938,106.91999816894531,101.40876770019531,31093100
2025-06-09,106.98999786376953,107.37999725341797,106.94000244140625,107.23999786376953,101.71226501464844,18850000
2025-06-10,107.6500015258789,107.69000244140625,107.26000213623047,107.5,101.9588623046875,20359000
2025-06-11,107.68000030517578,107.97000122070312,107.55999755859375,107.83999633789062,102.28132629394531,20584700
2025-06-12,108.2300033569336,108.44000244140625,108.08000183105469,108.44000244140625,102.85040283203125,26497300
2025-06-13,108.12000274658203,108.19000244140625,107.5,107.79000091552734,102.23390197753906,34794500
2025-06-16,107.80000305175781,108.12000274658203,107.58000183105469,107.5999984741211,102.0537109375,21286000
2025-06-17,107.87999725341797,108.04000091552734,107.6500015258789,107.97000122070312,102.40464782714844,27241300
2025-06-18,108.22000122070312,108.41999816894531,107.8499984741211,108.05000305175781,102.48052215576172,29762000
2025-06-20,107.86000061035156,108.30999755859375,107.72000122070312,108.13999938964844,102.56587219238281,20437500
2025-06-23,108.38999938964844,108.69999694824219,108.30999755859375,108.41000366210938,102.82196044921875,34072400
2025-06-24,108.27999877929688,109.0199966430664,108.2699966430664,108.91999816894531,103.30565643310547,38185300
2025-06-25,108.70999908447266,108.8499984741211,108.52999877929688,108.79000091552734,103.18238067626953,30675200
2025-06-26,108.91000366210938,109.19999694824219,108.69000244140625,109.19000244140625,103.56173706054688,31026000
2025-06-27,109.0,109.4000015258789,108.87999725341797,109.01000213623047,103.39103698730469,24704800
2025-06-30,109.37000274658203,109.72000122070312,109.23999786376953,109.61000061035156,103.9601058959961,40575000
2025-07-01,109.26000213623047,109.41000366210938,109.02999877929688,109.33999633789062,104.08576202392578,28691300
2025-07-02,108.9800033569336,109.31999969482422,108.9000015258789,109.31999969482422,104.06671905517578,24284500
2025-07-03,109.1500015258789,109.27999877929688,108.9800033569336,109.05999755859375,103.81919860839844,17340500
2025-07-07,108.86000061035156,108.86000061035156,108.29000091552734,108.41000366210938,103.20045471191406,18303300
2025-07-08,108.16000366210938,108.19000244140625,108.01000213623047,108.0999984741211,102.90534973144531,29374900
2025-07-09,108.3499984741211,108.73999786376953,108.25,108.72000122070312,103.49555969238281,33182900
2025-07-10,108.68000030517578,108.83999633789062,108.47000122070312,108.73999786376953,103.51458740234375,29758900
2025-07-11,108.26000213623047,108.29000091552734,108.0,108.08000183105469,102.88631439208984,23776000
2025-07-14,108.0199966430664,108.19000244140625,107.86000061035156,108.05000305175781,102.8577651977539,18216500
2025-07-15,108.27999877929688,108.27999877929688,107.62000274658203,107.66000366210938,102.48649597167969,31329400
2025-07-16,107.91000366210938,108.0999984741211,107.33999633789062,107.83000183105469,102.6483154296875,41794100
2025-07-17,108.04000091552734,108.20999908447266,107.94999694824219,108.08999633789062,102.89582824707031,19396900
2025-07-18,108.38999938964844,108.43000030517578,108.16000366210938,108.29000091552734,103.08621215820312,17446200
2025-07-21,108.86000061035156,108.98999786376953,108.68000030517578,108.70999908447266,103.48603820800781,17147100
2025-07-22,108.76000213623047,109.02999877929688,108.72000122070312,108.97000122070312,103.73355102539062,19568700
2025-07-23,108.76000213623047,108.87999725341797,108.6500015258789,108.80000305175781,103.57170104980469,20810400
2025-07-24,108.44000244140625,108.86000061035156,108.41999816894531,108.63999938964844,103.41940307617188,23064800
2025-07-25,108.69000244140625,109.04000091552734,108.5999984741211,108.98999786376953,103.75257110595703,26008500
2025-07-28,108.86000061035156,108.94000244140625,108.7300033569336,108.7699966430664,103.54314422607422,21887900
2025-07-29,108.94999694824219,109.5,108.93000030517578,109.48999786376953,104.22854614257812,26131300
2025-07-30,109.08999633789062,109.44999694824219,108.9800033569336,109.08000183105469,103.8382568359375,23313300
2025-07-31,109.41000366210938,109.5,109.08999633789062,109.11000061035156,103.8667984008789,31745000
2025-08-01,109.31999969482422,109.69999694824219,109.12000274658203,109.62999725341797,104.78822326660156,46073800
2025-08-04,109.77999877929688,109.88999938964844,109.58000183105469,109.81999969482422,104.96983337402344,31779600
2025-08-05,109.62999725341797,109.93000030517578,109.61000061035156,109.9000015258789,105.04631042480469,25922900
2025-08-06,109.6500015258789,109.91999816894531,109.2300033569336,109.87000274658203,105.01763916015625,31825300
2025-08-07,109.91000366210938,110.08000183105469,109.69000244140625,109.76000213623047,104.91249084472656,29018100
2025-08-08,109.63999938964844,109.63999938964844,109.38999938964844,109.41000366210938,104.57794952392578,16946300
2025-08-11,109.56999969482422,109.72000122070312,109.44999694824219,109.58000183105469,104.74044799804688,24444300
2025-08-12,109.38999938964844,109.69999694824219,109.2699966430664,109.68000030517578,104.83602905273438,26380500
2025-08-13,110.05999755859375,110.31999969482422,110.05000305175781,110.26000213623047,105.3904037475586,27701400
2025-08-14,110.0,110.05999755859375,109.75,109.87999725341797,105.02719116210938,18817700
2025-08-15,109.83999633789062,109.93000030517578,109.62999725341797,109.73999786376953,104.89337158203125,20932000
2025-08-18,109.81999969482422,109.83999633789062,109.44000244140625,109.54000091552734,104.70220184326172,19579900
2025-08-19,109.68000030517578,109.77999877929688,109.61000061035156,109.70999908447266,104.86470031738281,26744200
2025-08-20,109.66999816894531,109.87000274658203,109.58999633789062,109.76000213623047,104.91249084472656,25054700
2025-08-21,109.55999755859375,109.56999969482422,109.19000244140625,109.33999633789062,104.51103210449219,25157900
2025-08-22,109.6500015258789,110.30999755859375,109.55999755859375,110.19999694824219,105.33306121826172,34562900
2025-08-25,109.97000122070312,110.13999938964844,109.87999725341797,109.91000366210938,105.05587005615234,18983100
2025-08-26,109.88999938964844,110.01000213623047,109.66000366210938,109.98999786376953,105.1323471069336,23246400
2025-08-27,109.68000030517578,110.05999755859375,109.58999633789062,110.02999877929688,105.17056274414062,25171700
2025-08-28,110.08000183105469,110.30999755859375,110.0,110.19999694824219,105.33306121826172,26892700
2025-08-29,109.98999786376953,110.01000213623047,109.75,109.80000305175781,104.95073699951172,32201100
2025-09-02,108.87999725341797,109.08999633789062,108.80999755859375,109.05000305175781,104.59965515136719,31044800
2025-09-03,109.26000213623047,109.83000183105469,109.23999786376953,109.69999694824219,105.22312927246094,34520600
2025-09-04,110.08000183105469,110.45999908447266,109.97000122070312,110.44999694824219,105.9425277709961,43026600
2025-09-05,111.20999908447266,111.30999755859375,111.05999755859375,111.16999816894531,106.63314056396484,36249000
2025-09-08,111.51000213623047,111.62999725341797,111.41999816894531,111.55999755859375,107.0072250366211,28998000
2025-09-09,111.44000244140625,111.55000305175781,111.12000274658203,111.36000061035156,106.81539916992188,24412500
2025-09-10,111.58000183105469,111.98999786376953,111.55000305175781,111.69000244140625,107.13191986083984,30188100
2025-09-11,111.88999938964844,112.33000183105469,111.87000274658203,112.20999908447266,107.63070678710938,28405600
2025-09-12,111.97000122070312,112.04000091552734,111.70999908447266,112.01000213623047,107.43885803222656,26728500
2025-09-15,112.2300033569336,112.41999816894531,112.2300033569336,112.36000061035156,107.77458190917969,21863600
2025-09-16,112.29000091552734,112.4000015258789,112.16000366210938,112.26000213623047,107.67866516113281,28232600
2025-09-17,112.45999908447266,112.63999938964844,111.81999969482422,112.05999755859375,107.48681640625,34969800
2025-09-18,111.72000122070312,111.87999725341797,111.5199966430664,111.83000183105469,107.2662124633789,37159300
2025-09-19,111.73999786376953,111.83999633789062,111.55999755859375,111.73999786376953,107.17987823486328,26845400
2025-09-22,111.63999938964844,111.69999694824219,111.43000030517578,111.48999786376953,106.94007873535156,25908600
2025-09-23,111.6500015258789,111.75,111.48999786376953,111.70999908447266,107.1511001586914,31575400
2025-09-24,111.48999786376953,111.5199966430664,111.16999816894531,111.26000213623047,106.71946716308594,34756700
2025-09-25,111.0,111.08000183105469,110.68000030517578,111.05999755859375,106.52763366699219,36991200
2025-09-26,111.1500015258789,111.38999938964844,110.98999786376953,111.20999908447266,106.6715087890625,31962100
2025-09-29,111.45999908447266,111.69999694824219,111.41999816894531,111.58000183105469,107.02641296386719,31961900
2025-09-30,111.6500015258789,111.86000061035156,111.37999725341797,111.47000122070312,106.92089080810547,34939700
2025-10-01,111.44000244140625,111.51000213623047,111.2300033569336,111.51000213623047,107.35025787353516,30262700
2025-10-02,111.48999786376953,111.7300033569336,111.41000366210938,111.69000244140625,107.52354431152344,18259400
2025-10-03,111.69000244140625,111.7699966430664,111.4800033569336,111.55000305175781,107.3887710571289,19971200
2025-10-06,111.23999786376953,111.47000122070312,111.16000366210938,111.19000244140625,107.04220581054688,19553600
2025-10-07,111.33999633789062,111.48999786376953,111.16999816894531,111.4000015258789,107.24436950683594,29459500
2025-10-08,111.61000061035156,111.62000274658203,111.25,111.26000213623047,107.10958862304688,22462100
2025-10-09,111.16999816894531,111.20999908447266,110.94999694824219,111.04000091552734,106.89779663085938,29660700
2025-10-10,111.4800033569336,111.55000305175781,111.27999877929688,111.3499984741211,107.19623565673828,39146400
2025-10-13,111.4000015258789,111.80000305175781,111.33000183105469,111.7300033569336,107.56205749511719,11235900
2025-10-14,111.5199966430664,112.12999725341797,111.4800033569336,112.0999984741211,107.91825103759766,43975300
2025-10-15,112.26000213623047,112.5,111.91000366210938,112.0999984741211,107.91825103759766,45017200
2025-10-16,112.05000305175781,112.44000244140625,111.9800033569336,112.41999816894531,108.22631072998047,39858400
2025-10-17,112.29000091552734,112.31999969482422,112.11000061035156,112.19999694824219,108.01451110839844,35433500
2025-10-20,112.45999908447266,112.55999755859375,112.41999816894531,112.54000091552734,108.34183502197266,26361100
2025-10-21,112.81999969482422,112.88999938964844,112.55000305175781,112.55999755859375,108.36109161376953,27353800
2025-10-22,112.55000305175781,112.68000030517578,112.41000366210938,112.66999816894531,108.46698760986328,41003600
2025-10-23,112.5199966430664,112.69000244140625,112.45999908447266,112.52999877929688,108.33221435546875,27558500
2025-10-24,112.77999877929688,112.79000091552734,112.55000305175781,112.72000122070312,108.51512145996094,29474600
2025-10-27,112.70999908447266,112.93000030517578,112.55000305175781,112.91000366210938,108.69803619384766,23513400
2025-10-28,112.8499984741211,112.93000030517578,112.69999694824219,112.91999816894531,108.7076644897461,34236300
2025-10-29,112.86000061035156,112.88999938964844,112.19000244140625,112.27999877929688,108.09154510498047,36236000
2025-10-30,111.62000274658203,112.01000213623047,111.5199966430664,111.68000030517578,107.513916015625,46045200
2025-10-31,111.77999877929688,111.77999877929688,111.19000244140625,111.2300033569336,107.08070373535156,57255300
2025-11-03,110.58999633789062,110.62000274658203,110.4000015258789,110.52999877929688,106.79278564453125,53372100
2025-11-04,110.45999908447266,110.95999908447266,110.44999694824219,110.68000030517578,106.93771362304688,62636700
2025-11-05,110.6500015258789,110.72000122070312,110.33000183105469,110.3499984741211,106.61886596679688,43258300
2025-11-06,110.80000305175781,110.93000030517578,110.7300033569336,110.93000030517578,107.17925262451172,37814800
2025-11-07,110.6500015258789,110.83999633789062,110.58999633789062,110.70999908447266,106.9666976928711,42671600
2025-11-10,110.7699966430664,110.9000015258789,110.70999908447266,110.7699966430664,107.02467346191406,45229000
2025-11-11,111.05000305175781,111.29000091552734,110.9800033569336,111.20999908447266,107.44978332519531,11282600
2025-11-12,111.13999938964844,111.19000244140625,111.0,111.0999984741211,107.34352111816406,39067900
2025-11-13,110.79000091552734,110.91000366210938,110.55000305175781,110.55000305175781,106.81211853027344,34125900
2025-11-14,110.63999938964844,110.7300033569336,110.23999786376953,110.25,106.52224731445312,31437600
2025-11-17,110.30999755859375,110.58000183105469,110.25,110.31999969482422,106.58988189697266,34343300
2025-11-18,110.51000213623047,110.58000183105469,110.26000213623047,110.37000274658203,106.63819885253906,30566000
2025-11-19,110.5999984741211,110.66999816894531,110.31999969482422,110.37999725341797,106.64784240722656,29144800
2025-11-20,110.66999816894531,110.80999755859375,110.43000030517578,110.52999877929688,106.79278564453125,49362200
2025-11-21,110.9000015258789,110.95999908447266,110.61000061035156,110.91999816894531,107.16959381103516,41000500
2025-11-24,111.18000030517578,111.36000061035156,111.08999633789062,111.36000061035156,107.59471893310547,28437900
2025-11-25,111.43000030517578,111.9000015258789,111.4000015258789,111.66999816894531,107.89424133300781,47560900
2025-11-26,111.66999816894531,112.05999755859375,111.54000091552734,112.05000305175781,108.26139068603516,24585400
2025-11-28,111.9800033569336,112.0199966430664,111.68000030517578,111.86000061035156,108.07780456542969,25471200
2025-12-01,110.7699966430664,110.88999938964844,110.66000366210938,110.8499984741211,107.49885559082031,24610100
2025-12-02,110.83999633789062,111.05000305175781,110.75,110.91999816894531,107.56673431396484,34955000
2025-12-03,111.0,111.2699966430664,110.94999694824219,111.16999816894531,107.80918884277344,20997800
2025-12-04,111.04000091552734,111.05999755859375,110.86000061035156,110.97000122070312,107.61522674560547,29846500
2025-12-05,111.0199966430664,111.02999877929688,110.69999694824219,110.86000061035156,107.5085678100586,25470000
2025-12-08,110.87999725341797,110.88999938964844,110.41000366210938,110.62999725341797,107.28551483154297,28815200
2025-12-09,110.86000061035156,110.87999725341797,110.4000015258789,110.48999786376953,107.14974212646484,29239900
2025-12-10,110.45999908447266,111.05999755859375,110.43000030517578,111.0,107.64432525634766,34019300
2025-12-11,111.19000244140625,111.30999755859375,110.79000091552734,110.83999633789062,107.48915100097656,41927200
2025-12-12,110.30000305175781,110.41000366210938,110.0999984741211,110.16999816894531,106.83941650390625,39040100
2025-12-15,110.52999877929688,110.61000061035156,110.22000122070312,110.30000305175781,106.96548461914062,22151200
2025-12-16,110.18000030517578,110.58999633789062,110.12000274658203,110.55000305175781,107.20793914794922,31692600
2025-12-17,110.43000030517578,110.58000183105469,110.3499984741211,110.43000030517578,107.091552734375,22248000
2025-12-18,110.8499984741211,110.94000244140625,110.63999938964844,110.8499984741211,107.49885559082031,31844300
2025-12-19,110.27999877929688,110.33999633789062,110.0999984741211,110.12999725341797,107.22236633300781,28594900
2025-12-22,110.18000030517578,110.20999908447266,110.01000213623047,110.11000061035156,107.20288848876953,17335000
2025-12-23,109.91000366210938,110.2699966430664,109.8499984741211,110.22000122070312,107.30998992919922,16137300
2025-12-24,110.43000030517578,110.6500015258789,110.33999633789062,110.6500015258789,107.72862243652344,6400600
2025-12-26,110.75,110.80000305175781,110.47000122070312,110.63999938964844,107.71888732910156,10589300
2025-12-29,110.69000244140625,110.79000091552734,110.58999633789062,110.79000091552734,107.86494445800781,18943900
2025-12-30,110.56999969482422,110.76000213623047,110.4800033569336,110.66000366210938,107.73836517333984,21486400
2025-12-31,110.52999877929688,110.62999725341797,110.19000244140625,110.19000244140625,107.28077697753906,19124600
2026-01-02,110.31999969482422,110.4000015258789,110.04000091552734,110.16000366210938,107.2515640258789,25676200
2026-01-05,110.30000305175781,110.51000213623047,110.16999816894531,110.47000122070312,107.55338287353516,27771000
2026-01-06,110.30999755859375,110.4800033569336,110.12999725341797,110.47000122070312,107.55338287353516,31037300
2026-01-07,110.75,110.80000305175781,110.52999877929688,110.55000305175781,107.63127899169922,28107400
2026-01-08,110.19999694824219,110.38999938964844,110.19000244140625,110.23999786376953,107.3294448852539,26395600
2026-01-09,110.31999969482422,110.68000030517578,110.22000122070312,110.63999938964844,107.71888732910156,29660300
2026-01-12,110.37000274658203,110.6500015258789,110.31999969482422,110.51000213623047,107.59233093261719,28990100
2026-01-13,110.70999908447266,110.79000091552734,110.52999877929688,110.75,107.82598876953125,31139200
2026-01-14,110.80000305175781,111.04000091552734,110.7699966430664,111.02999877929688,108.09859466552734,27251900
2026-01-15,111.18000030517578,111.19999694824219,110.83999633789062,110.88999938964844,107.96228790283203,34534800
2026-01-16,110.81999969482422,110.87000274658203,110.55000305175781,110.56999969482422,107.6507339477539,38762100
2026-01-20,109.8499984741211,110.1500015258789,109.80999755859375,109.9000015258789,106.9984359741211,43500200
2026-01-21,110.12999725341797,110.66000366210938,110.02999877929688,110.55999755859375,107.64100646972656,38616500
2026-01-22,110.58000183105469,110.87000274658203,110.4800033569336,110.7699966430664,107.845458984375,36342900
2026-01-23,110.76000213623047,110.86000061035156,110.51000213623047,110.83999633789062,107.91360473632812,30615300
2026-01-26,111.05000305175781,111.12000274658203,110.88999938964844,110.93000030517578,108.0012435913086,23629800
2026-01-27,110.83999633789062,111.0,110.73999786376953,110.80999755859375,107.8843994140625,27166000
2026-01-28,110.70999908447266,110.73999786376953,110.45999908447266,110.6500015258789,107.72862243652344,31045900
2026-01-29,110.43000030517578,110.70999908447266,110.31999969482422,110.68000030517578,107.7578353881836,45815500
2026-01-30,110.5999984741211,110.73999786376953,110.5199966430664,110.56999969482422,107.6507339477539,39631400
2026-02-02,110.1500015258789,110.31999969482422,110.02999877929688,110.05999755859375,107.55106353759766,35480300
2026-02-03,110.04000091552734,110.13999938964844,109.9000015258789,110.11000061035156,107.59992980957031,32761700
2026-02-04,109.97000122070312,110.05000305175781,109.83000183105469,109.97000122070312,107.4631118774414,31344400
2026-02-05,110.19000244140625,110.54000091552734,110.12000274658203,110.5,107.98102569580078,23929700
2026-02-06,110.47000122070312,110.5999984741211,110.30999755859375,110.55999755859375,108.03966522216797,29022200
2026-02-09,110.37000274658203,110.61000061035156,110.29000091552734,110.55999755859375,108.03966522216797,27356900
2026-02-10,110.9000015258789,111.04000091552734,110.7699966430664,110.81999969482422,108.29373168945312,34509800
2026-02-11,110.62999725341797,110.91000366210938,110.5999984741211,110.69999694824219,108.17646789550781,29955300
2026-02-12,110.98999786376953,111.29000091552734,110.97000122070312,111.22000122070312,108.68462371826172,39724200
2026-02-13,111.55000305175781,111.5999984741211,111.41999816894531,111.58999633789062,109.04618835449219,33609900
2026-02-17,111.56999969482422,111.73999786376953,111.48999786376953,111.69999694824219,109.15367126464844,33132600
2026-02-18,111.56999969482422,111.7300033569336,111.51000213623047,111.58999633789062,109.04618835449219,40087000
2026-02-19,111.41000366210938,111.68000030517578,111.4000015258789,111.68000030517578,109.1341323852539,30394400
2026-02-20,111.62000274658203,111.69000244140625,111.4000015258789,111.58999633789062,109.04618835449219,44837400
2026-02-23,111.62000274658203,111.83000183105469,111.58000183105469,111.70999908447266,109.1634521484375,33323600
2026-02-24,111.62999725341797,111.73999786376953,111.47000122070312,111.68000030517578,109.1341323852539,37797100
2026-02-25,111.5999984741211,111.7699966430664,111.56999969482422,111.6500015258789,109.10480499267578,33682200
2026-02-26,111.63999938964844,111.73999786376953,111.54000091552734,111.72000122070312,109.1732177734375,33031800
2026-02-27,111.69999694824219,111.93000030517578,111.66000366210938,111.68000030517578,109.1341323852539,48343700
2026-03-02,110.83999633789062,110.9800033569336,110.68000030517578,110.91999816894531,108.76445770263672,54854600
2026-03-03,110.16999816894531,111.12999725341797,110.16999816894531,110.87000274658203,108.71543884277344,78775000
2026-03-04,110.93000030517578,111.16999816894531,110.83000183105469,110.97000122070312,108.81349182128906,49023300
2026-03-05,110.41999816894531,110.5999984741211,110.29000091552734,110.52999877929688,108.38203430175781,47318400
2026-03-06,109.95999908447266,110.5199966430664,109.7699966430664,110.16000366210938,108.01924133300781,58242900
2026-03-09,109.83999633789062,110.87000274658203,109.83999633789062,110.81999969482422,108.66639709472656,44312100
2026-03-10,110.4000015258789,110.69999694824219,110.05000305175781,110.05999755859375,107.9211654663086,71501200
2026-03-11,109.63999938964844,109.76000213623047,109.01000213623047,109.16000366210938,107.03866577148438,66523500
2026-03-12,108.95999908447266,108.9800033569336,108.3499984741211,108.56999969482422,106.46012115478516,72750200
2026-03-13,108.79000091552734,108.98999786376953,108.0199966430664,108.16999816894531,106.06790161132812,54605100
2026-03-16,108.9000015258789,109.02999877929688,108.55999755859375,108.69000244140625,106.57778930664062,65430000
2026-03-17,109.01000213623047,109.33000183105469,108.98999786376953,109.30000305175781,107.17594146728516,53953900
2026-03-18,109.12999725341797,109.31999969482422,108.70999908447266,108.70999908447266,106.59740447998047,60360000
2026-03-19,108.30999755859375,109.3499984741211,108.30999755859375,109.19000244140625,107.06808471679688,60271200
2026-03-20,108.69000244140625,108.80000305175781,107.75,107.8499984741211,105.75411224365234,66608900
2026-03-23,108.19999694824219,108.91000366210938,108.05000305175781,108.55999755859375,106.4503173828125,54512800
2026-03-24,108.06999969482422,108.62999725341797,107.94999694824219,108.33999633789062,106.23458862304688,46515300
2026-03-25,109.0,109.05000305175781,108.69000244140625,108.7300033569336,106.61702728271484,48616300
2026-03-26,108.27999877929688,108.58000183105469,107.83999633789062,107.87999725341797,105.78353118896484,42072700
2026-03-27,107.47000122070312,107.87000274658203,107.36000061035156,107.62000274658203,105.52859497070312,42578500
2026-03-30,108.44000244140625,108.58999633789062,108.19999694824219,108.30999755859375,106.2051773071289,42677000
2026-03-31,108.72000122070312,109.19999694824219,108.5999984741211,108.98999786376953,106.87196350097656,57883800
2026-04-01,108.48999786376953,108.94999694824219,108.48999786376953,108.66000366210938,106.98617553710938,37445300
2026-04-02,108.41000366210938,109.25,108.37000274658203,109.12000274658203,107.43909454345703,27148600
2026-04-06,108.87000274658203,109.26000213623047,108.87000274658203,108.94999694824219,107.2717056274414,29080500
2026-04-07,108.86000061035156,109.1500015258789,108.2699966430664,109.06999969482422,107.38985443115234,41258900
2026-04-08,109.9800033569336,110.0,109.29000091552734,109.48999786376953,107.80339050292969,63694700
2026-04-09,109.30999755859375,109.79000091552734,109.16000366210938,109.48999786376953,107.80339050292969,39122000
2026-04-10,109.47000122070312,109.55000305175781,109.1500015258789,109.19999694824219,107.51785278320312,22857000
2026-04-13,109.13999938964844,109.68000030517578,109.11000061035156,109.62000274658203,107.93138885498047,19904200
2026-04-14,109.72000122070312,110.08000183105469,109.66999816894531,109.9800033569336,108.28584289550781,29507800
2026-04-15,109.8499984741211,109.95999908447266,109.76000213623047,109.94000244140625,108.2464599609375,30074300
2026-04-16,110.01000213623047,110.0199966430664,109.41000366210938,109.43000030517578,107.74431610107422,25833300
2026-04-17,110.12999725341797,110.29000091552734,109.97000122070312,110.04000091552734,108.34491729736328,44767700
2026-04-20,110.04000091552734,110.12000274658203,109.80000305175781,110.02999877929688,108.33507537841797,19935900
2026-04-21,109.94000244140625,110.02999877929688,109.58000183105469,109.61000061035156,107.92153930664062,26008100
2026-04-22,109.95999908447266,110.11000061035156,109.77999877929688,109.81999969482422,108.12830352783203,17815000
2026-04-23,109.80000305175781,109.94999694824219,109.26000213623047,109.5199966430664,107.83291625976562,25668600
2026-04-24,109.5,109.7300033569336,109.31999969482422,109.5999984741211,107.91169738769531,23212600
2026-04-27,109.5199966430664,109.58999633789062,109.19999694824219,109.29000091552734,107.6064682006836,21833200
2026-04-28,109.06999969482422,109.33999633789062,108.94999694824219,109.33999633789062,107.65569305419922,25603500
2026-04-29,109.04000091552734,109.04000091552734,108.56999969482422,108.7300033569336,107.05510711669922,21800900
2026-04-30,108.88999938964844,109.06999969482422,108.73999786376953,108.8499984741211,107.17324829101562,45530700
2026-05-01,108.55000305175781,109.01000213623047,108.45999908447266,108.5999984741211,107.34622955322266,34755500
2026-05-04,108.45999908447266,108.47000122070312,107.91999816894531,108.25,107.0002670288086,21983900
2026-05-05,108.47000122070312,108.79000091552734,108.41000366210938,108.6500015258789,107.3956527709961,33609700
2026-05-06,109.18000030517578,109.31999969482422,109.0999984741211,109.19000244140625,107.9294204711914,28417400
2026-05-07,109.37000274658203,109.38999938964844,108.68000030517578,108.73999786376953,107.48460388183594,24184900
2026-05-08,109.1500015258789,109.29000091552734,109.08999633789062,109.19999694824219,107.93929290771484,17503300
2026-05-11,109.04000091552734,109.18000030517578,108.88999938964844,108.93000030517578,107.67241668701172,23050600
2026-05-12,108.61000061035156,108.66000366210938,108.44999694824219,108.55999755859375,107.30668640136719,26579400
2026-05-13,108.52999877929688,108.62999725341797,108.30000305175781,108.62000274658203,107.36599731445312,19083000
2026-05-14,108.88999938964844,108.94000244140625,108.52999877929688,108.55000305175781,107.29681396484375,18038000
2026-05-15,107.87000274658203,107.94999694824219,107.69000244140625,107.86000061035156,106.6147689819336,49718000
2026-05-18,107.95999908447266,108.11000061035156,107.5,107.66000366210938,106.41708374023438,31145200
2026-05-19,107.22000122070312,107.4000015258789,106.93000030517578,107.12000274658203,105.88331604003906,36965500
2026-05-20,107.16999816894531,108.08000183105469,107.16999816894531,107.94999694824219,106.70372772216797,34281700
2026-05-21,107.6500015258789,108.18000030517578,107.45999908447266,108.16999816894531,106.92118835449219,25440400
2026-05-22,108.52999877929688,108.52999877929688,108.0999984741211,108.37000274658203,107.11888122558594,19668800
2026-05-26,108.97000122070312,109.0,108.68000030517578,108.77999877929688,107.52415466308594,23730300
2026-05-27,108.91000366210938,109.06999969482422,108.81999969482422,108.93000030517578,107.67241668701172,16208400
2026-05-28,108.98999786376953,109.41000366210938,108.87000274658203,109.26000213623047,107.99861145019531,24176800
2026-05-29,109.38999938964844,109.5999984741211,109.29000091552734,109.36000061035156,108.09745788574219,26551200
2026-06-01,108.55999755859375,108.95999908447266,108.43000030517578,108.93000030517578,108.08058166503906,19298000
2026-06-02,109.05999755859375,109.13999938964844,108.88999938964844,108.91999816894531,108.07066345214844,14394700
2026-06-03,108.58999633789062,108.69999694824219,108.47000122070312,108.62000274658203,107.77300262451172,24018700
2026-06-04,108.87999725341797,108.97000122070312,108.80000305175781,108.8499984741211,108.00120544433594,17881600
2026-06-05,108.41000366210938,108.47000122070312,108.13999938964844,108.16999816894531,107.32650756835938,30790300
2026-06-08,108.43000030517578,108.48999786376953,108.02999877929688,108.05999755859375,107.21736907958984,21944000
2026-06-09,108.31999969482422,108.44999694824219,108.05000305175781,108.41000366210938,107.56464385986328,37925400
2026-06-10,108.3499984741211,108.51000213623047,108.08000183105469,108.16000366210938,107.31659698486328,20870100
2026-06-11,108.43000030517578,109.1500015258789,108.25,109.08000183105469,108.22941589355469,34849400
2026-06-12,108.87999725341797,109.06999969482422,108.63999938964844,109.01000213623047,108.15995788574219,23423000
2026-06-15,109.27999877929688,109.33999633789062,108.9800033569336,108.98999786376953,108.1401138305664,27040500
2026-06-16,109.11000061035156,109.33000183105469,109.05000305175781,109.12000274658203,108.26910400390625,24297100
2026-06-17,109.08000183105469,109.30999755859375,108.70999908447266,108.7699966430664,107.92182922363281,31079300
2026-06-18,109.44000244140625,109.45999908447266,109.02999877929688,109.06999969482422,108.21949005126953,41725500
2026-06-22,108.7300033569336,108.80999755859375,108.58999633789062,108.77999877929688,107.93175506591797,22557300
2026-06-23,108.77999877929688,109.12000274658203,108.72000122070312,108.91000366210938,108.06073760986328,27509300
2026-06-24,109.38999938964844,109.61000061035156,109.30999755859375,109.41000366210938,108.55684661865234,31462200
2026-06-25,109.58000183105469,109.70999908447266,109.41999816894531,109.5,108.6461410522461,33772500
2026-06-26,109.29000091552734,109.6500015258789,109.26000213623047,109.5,108.6461410522461,26033500
2026-06-29,109.62000274658203,109.73999786376953,109.54000091552734,109.69999694824219,108.8445816040039,43883300
2026-06-30,109.5,109.55999755859375,109.05000305175781,109.06999969482422,108.21949005126953,32665400
2026-07-01,108.33999633789062,108.66000366210938,108.26000213623047,108.45999908447266,107.99246978759766,25563100
2026-07-02,108.56999969482422,108.72000122070312,108.41999816894531,108.63999938964844,108.17169189453125,18406000
2026-07-06,108.61000061035156,108.68000030517578,108.44000244140625,108.66999816894531,108.2015609741211,17471600
2026-07-07,108.29000091552734,108.33999633789062,107.7699966430664,107.87999725341797,107.41497039794922,32025000
2026-07-08,107.68000030517578,107.75,107.38999938964844,107.66999816894531,107.20587158203125,31080600
2026-07-09,107.70999908447266,108.01000213623047,107.63999938964844,107.70999908447266,107.2457046508789,24612700
2026-07-10,107.72000122070312,107.72000122070312,107.31999969482422,107.45999908447266,106.99678039550781,34114000
2026-07-13,107.3499984741211,107.43000030517578,106.94000244140625,106.95999908447266,106.49893951416016,29936100
2026-07-14,107.16000366210938,107.38999938964844,107.0199966430664,107.20999908447266,106.74785614013672,33688900
2026-07-15,107.2699966430664,107.66000366210938,107.2699966430664,107.58000183105469,107.11626434326172,27178700
2026-07-16,107.3499984741211,107.56999969482422,107.26000213623047,107.5,107.03660583496094,33413200
2026-07-17,107.66999816894531,107.79000091552734,107.52999877929688,107.55999755859375,107.09635162353516,25761500
2026-07-20,107.52999877929688,107.55999755859375,107.11000061035156,107.1500015258789,106.68811798095703,29445700
2026-07-21,107.01000213623047,107.05000305175781,106.7699966430664,106.8499984741211,106.38941192626953,26033300
2026-07-22,106.76000213623047,106.83000183105469,106.62000274658203,106.66999816894531,106.2101821899414,20115500
2026-07-23,106.12999725341797,106.31999969482422,106.06999969482422,106.26000213623047,105.80195617675781,35690700
2026-07-24,106.08000183105469,106.48999786376953,106.08000183105469,106.2300033569336,105.77208709716797,27980000
2026-07-27,106.55999755859375,106.62000274658203,106.43000030517578,106.51000213623047,106.0508804321289,33698100
2026-07-28,106.62000274658203,106.94000244140625,106.56999969482422,106.83000183105469,106.36949920654297,23347600
2026-07-29,106.72000122070312,106.80000305175781,106.1500015258789,106.22000122070312,105.76213073730469,44523200
2026-07-30,106.3499984741211,106.55000305175781,106.30000305175781,106.41000366210938,105.95130920410156,30975700
2026-07-31,106.23999786376953,106.3499984741211,106.0,106.25,105.79199981689453,40904000
2026-08-03,106.01000213623047,106.25,105.95999908447266,106.11000061035156,106.11000061035156,30003200
2026-08-04,106.52999877929688,106.77999877929688,106.4800033569336,106.76000213623047,106.76000213623047,30075900
2026-08-05,106.76000213623047,106.94000244140625,106.62000274658203,106.73999786376953,106.73999786376953,24602300
2026-08-06,106.41999816894531,106.51000213623047,106.25,106.36000061035156,106.36000061035156,32079900
2026-08-07,106.69999694824219,106.73999786376953,106.41000366210938,106.55000305175781,106.55000305175781,22803900
2026-08-10,106.2699966430664,106.33000183105469,105.93000030517578,105.95999908447266,105.95999908447266,26021600
2026-08-11,106.16999816894531,106.27999877929688,105.95999908447266,105.98999786376953,105.98999786376953,24716700
