date,open,high,low,close,adjclose,volume
2012-05-22,50.0,50.0,50.0,50.0,39.50585174560547,0.0
2012-05-23,49.43989944458008,49.43989944458008,49.43989944458008,49.43989944458008,39.063323974609375,0.0
2012-05-24,49.612098693847656,49.612098693847656,49.612098693847656,49.612098693847656,39.19938659667969,0.0
2012-05-25,49.50669860839844,49.50669860839844,49.50669860839844,49.50669860839844,39.11610412597656,0.0
2012-05-28,49.618499755859375,49.618499755859375,49.618499755859375,49.618499755859375,39.20442199707031,0.0
2012-05-29,50.1343994140625,50.1343994140625,50.1343994140625,50.1343994140625,39.61205291748047,0.0
2012-05-30,49.30220031738281,49.30220031738281,49.30220031738281,49.30220031738281,38.95451736450195,0.0
2012-05-31,49.16419982910156,49.16419982910156,49.16419982910156,49.16419982910156,38.8454704284668,0.0
2012-06-01,48.192901611328125,48.192901611328125,48.192901611328125,48.192901611328125,38.078033447265625,0.0
2012-06-06,49.401100158691406,49.401100158691406,49.401100158691406,49.401100158691406,39.03264617919922,0.0
2012-06-07,49.74409866333008,49.74409866333008,49.74409866333008,49.74409866333008,39.30366897583008,0.0
2012-06-08,49.61389923095703,49.61389923095703,49.61389923095703,49.61389923095703,39.2007942199707,0.0
2012-06-11,49.5088996887207,49.5088996887207,49.5088996887207,49.5088996887207,39.11783218383789,0.0
2012-06-12,49.7775993347168,49.7775993347168,49.7775993347168,49.7775993347168,39.33014678955078,0.0
2012-06-13,49.766300201416016,49.766300201416016,49.766300201416016,49.766300201416016,39.32120895385742,0.0
2012-06-14,49.937599182128906,49.937599182128906,49.937599182128906,49.937599182128906,39.456546783447266,0.0
2012-06-15,50.48030090332031,50.48030090332031,50.48030090332031,50.48030090332031,39.88535690307617,0.0
2012-06-18,50.66360092163086,50.66360092163086,50.66360092163086,50.66360092163086,40.03017044067383,0.0
2012-06-19,51.2942008972168,51.2942008972168,51.2942008972168,51.2942008972168,40.528419494628906,0.0
2012-06-20,51.43840026855469,51.43840026855469,51.43840026855469,51.43840026855469,40.64235305786133,0.0
2012-06-21,50.50199890136719,50.50199890136719,50.50199890136719,50.50199890136719,39.90250015258789,0.0
2012-06-22,50.350101470947266,50.350101470947266,50.350101470947266,50.350101470947266,39.7824821472168,0.0
2012-06-25,49.6172981262207,49.6172981262207,49.6172981262207,49.6172981262207,39.20347595214844,0.0
2012-06-26,49.718101501464844,49.718101501464844,49.718101501464844,49.718101501464844,39.28313064575195,0.0
2012-06-27,50.07789993286133,50.07789993286133,50.07789993286133,50.07789993286133,39.56741714477539,0.0
2012-06-28,49.95880126953125,49.95880126953125,49.95880126953125,49.95880126953125,39.47331619262695,0.0
2012-06-29,51.49549865722656,51.49549865722656,51.49549865722656,51.49549865722656,40.68747329711914,0.0
2012-07-02,51.700199127197266,51.700199127197266,51.700199127197266,51.700199127197266,40.84920883178711,0.0
2012-07-03,52.21849822998047,52.21849822998047,52.21849822998047,52.21849822998047,41.25872802734375,0.0
2012-07-04,52.17490005493164,52.17490005493164,52.17490005493164,52.17490005493164,41.224273681640625,0.0
2012-07-05,51.886199951171875,51.886199951171875,51.886199951171875,51.886199951171875,40.99617385864258,0.0
2012-07-06,51.3473014831543,51.3473014831543,51.3473014831543,51.3473014831543,40.57038116455078,0.0
2012-07-09,51.09000015258789,51.09000015258789,51.09000015258789,51.09000015258789,40.36708450317383,0.0
2012-07-10,50.89440155029297,50.89440155029297,50.89440155029297,50.89440155029297,40.2125358581543,0.0
2012-07-11,50.892799377441406,50.892799377441406,50.892799377441406,50.892799377441406,40.21127700805664,0.0
2012-07-12,50.33760070800781,50.33760070800781,50.33760070800781,50.33760070800781,39.772605895996094,0.0
2012-07-13,51.09149932861328,51.09149932861328,51.09149932861328,51.09149932861328,40.36827850341797,0.0
2012-07-16,51.09379959106445,51.09379959106445,51.09379959106445,51.09379959106445,40.37008285522461,0.0
2012-07-17,51.28070068359375,51.28070068359375,51.28070068359375,51.28070068359375,40.517765045166016,0.0
2012-07-18,51.63140106201172,51.63140106201172,51.63140106201172,51.63140106201172,40.794857025146484,0.0
2012-07-19,52.023399353027344,52.023399353027344,52.023399353027344,52.023399353027344,41.104576110839844,0.0
2012-07-20,51.389198303222656,51.389198303222656,51.389198303222656,51.389198303222656,40.60348892211914,0.0
2012-07-23,50.499298095703125,50.499298095703125,50.499298095703125,50.499298095703125,39.900360107421875,0.0
2012-07-24,50.15190124511719,50.15190124511719,50.15190124511719,50.15190124511719,39.62587356567383,0.0
2012-07-25,50.09450149536133,50.09450149536133,50.09450149536133,50.09450149536133,39.58050537109375,0.0
2012-07-26,51.12730026245117,51.12730026245117,51.12730026245117,51.12730026245117,40.39656448364258,0.0
2012-07-27,52.108699798583984,52.108699798583984,52.108699798583984,52.108699798583984,41.17198181152344,0.0
2012-07-30,52.298099517822266,52.298099517822266,52.298099517822266,52.298099517822266,41.32162857055664,0.0
2012-07-31,52.19940185546875,52.19940185546875,52.19940185546875,52.19940185546875,41.24363327026367,0.0
2012-08-01,52.13930130004883,52.13930130004883,52.13930130004883,52.13930130004883,41.19615936279297,0.0
2012-08-02,51.58610153198242,51.58610153198242,51.58610153198242,51.58610153198242,40.759063720703125,0.0
2012-08-03,52.55870056152344,52.55870056152344,52.55870056152344,52.55870056152344,41.52751541137695,0.0
2012-08-06,52.972801208496094,52.972801208496094,52.972801208496094,52.972801208496094,41.85470962524414,0.0
2012-08-07,53.276100158691406,53.276100158691406,53.276100158691406,53.276100158691406,42.094356536865234,0.0
2012-08-08,53.30459976196289,53.30459976196289,53.30459976196289,53.30459976196289,42.116886138916016,0.0
2012-08-09,53.440399169921875,53.440399169921875,53.440399169921875,53.440399169921875,42.22417449951172,0.0
2012-08-10,53.46770095825195,53.46770095825195,53.46770095825195,53.46770095825195,42.24574661254883,0.0
2012-08-13,53.34510040283203,53.34510040283203,53.34510040283203,53.34510040283203,42.148868560791016,0.0
2012-08-14,53.4364013671875,53.4364013671875,53.4364013671875,53.4364013671875,42.22102355957031,0.0
2012-08-15,53.39870071411133,53.39870071411133,53.39870071411133,53.39870071411133,42.19122314453125,0.0
2012-08-16,53.80339813232422,53.80339813232422,53.80339813232422,53.80339813232422,42.5109748840332,0.0
2012-08-17,53.86259841918945,53.86259841918945,53.86259841918945,53.86259841918945,42.55775451660156,0.0
2012-08-20,53.842098236083984,53.842098236083984,53.842098236083984,53.842098236083984,42.54156494140625,0.0
2012-08-21,54.0359001159668,54.0359001159668,54.0359001159668,54.0359001159668,42.6947021484375,0.0
2012-08-22,53.7869987487793,53.7869987487793,53.7869987487793,53.7869987487793,42.49803161621094,0.0
2012-08-23,53.72809982299805,53.72809982299805,53.72809982299805,53.72809982299805,42.45149230957031,0.0
2012-08-24,53.68539810180664,53.68539810180664,53.68539810180664,53.68539810180664,42.417755126953125,0.0
2012-08-28,53.56999969482422,53.56999969482422,53.56999969482422,53.56999969482422,42.32658004760742,0.0
2012-08-29,53.51020050048828,53.51020050048828,53.51020050048828,53.51020050048828,42.27931213378906,0.0
2012-08-30,53.03609848022461,53.03609848022461,53.03609848022461,53.03609848022461,41.90473175048828,0.0
2012-08-31,53.33250045776367,53.33250045776367,53.33250045776367,53.33250045776367,42.13892364501953,0.0
2012-09-03,53.435298919677734,53.435298919677734,53.435298919677734,53.435298919677734,42.220149993896484,0.0
2012-09-04,53.17620086669922,53.17620086669922,53.17620086669922,53.17620086669922,42.01541519165039,0.0
2012-09-05,53.08380126953125,53.08380126953125,53.08380126953125,53.08380126953125,41.94242477416992,0.0
2012-09-06,54.05839920043945,54.05839920043945,54.05839920043945,54.05839920043945,42.712467193603516,0.0
2012-09-07,54.71390151977539,54.71390151977539,54.71390151977539,54.71390151977539,43.23040008544922,0.0
2012-09-10,54.52389907836914,54.52389907836914,54.52389907836914,54.52389907836914,43.08028030395508,0.0
2012-09-11,54.74769973754883,54.74769973754883,54.74769973754883,54.74769973754883,43.257102966308594,0.0
2012-09-12,54.979400634765625,54.979400634765625,54.979400634765625,54.979400634765625,43.44017028808594,0.0
2012-09-13,55.46289825439453,55.46289825439453,55.46289825439453,55.46289825439453,43.82218933105469,0.0
2012-09-14,56.382198333740234,56.382198333740234,56.382198333740234,56.382198333740234,44.54854965209961,0.0
2012-09-17,56.17559814453125,56.17559814453125,56.17559814453125,56.17559814453125,44.385311126708984,0.0
2012-09-18,55.94409942626953,55.94409942626953,55.94409942626953,55.94409942626953,44.20237350463867,0.0
2012-09-19,56.1150016784668,56.1150016784668,56.1150016784668,56.1150016784668,44.337425231933594,0.0
2012-09-20,55.78710174560547,55.78710174560547,55.78710174560547,55.78710174560547,44.07835006713867,0.0
2012-09-21,55.984100341796875,55.984100341796875,55.984100341796875,55.984100341796875,44.23399353027344,0.0
2012-09-24,55.75019836425781,55.75019836425781,55.75019836425781,55.75019836425781,44.0491828918457,0.0
2012-09-25,55.57279968261719,55.57279968261719,55.57279968261719,55.57279968261719,43.909019470214844,0.0
2012-09-26,54.61920166015625,54.61920166015625,54.61920166015625,54.61920166015625,43.15556716918945,0.0
2012-09-27,55.06650161743164,55.06650161743164,55.06650161743164,55.06650161743164,43.50899887084961,0.0
2012-09-28,54.78379821777344,54.78379821777344,54.78379821777344,54.78379821777344,43.28561782836914,0.0
2012-10-01,55.0806999206543,55.0806999206543,55.0806999206543,55.0806999206543,43.520206451416016,0.0
2012-10-02,55.11819839477539,55.11819839477539,55.11819839477539,55.11819839477539,43.54983139038086,0.0
2012-10-03,55.075199127197266,55.075199127197266,55.075199127197266,55.075199127197266,43.51586151123047,0.0
2012-10-04,55.46269989013672,55.46269989013672,55.46269989013672,55.46269989013672,43.822021484375,0.0
2012-10-05,55.71080017089844,55.71080017089844,55.71080017089844,55.71080017089844,44.018062591552734,0.0
2012-10-08,55.32310104370117,55.32310104370117,55.32310104370117,55.32310104370117,43.711727142333984,0.0
2012-10-09,54.84619903564453,54.84619903564453,54.84619903564453,54.84619903564453,43.334938049316406,0.0
2012-10-10,54.516700744628906,54.516700744628906,54.516700744628906,54.516700744628906,43.074581146240234,0.0
2012-10-11,54.68659973144531,54.68659973144531,54.68659973144531,54.68659973144531,43.208824157714844,0.0
2012-10-12,54.59339904785156,54.59339904785156,54.59339904785156,54.59339904785156,43.13517761230469,0.0
2012-10-15,54.823299407958984,54.823299407958984,54.823299407958984,54.823299407958984,43.316829681396484,0.0
2012-10-16,55.48749923706055,55.48749923706055,55.48749923706055,55.48749923706055,43.84162902832031,0.0
2012-10-17,55.92789840698242,55.92789840698242,55.92789840698242,55.92789840698242,44.18959045410156,0.0
2012-10-18,55.93960189819336,55.93960189819336,55.93960189819336,55.93960189819336,44.19884490966797,0.0
2012-10-19,55.26250076293945,55.26250076293945,55.26250076293945,55.26250076293945,43.66384506225586,0.0
2012-10-22,55.22570037841797,55.22570037841797,55.22570037841797,55.22570037841797,43.634769439697266,0.0
2012-10-23,54.390098571777344,54.390098571777344,54.390098571777344,54.390098571777344,42.97455596923828,0.0
2012-10-24,54.34270095825195,54.34270095825195,54.34270095825195,54.34270095825195,42.93710708618164,0.0
2012-10-25,54.52519989013672,54.52519989013672,54.52519989013672,54.52519989013672,43.08129119873047,0.0
2012-10-26,54.37260055541992,54.37260055541992,54.37260055541992,54.37260055541992,42.960716247558594,0.0
2012-10-29,54.249000549316406,54.249000549316406,54.249000549316406,54.249000549316406,42.86306381225586,0.0
2012-10-30,54.46739959716797,54.46739959716797,54.46739959716797,54.46739959716797,43.0356330871582,0.0
2012-10-31,54.445701599121094,54.445701599121094,54.445701599121094,54.445701599121094,43.01847839355469,0.0
2012-11-01,54.89899826049805,54.89899826049805,54.89899826049805,54.89899826049805,43.37663269042969,0.0
2012-11-02,54.67259979248047,54.67259979248047,54.67259979248047,54.67259979248047,43.19775390625,0.0
2012-11-05,54.55860137939453,54.55860137939453,54.55860137939453,54.55860137939453,43.107688903808594,0.0
2012-11-06,54.89459991455078,54.89459991455078,54.89459991455078,54.89459991455078,43.3731689453125,0.0
2012-11-07,54.11709976196289,54.11709976196289,54.11709976196289,54.11709976196289,42.75885772705078,0.0
2012-11-08,53.582298278808594,53.582298278808594,53.582298278808594,53.582298278808594,42.33629608154297,0.0
2012-11-09,53.537200927734375,53.537200927734375,53.537200927734375,53.537200927734375,42.300655364990234,0.0
2012-11-12,53.46390151977539,53.46390151977539,53.46390151977539,53.46390151977539,42.242733001708984,0.0
2012-11-13,53.32469940185547,53.32469940185547,53.32469940185547,53.32469940185547,42.13275909423828,0.0
2012-11-14,52.805198669433594,52.805198669433594,52.805198669433594,52.805198669433594,41.722293853759766,0.0
2012-11-15,52.63949966430664,52.63949966430664,52.63949966430664,52.63949966430664,41.59138107299805,0.0
2012-11-16,52.57429885864258,52.57429885864258,52.57429885864258,52.57429885864258,41.539852142333984,0.0
2012-11-19,53.63690185546875,53.63690185546875,53.63690185546875,53.63690185546875,42.37944412231445,0.0
2012-11-20,53.66790008544922,53.66790008544922,53.66790008544922,53.66790008544922,42.4039192199707,0.0
2012-11-21,53.789100646972656,53.789100646972656,53.789100646972656,53.789100646972656,42.49968719482422,0.0
2012-11-22,54.05590057373047,54.05590057373047,54.05590057373047,54.05590057373047,42.71049118041992,0.0
2012-11-23,54.65140151977539,54.65140151977539,54.65140151977539,54.65140151977539,43.18101501464844,0.0
2012-11-26,54.56560134887695,54.56560134887695,54.56560134887695,54.56560134887695,43.11322784423828,0.0
2012-11-27,54.463401794433594,54.463401794433594,54.463401794433594,54.463401794433594,43.0324592590332,0.0
2012-11-28,54.58399963378906,54.58399963378906,54.58399963378906,54.58399963378906,43.12775802612305,0.0
2012-11-29,55.07929992675781,55.07929992675781,55.07929992675781,55.07929992675781,43.519107818603516,0.0
2012-11-30,55.12889862060547,55.12889862060547,55.12889862060547,55.12889862060547,43.558292388916016,0.0
2012-12-03,55.10580062866211,55.10580062866211,55.10580062866211,55.10580062866211,43.540042877197266,0.0
2012-12-04,55.09339904785156,55.09339904785156,55.09339904785156,55.09339904785156,43.53023910522461,0.0
2012-12-05,55.23350143432617,55.23350143432617,55.23350143432617,55.23350143432617,43.64094161987305,0.0
2012-12-06,55.400001525878906,55.400001525878906,55.400001525878906,55.400001525878906,43.77247619628906,0.0
2012-12-07,55.474700927734375,55.474700927734375,55.474700927734375,55.474700927734375,43.83150863647461,0.0
2012-12-10,55.55590057373047,55.55590057373047,55.55590057373047,55.55590057373047,43.89568328857422,0.0
2012-12-11,55.89550018310547,55.89550018310547,55.89550018310547,55.89550018310547,44.163997650146484,0.0
2012-12-12,56.04169845581055,56.04169845581055,56.04169845581055,56.04169845581055,44.279518127441406,0.0
2012-12-13,55.903499603271484,55.903499603271484,55.903499603271484,55.903499603271484,44.17031478881836,0.0
2012-12-14,55.83430099487305,55.83430099487305,55.83430099487305,55.83430099487305,44.11563491821289,0.0
2012-12-17,56.16310119628906,56.16310119628906,56.16310119628906,56.16310119628906,44.375431060791016,0.0
2012-12-18,56.67150115966797,56.67150115966797,56.67150115966797,56.67150115966797,44.777122497558594,0.0
2012-12-19,56.765098571777344,56.765098571777344,56.765098571777344,56.765098571777344,44.85108184814453,0.0
2012-12-20,56.87269973754883,56.87269973754883,56.87269973754883,56.87269973754883,44.93608474731445,0.0
2012-12-21,56.41749954223633,56.41749954223633,56.41749954223633,56.41749954223633,44.57643508911133,0.0
2012-12-24,56.08300018310547,56.08300018310547,56.08300018310547,56.08300018310547,44.312129974365234,0.0
2012-12-27,56.07590103149414,56.07590103149414,56.07590103149414,56.07590103149414,44.30653381347656,0.0
2012-12-28,55.77539825439453,55.77539825439453,55.77539825439453,55.77539825439453,44.06910705566406,0.0
2012-12-31,56.188899993896484,56.188899993896484,56.188899993896484,56.188899993896484,44.39580154418945,0.0
2013-01-02,57.4297981262207,57.4297981262207,57.4297981262207,57.4297981262207,45.37627029418945,0.0
2013-01-03,57.36109924316406,57.36109924316406,57.36109924316406,57.36109924316406,45.32197570800781,0.0
2013-01-04,57.520599365234375,57.520599365234375,57.520599365234375,57.520599365234375,45.44800567626953,0.0
2013-01-07,57.39059829711914,57.39059829711914,57.39059829711914,57.39059829711914,45.34529495239258,0.0
2013-01-08,57.18730163574219,57.18730163574219,57.18730163574219,57.18730163574219,45.184669494628906,0.0
2013-01-09,57.38650131225586,57.38650131225586,57.38650131225586,57.38650131225586,45.34206771850586,0.0
2013-01-10,57.817298889160156,57.817298889160156,57.817298889160156,57.817298889160156,45.68244552612305,0.0
2013-01-11,57.91490173339844,57.91490173339844,57.91490173339844,57.91490173339844,45.75956344604492,0.0
2013-01-14,57.91830062866211,57.91830062866211,57.91830062866211,57.91830062866211,45.76225280761719,0.0
2013-01-15,57.95000076293945,57.95000076293945,57.95000076293945,57.95000076293945,45.787288665771484,0.0
2013-01-16,57.80009841918945,57.80009841918945,57.80009841918945,57.80009841918945,45.668846130371094,0.0
2013-01-17,58.0806999206543,58.0806999206543,58.0806999206543,58.0806999206543,45.890560150146484,0.0
2013-01-18,58.199501037597656,58.199501037597656,58.199501037597656,58.199501037597656,45.984439849853516,0.0
2013-01-21,58.23080062866211,58.23080062866211,58.23080062866211,58.23080062866211,46.00914764404297,0.0
2013-01-22,58.387901306152344,58.387901306152344,58.387901306152344,58.387901306152344,46.13326644897461,0.0
2013-01-23,58.35409927368164,58.35409927368164,58.35409927368164,58.35409927368164,46.10655975341797,0.0
2013-01-24,58.45289993286133,58.45289993286133,58.45289993286133,58.45289993286133,46.18463897705078,0.0
2013-01-25,58.76150131225586,58.76150131225586,58.76150131225586,58.76150131225586,46.428470611572266,0.0
2013-01-28,58.613399505615234,58.613399505615234,58.613399505615234,58.613399505615234,46.31144332885742,0.0
2013-01-29,58.94969940185547,58.94969940185547,58.94969940185547,58.94969940185547,46.577171325683594,0.0
2013-01-30,58.905601501464844,58.905601501464844,58.905601501464844,58.905601501464844,46.54233169555664,0.0
2013-01-31,58.76169967651367,58.76169967651367,58.76169967651367,58.76169967651367,46.428619384765625,0.0
2013-02-01,59.20399856567383,59.20399856567383,59.20399856567383,59.20399856567383,46.7780876159668,0.0
2013-02-04,58.565101623535156,58.565101623535156,58.565101623535156,58.565101623535156,46.273284912109375,0.0
2013-02-05,58.731998443603516,58.731998443603516,58.731998443603516,58.731998443603516,46.4051513671875,0.0
2013-02-06,58.81760025024414,58.81760025024414,58.81760025024414,58.81760025024414,46.472782135009766,0.0
2013-02-07,58.56560134887695,58.56560134887695,58.56560134887695,58.56560134887695,46.27370071411133,0.0
2013-02-08,58.882198333740234,58.882198333740234,58.882198333740234,58.882198333740234,46.523834228515625,0.0
2013-02-11,58.69900131225586,58.69900131225586,58.69900131225586,58.69900131225586,46.37908172607422,0.0
2013-02-12,59.00389862060547,59.00389862060547,59.00389862060547,59.00389862060547,46.61998748779297,0.0
2013-02-13,59.08330154418945,59.08330154418945,59.08330154418945,59.08330154418945,46.6827392578125,0.0
2013-02-14,59.00310134887695,59.00310134887695,59.00310134887695,59.00310134887695,46.619361877441406,0.0
2013-02-15,58.84479904174805,58.84479904174805,58.84479904174805,58.84479904174805,46.49428176879883,0.0
2013-02-18,58.890499114990234,58.890499114990234,58.890499114990234,58.890499114990234,46.5303955078125,0.0
2013-02-19,59.31019973754883,59.31019973754883,59.31019973754883,59.31019973754883,46.86199951171875,0.0
2013-02-20,58.9989013671875,58.9989013671875,58.9989013671875,58.9989013671875,46.61603927612305,0.0
2013-02-21,58.240501403808594,58.240501403808594,58.240501403808594,58.240501403808594,46.01682662963867,0.0
2013-02-22,58.61330032348633,58.61330032348633,58.61330032348633,58.61330032348633,46.31135177612305,0.0
2013-02-25,58.242698669433594,58.242698669433594,58.242698669433594,58.242698669433594,46.0185661315918,0.0
2013-02-26,57.96189880371094,57.96189880371094,57.96189880371094,57.96189880371094,45.79668045043945,0.0
2013-02-27,58.47880172729492,58.47880172729492,58.47880172729492,58.47880172729492,46.20509338378906,0.0
2013-02-28,58.75740051269531,58.75740051269531,58.75740051269531,58.75740051269531,46.42522430419922,0.0
2013-03-01,58.618900299072266,58.618900299072266,58.618900299072266,58.618900299072266,46.31578826904297,0.0
2013-03-04,58.64860153198242,58.64860153198242,58.64860153198242,58.64860153198242,46.339256286621094,0.0
2013-03-05,59.272499084472656,59.272499084472656,59.272499084472656,59.272499084472656,46.832210540771484,0.0
2013-03-06,59.435699462890625,59.435699462890625,59.435699462890625,59.435699462890625,46.96116638183594,0.0
2013-03-07,59.53010177612305,59.53010177612305,59.53010177612305,59.53010177612305,47.035762786865234,0.0
2013-03-08,59.731201171875,59.731201171875,59.731201171875,59.731201171875,47.19464111328125,0.0
2013-03-11,59.9390983581543,59.9390983581543,59.9390983581543,59.9390983581543,47.358917236328125,0.0
2013-03-12,59.83869934082031,59.83869934082031,59.83869934082031,59.83869934082031,47.27958297729492,0.0
2013-03-13,59.66640090942383,59.66640090942383,59.66640090942383,59.66640090942383,47.143455505371094,0.0
2013-03-14,60.02510070800781,60.02510070800781,60.02510070800781,60.02510070800781,47.42686080932617,0.0
2013-03-15,60.1327018737793,60.1327018737793,60.1327018737793,60.1327018737793,47.51187515258789,0.0
2013-03-18,59.554901123046875,59.554901123046875,59.554901123046875,59.554901123046875,47.05534744262695,0.0
2013-03-19,59.374298095703125,59.374298095703125,59.374298095703125,59.374298095703125,46.91264343261719,0.0
2013-03-20,59.45539855957031,59.45539855957031,59.45539855957031,59.45539855957031,46.97672653198242,0.0
2013-03-21,59.16469955444336,59.16469955444336,59.16469955444336,59.16469955444336,46.74704360961914,0.0
2013-03-22,59.31050109863281,59.31050109863281,59.31050109863281,59.31050109863281,46.86225509643555,0.0
2013-03-25,59.15850067138672,59.15850067138672,59.15850067138672,59.15850067138672,46.74214553833008,0.0
2013-03-26,59.43000030517578,59.43000030517578,59.43000030517578,59.43000030517578,46.956661224365234,0.0
2013-03-27,59.35850143432617,59.35850143432617,59.35850143432617,59.35850143432617,46.900169372558594,0.0
2013-03-28,59.57040023803711,59.57040023803711,59.57040023803711,59.57040023803711,47.06759262084961,0.0
2013-04-02,59.570098876953125,59.570098876953125,59.570098876953125,59.570098876953125,47.06734848022461,0.0
2013-04-03,59.2067985534668,59.2067985534668,59.2067985534668,59.2067985534668,46.780296325683594,0.0
2013-04-04,59.029598236083984,59.029598236083984,59.029598236083984,59.029598236083984,46.640289306640625,0.0
2013-04-05,58.8656005859375,58.8656005859375,58.8656005859375,58.8656005859375,46.510719299316406,0.0
2013-04-08,59.14690017700195,59.14690017700195,59.14690017700195,59.14690017700195,46.73297882080078,0.0
2013-04-09,59.444801330566406,59.444801330566406,59.444801330566406,59.444801330566406,46.96834945678711,0.0
2013-04-10,60.2150993347168,60.2150993347168,60.2150993347168,60.2150993347168,47.576988220214844,0.0
2013-04-11,60.64789962768555,60.64789962768555,60.64789962768555,60.64789962768555,47.918941497802734,0.0
2013-04-12,60.36259841918945,60.36259841918945,60.36259841918945,60.36259841918945,47.693538665771484,0.0
2013-04-15,59.34189987182617,59.34189987182617,59.34189987182617,59.34189987182617,46.887046813964844,0.0
2013-04-16,59.66749954223633,59.66749954223633,59.66749954223633,59.66749954223633,47.144325256347656,0.0
2013-04-17,58.97119903564453,58.97119903564453,58.97119903564453,58.97119903564453,46.59414291381836,0.0
2013-04-18,58.672298431396484,58.672298431396484,58.672298431396484,58.672298431396484,46.358001708984375,0.0
2013-04-19,59.08369827270508,59.08369827270508,59.08369827270508,59.08369827270508,46.68303680419922,0.0
2013-04-22,59.27170181274414,59.27170181274414,59.27170181274414,59.27170181274414,46.83159255981445,0.0
2013-04-23,59.87229919433594,59.87229919433594,59.87229919433594,59.87229919433594,47.30613327026367,0.0
2013-04-24,60.20119857788086,60.20119857788086,60.20119857788086,60.20119857788086,47.566001892089844,0.0
2013-04-25,60.58769989013672,60.58769989013672,60.58769989013672,60.58769989013672,47.87137222290039,0.0
2013-04-26,60.518699645996094,60.518699645996094,60.518699645996094,60.518699645996094,47.81685256958008,0.0
2013-04-29,60.95589828491211,60.95589828491211,60.95589828491211,60.95589828491211,48.16230010986328,0.0
2013-04-30,61.326698303222656,61.326698303222656,61.326698303222656,61.326698303222656,48.455284118652344,0.0
2013-05-02,61.098201751708984,61.098201751708984,61.098201751708984,61.098201751708984,48.274742126464844,0.0
2013-05-03,61.60260009765625,61.60260009765625,61.60260009765625,61.60260009765625,48.67326354980469,0.0
2013-05-06,61.61980056762695,61.61980056762695,61.61980056762695,61.61980056762695,48.68685531616211,0.0
2013-05-07,62.054500579833984,62.054500579833984,62.054500579833984,62.054500579833984,49.03033447265625,0.0
2013-05-08,62.55720138549805,62.55720138549805,62.55720138549805,62.55720138549805,49.42751693725586,0.0
2013-05-09,62.2942008972168,62.2942008972168,62.2942008972168,62.2942008972168,49.219722747802734,0.0
2013-05-10,62.22610092163086,62.22610092163086,62.22610092163086,62.22610092163086,49.165916442871094,0.0
2013-05-13,62.240699768066406,62.240699768066406,62.240699768066406,62.240699768066406,49.17744445800781,0.0
2013-05-14,62.60210037231445,62.60210037231445,62.60210037231445,62.60210037231445,49.46298599243164,0.0
2013-05-15,62.818199157714844,62.818199157714844,62.818199157714844,62.818199157714844,49.63374710083008,0.0
2013-05-16,62.72529983520508,62.72529983520508,62.72529983520508,62.72529983520508,49.56033706665039,0.0
2013-05-17,62.899200439453125,62.899200439453125,62.899200439453125,62.899200439453125,49.69773864746094,0.0
2013-05-20,63.1265983581543,63.1265983581543,63.1265983581543,63.1265983581543,49.87740707397461,0.0
2013-05-21,63.19599914550781,63.19599914550781,63.19599914550781,63.19599914550781,49.93224334716797,0.0
2013-05-22,62.94110107421875,62.94110107421875,62.94110107421875,62.94110107421875,49.73086166381836,0.0
2013-05-23,62.05820083618164,62.05820083618164,62.05820083618164,62.05820083618164,49.03325271606445,0.0
2013-05-24,62.05220031738281,62.05220031738281,62.05220031738281,62.05220031738281,49.02851104736328,0.0
2013-05-27,61.93439865112305,61.93439865112305,61.93439865112305,61.93439865112305,48.9354248046875,0.0
2013-05-28,62.2411994934082,62.2411994934082,62.2411994934082,62.2411994934082,49.17784118652344,0.0
2013-05-29,61.90919876098633,61.90919876098633,61.90919876098633,61.90919876098633,48.915523529052734,0.0
2013-05-30,61.95719909667969,61.95719909667969,61.95719909667969,61.95719909667969,48.953433990478516,0.0
2013-05-31,61.197898864746094,61.197898864746094,61.197898864746094,61.197898864746094,48.35350036621094,0.0
2013-06-03,61.15769958496094,61.15769958496094,61.15769958496094,61.15769958496094,48.321754455566406,0.0
2013-06-04,46.150001525878906,46.150001525878906,46.150001525878906,46.150001525878906,36.46390914916992,0.0
2013-06-05,46.150001525878906,46.54999923706055,46.150001525878906,46.150001525878906,36.46390914916992,1.0
2013-06-06,45.540000915527344,46.060001373291016,45.540000915527344,45.540000915527344,35.98192596435547,1.0
2013-06-07,46.290000915527344,46.290000915527344,45.599998474121094,46.290000915527344,36.57453155517578,1.0
2013-06-10,46.22999954223633,46.41999816894531,46.22999954223633,46.22999954223633,36.52712631225586,1.0
2013-06-11,45.79999923706055,45.91999816894531,45.79999923706055,45.79999923706055,36.18738555908203,1.0
2013-06-12,60.35960006713867,60.35960006713867,60.35960006713867,60.35960006713867,47.691162109375,0.0
2013-06-13,45.27000045776367,45.27000045776367,44.61000061035156,45.27000045776367,35.76860809326172,1.0
2013-06-14,45.56999969482422,45.7599983215332,45.47999954223633,45.47999954223633,35.93453598022461,2500.0
2013-06-17,45.91999816894531,45.9900016784668,45.88999938964844,45.9900016784668,36.337493896484375,10.0
2013-06-18,45.849998474121094,45.86000061035156,45.790000915527344,45.86000061035156,36.234771728515625,3385.0
2013-06-19,45.4900016784668,45.66999816894531,45.47999954223633,45.47999954223633,35.93453598022461,1800.0
2013-06-20,45.0099983215332,45.0099983215332,44.380001068115234,44.380001068115234,35.06539535522461,2300.0
2013-06-21,44.45000076293945,44.52000045776367,44.040000915527344,44.040000915527344,34.7967529296875,401.0
2013-06-24,44.029998779296875,44.09000015258789,43.52000045776367,43.52000045776367,34.38587951660156,90.0
2013-06-25,44.02000045776367,44.290000915527344,43.81999969482422,44.290000915527344,34.994293212890625,8423.0
2013-06-26,44.41999816894531,44.95000076293945,44.2599983215332,44.95000076293945,35.515769958496094,200.0
2013-06-27,45.119998931884766,45.56999969482422,45.06999969482422,45.439998626708984,35.902915954589844,67900.0
2013-06-28,45.290000915527344,45.54999923706055,45.290000915527344,45.470001220703125,35.9266471862793,15.0
2013-07-01,45.72999954223633,45.72999954223633,45.70000076293945,45.70000076293945,36.10834503173828,3598.0
2013-07-02,45.689998626708984,45.689998626708984,45.63999938964844,45.689998626708984,36.1004524230957,1.0
2013-07-03,45.29999923706055,45.41999816894531,45.29999923706055,45.38999938964844,35.8634147644043,650.0
2013-07-04,45.7599983215332,46.290000915527344,45.63999938964844,46.290000915527344,36.57453155517578,207.0
2013-07-05,46.02000045776367,46.38999938964844,46.02000045776367,46.02000045776367,36.361202239990234,1.0
2013-07-08,46.63999938964844,46.63999938964844,46.380001068115234,46.47999954223633,36.72464370727539,6.0
2013-07-09,46.779998779296875,47.099998474121094,46.68000030517578,47.099998474121094,37.21452331542969,22.0
2013-07-10,47.08000183105469,47.099998474121094,46.880001068115234,46.90999984741211,37.06439208984375,130.0
2013-07-11,47.0,47.0,46.95000076293945,46.9900016784668,37.12760543823242,500.0
2013-07-12,47.18000030517578,47.18000030517578,47.0,47.029998779296875,37.15920639038086,1063.0
2013-07-15,47.25,47.279998779296875,47.11000061035156,47.279998779296875,37.35675048828125,3000.0
2013-07-16,47.11000061035156,47.209999084472656,46.849998474121094,46.849998474121094,37.0169792175293,1000.0
2013-07-17,46.970001220703125,47.290000915527344,46.93000030517578,47.220001220703125,37.3093376159668,950.0
2013-07-18,47.22999954223633,47.540000915527344,47.06999969482422,47.540000915527344,37.56216812133789,300.0
2013-07-19,47.209999084472656,47.290000915527344,47.130001068115234,47.27000045776367,37.348838806152344,1072.0
2013-07-22,47.43000030517578,47.43000030517578,47.20000076293945,47.279998779296875,37.35675048828125,1245.0
2013-07-23,47.529998779296875,47.529998779296875,47.22999954223633,47.22999954223633,37.31723403930664,2092.0
2013-07-24,47.209999084472656,47.29999923706055,47.209999084472656,47.209999084472656,37.30143356323242,1.0
2013-07-25,46.90999984741211,47.06999969482422,46.900001525878906,46.900001525878906,37.056488037109375,1270.0
2013-07-26,47.0099983215332,47.0099983215332,46.61000061035156,46.650001525878906,36.858951568603516,1290.0
2013-07-29,46.869998931884766,46.869998931884766,46.650001525878906,46.650001525878906,36.858951568603516,15.0
2013-07-30,46.75,46.779998779296875,46.7400016784668,46.7400016784668,36.93008804321289,156.0
2013-07-31,46.7599983215332,46.7599983215332,46.68000030517578,46.7400016784668,36.93008804321289,39.0
2013-08-01,47.09000015258789,47.380001068115234,46.95000076293945,47.349998474121094,37.41203689575195,6561.0
2013-08-02,47.4900016784668,47.5099983215332,47.15999984741211,47.279998779296875,37.35675048828125,32938.0
2013-08-05,47.43000030517578,47.43000030517578,47.29999923706055,47.400001525878906,37.45155715942383,25193.0
2013-08-06,47.29999923706055,47.34000015258789,46.970001220703125,46.970001220703125,37.11179733276367,528.0
2013-08-07,46.709999084472656,46.900001525878906,46.63999938964844,46.63999938964844,36.85105895996094,7350.0
2013-08-08,46.7400016784668,46.83000183105469,46.630001068115234,46.630001068115234,36.843170166015625,1780.0
2013-08-09,46.95000076293945,46.95000076293945,46.7400016784668,46.869998931884766,37.03278350830078,727.0
2013-08-12,47.119998931884766,47.119998931884766,46.90999984741211,47.11000061035156,37.2224235534668,6446.0
2013-08-13,47.279998779296875,47.33000183105469,47.279998779296875,47.33000183105469,37.3962516784668,307.0
2013-08-14,47.36000061035156,47.52000045776367,47.349998474121094,47.400001525878906,37.45155715942383,2331.0
2013-08-15,47.20000076293945,47.2400016784668,46.689998626708984,46.77000045776367,36.95378875732422,1032.0
2013-08-16,46.54999923706055,46.619998931884766,46.459999084472656,46.619998931884766,36.83525085449219,7411.0
2013-08-19,46.599998474121094,46.599998474121094,46.31999969482422,46.31999969482422,36.598236083984375,252.0
2013-08-20,46.130001068115234,46.130001068115234,45.86000061035156,45.900001525878906,36.26638412475586,1045.0
2013-08-21,45.709999084472656,45.84000015258789,45.709999084472656,45.709999084472656,36.11625289916992,1.0
2013-08-22,46.060001373291016,46.060001373291016,45.689998626708984,45.959999084472656,36.31378936767578,1020.0
2013-08-23,46.119998931884766,46.15999984741211,46.11000061035156,46.15999984741211,36.4718132019043,217.0
2013-08-26,46.220001220703125,46.31999969482422,46.16999816894531,46.31999969482422,36.598236083984375,3194.0
2013-08-27,46.02000045776367,46.02000045776367,45.529998779296875,45.529998779296875,35.97403335571289,2323.0
2013-08-28,45.41999816894531,45.52000045776367,45.41999816894531,45.52000045776367,35.96613693237305,1313.0
2013-08-29,46.040000915527344,46.13999938964844,45.7599983215332,46.13999938964844,36.45600891113281,3222.0
2013-08-30,45.91999816894531,46.09000015258789,45.779998779296875,45.779998779296875,36.17155838012695,1790.0
2013-09-02,46.439998626708984,46.52000045776367,46.290000915527344,46.52000045776367,36.756248474121094,4442.0
2013-09-03,46.54999923706055,46.630001068115234,46.41999816894531,46.41999816894531,36.67723083496094,7028.0
2013-09-04,46.400001525878906,46.56999969482422,46.369998931884766,46.52000045776367,36.756248474121094,4612.0
2013-09-05,46.65999984741211,47.029998779296875,46.650001525878906,47.029998779296875,37.15920639038086,108.0
2013-09-06,47.27000045776367,47.27000045776367,46.970001220703125,47.119998931884766,37.23031234741211,5000.0
2013-09-09,47.11000061035156,47.16999816894531,47.04999923706055,47.04999923706055,37.175010681152344,11500.0
2013-09-10,47.38999938964844,47.75,47.380001068115234,47.61000061035156,37.61748504638672,12749.0
2013-09-11,47.540000915527344,47.61000061035156,47.4900016784668,47.540000915527344,37.56216812133789,15135.0
2013-09-12,47.5099983215332,47.61000061035156,47.5099983215332,47.5099983215332,37.53846740722656,1.0
2013-09-13,47.66999816894531,47.66999816894531,47.630001068115234,47.630001068115234,37.63328170776367,1025.0
2013-09-16,47.91999816894531,47.97999954223633,47.90999984741211,47.93000030517578,37.87031936645508,4019.0
2013-09-17,47.619998931884766,47.81999969482422,47.619998931884766,47.81999969482422,37.78339385986328,110.0
2013-09-18,47.970001220703125,47.970001220703125,47.880001068115234,47.880001068115234,37.8307991027832,992.0
2013-09-19,48.34000015258789,48.349998474121094,48.09000015258789,48.09000015258789,37.99674987792969,3523.0
2013-09-20,48.08000183105469,48.09000015258789,47.939998626708984,47.939998626708984,37.87821578979492,1172.0
2013-09-23,47.849998474121094,47.86000061035156,47.619998931884766,47.619998931884766,37.62538528442383,2189.0
2013-09-24,47.619998931884766,47.790000915527344,47.58000183105469,47.75,37.72809982299805,5827.0
2013-09-25,47.29999923706055,47.380001068115234,47.20000076293945,47.279998779296875,37.35675048828125,19561.0
2013-09-26,47.279998779296875,47.470001220703125,47.279998779296875,47.380001068115234,37.435760498046875,1034.0
2013-09-27,47.41999816894531,47.41999816894531,47.0,47.08000183105469,37.19872283935547,23307.0
2013-09-30,46.900001525878906,46.900001525878906,46.630001068115234,46.810001373291016,36.985382080078125,1710.0
2013-10-01,46.84000015258789,47.15999984741211,46.84000015258789,47.130001068115234,37.23822784423828,9800.0
2013-10-02,46.849998474121094,46.9900016784668,46.63999938964844,46.779998779296875,36.96167755126953,6855.0
2013-10-03,46.900001525878906,46.900001525878906,46.5,46.5,36.74044418334961,6373.0
2013-10-04,46.52000045776367,46.709999084472656,46.5099983215332,46.709999084472656,36.9063606262207,4215.0
2013-10-07,46.56999969482422,46.65999984741211,46.349998474121094,46.65999984741211,36.86686325073242,4155.0
2013-10-08,46.7599983215332,46.7599983215332,46.25,46.25,36.542911529541016,1822.0
2013-10-09,46.400001525878906,46.5099983215332,46.15999984741211,46.18000030517578,36.487613677978516,3085.0
2013-10-10,46.59000015258789,47.040000915527344,46.5099983215332,47.040000915527344,37.16710662841797,3627.0
2013-10-11,47.33000183105469,47.33000183105469,47.150001525878906,47.22999954223633,37.31723403930664,11005.0
2013-10-14,47.16999816894531,47.209999084472656,47.09000015258789,47.209999084472656,37.30143356323242,1221.0
2013-10-15,47.540000915527344,47.849998474121094,47.540000915527344,47.79999923706055,37.76760482788086,8638.0
2013-10-16,47.54999923706055,47.9900016784668,47.5,47.939998626708984,37.87821578979492,3102.0
2013-10-17,47.77000045776367,47.77000045776367,47.459999084472656,47.709999084472656,37.696495056152344,3698.0
2013-10-18,47.84000015258789,48.02000045776367,47.84000015258789,48.02000045776367,37.94143295288086,5376.0
2013-10-21,48.08000183105469,48.130001068115234,48.08000183105469,48.130001068115234,38.028343200683594,1550.0
2013-10-22,48.189998626708984,48.41999816894531,48.099998474121094,48.099998474121094,38.004638671875,10025.0
2013-10-23,47.90999984741211,47.90999984741211,47.77000045776367,47.77000045776367,37.74388885498047,7013.0
2013-10-24,47.869998931884766,47.90999984741211,47.810001373291016,47.90999984741211,37.854522705078125,3106.0
2013-10-25,47.720001220703125,47.86000061035156,47.63999938964844,47.84000015258789,37.7992057800293,23110.0
2013-10-28,48.0,48.06999969482422,47.939998626708984,47.970001220703125,37.90192413330078,630.0
2013-10-29,48.119998931884766,48.27000045776367,48.0,48.25,38.12314224243164,4165.0
2013-10-30,48.5,48.5099983215332,48.16999816894531,48.16999816894531,38.05995178222656,12583.0
2013-10-31,48.20000076293945,48.59000015258789,48.20000076293945,48.59000015258789,38.39179229736328,1064.0
2013-11-01,48.630001068115234,48.70000076293945,48.540000915527344,48.61000061035156,38.4075927734375,5125.0
2013-11-04,48.900001525878906,48.900001525878906,48.66999816894531,48.66999816894531,38.454994201660156,1705.0
2013-11-05,48.90999984741211,48.90999984741211,48.63999938964844,48.66999816894531,38.454994201660156,865.0
2013-11-06,48.849998474121094,48.900001525878906,48.7400016784668,48.7400016784668,38.510318756103516,3432.0
2013-11-07,48.83000183105469,48.869998931884766,48.63999938964844,48.869998931884766,38.61300277709961,105.0
2013-11-08,48.650001525878906,49.02000045776367,48.560001373291016,48.88999938964844,38.628822326660156,799.0
2013-11-11,48.880001068115234,48.97999954223633,48.880001068115234,48.88999938964844,38.628822326660156,80.0
2013-11-12,48.939998626708984,48.97999954223633,48.689998626708984,48.7599983215332,38.52611541748047,1215.0
2013-11-13,48.68000030517578,48.68000030517578,48.400001525878906,48.56999969482422,38.37599563598633,1817.0
2013-11-14,49.0,49.09000015258789,48.900001525878906,49.0,38.71574401855469,1968.0
2013-11-15,49.310001373291016,49.380001068115234,49.279998779296875,49.279998779296875,38.93696212768555,1242.0
2013-11-18,49.38999938964844,49.5099983215332,49.29999923706055,49.43000030517578,39.05548858642578,19545.0
2013-11-19,49.15999984741211,49.22999954223633,49.119998931884766,49.119998931884766,38.810543060302734,1313.0
2013-11-20,49.02000045776367,49.369998931884766,48.970001220703125,49.31999969482422,38.96858215332031,813.0
2013-11-21,49.099998474121094,49.2599983215332,49.099998474121094,49.18000030517578,38.85797119140625,1048.0
2013-11-22,49.20000076293945,49.2599983215332,49.11000061035156,49.11000061035156,38.80265808105469,1213.0
2013-11-25,49.310001373291016,49.459999084472656,49.279998779296875,49.349998474121094,38.992279052734375,8702.0
2013-11-26,49.310001373291016,49.310001373291016,49.02000045776367,49.02000045776367,38.73154067993164,8996.0
2013-11-27,49.060001373291016,49.119998931884766,49.0,49.119998931884766,38.810543060302734,392.0
2013-11-28,49.189998626708984,49.189998626708984,49.029998779296875,49.16999816894531,38.85004806518555,12.0
2013-11-29,49.18000030517578,49.189998626708984,49.04999923706055,49.15999984741211,38.84214782714844,7200.0
2013-12-02,49.2599983215332,49.2599983215332,49.099998474121094,49.189998626708984,38.86585998535156,6958.0
2013-12-03,49.09000015258789,49.09000015258789,48.529998779296875,48.529998779296875,38.344383239746094,382.0
2013-12-04,48.529998779296875,48.619998931884766,48.529998779296875,48.529998779296875,38.344383239746094,1.0
2013-12-05,48.400001525878906,48.54999923706055,48.02000045776367,48.02000045776367,37.94143295288086,1219.0
2013-12-06,48.220001220703125,48.45000076293945,48.15999984741211,48.380001068115234,38.225852966308594,5277.0
2013-12-09,48.5,48.52000045776367,48.400001525878906,48.439998626708984,38.273258209228516,702.0
2013-12-10,48.36000061035156,48.380001068115234,48.02000045776367,48.099998474121094,38.004638671875,718.0
2013-12-11,48.130001068115234,48.15999984741211,47.720001220703125,47.720001220703125,37.70439910888672,8063.0
2013-12-12,47.630001068115234,47.630001068115234,47.36000061035156,47.40999984741211,37.45945739746094,2921.0
2013-12-13,47.540000915527344,47.54999923706055,47.400001525878906,47.41999816894531,37.46735382080078,5038.0
2013-12-16,47.40999984741211,47.77000045776367,47.33000183105469,47.77000045776367,37.74388885498047,967.0
2013-12-17,47.529998779296875,47.54999923706055,47.43000030517578,47.43000030517578,37.47524642944336,7091.0
2013-12-18,47.619998931884766,47.619998931884766,47.439998626708984,47.439998626708984,37.483150482177734,19776.0
2013-12-19,48.209999084472656,48.29999923706055,48.150001525878906,48.29999923706055,38.16265106201172,13511.0
2013-12-20,48.45000076293945,48.619998931884766,48.45000076293945,48.560001373291016,38.36809158325195,2613.0
2013-12-23,48.79999923706055,48.869998931884766,48.630001068115234,48.75,38.518211364746094,1993.0
2013-12-24,49.0,49.06999969482422,48.83000183105469,48.83000183105469,38.5814208984375,346.0
2013-12-27,49.0,49.20000076293945,48.709999084472656,49.029998779296875,38.73944091796875,1503.0
2013-12-30,49.11000061035156,49.11000061035156,48.97999954223633,48.97999954223633,38.69993591308594,2790.0
2013-12-31,49.290000915527344,49.29999923706055,49.029998779296875,49.150001525878906,38.83426284790039,300.0
2014-01-02,49.630001068115234,49.630001068115234,49.08000183105469,49.08000183105469,38.77894973754883,5753.0
2014-01-03,49.13999938964844,49.34000015258789,49.13999938964844,49.22999954223633,38.8974609375,5106.0
2014-01-06,49.25,49.33000183105469,48.93000030517578,48.939998626708984,38.6683235168457,11278.0
2014-01-07,49.08000183105469,49.400001525878906,49.040000915527344,49.33000183105469,38.97648239135742,25536.0
2014-01-08,49.400001525878906,49.400001525878906,49.31999969482422,49.400001525878906,39.03178787231445,80.0
2014-01-09,49.38999938964844,49.5,49.150001525878906,49.150001525878906,38.83426284790039,2668.0
2014-01-10,49.56999969482422,49.56999969482422,49.130001068115234,49.130001068115234,38.81845474243164,281.0
2014-01-13,49.369998931884766,49.38999938964844,49.310001373291016,49.36000061035156,39.00016784667969,1192.0
2014-01-14,48.91999816894531,49.18000030517578,48.7400016784668,49.13999938964844,38.826358795166016,751.0
2014-01-15,49.470001220703125,49.81999969482422,49.36000061035156,49.7599983215332,39.316226959228516,10528.0
2014-01-16,49.630001068115234,49.68000030517578,49.5,49.560001373291016,39.15821838378906,2908.0
2014-01-17,49.779998779296875,49.810001373291016,49.63999938964844,49.79999923706055,39.34783172607422,818.0
2014-01-20,49.77000045776367,49.77000045776367,49.720001220703125,49.75,39.3083381652832,24.0
2014-01-21,49.970001220703125,49.97999954223633,49.650001525878906,49.650001525878906,39.22931671142578,6009.0
2014-01-22,50.0,50.0099983215332,49.779998779296875,49.779998779296875,39.33203125,32542.0
2014-01-23,49.27000045776367,49.52000045776367,48.97999954223633,48.97999954223633,38.69993591308594,260.0
2014-01-24,48.97999954223633,49.02000045776367,48.060001373291016,48.060001373291016,37.97303009033203,11697.0
2014-01-27,48.040000915527344,48.040000915527344,47.619998931884766,47.619998931884766,37.62538528442383,7977.0
2014-01-28,47.83000183105469,47.9900016784668,47.7400016784668,47.86000061035156,37.81500244140625,19532.0
2014-01-29,48.380001068115234,48.380001068115234,47.650001525878906,47.75,37.72809982299805,701.0
2014-01-30,47.72999954223633,48.209999084472656,47.709999084472656,48.209999084472656,38.09154510498047,594.0
2014-01-31,48.040000915527344,48.119998931884766,47.77000045776367,48.119998931884766,38.02043914794922,2273.0
2014-02-03,48.25,48.25,47.34000015258789,47.34000015258789,37.40414047241211,4390.0
2014-02-04,47.16999816894531,47.36000061035156,47.02000045776367,47.310001373291016,37.38043975830078,3412.0
2014-02-05,47.2599983215332,47.290000915527344,47.13999938964844,47.13999938964844,37.24612808227539,3143.0
2014-02-06,47.689998626708984,47.689998626708984,47.400001525878906,47.630001068115234,37.63328170776367,3131.0
2014-02-07,47.95000076293945,48.13999938964844,47.650001525878906,48.04999923706055,37.96512222290039,1731.0
2014-02-10,48.0099983215332,48.119998931884766,48.0099983215332,48.04999923706055,37.96512222290039,614.0
2014-02-11,48.2599983215332,48.54999923706055,48.220001220703125,48.54999923706055,38.360191345214844,1773.0
2014-02-12,48.939998626708984,49.08000183105469,48.880001068115234,48.9900016784668,38.70782470703125,2541.0
2014-02-13,48.709999084472656,48.810001373291016,48.4900016784668,48.77000045776367,38.53400802612305,5211.0
2014-02-14,48.84000015258789,49.06999969482422,48.84000015258789,49.02000045776367,38.73154067993164,2304.0
2014-02-17,49.220001220703125,49.29999923706055,49.130001068115234,49.13999938964844,38.826358795166016,4390.0
2014-02-18,49.20000076293945,49.25,48.97999954223633,49.11000061035156,38.80265808105469,1026.0
2014-02-19,49.040000915527344,49.150001525878906,48.90999984741211,49.130001068115234,38.81845474243164,4698.0
2014-02-20,48.790000915527344,49.06999969482422,48.7599983215332,49.040000915527344,38.74735641479492,3164.0
2014-02-21,49.2599983215332,49.27000045776367,49.130001068115234,49.27000045776367,38.929073333740234,3061.0
2014-02-24,49.189998626708984,49.52000045776367,49.099998474121094,49.52000045776367,39.126609802246094,2787.0
2014-02-25,49.27000045776367,49.439998626708984,49.130001068115234,49.380001068115234,39.01598358154297,11297.0
2014-02-26,49.599998474121094,49.619998931884766,49.380001068115234,49.540000915527344,39.142391204833984,535.0
2014-02-27,49.63999938964844,49.63999938964844,49.2400016784668,49.41999816894531,39.047576904296875,1310.0
2014-02-28,49.43000030517578,49.5099983215332,49.29999923706055,49.43000030517578,39.05548858642578,926.0
2014-03-03,48.97999954223633,48.97999954223633,48.68000030517578,48.68000030517578,38.4629020690918,39480.0
2014-03-04,49.2400016784668,49.63999938964844,49.2400016784668,49.59000015258789,39.18191146850586,13807.0
2014-03-05,49.61000061035156,49.709999084472656,49.599998474121094,49.63999938964844,39.221412658691406,6878.0
2014-03-06,49.779998779296875,49.900001525878906,49.599998474121094,49.630001068115234,39.213523864746094,11747.0
2014-03-07,49.599998474121094,49.63999938964844,49.15999984741211,49.15999984741211,38.84214782714844,11520.0
2014-03-10,49.0,49.22999954223633,48.959999084472656,48.959999084472656,38.68413162231445,2764.0
2014-03-11,49.18000030517578,49.22999954223633,48.970001220703125,48.970001220703125,38.69205093383789,786.0
2014-03-12,48.93000030517578,48.93000030517578,48.5099983215332,48.52000045776367,38.336483001708984,2783.0
2014-03-13,48.54999923706055,48.63999938964844,48.189998626708984,48.189998626708984,38.075748443603516,7651.0
2014-03-14,47.959999084472656,47.959999084472656,47.939998626708984,47.939998626708984,37.87821578979492,200.0
2014-03-17,48.099998474121094,48.380001068115234,48.099998474121094,48.33000183105469,38.186378479003906,11974.0
2014-03-18,48.279998779296875,48.70000076293945,48.2400016784668,48.61000061035156,38.4075927734375,3412.0
2014-03-19,48.279998779296875,48.34000015258789,48.16999816894531,48.2400016784668,38.36556625366211,3092.0
2014-03-20,48.52000045776367,48.52000045776367,48.130001068115234,48.459999084472656,38.54054260253906,810.0
2014-03-21,48.65999984741211,48.7599983215332,48.61000061035156,48.689998626708984,38.72344970703125,12094.0
2014-03-24,48.84000015258789,48.84000015258789,48.099998474121094,48.099998474121094,38.254215240478516,7036.0
2014-03-25,48.34000015258789,48.630001068115234,48.25,48.560001373291016,38.62006759643555,19223.0
2014-03-26,48.689998626708984,48.97999954223633,48.630001068115234,48.84000015258789,38.842750549316406,10901.0
2014-03-27,48.7599983215332,48.84000015258789,48.689998626708984,48.779998779296875,38.7950325012207,1963.0
2014-03-28,49.150001525878906,49.25,48.97999954223633,49.220001220703125,39.14497375488281,15120.0
2014-03-31,49.290000915527344,49.36000061035156,49.20000076293945,49.2599983215332,39.176780700683594,986.0
2014-04-01,49.5,49.540000915527344,49.349998474121094,49.45000076293945,39.3278923034668,10523.0
2014-04-02,49.68000030517578,49.81999969482422,49.619998931884766,49.779998779296875,39.59034729003906,2974.0
2014-04-03,50.0,50.0,49.630001068115234,49.900001525878906,39.68578338623047,22657.0
2014-04-04,50.0,50.189998626708984,50.0,50.09000015258789,39.83688735961914,914.0
2014-04-07,49.54999923706055,49.54999923706055,49.2400016784668,49.290000915527344,39.20063400268555,3057.0
2014-04-08,49.2400016784668,50.29999923706055,48.79999923706055,49.11000061035156,39.057498931884766,41815.0
2014-04-09,49.27000045776367,49.27000045776367,49.130001068115234,49.189998626708984,39.12111282348633,439.0
2014-04-10,49.119998931884766,49.41999816894531,48.900001525878906,48.91999816894531,38.9063835144043,5431.0
2014-04-11,48.470001220703125,48.52000045776367,48.11000061035156,48.310001373291016,38.42123794555664,6228.0
2014-04-14,48.310001373291016,48.66999816894531,48.22999954223633,48.66999816894531,38.707557678222656,666.0
2014-04-15,48.59000015258789,48.59000015258789,48.22999954223633,48.380001068115234,38.47691345214844,11371.0
2014-04-16,48.849998474121094,48.970001220703125,48.77000045776367,48.970001220703125,38.94614791870117,337.0
2014-04-17,48.970001220703125,49.220001220703125,48.880001068115234,49.220001220703125,39.14497375488281,1192.0
2014-04-22,49.47999954223633,49.709999084472656,49.439998626708984,49.709999084472656,39.534671783447266,2127.0
2014-04-23,49.61000061035156,49.63999938964844,49.40999984741211,49.470001220703125,39.343807220458984,16509.0
2014-04-24,49.709999084472656,49.709999084472656,49.25,49.5,39.3676643371582,8862.0
2014-04-25,49.2599983215332,49.36000061035156,49.02000045776367,49.04999923706055,39.009761810302734,525.0
2014-04-28,49.290000915527344,49.290000915527344,49.04999923706055,49.09000015258789,39.041595458984375,1599.0
2014-04-29,49.34000015258789,49.61000061035156,49.25,49.59000015258789,39.439247131347656,7405.0
2014-04-30,49.650001525878906,49.650001525878906,49.369998931884766,49.400001525878906,39.28813934326172,13824.0
2014-05-02,49.83000183105469,50.20000076293945,49.54999923706055,49.599998474121094,39.447181701660156,22152.0
2014-05-05,49.72999954223633,49.84000015258789,49.22999954223633,49.459999084472656,39.33584976196289,5508.0
2014-05-06,49.560001373291016,50.220001220703125,49.310001373291016,49.349998474121094,39.24835968017578,59965.0
2014-05-07,49.150001525878906,49.310001373291016,49.0099983215332,49.279998779296875,39.192691802978516,30053.0
2014-05-08,49.4900016784668,49.81999969482422,49.29999923706055,49.81999969482422,39.622154235839844,4977.0
2014-05-09,49.7400016784668,49.779998779296875,49.68000030517578,49.77000045776367,39.58238983154297,1046.0
2014-05-12,49.9900016784668,50.290000915527344,49.95000076293945,50.27000045776367,39.98003387451172,2965.0
2014-05-13,50.47999954223633,50.70000076293945,50.470001220703125,50.630001068115234,40.266353607177734,4819.0
2014-05-14,50.70000076293945,50.7599983215332,50.540000915527344,50.61000061035156,40.250450134277344,5799.0
2014-05-15,50.79999923706055,50.86000061035156,49.97999954223633,50.0,39.76530456542969,2442.0
2014-05-16,50.13999938964844,50.2599983215332,50.04999923706055,50.2599983215332,39.97208786010742,11568.0
2014-05-19,50.099998474121094,50.34000015258789,50.0,50.34000015258789,40.03571701049805,569.0
2014-05-20,50.41999816894531,50.41999816894531,50.2599983215332,50.290000915527344,39.995933532714844,9363.0
2014-05-21,50.130001068115234,50.560001373291016,50.06999969482422,50.5099983215332,40.1709098815918,646.0
2014-05-22,50.70000076293945,50.88999938964844,50.599998474121094,50.869998931884766,40.45722579956055,10032.0
2014-05-23,50.900001525878906,51.060001373291016,50.880001068115234,51.029998779296875,40.5844841003418,2893.0
2014-05-26,51.29999923706055,51.29999923706055,51.18000030517578,51.2400016784668,40.751502990722656,6099.0
2014-05-27,51.29999923706055,51.380001068115234,51.22999954223633,51.279998779296875,40.78329849243164,2659.0
2014-05-28,51.349998474121094,51.459999084472656,51.290000915527344,51.380001068115234,40.86283874511719,1659.0
2014-05-29,51.43000030517578,51.4900016784668,51.41999816894531,51.47999954223633,40.94236755371094,2315.0
2014-05-30,51.619998931884766,51.619998931884766,51.400001525878906,51.400001525878906,40.87873840332031,1626.0
2014-06-02,51.45000076293945,51.709999084472656,51.45000076293945,51.630001068115234,41.06166458129883,8796.0
2014-06-03,51.77000045776367,51.77000045776367,51.369998931884766,51.5,40.95827102661133,630.0
2014-06-04,51.58000183105469,51.72999954223633,51.45000076293945,51.58000183105469,41.02189254760742,12551.0
2014-06-05,51.650001525878906,52.2599983215332,51.54999923706055,51.81999969482422,41.21276092529297,15985.0
2014-06-06,52.0,52.130001068115234,51.869998931884766,52.099998474121094,41.43545150756836,6128.0
2014-06-09,52.13999938964844,52.43000030517578,52.099998474121094,52.40999984741211,41.6819953918457,1967.0
2014-06-10,52.400001525878906,52.47999954223633,52.400001525878906,52.47999954223633,41.737674713134766,5941.0
2014-06-11,52.54999923706055,52.560001373291016,52.380001068115234,52.41999816894531,41.6899528503418,7799.0
2014-06-12,52.560001373291016,52.599998474121094,52.349998474121094,52.349998474121094,41.63426971435547,12343.0
2014-06-13,52.369998931884766,52.369998931884766,52.04999923706055,52.27000045776367,41.570655822753906,2082.0
2014-06-16,52.41999816894531,52.41999816894531,52.0,52.0,41.35592269897461,17331.0
2014-06-17,52.310001373291016,52.310001373291016,52.150001525878906,52.209999084472656,41.5229377746582,3838.0
2014-06-18,52.20000076293945,52.20000076293945,51.790000915527344,51.790000915527344,41.5082893371582,1852.0
2014-06-19,52.15999984741211,52.18000030517578,52.099998474121094,52.099998474121094,41.756736755371094,6393.0
2014-06-20,52.290000915527344,52.369998931884766,52.150001525878906,52.2599983215332,41.88497543334961,2782.0
2014-06-23,52.349998474121094,52.41999816894531,52.11000061035156,52.11000061035156,41.76473617553711,3894.0
2014-06-24,52.20000076293945,52.33000183105469,52.0,52.279998779296875,41.9010009765625,1947.0
2014-06-25,51.79999923706055,51.869998931884766,51.630001068115234,51.779998779296875,41.50025939941406,6062.0
2014-06-26,51.90999984741211,51.9900016784668,51.70000076293945,51.880001068115234,41.580406188964844,2352.0
2014-06-27,51.93000030517578,51.939998626708984,51.790000915527344,51.86000061035156,41.56438446044922,2551.0
2014-06-30,52.0,52.0099983215332,51.79999923706055,51.79999923706055,41.51629638671875,2579.0
2014-07-01,51.970001220703125,52.220001220703125,51.900001525878906,52.189998626708984,41.8288688659668,6041.0
2014-07-02,52.33000183105469,52.459999084472656,52.31999969482422,52.400001525878906,41.9971809387207,20928.0
2014-07-03,52.47999954223633,52.779998779296875,52.43000030517578,52.77000045776367,42.293731689453125,2327.0
2014-07-04,52.81999969482422,52.86000061035156,52.7599983215332,52.7599983215332,42.28571701049805,11647.0
2014-07-07,52.7599983215332,52.7599983215332,52.459999084472656,52.459999084472656,42.045257568359375,4903.0
2014-07-08,52.70000076293945,52.70000076293945,52.029998779296875,52.029998779296875,41.70063781738281,3327.0
2014-07-09,52.0,52.220001220703125,52.0,52.119998931884766,41.77276611328125,653.0
2014-07-10,52.09000015258789,52.099998474121094,51.599998474121094,51.86000061035156,41.56438446044922,3664.0
2014-07-11,52.08000183105469,52.08000183105469,51.939998626708984,51.939998626708984,41.62849426269531,1658.0
2014-07-14,52.279998779296875,52.310001373291016,52.099998474121094,52.310001373291016,41.9250373840332,1872.0
2014-07-15,52.349998474121094,52.400001525878906,52.279998779296875,52.34000015258789,41.949092864990234,19121.0
2014-07-16,52.5,53.060001373291016,52.5,52.720001220703125,42.25364685058594,44486.0
2014-07-17,52.709999084472656,52.720001220703125,52.4900016784668,52.4900016784668,42.06930923461914,5421.0
2014-07-18,52.209999084472656,52.59000015258789,52.209999084472656,52.56999969482422,42.1334228515625,1360.0
2014-07-21,52.61000061035156,52.61000061035156,52.40999984741211,52.40999984741211,42.00518798828125,4525.0
2014-07-22,52.650001525878906,53.13999938964844,52.650001525878906,53.099998474121094,42.558204650878906,526.0
2014-07-23,53.09000015258789,53.220001220703125,53.06999969482422,53.189998626708984,42.63034439086914,1028.0
2014-07-24,53.349998474121094,53.349998474121094,53.130001068115234,53.31999969482422,42.73453140258789,325.0
2014-07-25,53.2400016784668,53.33000183105469,53.099998474121094,53.11000061035156,42.566226959228516,2166.0
2014-07-28,53.11000061035156,53.20000076293945,52.880001068115234,53.08000183105469,42.542179107666016,42887.0
2014-07-29,53.2599983215332,53.400001525878906,53.099998474121094,53.18000030517578,42.622318267822266,5391.0
2014-07-30,53.33000183105469,53.40999984741211,53.06999969482422,53.119998931884766,42.57423782348633,21890.0
2014-07-31,53.150001525878906,53.189998626708984,52.41999816894531,52.41999816894531,42.013214111328125,8824.0
2014-08-01,52.290000915527344,52.290000915527344,51.75,51.81999969482422,41.532318115234375,8515.0
2014-08-04,52.40999984741211,52.40999984741211,51.93000030517578,51.95000076293945,41.636512756347656,1242.0
2014-08-05,52.189998626708984,52.209999084472656,52.0,52.11000061035156,41.76473617553711,1513.0
2014-08-06,51.959999084472656,52.0,51.529998779296875,51.900001525878906,41.59645080566406,2555.0
2014-08-07,51.599998474121094,51.95000076293945,51.599998474121094,51.70000076293945,41.43614196777344,2231.0
2014-08-08,51.209999084472656,51.38999938964844,51.0,51.38999938964844,41.187686920166016,42747.0
2014-08-11,51.939998626708984,52.150001525878906,51.779998779296875,52.150001525878906,41.79681396484375,262.0
2014-08-12,52.13999938964844,52.209999084472656,52.029998779296875,52.029998779296875,41.70063781738281,565.0
2014-08-13,52.349998474121094,52.40999984741211,52.25,52.40999984741211,42.00518798828125,159.0
2014-08-14,52.220001220703125,52.529998779296875,52.220001220703125,52.470001220703125,42.053287506103516,8514.0
2014-08-15,52.650001525878906,52.7400016784668,52.2599983215332,52.2599983215332,41.88497543334961,1659.0
2014-08-18,52.79999923706055,53.0099983215332,52.75,52.970001220703125,42.454010009765625,519.0
2014-08-19,53.209999084472656,53.349998474121094,53.130001068115234,53.29999923706055,42.7184944152832,2527.0
2014-08-20,53.380001068115234,53.45000076293945,53.369998931884766,53.45000076293945,42.83872604370117,470.0
2014-08-21,53.54999923706055,53.65999984741211,53.54999923706055,53.65999984741211,43.00703430175781,89.0
2014-08-22,53.61000061035156,53.810001373291016,53.58000183105469,53.720001220703125,43.05512619018555,360.0
2014-08-25,54.290000915527344,54.29999923706055,54.08000183105469,54.27000045776367,43.49592590332031,5999.0
2014-08-26,54.209999084472656,54.38999938964844,54.11000061035156,54.349998474121094,43.56005096435547,2388.0
2014-08-27,54.439998626708984,54.459999084472656,54.31999969482422,54.34000015258789,43.552040100097656,6053.0
2014-08-28,54.38999938964844,54.38999938964844,53.9900016784668,54.15999984741211,43.40776062011719,2266.0
2014-08-29,54.439998626708984,54.439998626708984,54.290000915527344,54.41999816894531,43.616153717041016,5627.0
2014-09-01,54.720001220703125,54.720001220703125,54.47999954223633,54.54999923706055,43.72034454345703,5069.0
2014-09-02,54.709999084472656,54.7599983215332,54.540000915527344,54.540000915527344,43.71232223510742,5451.0
2014-09-03,54.849998474121094,54.91999816894531,54.7400016784668,54.7400016784668,43.87263107299805,11962.0
2014-09-04,54.599998474121094,55.61000061035156,54.599998474121094,55.52000045776367,44.497772216796875,6768.0
2014-09-05,55.41999816894531,55.41999816894531,55.08000183105469,55.20000076293945,44.241294860839844,2709.0
2014-09-08,55.689998626708984,55.689998626708984,55.29999923706055,55.33000183105469,44.34550094604492,6892.0
2014-09-09,55.599998474121094,55.650001525878906,55.099998474121094,55.099998474121094,44.16114807128906,37602.0
2014-09-10,54.900001525878906,54.970001220703125,54.81999969482422,54.959999084472656,44.04894256591797,12515.0
2014-09-11,54.93000030517578,55.060001373291016,54.689998626708984,54.900001525878906,44.00086212158203,20409.0
2014-09-12,55.04999923706055,55.04999923706055,54.75,54.75,43.88063430786133,1753.0
2014-09-15,54.470001220703125,54.689998626708984,54.41999816894531,54.47999954223633,43.66423797607422,23834.0
2014-09-16,54.68000030517578,54.70000076293945,54.369998931884766,54.70000076293945,43.840576171875,830.0
2014-09-17,54.5099983215332,54.63999938964844,54.5,54.52000045776367,43.89069366455078,3347.0
2014-09-18,54.81999969482422,55.06999969482422,54.790000915527344,54.95000076293945,44.23685836791992,15069.0
2014-09-19,55.220001220703125,55.40999984741211,55.220001220703125,55.2599983215332,44.48641586303711,19894.0
2014-09-22,55.0,55.11000061035156,54.77000045776367,54.77000045776367,44.09196090698242,11061.0
2014-09-23,54.70000076293945,54.709999084472656,54.29999923706055,54.400001525878906,43.7940788269043,6905.0
2014-09-24,54.5099983215332,54.81999969482422,54.2599983215332,54.81999969482422,44.1322135925293,14144.0
2014-09-25,55.0,55.16999816894531,54.380001068115234,54.40999984741211,43.80213165283203,1798.0
2014-09-26,54.34000015258789,54.630001068115234,54.34000015258789,54.58000183105469,43.93899917602539,5897.0
2014-09-29,54.619998931884766,54.619998931884766,53.709999084472656,54.439998626708984,43.82627868652344,19699.0
2014-09-30,54.66999816894531,55.02000045776367,54.599998474121094,54.849998474121094,44.15635299682617,9846.0
2014-10-01,54.7599983215332,54.7599983215332,54.29999923706055,54.29999923706055,43.71358108520508,2922.0
2014-10-02,54.34000015258789,54.34000015258789,53.22999954223633,53.22999954223633,42.852195739746094,13487.0
2014-10-03,53.97999954223633,54.459999084472656,53.84000015258789,54.41999816894531,43.810184478759766,5572.0
2014-10-06,55.02000045776367,55.02000045776367,54.47999954223633,54.5,43.874576568603516,3443.0
2014-10-07,54.25,54.25,53.779998779296875,53.779998779296875,43.29496383666992,4129.0
2014-10-08,53.58000183105469,53.58000183105469,52.9900016784668,53.15999984741211,42.79584503173828,705.0
2014-10-09,53.7599983215332,53.84000015258789,53.349998474121094,53.459999084472656,43.037349700927734,15682.0
2014-10-10,53.0099983215332,53.0099983215332,52.560001373291016,52.59000015258789,42.33696365356445,10454.0
2014-10-13,52.0,52.38999938964844,51.880001068115234,52.31999969482422,42.11960983276367,2294.0
2014-10-14,51.59000015258789,52.18000030517578,51.59000015258789,52.119998931884766,41.958614349365234,19402.0
2014-10-15,52.13999938964844,52.20000076293945,50.5,50.59000015258789,40.72689437866211,22400.0
2014-10-16,50.709999084472656,50.959999084472656,49.900001525878906,50.79999923706055,40.89594650268555,13908.0
2014-10-17,51.029998779296875,51.81999969482422,50.66999816894531,51.81999969482422,41.71708297729492,36343.0
2014-10-20,52.0099983215332,52.0099983215332,51.400001525878906,51.68000030517578,41.60439682006836,12826.0
2014-10-21,51.720001220703125,52.7400016784668,51.5099983215332,52.7400016784668,42.45772171020508,20403.0
2014-10-22,52.93000030517578,53.380001068115234,52.880001068115234,53.33000183105469,42.93269348144531,187433.0
2014-10-23,53.0,53.560001373291016,52.97999954223633,53.529998779296875,43.09368896484375,5717.0
2014-10-24,53.36000061035156,53.47999954223633,53.150001525878906,53.47999954223633,43.05345153808594,13583.0
2014-10-27,53.56999969482422,53.63999938964844,53.08000183105469,53.15999984741211,42.79584503173828,83496.0
2014-10-28,53.560001373291016,53.7400016784668,53.529998779296875,53.61000061035156,43.158103942871094,17298.0
2014-10-29,53.97999954223633,54.06999969482422,53.84000015258789,53.849998474121094,43.35131072998047,5694.0
2014-10-30,54.52000045776367,54.52000045776367,54.099998474121094,54.38999938964844,43.78602981567383,3627.0
2014-10-31,54.95000076293945,55.66999816894531,54.939998626708984,55.4900016784668,44.67158889770508,4911.0
2014-11-03,55.63999938964844,55.7400016784668,55.5,55.58000183105469,44.74402618408203,9427.0
2014-11-04,55.650001525878906,55.650001525878906,54.7599983215332,54.880001068115234,44.180511474609375,1868.0
2014-11-05,55.29999923706055,55.540000915527344,55.27000045776367,55.470001220703125,44.655479431152344,3758.0
2014-11-06,55.630001068115234,56.029998779296875,55.130001068115234,55.7599983215332,44.88894271850586,15209.0
2014-11-07,55.97999954223633,56.06999969482422,55.72999954223633,55.84000015258789,44.95333480834961,2599.0
2014-11-10,55.90999984741211,56.060001373291016,55.619998931884766,56.060001373291016,45.130455017089844,10396.0
2014-11-11,56.20000076293945,56.27000045776367,56.040000915527344,56.04999923706055,45.12240219116211,10464.0
2014-11-12,55.939998626708984,55.939998626708984,55.650001525878906,55.779998779296875,44.90502166748047,13934.0
2014-11-13,56.13999938964844,56.13999938964844,55.81999969482422,55.81999969482422,44.937252044677734,47569.0
2014-11-14,55.900001525878906,56.08000183105469,55.70000076293945,55.779998779296875,44.90502166748047,30298.0
2014-11-17,55.5099983215332,55.95000076293945,55.4900016784668,55.81999969482422,44.937252044677734,4598.0
2014-11-18,55.849998474121094,55.97999954223633,55.790000915527344,55.880001068115234,44.98555374145508,2327.0
2014-11-19,55.70000076293945,55.939998626708984,55.650001525878906,55.7400016784668,44.87285232543945,5688.0
2014-11-20,55.650001525878906,55.90999984741211,55.45000076293945,55.90999984741211,45.00969696044922,1211.0
2014-11-21,56.09000015258789,57.150001525878906,56.09000015258789,57.0099983215332,45.895240783691406,7454.0
2014-11-24,57.09000015258789,57.130001068115234,56.849998474121094,56.86000061035156,45.77449417114258,2961.0
2014-11-25,57.0,57.099998474121094,56.720001220703125,56.77000045776367,45.70200729370117,1711.0
2014-11-26,57.060001373291016,57.060001373291016,56.709999084472656,56.77000045776367,45.70200729370117,4514.0
2014-11-27,56.880001068115234,56.91999816894531,56.79999923706055,56.869998931884766,45.78251647949219,1542.0
2014-11-28,56.849998474121094,56.91999816894531,56.68000030517578,56.869998931884766,45.78251647949219,3545.0
2014-12-01,56.56999969482422,56.56999969482422,56.0,56.189998626708984,45.235111236572266,5559.0
2014-12-02,56.58000183105469,56.79999923706055,56.41999816894531,56.7400016784668,45.677886962890625,1907.0
2014-12-03,56.83000183105469,57.290000915527344,56.790000915527344,57.220001220703125,46.06431198120117,5536.0
2014-12-04,57.310001373291016,57.439998626708984,56.470001220703125,56.5,45.484657287597656,24933.0
2014-12-05,57.0,57.43000030517578,57.0,57.380001068115234,46.19309997558594,3172.0
2014-12-08,57.43000030517578,57.43000030517578,57.11000061035156,57.11000061035156,45.97572326660156,2708.0
2014-12-09,56.5099983215332,56.5099983215332,55.599998474121094,55.790000915527344,44.9130973815918,41064.0
2014-12-10,56.20000076293945,56.25,55.630001068115234,55.630001068115234,44.78427505493164,14065.0
2014-12-11,55.380001068115234,55.97999954223633,55.150001525878906,55.81999969482422,44.937252044677734,26252.0
2014-12-12,55.380001068115234,55.380001068115234,54.5,54.5099983215332,43.88263702392578,4152.0
2014-12-15,54.529998779296875,54.7599983215332,53.709999084472656,53.709999084472656,43.238609313964844,11678.0
2014-12-16,53.75,54.29999923706055,52.900001525878906,54.29999923706055,43.71358108520508,2514.0
2014-12-17,53.720001220703125,54.369998931884766,53.689998626708984,54.33000183105469,43.737735748291016,169352.0
2014-12-18,55.0,55.900001525878906,55.0,55.77000045776367,45.077327728271484,76365.0
2014-12-19,56.439998626708984,56.52000045776367,56.11000061035156,56.470001220703125,45.64311981201172,13901.0
2014-12-22,57.09000015258789,57.09000015258789,56.58000183105469,56.650001525878906,45.78861618041992,16906.0
2014-12-23,56.88999938964844,57.220001220703125,56.72999954223633,57.09000015258789,46.14424514770508,5630.0
2014-12-24,57.11000061035156,57.11000061035156,57.0099983215332,57.0099983215332,46.079593658447266,3664.0
2014-12-29,57.29999923706055,57.41999816894531,57.0,57.400001525878906,46.39481735229492,6796.0
2014-12-30,57.22999954223633,57.2599983215332,56.970001220703125,57.06999969482422,46.128089904785156,2600.0
2014-12-31,57.33000183105469,57.33000183105469,57.290000915527344,57.31999969482422,46.330135345458984,1089.0
2015-01-02,57.349998474121094,57.5,57.0,57.130001068115234,46.17657470703125,19088.0
2015-01-05,57.22999954223633,57.41999816894531,56.52000045776367,56.52000045776367,45.683536529541016,8022.0
2015-01-06,56.61000061035156,56.68000030517578,56.02000045776367,56.02000045776367,45.27940368652344,25186.0
2015-01-07,55.959999084472656,57.04999923706055,55.959999084472656,56.849998474121094,45.95027542114258,11608.0
2015-01-08,57.56999969482422,58.13999938964844,57.380001068115234,58.09000015258789,46.9525146484375,3153.0
2015-01-09,58.0099983215332,58.220001220703125,57.439998626708984,57.5099983215332,46.48372268676758,14427.0
2015-01-12,57.630001068115234,57.95000076293945,57.099998474121094,57.369998931884766,46.37056350708008,5526.0
2015-01-13,57.33000183105469,58.22999954223633,57.33000183105469,58.060001373291016,46.92827606201172,3870.0
2015-01-14,57.29999923706055,57.75,56.68000030517578,56.869998931884766,45.9664192199707,13280.0
2015-01-15,57.869998931884766,58.41999816894531,57.33000183105469,58.27000045776367,47.0980110168457,3000.0
2015-01-16,57.869998931884766,58.810001373291016,57.650001525878906,58.66999816894531,47.42131423950195,18404.0
2015-01-19,58.720001220703125,58.91999816894531,58.45000076293945,58.52000045776367,47.30007553100586,7703.0
2015-01-20,59.0,59.209999084472656,58.77000045776367,58.81999969482422,47.54255676269531,23221.0
2015-01-21,59.16999816894531,59.380001068115234,58.58000183105469,59.380001068115234,47.99519348144531,17102.0
2015-01-22,59.45000076293945,60.560001373291016,59.09000015258789,60.439998626708984,48.85195541381836,21096.0
2015-01-23,61.31999969482422,62.29999923706055,61.29999923706055,61.560001373291016,49.75722885131836,14191.0
2015-01-26,61.31999969482422,61.689998626708984,61.31999969482422,61.47999954223633,49.692569732666016,17362.0
2015-01-27,61.52000045776367,61.52000045776367,60.27000045776367,60.7400016784668,49.09445571899414,9627.0
2015-01-28,61.25,61.34000015258789,60.869998931884766,60.880001068115234,49.20761489868164,6363.0
2015-01-29,60.79999923706055,60.869998931884766,59.9900016784668,60.31999969482422,48.75496292114258,2598.0
2015-01-30,60.70000076293945,60.70000076293945,60.20000076293945,60.31999969482422,48.75496292114258,2706.0
2015-02-02,60.34000015258789,60.34000015258789,59.7599983215332,60.33000183105469,48.7630615234375,11275.0
2015-02-03,60.41999816894531,60.959999084472656,60.400001525878906,60.400001525878906,48.81963348388672,16636.0
2015-02-04,60.81999969482422,61.13999938964844,60.68000030517578,61.13999938964844,49.4177360534668,11153.0
2015-02-05,60.83000183105469,61.310001373291016,60.83000183105469,61.279998779296875,49.530906677246094,3293.0
2015-02-06,61.25,61.779998779296875,61.06999969482422,61.72999954223633,49.89463424682617,3285.0
2015-02-09,61.310001373291016,61.439998626708984,61.0099983215332,61.34000015258789,49.579402923583984,3664.0
2015-02-10,61.459999084472656,61.72999954223633,61.25,61.5,49.70872497558594,3073.0
2015-02-11,61.400001525878906,61.65999984741211,61.400001525878906,61.58000183105469,49.773399353027344,4091.0
2015-02-12,61.70000076293945,61.90999984741211,61.63999938964844,61.689998626708984,49.8623046875,26604.0
2015-02-13,61.97999954223633,62.189998626708984,61.81999969482422,62.13999938964844,50.22602462768555,24992.0
2015-02-16,62.220001220703125,62.29999923706055,62.060001373291016,62.25,50.31493377685547,2854.0
2015-02-17,62.25,62.459999084472656,62.040000915527344,62.2599983215332,50.32301712036133,3518.0
2015-02-18,62.52000045776367,62.65999984741211,62.47999954223633,62.619998931884766,50.61400604248047,1347.0
2015-02-19,62.41999816894531,62.93000030517578,62.189998626708984,62.66999816894531,50.654415130615234,9961.0
2015-02-20,62.81999969482422,63.0,62.650001525878906,62.7400016784668,50.71099090576172,9448.0
2015-02-23,63.16999816894531,63.189998626708984,63.0,63.11000061035156,51.01004409790039,3258.0
2015-02-24,63.380001068115234,63.459999084472656,63.189998626708984,63.45000076293945,51.28485870361328,17163.0
2015-02-25,63.709999084472656,63.709999084472656,63.27000045776367,63.31999969482422,51.17979431152344,5652.0
2015-02-26,63.400001525878906,64.12999725341797,63.400001525878906,64.12999725341797,51.83448791503906,7605.0
2015-02-27,64.25,64.25,63.93000030517578,64.1500015258789,51.850650787353516,3148.0
2015-03-02,64.19999694824219,64.30000305175781,63.810001373291016,64.22000122070312,51.9072265625,9814.0
2015-03-03,64.27999877929688,64.37000274658203,63.75,63.75,51.527347564697266,5601.0
2015-03-04,63.90999984741211,64.25,63.90999984741211,64.25,51.931480407714844,6115.0
2015-03-05,64.37999725341797,64.7699966430664,64.37999725341797,64.7300033569336,52.31946563720703,4046.0
2015-03-06,65.05000305175781,65.30000305175781,64.80999755859375,64.98999786376953,52.529598236083984,1944.0
2015-03-09,64.79000091552734,64.9000015258789,64.4000015258789,64.87000274658203,52.432613372802734,9822.0
2015-03-10,65.0999984741211,65.0999984741211,64.62000274658203,64.62000274658203,52.23054122924805,15727.0
2015-03-11,65.41000366210938,65.56999969482422,64.94999694824219,65.44999694824219,52.901390075683594,4763.0
2015-03-12,65.5999984741211,65.9000015258789,65.5,65.88999938964844,53.25705337524414,4314.0
2015-03-13,65.94000244140625,66.04000091552734,65.8499984741211,65.93000030517578,53.28937530517578,11625.0
2015-03-16,66.08000183105469,66.4800033569336,66.08000183105469,66.36000061035156,53.63694381713867,4232.0
2015-03-17,66.41999816894531,66.47000122070312,65.83999633789062,66.16000366210938,53.47528076171875,6109.0
2015-03-18,66.72000122070312,66.72000122070312,66.0,66.0199966430664,53.36212158203125,9144.0
2015-03-19,66.58000183105469,66.63999938964844,66.19999694824219,66.31999969482422,53.8112907409668,36540.0
2015-03-20,66.01000213623047,66.44999694824219,66.0,66.12999725341797,53.65712356567383,8801.0
2015-03-23,66.44999694824219,66.44999694824219,65.55000305175781,65.69000244140625,53.300106048583984,1939.0
2015-03-24,65.5999984741211,65.9000015258789,65.36000061035156,65.72000122070312,53.324462890625,3776.0
2015-03-25,65.4800033569336,65.4800033569336,64.62000274658203,64.69000244140625,52.48872375488281,5819.0
2015-03-26,63.599998474121094,64.5199966430664,63.4900016784668,64.5199966430664,52.35078048706055,2841.0
2015-03-27,64.66999816894531,64.86000061035156,64.5,64.5,52.33457565307617,6735.0
2015-03-30,65.61000061035156,65.61000061035156,65.12999725341797,65.54000091552734,53.17841339111328,6285.0
2015-03-31,65.55000305175781,66.12000274658203,65.5199966430664,65.69999694824219,53.3082160949707,6309.0
2015-04-01,65.37000274658203,65.6500015258789,65.20999908447266,65.4000015258789,53.06481170654297,12317.0
2015-04-02,65.30000305175781,65.30000305175781,64.87999725341797,65.22000122070312,52.91877746582031,20805.0
2015-04-07,65.88999938964844,66.20999908447266,65.56999969482422,66.19000244140625,53.705806732177734,29623.0
2015-04-08,66.11000061035156,66.5,66.08000183105469,66.44000244140625,53.90863800048828,4776.0
2015-04-09,66.44999694824219,67.23999786376953,66.44999694824219,67.22000122070312,54.54154586791992,10423.0
2015-04-10,67.83999633789062,68.12999725341797,67.66000366210938,68.0999984741211,55.255550384521484,9639.0
2015-04-13,68.2300033569336,68.55999755859375,68.08000183105469,68.33999633789062,55.45028305053711,5120.0
2015-04-14,68.37999725341797,68.58999633789062,67.37999725341797,67.69999694824219,54.93099594116211,5566.0
2015-04-15,68.16000366210938,68.47000122070312,67.87000274658203,68.37000274658203,55.47462844848633,1767.0
2015-04-16,68.31999969482422,68.31999969482422,67.52999877929688,67.7699966430664,54.987789154052734,7622.0
2015-04-17,67.63999938964844,67.63999938964844,66.66999816894531,66.68000030517578,54.10337829589844,7351.0
2015-04-20,66.6500015258789,67.33999633789062,66.6500015258789,67.31999969482422,54.62267303466797,2344.0
2015-04-21,68.0,68.23999786376953,67.51000213623047,67.51000213623047,54.776851654052734,1332.0
2015-04-22,67.5,67.8499984741211,67.05000305175781,67.76000213623047,54.97970199584961,23007.0
2015-04-23,68.54000091552734,68.54000091552734,67.29000091552734,67.52999877929688,54.793060302734375,3504.0
2015-04-24,67.52999877929688,67.77999877929688,67.33999633789062,67.52999877929688,54.793060302734375,5867.0
2015-04-27,67.93000030517578,67.93000030517578,67.44000244140625,67.69000244140625,54.92290115356445,20592.0
2015-04-28,67.62999725341797,67.62999725341797,66.69000244140625,66.83000183105469,54.225101470947266,15475.0
2015-04-29,67.0,67.0,65.5,65.54000091552734,53.17841339111328,45519.0
2015-04-30,65.69000244140625,65.69000244140625,64.83000183105469,64.91000366210938,52.6672248840332,5559.0
2015-05-04,65.31999969482422,65.58000183105469,65.04000091552734,65.5199966430664,53.162166595458984,5556.0
2015-05-05,65.87000274658203,66.01000213623047,64.61000061035156,64.61000061035156,52.423805236816406,3659.0
2015-05-06,64.5,64.62000274658203,63.470001220703125,63.68000030517578,51.669227600097656,8171.0
2015-05-07,63.439998626708984,63.900001525878906,62.54999923706055,63.86000061035156,51.815269470214844,15450.0
2015-05-08,64.2300033569336,65.16000366210938,64.2300033569336,65.16000366210938,52.87009048461914,8359.0
2015-05-11,65.5999984741211,65.5999984741211,65.23999786376953,65.43000030517578,53.089149475097656,5233.0
2015-05-12,65.12000274658203,65.12000274658203,64.13999938964844,64.62000274658203,52.43192672729492,12363.0
2015-05-13,64.95999908447266,65.04000091552734,64.12999725341797,64.12999725341797,52.034339904785156,2237.0
2015-05-14,63.79999923706055,64.58000183105469,63.70000076293945,64.58000183105469,52.399471282958984,1056.0
2015-05-15,64.79000091552734,64.97000122070312,64.30999755859375,64.30999755859375,52.18041229248047,3668.0
2015-05-18,64.41999816894531,64.86000061035156,64.30000305175781,64.86000061035156,52.62665557861328,12407.0
2015-05-19,66.0,66.19000244140625,65.83000183105469,66.05999755859375,53.60032653808594,7737.0
2015-05-20,66.29000091552734,66.29000091552734,65.9800033569336,66.23999786376953,53.746368408203125,12949.0
2015-05-21,66.19999694824219,66.31999969482422,65.83999633789062,66.31999969482422,53.8112907409668,15648.0
2015-05-22,66.27999877929688,66.86000061035156,65.98999786376953,66.66999816894531,54.09527587890625,16194.0
2015-05-25,67.18000030517578,67.18000030517578,66.79000091552734,66.94000244140625,54.31433868408203,7052.0
2015-05-26,67.30000305175781,67.30000305175781,66.7300033569336,66.7300033569336,54.14396286010742,1564.0
2015-05-27,66.83000183105469,67.12999725341797,66.80000305175781,67.01000213623047,54.371150970458984,1632.0
2015-05-28,66.94999694824219,66.94999694824219,66.58999633789062,66.73999786376953,54.15205001831055,2050.0
2015-05-29,66.83000183105469,66.83000183105469,65.88999938964844,65.88999938964844,53.46240234375,13614.0
2015-06-01,66.47000122070312,66.54000091552734,65.98999786376953,66.22000122070312,53.730159759521484,9889.0
2015-06-02,65.9000015258789,66.08000183105469,64.95999908447266,65.08999633789062,52.81327438354492,31144.0
2015-06-03,65.1500015258789,65.5,64.68000030517578,64.68000030517578,52.48060607910156,1415.0
2015-06-04,64.5,64.5,63.75,64.02999877929688,51.95320510864258,4254.0
2015-06-05,63.9900016784668,64.6500015258789,63.790000915527344,64.37999725341797,52.2371940612793,2924.0
2015-06-08,64.26000213623047,64.37000274658203,63.65999984741211,63.65999984741211,51.65299987792969,4060.0
2015-06-09,63.20000076293945,63.349998474121094,62.79999923706055,63.189998626708984,51.27164077758789,18981.0
2015-06-10,62.900001525878906,63.88999938964844,62.900001525878906,63.81999969482422,51.78282165527344,5925.0
2015-06-11,64.27999877929688,64.43000030517578,64.1500015258789,64.25,52.131717681884766,5201.0
2015-06-12,64.06999969482422,64.55000305175781,63.65999984741211,63.790000915527344,51.758480072021484,5913.0
2015-06-15,63.900001525878906,63.900001525878906,63.22999954223633,63.34000015258789,51.39334487915039,3596.0
2015-06-16,62.93000030517578,63.65999984741211,62.869998931884766,63.630001068115234,51.6286506652832,39677.0
2015-06-17,63.720001220703125,63.77000045776367,63.529998779296875,63.529998779296875,51.54751205444336,2229.0
2015-06-18,62.75,63.09000015258789,62.5,63.09000015258789,51.5506477355957,8737.0
2015-06-19,63.52000045776367,63.72999954223633,63.290000915527344,63.310001373291016,51.730403900146484,10420.0
2015-06-22,63.54999923706055,63.95000076293945,63.470001220703125,63.720001220703125,52.06541442871094,6628.0
2015-06-23,64.5199966430664,65.12000274658203,64.37000274658203,64.79000091552734,52.93971252441406,27577.0
2015-06-24,64.9000015258789,64.9000015258789,64.47000122070312,64.63999938964844,52.81715393066406,5702.0
2015-06-25,64.44999694824219,64.69000244140625,64.30000305175781,64.44999694824219,52.66188430786133,4635.0
2015-06-26,64.16000366210938,64.37999725341797,63.959999084472656,64.37999725341797,52.60469436645508,1035.0
2015-06-29,63.619998931884766,63.79999923706055,63.08000183105469,63.08000183105469,51.54246520996094,18359.0
2015-06-30,63.04999923706055,63.16999816894531,62.79999923706055,62.86000061035156,51.36271286010742,3400.0
2015-07-01,63.45000076293945,63.849998474121094,63.369998931884766,63.720001220703125,52.06541442871094,53334.0
2015-07-02,64.0,64.13999938964844,63.560001373291016,63.59000015258789,51.959197998046875,2180.0
2015-07-03,63.5,63.75,63.400001525878906,63.43000030517578,51.82845687866211,8165.0
2015-07-06,63.130001068115234,63.2599983215332,62.95000076293945,63.119998931884766,51.575157165527344,1251.0
2015-07-07,63.33000183105469,63.70000076293945,62.630001068115234,62.630001068115234,51.174774169921875,1727.0
2015-07-08,62.470001220703125,62.540000915527344,62.02000045776367,62.119998931884766,50.758052825927734,7952.0
2015-07-09,62.2599983215332,63.0099983215332,62.2599983215332,62.880001068115234,51.379051208496094,3495.0
2015-07-10,63.18000030517578,63.18000030517578,62.66999816894531,62.91999816894531,51.411739349365234,19707.0
2015-07-13,63.20000076293945,64.31999969482422,63.20000076293945,64.27999877929688,52.52299880981445,1638.0
2015-07-14,64.5,64.5999984741211,64.13999938964844,64.58000183105469,52.76811599731445,4242.0
2015-07-15,64.62000274658203,64.9800033569336,64.52999877929688,64.91000366210938,53.037757873535156,12621.0
2015-07-16,65.18000030517578,65.9000015258789,65.18000030517578,65.66999816894531,53.65875244140625,19395.0
2015-07-17,65.9000015258789,65.93000030517578,65.68000030517578,65.8499984741211,53.80582809448242,17530.0
2015-07-20,65.6500015258789,66.16999816894531,65.6500015258789,65.94999694824219,53.887542724609375,4114.0
2015-07-21,66.4000015258789,66.4000015258789,65.22000122070312,65.30000305175781,53.35643768310547,14688.0
2015-07-22,64.9000015258789,65.22000122070312,64.9000015258789,65.12000274658203,53.2093505859375,10678.0
2015-07-23,65.25,65.25,64.56999969482422,64.5999984741211,52.78445816040039,15662.0
2015-07-24,64.5,64.80000305175781,63.95000076293945,64.05000305175781,52.33504867553711,13280.0
2015-07-27,63.849998474121094,63.849998474121094,62.40999984741211,62.560001373291016,51.117591857910156,4552.0
2015-07-28,62.90999984741211,63.40999984741211,62.83000183105469,63.25,51.68137741088867,15244.0
2015-07-29,63.63999938964844,63.959999084472656,63.58000183105469,63.959999084472656,52.261505126953125,5156.0
2015-07-30,64.3499984741211,64.5199966430664,64.3499984741211,64.5199966430664,52.719093322753906,1650.0
2015-07-31,64.51000213623047,64.73999786376953,63.779998779296875,64.23999786376953,52.49030303955078,2627.0
2015-08-03,64.27999877929688,64.52999877929688,64.06999969482422,64.33999633789062,52.572021484375,4926.0
2015-08-04,64.20999908447266,64.45999908447266,64.08000183105469,64.31999969482422,52.5556755065918,3892.0
2015-08-05,65.12000274658203,65.25,64.88999938964844,65.20999908447266,53.28287887573242,3176.0
2015-08-06,64.6500015258789,64.8499984741211,64.29000091552734,64.29000091552734,52.53116226196289,4275.0
2015-08-07,64.19999694824219,64.43000030517578,63.81999969482422,63.81999969482422,52.147125244140625,8240.0
2015-08-10,64.20999908447266,64.48999786376953,63.849998474121094,64.41999816894531,52.63738250732422,1313.0
2015-08-11,64.30000305175781,64.30000305175781,63.20000076293945,63.20000076293945,51.640533447265625,4539.0
2015-08-12,62.689998626708984,62.689998626708984,61.4900016784668,61.66999816894531,50.390357971191406,24292.0
2015-08-13,62.97999954223633,63.029998779296875,62.56999969482422,62.56999969482422,51.125755310058594,2925.0
2015-08-14,62.599998474121094,62.7400016784668,62.310001373291016,62.65999984741211,51.19929122924805,5129.0
2015-08-17,63.060001373291016,63.130001068115234,62.5,63.0099983215332,51.48527145385742,8148.0
2015-08-18,63.43000030517578,63.43000030517578,62.81999969482422,63.13999938964844,51.59150314331055,1911.0
2015-08-19,62.939998626708984,62.939998626708984,62.099998474121094,62.099998474121094,50.74171447753906,6103.0
2015-08-20,61.790000915527344,61.790000915527344,60.83000183105469,60.83000183105469,49.704010009765625,1325.0
2015-08-21,59.63999938964844,60.08000183105469,58.4900016784668,58.4900016784668,47.7919807434082,48659.0
2015-08-24,56.2599983215332,56.380001068115234,53.02000045776367,54.709999084472656,44.703369140625,170689.0
2015-08-25,55.81999969482422,57.380001068115234,55.400001525878906,57.09000015258789,46.6480598449707,56398.0
2015-08-26,55.65999984741211,56.779998779296875,55.45000076293945,55.790000915527344,45.5858268737793,31343.0
2015-08-27,57.83000183105469,59.0099983215332,57.709999084472656,58.81999969482422,48.0616340637207,47066.0
2015-08-28,58.880001068115234,59.41999816894531,58.38999938964844,59.41999816894531,48.55189514160156,83259.0
2015-08-31,59.0,59.0,58.619998931884766,58.90999984741211,48.13517379760742,27553.0
2015-09-01,57.4900016784668,57.79999923706055,56.95000076293945,57.290000915527344,46.81148910522461,28715.0
2015-09-02,57.369998931884766,57.63999938964844,57.0,57.189998626708984,46.72976303100586,24182.0
2015-09-03,57.869998931884766,59.029998779296875,57.869998931884766,58.90999984741211,48.13517379760742,10360.0
2015-09-04,57.849998474121094,58.02000045776367,57.13999938964844,57.43000030517578,46.92587661743164,17495.0
2015-09-07,58.0099983215332,58.0099983215332,57.43000030517578,57.5099983215332,46.991233825683594,2676.0
2015-09-08,58.209999084472656,58.529998779296875,57.849998474121094,58.11000061035156,47.48149871826172,3321.0
2015-09-09,59.33000183105469,59.52000045776367,58.84000015258789,58.97999954223633,48.19236755371094,2443.0
2015-09-10,58.2400016784668,58.58000183105469,57.709999084472656,57.77000045776367,47.20368576049805,18066.0
2015-09-11,57.810001373291016,57.810001373291016,57.290000915527344,57.290000915527344,46.81148910522461,356.0
2015-09-14,57.79999923706055,57.79999923706055,57.38999938964844,57.38999938964844,46.89319610595703,2913.0
2015-09-15,57.630001068115234,58.09000015258789,57.25,58.0,47.39161682128906,1169.0
2015-09-16,58.56999969482422,58.790000915527344,58.560001373291016,58.72999954223633,47.98810958862305,4432.0
2015-09-17,58.310001373291016,58.54999923706055,58.2400016784668,58.470001220703125,48.0087776184082,3743.0
2015-09-18,57.959999084472656,57.959999084472656,56.970001220703125,57.47999954223633,47.195899963378906,1982.0
2015-09-21,57.43000030517578,58.27000045776367,57.43000030517578,58.20000076293945,47.787078857421875,1486.0
2015-09-22,58.22999954223633,58.22999954223633,57.08000183105469,57.08000183105469,46.867469787597656,3890.0
2015-09-23,57.540000915527344,57.540000915527344,56.90999984741211,57.0099983215332,46.809993743896484,15305.0
2015-09-24,56.709999084472656,57.02000045776367,55.5,55.72999954223633,45.75899887084961,7687.0
2015-09-25,57.41999816894531,57.68000030517578,57.18000030517578,57.18000030517578,46.9495849609375,589.0
2015-09-28,57.189998626708984,57.189998626708984,55.689998626708984,55.689998626708984,45.72616195678711,3275.0
2015-09-29,55.11000061035156,55.630001068115234,54.869998931884766,55.16999816894531,45.299198150634766,354245.0
2015-09-30,55.959999084472656,56.599998474121094,55.86000061035156,56.540000915527344,46.424095153808594,4611.0
2015-10-01,57.7400016784668,57.7400016784668,56.439998626708984,56.439998626708984,46.34196853637695,14212.0
2015-10-02,57.06999969482422,57.25,55.560001373291016,56.349998474121094,46.2680778503418,4732.0
2015-10-05,57.400001525878906,58.369998931884766,57.369998931884766,58.34000015258789,47.902042388916016,1090.0
2015-10-06,58.349998474121094,58.650001525878906,58.2599983215332,58.279998779296875,47.852760314941406,2847.0
2015-10-07,59.0,59.310001373291016,58.5,58.619998931884766,48.13193130493164,14202.0
2015-10-08,58.619998931884766,58.9900016784668,58.369998931884766,58.84000015258789,48.31258773803711,4685.0
2015-10-09,59.31999969482422,59.400001525878906,59.0,59.08000183105469,48.5096435546875,105208.0
2015-10-12,59.0099983215332,59.150001525878906,58.86000061035156,59.0,48.44395065307617,5518.0
2015-10-13,58.9900016784668,58.9900016784668,58.400001525878906,58.75,48.23867416381836,6438.0
2015-10-14,58.439998626708984,58.4900016784668,57.90999984741211,57.90999984741211,47.54896545410156,1799.0
2015-10-15,58.220001220703125,58.810001373291016,58.220001220703125,58.63999938964844,48.14835739135742,5749.0
2015-10-16,59.349998474121094,59.470001220703125,59.099998474121094,59.380001068115234,48.75595474243164,1706.0
2015-10-19,59.380001068115234,59.65999984741211,59.380001068115234,59.47999954223633,48.83806228637695,3104.0
2015-10-20,59.470001220703125,59.470001220703125,59.119998931884766,59.279998779296875,48.673851013183594,14984.0
2015-10-21,59.70000076293945,59.70000076293945,59.13999938964844,59.369998931884766,48.747737884521484,4666.0
2015-10-22,59.349998474121094,60.83000183105469,59.27000045776367,60.720001220703125,49.856224060058594,11381.0
2015-10-23,61.5,62.220001220703125,61.18000030517578,62.0099983215332,50.9154167175293,9851.0
2015-10-26,61.66999816894531,62.08000183105469,61.650001525878906,61.81999969482422,50.759395599365234,7480.0
2015-10-27,61.63999938964844,61.709999084472656,61.38999938964844,61.38999938964844,50.40634536743164,2577.0
2015-10-28,61.56999969482422,61.83000183105469,61.349998474121094,61.79999923706055,50.74298095703125,6759.0
2015-10-29,62.41999816894531,62.41999816894531,62.0099983215332,62.209999084472656,51.07962417602539,7223.0
2015-10-30,62.27000045776367,62.27000045776367,61.83000183105469,61.90999984741211,50.83331298828125,6186.0
2015-11-02,61.790000915527344,61.970001220703125,61.400001525878906,61.970001220703125,50.882564544677734,6398.0
2015-11-03,62.099998474121094,62.75,62.099998474121094,62.75,51.523014068603516,9238.0
2015-11-04,63.13999938964844,63.40999984741211,63.130001068115234,63.130001068115234,51.83501052856445,3990.0
2015-11-05,63.25,63.349998474121094,62.869998931884766,62.95000076293945,51.68722915649414,6395.0
2015-11-06,63.0,63.54999923706055,62.84000015258789,63.27000045776367,51.94997024536133,12973.0
2015-11-09,63.33000183105469,63.33000183105469,62.58000183105469,62.58000183105469,51.38343048095703,4243.0
2015-11-10,62.81999969482422,63.09000015258789,62.68000030517578,62.9900016784668,51.72006607055664,17377.0
2015-11-11,63.150001525878906,63.40999984741211,63.0,63.040000915527344,51.76112747192383,10256.0
2015-11-12,63.029998779296875,63.33000183105469,62.20000076293945,62.290000915527344,51.145328521728516,10692.0
2015-11-13,62.09000015258789,62.09000015258789,61.5,61.7400016784668,50.693721771240234,18702.0
2015-11-16,61.459999084472656,61.83000183105469,61.45000076293945,61.79999923706055,50.74298095703125,5318.0
2015-11-17,62.72999954223633,63.27000045776367,62.72999954223633,63.25,51.93355941772461,10128.0
2015-11-18,63.13999938964844,63.2400016784668,62.7400016784668,63.2400016784668,51.925350189208984,7087.0
2015-11-19,63.70000076293945,63.849998474121094,63.29999923706055,63.310001373291016,51.98280715942383,2314.0
2015-11-20,63.81999969482422,64.04000091552734,63.61000061035156,64.04000091552734,52.58221435546875,4042.0
2015-11-23,64.30000305175781,64.30000305175781,63.81999969482422,64.12000274658203,52.64789962768555,3363.0
2015-11-24,63.70000076293945,63.70000076293945,63.13999938964844,63.56999969482422,52.19629669189453,4157.0
2015-11-25,63.56999969482422,64.16999816894531,63.56999969482422,64.02999877929688,52.574012756347656,1274.0
2015-11-26,64.11000061035156,64.43000030517578,64.11000061035156,64.4000015258789,52.877803802490234,3957.0
2015-11-27,64.01000213623047,64.25,63.90999984741211,64.08000183105469,52.615055084228516,1503.0
2015-11-30,64.01000213623047,64.2699966430664,63.939998626708984,64.11000061035156,52.63968276977539,4160.0
2015-12-01,64.55000305175781,64.55000305175781,63.93000030517578,64.11000061035156,52.63968276977539,30469.0
2015-12-02,64.69000244140625,64.69000244140625,64.2699966430664,64.30999755859375,52.80390167236328,12677.0
2015-12-03,64.29000091552734,64.5,61.869998931884766,61.869998931884766,50.80046463012695,21040.0
2015-12-04,61.900001525878906,61.9900016784668,61.25,61.880001068115234,50.808677673339844,186271.0
2015-12-07,62.59000015258789,62.81999969482422,61.86000061035156,61.86000061035156,50.79225540161133,23199.0
2015-12-08,61.7400016784668,61.7599983215332,60.83000183105469,61.16999816894531,50.2256965637207,50751.0
2015-12-09,61.06999969482422,61.06999969482422,60.34000015258789,60.70000076293945,49.839786529541016,18866.0
2015-12-10,60.369998931884766,60.90999984741211,60.25,60.65999984741211,49.80694580078125,4336.0
2015-12-11,60.540000915527344,60.540000915527344,59.09000015258789,59.34000015258789,48.723114013671875,9161.0
2015-12-14,60.09000015258789,60.09000015258789,58.45000076293945,58.45000076293945,47.992332458496094,153323.0
2015-12-15,59.02000045776367,60.369998931884766,59.02000045776367,60.25,49.470314025878906,21208.0
2015-12-16,60.90999984741211,60.90999984741211,60.369998931884766,60.400001525878906,49.593467712402344,11001.0
2015-12-17,61.060001373291016,61.61000061035156,60.900001525878906,60.939998626708984,50.24766540527344,10115.0
2015-12-18,60.2400016784668,60.619998931884766,60.06999969482422,60.15999984741211,49.60451889038086,63379.0
2015-12-21,59.79999923706055,60.25,59.43000030517578,59.43000030517578,49.00260543823242,7316.0
2015-12-22,59.79999923706055,60.0,59.45000076293945,59.560001373291016,49.10980224609375,8699.0
2015-12-23,60.34000015258789,61.130001068115234,60.34000015258789,61.099998474121094,50.37959289550781,4814.0
2015-12-24,60.77000045776367,60.88999938964844,60.77000045776367,60.88999938964844,50.20642852783203,2.0
2015-12-28,60.790000915527344,60.790000915527344,60.279998779296875,60.279998779296875,49.70345687866211,13312.0
2015-12-29,60.439998626708984,61.459999084472656,60.439998626708984,61.41999816894531,50.6434440612793,1379.0
2015-12-30,61.63999938964844,61.63999938964844,61.08000183105469,61.20000076293945,50.46204376220703,8521.0
2016-01-04,59.83000183105469,59.83000183105469,59.16999816894531,59.61000061035156,49.1510009765625,8334.0
2016-01-05,60.13999938964844,60.4900016784668,59.86000061035156,60.40999984741211,49.81065368652344,7974.0
2016-01-06,60.119998931884766,60.119998931884766,59.25,59.619998931884766,49.15925216674805,16281.0
2016-01-07,58.400001525878906,58.41999816894531,57.400001525878906,58.15999984741211,47.9554328918457,10966.0
2016-01-08,58.380001068115234,58.380001068115234,56.86000061035156,56.86000061035156,46.88351058959961,59326.0
2016-01-11,57.11000061035156,57.29999923706055,56.540000915527344,56.540000915527344,46.61967086791992,34050.0
2016-01-12,56.5099983215332,57.58000183105469,56.5099983215332,57.0,46.99896240234375,8065.0
2016-01-13,58.0,58.0,57.189998626708984,57.290000915527344,47.23807907104492,4454.0
2016-01-14,56.7400016784668,56.7400016784668,55.5099983215332,56.33000183105469,46.4465217590332,13195.0
2016-01-15,56.68000030517578,56.68000030517578,54.63999938964844,54.900001525878906,45.267425537109375,14507.0
2016-01-18,55.779998779296875,55.779998779296875,55.0,55.150001525878906,45.47356414794922,3982.0
2016-01-19,55.849998474121094,56.29999923706055,55.439998626708984,55.599998474121094,45.844600677490234,6749.0
2016-01-20,54.400001525878906,54.400001525878906,53.5,53.79999923706055,44.36042022705078,23530.0
2016-01-21,53.83000183105469,55.290000915527344,53.81999969482422,55.08000183105469,45.41584396362305,13691.0
2016-01-22,55.779998779296875,56.58000183105469,55.7599983215332,56.209999084472656,46.34756851196289,13603.0
2016-01-25,56.66999816894531,56.66999816894531,55.880001068115234,56.02000045776367,46.190914154052734,15513.0
2016-01-26,55.060001373291016,56.290000915527344,55.0,56.06999969482422,46.232139587402344,29265.0
2016-01-27,56.060001373291016,56.290000915527344,55.79999923706055,56.290000915527344,46.413543701171875,31158.0
2016-01-28,56.189998626708984,56.209999084472656,55.380001068115234,55.43000030517578,45.70441818237305,23808.0
2016-01-29,56.5,57.06999969482422,56.119998931884766,57.06999969482422,47.05669021606445,79631.0
2016-02-01,57.5,57.5,56.68000030517578,57.029998779296875,47.02369689941406,30319.0
2016-02-02,57.040000915527344,57.040000915527344,55.9900016784668,56.279998779296875,46.405277252197266,932.0
2016-02-03,56.08000183105469,56.11000061035156,54.29999923706055,54.86000061035156,45.23443603515625,11660.0
2016-02-04,55.70000076293945,55.70000076293945,54.599998474121094,55.0099983215332,45.35811233520508,31435.0
2016-02-05,54.9900016784668,55.290000915527344,54.63999938964844,54.63999938964844,45.05305099487305,106170.0
2016-02-08,54.779998779296875,54.779998779296875,53.0,53.11000061035156,43.79148483276367,30911.0
2016-02-09,53.650001525878906,53.650001525878906,52.08000183105469,52.38999938964844,43.197818756103516,12022.0
2016-02-10,52.54999923706055,53.40999984741211,52.470001220703125,53.09000015258789,43.774993896484375,4102.0
2016-02-11,52.54999923706055,52.54999923706055,51.08000183105469,51.08000183105469,42.11766815185547,25750.0
2016-02-12,51.66999816894531,52.810001373291016,51.66999816894531,52.810001373291016,43.54411315917969,7210.0
2016-02-15,53.93000030517578,54.369998931884766,53.619998931884766,54.2400016784668,44.72321701049805,12763.0
2016-02-16,54.810001373291016,54.810001373291016,53.97999954223633,54.130001068115234,44.63252258300781,8638.0
2016-02-17,54.40999984741211,55.400001525878906,54.2400016784668,55.400001525878906,45.6796989440918,5998.0
2016-02-18,55.54999923706055,55.970001220703125,55.34000015258789,55.5099983215332,45.770381927490234,4207.0
2016-02-19,55.65999984741211,55.65999984741211,54.869998931884766,55.209999084472656,45.523033142089844,3125.0
2016-02-22,55.560001373291016,56.599998474121094,55.560001373291016,56.400001525878906,46.50422668457031,9309.0
2016-02-23,56.349998474121094,56.36000061035156,55.75,55.75,45.96828079223633,5851.0
2016-02-24,55.66999816894531,55.66999816894531,54.70000076293945,54.75,45.14372634887695,41510.0
2016-02-25,55.709999084472656,56.0,55.619998931884766,55.77000045776367,45.984764099121094,3497.0
2016-02-26,56.56999969482422,57.040000915527344,56.56999969482422,56.84000015258789,46.86703109741211,1264.0
2016-02-29,56.2400016784668,57.209999084472656,56.099998474121094,57.209999084472656,47.172119140625,3087.0
2016-03-01,57.029998779296875,57.810001373291016,57.029998779296875,57.7599983215332,47.6256103515625,8262.0
2016-03-02,58.400001525878906,58.470001220703125,58.130001068115234,58.43000030517578,48.17805862426758,7732.0
2016-03-03,58.689998626708984,58.689998626708984,58.16999816894531,58.16999816894531,47.96367263793945,4489.0
2016-03-04,58.849998474121094,59.0,58.11000061035156,58.650001525878906,48.35944747924805,12348.0
2016-03-07,58.63999938964844,58.63999938964844,58.33000183105469,58.58000183105469,48.30174255371094,9361.0
2016-03-08,58.25,58.25,57.75,57.880001068115234,47.72455596923828,7543.0
2016-03-09,58.119998931884766,58.380001068115234,58.119998931884766,58.189998626708984,47.98017120361328,7710.0
2016-03-10,58.380001068115234,59.75,56.90999984741211,56.90999984741211,46.924747467041016,21334.0
2016-03-11,58.0,58.47999954223633,58.0,58.349998474121094,48.112091064453125,3558.0
2016-03-14,58.91999816894531,58.91999816894531,58.4900016784668,58.66999816894531,48.375953674316406,2970.0
2016-03-15,58.18000030517578,58.41999816894531,58.060001373291016,58.119998931884766,47.92243576049805,4386.0
2016-03-16,58.529998779296875,58.529998779296875,58.150001525878906,58.369998931884766,48.128578186035156,1436.0
2016-03-17,58.189998626708984,58.189998626708984,57.33000183105469,57.93000030517578,47.97232437133789,1277.0
2016-03-18,58.38999938964844,58.38999938964844,58.209999084472656,58.29999923706055,48.278717041015625,232.0
2016-03-21,58.29999923706055,58.529998779296875,58.20000076293945,58.369998931884766,48.336692810058594,3099.0
2016-03-22,58.630001068115234,58.63999938964844,58.25,58.63999938964844,48.56028366088867,3035.0
2016-03-23,58.86000061035156,58.86000061035156,58.2400016784668,58.4900016784668,48.43606185913086,3233.0
2016-03-24,58.150001525878906,58.150001525878906,57.81999969482422,57.81999969482422,47.8812255859375,3080.0
2016-03-29,58.599998474121094,58.599998474121094,57.79999923706055,58.029998779296875,48.05514144897461,5252.0
2016-03-30,58.5,58.650001525878906,58.40999984741211,58.40999984741211,48.369808197021484,3126.0
2016-03-31,58.65999984741211,58.65999984741211,57.95000076293945,58.040000915527344,48.06342697143555,3971.0
2016-04-01,57.790000915527344,57.790000915527344,57.0,57.650001525878906,47.740440368652344,8001.0
2016-04-04,58.15999984741211,58.15999984741211,57.650001525878906,57.75,47.82325744628906,4867.0
2016-04-05,57.599998474121094,57.599998474121094,56.88999938964844,56.900001525878906,47.119384765625,4422.0
2016-04-06,57.459999084472656,57.459999084472656,56.79999923706055,57.150001525878906,47.32640838623047,3832.0
2016-04-07,57.040000915527344,57.34000015258789,56.869998931884766,56.88999938964844,47.111087799072266,3960.0
2016-04-08,57.38999938964844,57.59000015258789,57.310001373291016,57.310001373291016,47.458900451660156,4902.0
2016-04-11,57.20000076293945,57.68000030517578,57.060001373291016,57.36000061035156,47.50030517578125,5661.0
2016-04-12,57.400001525878906,57.81999969482422,57.060001373291016,57.81999969482422,47.8812255859375,1461.0
2016-04-13,58.43000030517578,59.189998626708984,58.43000030517578,59.189998626708984,49.015743255615234,4101.0
2016-04-14,59.310001373291016,59.52000045776367,59.2599983215332,59.52000045776367,49.28902816772461,4759.0
2016-04-15,59.40999984741211,59.54999923706055,59.11000061035156,59.25,49.06543731689453,16994.0
2016-04-18,59.09000015258789,59.36000061035156,58.79999923706055,59.27000045776367,49.082000732421875,1711.0
2016-04-19,59.560001373291016,59.79999923706055,59.45000076293945,59.65999984741211,49.40495300292969,3994.0
2016-04-20,59.70000076293945,60.0099983215332,59.47999954223633,60.0099983215332,49.69479751586914,1704.0
2016-04-21,59.9900016784668,60.15999984741211,59.66999816894531,59.88999938964844,49.59540557861328,5551.0
2016-04-22,60.27000045776367,60.27000045776367,59.779998779296875,59.939998626708984,49.63682556152344,1615.0
2016-04-25,60.11000061035156,60.11000061035156,59.5099983215332,59.599998474121094,49.35526657104492,2682.0
2016-04-26,59.790000915527344,59.79999923706055,59.5,59.59000015258789,49.34698486328125,2357.0
2016-04-27,59.529998779296875,59.630001068115234,59.5099983215332,59.61000061035156,49.36353302001953,1473.0
2016-04-28,59.099998474121094,59.72999954223633,58.88999938964844,59.65999984741211,49.40495300292969,153162.0
2016-04-29,58.88999938964844,58.900001525878906,58.040000915527344,58.040000915527344,48.06342697143555,82038.0
2016-05-02,58.689998626708984,58.689998626708984,58.0,58.130001068115234,48.13795471191406,30135.0
2016-05-03,58.34000015258789,58.34000015258789,57.349998474121094,57.369998931884766,47.50857925415039,3311.0
2016-05-04,57.810001373291016,57.810001373291016,57.0099983215332,57.0099983215332,47.21046829223633,9772.0
2016-05-05,57.439998626708984,57.70000076293945,57.439998626708984,57.54999923706055,47.65763473510742,542.0
2016-05-06,57.5099983215332,57.5099983215332,56.91999816894531,57.29999923706055,47.45062255859375,1092.0
2016-05-09,57.66999816894531,58.029998779296875,57.47999954223633,57.4900016784668,47.60796356201172,2345.0
2016-05-10,58.34000015258789,58.34000015258789,58.029998779296875,58.22999954223633,48.22075653076172,1631.0
2016-05-11,58.20000076293945,58.209999084472656,57.97999954223633,57.97999954223633,48.01374053955078,6438.0
2016-05-12,57.810001373291016,58.2599983215332,57.810001373291016,57.810001373291016,47.872947692871094,2258.0
2016-05-13,57.95000076293945,58.31999969482422,57.810001373291016,58.31999969482422,48.295284271240234,1684.0
2016-05-16,58.189998626708984,58.189998626708984,57.75,58.16999816894531,48.17107009887695,1798.0
2016-05-17,58.619998931884766,58.619998931884766,57.9900016784668,58.189998626708984,48.187644958496094,5363.0
2016-05-18,57.86000061035156,58.369998931884766,57.86000061035156,58.349998474121094,48.32012939453125,32957.0
2016-05-19,58.150001525878906,58.310001373291016,57.83000183105469,57.83000183105469,47.8895263671875,1505.0
2016-05-20,58.29999923706055,58.63999938964844,58.2599983215332,58.63999938964844,48.56028366088867,2610.0
2016-05-23,58.72999954223633,58.72999954223633,58.290000915527344,58.45000076293945,48.402931213378906,2426.0
2016-05-24,58.4900016784668,59.40999984741211,58.4900016784668,59.36000061035156,49.156524658203125,1078.0
2016-05-25,59.400001525878906,60.099998474121094,59.400001525878906,59.880001068115234,49.587135314941406,2879.0
2016-05-26,59.849998474121094,59.939998626708984,59.7599983215332,59.869998931884766,49.57884979248047,3970.0
2016-05-27,59.939998626708984,60.279998779296875,59.810001373291016,60.27000045776367,49.910099029541016,104030.0
2016-05-30,60.459999084472656,60.459999084472656,60.25,60.38999938964844,50.00947952270508,15475.0
2016-05-31,60.84000015258789,60.84000015258789,60.099998474121094,60.18000030517578,49.835575103759766,3041.0
2016-06-01,59.84000015258789,60.099998474121094,59.40999984741211,59.849998474121094,49.562278747558594,47304.0
2016-06-02,60.0,60.0,59.619998931884766,59.9900016784668,49.67823028564453,8951.0
2016-06-03,60.41999816894531,60.41999816894531,59.09000015258789,59.25,49.06543731689453,712.0
2016-06-06,59.77000045776367,59.77000045776367,59.41999816894531,59.619998931884766,49.371822357177734,2404.0
2016-06-07,60.15999984741211,60.15999984741211,59.900001525878906,60.11000061035156,49.77760696411133,2373.0
2016-06-08,59.7400016784668,60.029998779296875,59.7400016784668,59.90999984741211,49.61198806762695,6698.0
2016-06-09,59.939998626708984,60.02000045776367,59.63999938964844,59.79999923706055,49.520877838134766,4835.0
2016-06-10,59.93000030517578,59.93000030517578,59.13999938964844,59.380001068115234,49.1730842590332,2205.0
2016-06-13,59.279998779296875,59.279998779296875,58.720001220703125,58.720001220703125,48.626529693603516,3074.0
2016-06-14,58.619998931884766,58.619998931884766,58.20000076293945,58.209999084472656,48.20419692993164,3623.0
2016-06-15,58.470001220703125,58.7400016784668,58.470001220703125,58.529998779296875,48.46919631958008,2379.0
2016-06-16,57.7400016784668,57.9900016784668,57.400001525878906,57.9900016784668,48.39936828613281,2796.0
2016-06-17,58.369998931884766,58.369998931884766,57.7599983215332,57.86000061035156,48.29086685180664,86654.0
2016-06-20,58.4900016784668,59.04999923706055,58.4900016784668,59.0,49.242332458496094,143419.0
2016-06-21,58.66999816894531,59.25,58.66999816894531,59.11000061035156,49.33412551879883,8756.0
2016-06-22,59.29999923706055,59.45000076293945,59.060001373291016,59.220001220703125,49.42594528198242,15719.0
2016-06-23,59.16999816894531,59.5,59.16999816894531,59.47999954223633,49.642940521240234,84775.0
2016-06-24,57.22999954223633,58.83000183105469,57.22999954223633,58.34000015258789,48.69147491455078,47039.0
2016-06-27,58.279998779296875,58.279998779296875,57.0,57.099998474121094,47.656558990478516,151184.0
2016-06-28,57.59000015258789,57.959999084472656,57.41999816894531,57.72999954223633,48.18235778808594,7750.0
2016-06-29,58.5099983215332,58.900001525878906,58.27000045776367,58.88999938964844,49.1505241394043,17966.0
2016-06-30,59.0099983215332,59.369998931884766,58.880001068115234,59.369998931884766,49.551124572753906,5817.0
2016-07-01,59.900001525878906,59.970001220703125,59.45000076293945,59.709999084472656,49.83490753173828,6809.0
2016-07-04,60.0,60.09000015258789,59.720001220703125,59.720001220703125,49.8432502746582,2405.0
2016-07-05,59.91999816894531,59.91999816894531,59.04999923706055,59.29999923706055,49.492698669433594,18114.0
2016-07-06,59.2400016784668,59.459999084472656,58.619998931884766,58.95000076293945,49.20058822631836,5244.0
2016-07-07,59.77000045776367,59.77000045776367,59.41999816894531,59.45000076293945,49.6179084777832,1898.0
2016-07-08,59.720001220703125,60.25,59.380001068115234,60.20000076293945,50.243858337402344,7173.0
2016-07-11,60.29999923706055,61.0,60.29999923706055,61.0,50.911556243896484,5931.0
2016-07-12,61.0,61.36000061035156,60.790000915527344,61.36000061035156,51.21202087402344,23842.0
2016-07-13,61.369998931884766,61.400001525878906,61.06999969482422,61.06999969482422,50.969974517822266,2865.0
2016-07-14,61.630001068115234,61.689998626708984,61.40999984741211,61.540000915527344,51.362247467041016,2719.0
2016-07-15,61.5,61.72999954223633,61.130001068115234,61.619998931884766,51.42901611328125,22184.0
2016-07-18,61.810001373291016,61.9900016784668,61.529998779296875,61.65999984741211,51.46239471435547,62311.0
2016-07-19,61.369998931884766,61.83000183105469,61.36000061035156,61.779998779296875,51.56254959106445,7631.0
2016-07-20,61.939998626708984,62.25,61.939998626708984,62.25,51.95481491088867,4511.0
2016-07-21,62.25,62.2599983215332,61.849998474121094,62.20000076293945,51.9130859375,4270.0
2016-07-22,62.279998779296875,62.349998474121094,61.88999938964844,62.349998474121094,52.03828048706055,10042.0
2016-07-25,62.16999816894531,62.5,62.099998474121094,62.15999984741211,51.879703521728516,2921.0
2016-07-26,62.20000076293945,62.2599983215332,61.97999954223633,62.16999816894531,51.88805389404297,10693.0
2016-07-27,62.5,62.5,62.2400016784668,62.2400016784668,51.946475982666016,2439.0
2016-07-28,62.13999938964844,62.13999938964844,61.61000061035156,61.650001525878906,51.45405960083008,12426.0
2016-07-29,61.79999923706055,61.869998931884766,61.459999084472656,61.709999084472656,51.50413513183594,6940.0
2016-08-01,62.189998626708984,62.189998626708984,61.4900016784668,61.599998474121094,51.41231918334961,222707.0
2016-08-02,61.5,61.5,60.650001525878906,60.72999954223633,50.68619918823242,6381.0
2016-08-03,60.95000076293945,61.09000015258789,60.540000915527344,61.0,50.911556243896484,12099.0
2016-08-04,61.41999816894531,61.86000061035156,61.380001068115234,61.52000045776367,51.34555435180664,3171.0
2016-08-05,61.599998474121094,62.290000915527344,61.599998474121094,62.279998779296875,51.97986602783203,5707.0
2016-08-08,62.439998626708984,62.52000045776367,62.310001373291016,62.40999984741211,52.08835220336914,4394.0
2016-08-09,62.470001220703125,62.65999984741211,62.38999938964844,62.599998474121094,52.2469367980957,680.0
2016-08-10,62.65999984741211,62.65999984741211,62.08000183105469,62.08000183105469,51.81293869018555,1322.0
2016-08-11,62.380001068115234,62.52000045776367,62.27000045776367,62.52000045776367,52.18016815185547,3005.0
2016-08-12,62.70000076293945,62.70000076293945,62.220001220703125,62.459999084472656,52.13008499145508,2617.0
2016-08-15,62.5,62.689998626708984,62.5,62.61000061035156,52.25527572631836,9118.0
2016-08-16,61.790000915527344,62.15999984741211,61.779998779296875,61.91999816894531,51.67939758300781,9384.0
2016-08-17,62.0,62.0,61.529998779296875,61.54999923706055,51.370574951171875,4761.0
2016-08-18,61.7599983215332,61.779998779296875,61.61000061035156,61.709999084472656,51.50413513183594,2683.0
2016-08-19,61.650001525878906,61.650001525878906,61.349998474121094,61.52000045776367,51.34555435180664,5272.0
2016-08-22,61.439998626708984,61.84000015258789,61.43000030517578,61.43000030517578,51.27043533325195,3659.0
2016-08-23,61.5099983215332,61.900001525878906,61.5099983215332,61.83000183105469,51.60427474975586,2296.0
2016-08-24,61.61000061035156,62.099998474121094,61.61000061035156,61.959999084472656,51.71278762817383,3127.0
2016-08-25,61.63999938964844,61.75,61.41999816894531,61.689998626708984,51.48744583129883,8384.0
2016-08-26,61.5099983215332,62.08000183105469,61.47999954223633,61.970001220703125,51.72113800048828,17279.0
2016-08-29,61.40999984741211,62.13999938964844,61.40999984741211,62.13999938964844,51.86301040649414,8970.0
2016-08-30,62.38999938964844,62.470001220703125,62.15999984741211,62.22999954223633,51.938133239746094,7527.0
2016-08-31,62.279998779296875,62.369998931884766,61.970001220703125,61.97999954223633,51.72948455810547,308.0
2016-09-01,62.400001525878906,62.400001525878906,61.650001525878906,61.7599983215332,51.54584884643555,3669.0
2016-09-02,61.810001373291016,62.72999954223633,61.810001373291016,62.650001525878906,52.28866195678711,8376.0
2016-09-05,62.900001525878906,62.900001525878906,62.66999816894531,62.810001373291016,52.422218322753906,6241.0
2016-09-06,62.70000076293945,62.93000030517578,62.36000061035156,62.52000045776367,52.18016815185547,7062.0
2016-09-07,62.97999954223633,62.97999954223633,62.59000015258789,62.59000015258789,52.23858642578125,1945.0
2016-09-08,62.560001373291016,62.63999938964844,62.099998474121094,62.459999084472656,52.13008499145508,3606.0
2016-09-09,62.0099983215332,62.22999954223633,61.77000045776367,61.810001373291016,51.58759689331055,4841.0
2016-09-12,60.83000183105469,61.22999954223633,60.36000061035156,61.209999084472656,51.08682632446289,4632.0
2016-09-13,61.54999923706055,61.54999923706055,60.619998931884766,60.619998931884766,50.59440231323242,9403.0
2016-09-14,60.95000076293945,60.959999084472656,60.619998931884766,60.619998931884766,50.59440231323242,4330.0
2016-09-15,60.209999084472656,61.06999969482422,60.209999084472656,61.06999969482422,50.969974517822266,6536.0
2016-09-16,61.04999923706055,61.2400016784668,60.83000183105469,61.09000015258789,50.9866828918457,5302.0
2016-09-19,61.77000045776367,61.77000045776367,61.52000045776367,61.630001068115234,51.43735885620117,1072.0
2016-09-20,61.560001373291016,61.7400016784668,61.470001220703125,61.560001373291016,51.37893295288086,4843.0
2016-09-21,61.959999084472656,62.13999938964844,61.93000030517578,61.93000030517578,51.687747955322266,1049.0
2016-09-22,62.13999938964844,62.33000183105469,61.79999923706055,62.209999084472656,52.1883659362793,2022.0
2016-09-23,62.34000015258789,62.34000015258789,61.95000076293945,62.0099983215332,52.020572662353516,2213.0
2016-09-26,61.66999816894531,61.66999816894531,61.099998474121094,61.099998474121094,51.25715637207031,3122.0
2016-09-27,61.86000061035156,61.86000061035156,61.2599983215332,61.52000045776367,51.60951232910156,1623.0
2016-09-28,61.970001220703125,62.34000015258789,61.599998474121094,61.630001068115234,51.70179748535156,1678.0
2016-09-29,62.029998779296875,62.06999969482422,61.66999816894531,61.77000045776367,51.819236755371094,2023.0
2016-09-30,61.599998474121094,61.810001373291016,61.470001220703125,61.7400016784668,51.794071197509766,2111.0
2016-10-03,61.72999954223633,61.83000183105469,61.2400016784668,61.689998626708984,51.75212097167969,2466.0
2016-10-04,61.83000183105469,62.2400016784668,61.83000183105469,62.099998474121094,52.096073150634766,9894.0
2016-10-05,61.81999969482422,61.849998474121094,61.41999816894531,61.849998474121094,51.886348724365234,4614.0
2016-10-06,61.86000061035156,61.95000076293945,61.709999084472656,61.790000915527344,51.83600997924805,13819.0
2016-10-07,62.0,62.099998474121094,61.65999984741211,61.66999816894531,51.73534393310547,827.0
2016-10-10,62.11000061035156,62.25,61.630001068115234,62.18000030517578,52.163185119628906,2884.0
2016-10-11,62.349998474121094,62.349998474121094,61.7400016784668,61.779998779296875,51.82764434814453,1332.0
2016-10-12,62.20000076293945,62.20000076293945,61.81999969482422,61.959999084472656,51.97862243652344,8808.0
2016-10-13,61.2400016784668,61.4900016784668,61.150001525878906,61.41999816894531,51.52561950683594,2627.0
2016-10-14,61.75,62.27000045776367,61.75,62.09000015258789,52.08768844604492,828.0
2016-10-17,61.779998779296875,61.88999938964844,61.689998626708984,61.779998779296875,51.82764434814453,6323.0
2016-10-18,62.400001525878906,62.470001220703125,62.11000061035156,62.349998474121094,52.30580139160156,4991.0
2016-10-19,62.279998779296875,62.720001220703125,62.150001525878906,62.66999816894531,52.574249267578125,1391.0
2016-10-20,62.72999954223633,62.79999923706055,62.40999984741211,62.72999954223633,52.624595642089844,6488.0
2016-10-21,62.5099983215332,63.0,62.5099983215332,63.0,52.851097106933594,2723.0
2016-10-24,63.040000915527344,63.31999969482422,63.040000915527344,63.16999816894531,52.993709564208984,10448.0
2016-10-25,63.290000915527344,63.36000061035156,63.0,63.040000915527344,52.884647369384766,839.0
2016-10-26,63.220001220703125,63.220001220703125,62.470001220703125,62.880001068115234,52.750423431396484,3031.0
2016-10-27,62.599998474121094,62.81999969482422,62.470001220703125,62.599998474121094,52.51553726196289,397.0
2016-10-28,62.349998474121094,62.54999923706055,62.20000076293945,62.470001220703125,52.406463623046875,8533.0
2016-10-31,62.36000061035156,62.36000061035156,62.16999816894531,62.22999954223633,52.20512771606445,2739.0
2016-11-01,62.47999954223633,62.47999954223633,61.27000045776367,61.34000015258789,51.458518981933594,2597.0
2016-11-02,61.08000183105469,61.08000183105469,60.63999938964844,60.63999938964844,50.87126922607422,20787.0
2016-11-03,60.779998779296875,60.95000076293945,60.5,60.52000045776367,50.77061462402344,6107.0
2016-11-04,60.439998626708984,60.439998626708984,60.11000061035156,60.33000183105469,50.6112060546875,15721.0
2016-11-07,60.70000076293945,61.47999954223633,60.70000076293945,61.47999954223633,51.575958251953125,7770.0
2016-11-08,61.619998931884766,61.880001068115234,61.38999938964844,61.880001068115234,51.911529541015625,33433.0
2016-11-09,60.790000915527344,62.529998779296875,59.79999923706055,62.529998779296875,52.456817626953125,119864.0
2016-11-10,63.04999923706055,63.439998626708984,62.4900016784668,62.68000030517578,52.582645416259766,24694.0
2016-11-11,62.81999969482422,62.81999969482422,62.380001068115234,62.380001068115234,52.330970764160156,1797.0
2016-11-14,63.150001525878906,63.400001525878906,62.97999954223633,63.08000183105469,52.91820526123047,11337.0
2016-11-15,63.400001525878906,63.43000030517578,62.90999984741211,63.380001068115234,53.16987228393555,8518.0
2016-11-16,63.63999938964844,63.72999954223633,63.36000061035156,63.63999938964844,53.38799285888672,7667.0
2016-11-17,63.5099983215332,64.11000061035156,63.45000076293945,64.11000061035156,53.78227615356445,3078.0
2016-11-18,64.19999694824219,64.30000305175781,63.959999084472656,64.2300033569336,53.88294219970703,2978.0
2016-11-21,64.27999877929688,64.41000366210938,64.0,64.4000015258789,54.02555847167969,2386.0
2016-11-22,64.86000061035156,64.86000061035156,64.52999877929688,64.55000305175781,54.15139389038086,3657.0
2016-11-23,64.83000183105469,64.9800033569336,64.52999877929688,64.80000305175781,54.36113357543945,2036.0
2016-11-24,65.02999877929688,65.02999877929688,64.77999877929688,64.94000244140625,54.47856903076172,10062.0
2016-11-25,64.80000305175781,64.97000122070312,64.7699966430664,64.87999725341797,54.4282341003418,14525.0
2016-11-28,64.87999725341797,65.0199966430664,64.52999877929688,64.87000274658203,54.41984558105469,82458.0
2016-11-29,64.66999816894531,64.87999725341797,64.58000183105469,64.79000091552734,54.35272979736328,6259.0
2016-11-30,64.86000061035156,65.18000030517578,64.62000274658203,65.12000274658203,54.62959289550781,7248.0
2016-12-01,64.80000305175781,64.80000305175781,64.4800033569336,64.5199966430664,54.126224517822266,4875.0
2016-12-02,64.05000305175781,64.29000091552734,63.900001525878906,64.16999816894531,53.83260726928711,6511.0
2016-12-05,64.31999969482422,64.66999816894531,64.12999725341797,64.30000305175781,53.94166946411133,86205.0
2016-12-06,64.0999984741211,64.4000015258789,63.970001220703125,64.33999633789062,53.97520446777344,2385.0
2016-12-07,64.86000061035156,64.86000061035156,64.58999633789062,64.69999694824219,54.27722930908203,5367.0
2016-12-08,65.08999633789062,66.20999908447266,65.04000091552734,66.13999938964844,55.485267639160156,6609.0
2016-12-09,66.05000305175781,66.83999633789062,66.05000305175781,66.79000091552734,56.030540466308594,6559.0
2016-12-12,67.0,67.0,66.36000061035156,66.51000213623047,55.795658111572266,14436.0
2016-12-13,66.44999694824219,66.75,66.44999694824219,66.66999816894531,55.92987823486328,6745.0
2016-12-14,66.6500015258789,66.86000061035156,66.41000366210938,66.5,55.78726577758789,65798.0
2016-12-15,66.26000213623047,67.41000366210938,66.26000213623047,67.41000366210938,56.78068923950195,66704.0
2016-12-16,67.38999938964844,67.38999938964844,66.77999877929688,66.98999786376953,56.42692184448242,65095.0
2016-12-19,67.06999969482422,67.19000244140625,66.94999694824219,67.05999755859375,56.48585891723633,7088.0
2016-12-20,67.2699966430664,67.5999984741211,67.2699966430664,67.44000244140625,56.80595779418945,3974.0
2016-12-21,67.26000213623047,67.44000244140625,67.06999969482422,67.19000244140625,56.595375061035156,4558.0
2016-12-22,67.0,67.0199966430664,66.61000061035156,66.7300033569336,56.20792770385742,12490.0
2016-12-23,66.56999969482422,66.9800033569336,66.56999969482422,66.8499984741211,56.30898666381836,6047.0
2016-12-27,66.51000213623047,67.22000122070312,66.51000213623047,67.0999984741211,56.51957702636719,38390.0
2016-12-28,67.47000122070312,67.47000122070312,67.05000305175781,67.30999755859375,56.69645309448242,3475.0
2016-12-29,67.18000030517578,67.18000030517578,66.69000244140625,66.7300033569336,56.20792770385742,134812.0
2016-12-30,66.77999877929688,66.77999877929688,66.30000305175781,66.3499984741211,55.88783264160156,86397.0
2017-01-02,67.20999908447266,67.30000305175781,66.5,67.18000030517578,56.58696746826172,9683.0
2017-01-03,67.26000213623047,68.0,67.26000213623047,67.4000015258789,56.77226638793945,3384.0
2017-01-04,67.98999786376953,67.98999786376953,67.54000091552734,67.62000274658203,56.95758056640625,4306.0
2017-01-05,67.52999877929688,67.61000061035156,67.0,67.08000183105469,56.502723693847656,11528.0
2017-01-06,67.04000091552734,67.44999694824219,67.04000091552734,67.44000244140625,56.80595779418945,15857.0
2017-01-09,67.79000091552734,67.79000091552734,67.30999755859375,67.33999633789062,56.72174072265625,5928.0
2017-01-10,67.23999786376953,67.41999816894531,67.0,67.41999816894531,56.78913116455078,52769.0
2017-01-11,67.41000366210938,68.08999633789062,67.29000091552734,67.68000030517578,57.00812530517578,21220.0
2017-01-12,67.47000122070312,67.47000122070312,66.66000366210938,66.77999877929688,56.250038146972656,9569.0
2017-01-13,67.02999877929688,67.54000091552734,67.02999877929688,67.4800033569336,56.839656829833984,6030.0
2017-01-16,67.05000305175781,67.3499984741211,67.05000305175781,67.25,56.64592361450195,3468.0
2017-01-17,67.0,67.0,66.55999755859375,66.62999725341797,56.12368392944336,4190.0
2017-01-18,66.95999908447266,66.95999908447266,66.66000366210938,66.79000091552734,56.258460998535156,10840.0
2017-01-19,66.94999694824219,67.1500015258789,66.72000122070312,67.01000213623047,56.44375991821289,5925.0
2017-01-20,66.75,67.0999984741211,66.75,66.88999938964844,56.34269714355469,1581.0
2017-01-23,66.47000122070312,66.5999984741211,66.19999694824219,66.4000015258789,55.929954528808594,17419.0
2017-01-24,66.33000183105469,66.62999725341797,66.33000183105469,66.62999725341797,56.12368392944336,4123.0
2017-01-25,67.2699966430664,67.38999938964844,67.02999877929688,67.27999877929688,56.67118835449219,7856.0
2017-01-26,67.9000015258789,67.9000015258789,67.5999984741211,67.88999938964844,57.184993743896484,2884.0
2017-01-27,67.79000091552734,67.79000091552734,67.41999816894531,67.58000183105469,56.92390060424805,1514.0
2017-01-30,67.55999755859375,67.58999633789062,66.80999755859375,66.94000244140625,56.38480758666992,5202.0
2017-01-31,66.9000015258789,66.95999908447266,66.27999877929688,66.27999877929688,55.8288688659668,6722.0
2017-02-01,66.6500015258789,67.20999908447266,66.6500015258789,66.83000183105469,56.29215621948242,3779.0
2017-02-02,66.62999725341797,66.68000030517578,66.33000183105469,66.68000030517578,56.16579055786133,4609.0
2017-02-03,67.04000091552734,67.12999725341797,66.94000244140625,67.12999725341797,56.54484176635742,7281.0
2017-02-06,67.05000305175781,67.5,67.05000305175781,67.23999786376953,56.637489318847656,6429.0
2017-02-07,67.5,67.7300033569336,67.43000030517578,67.5199966430664,56.873329162597656,13075.0
2017-02-08,67.91999816894531,67.91999816894531,67.16000366210938,67.45999908447266,56.82279968261719,11703.0
2017-02-09,67.83000183105469,68.06999969482422,67.5199966430664,68.06999969482422,57.33662414550781,4106.0
2017-02-10,68.3499984741211,68.52999877929688,68.19999694824219,68.36000061035156,57.58089065551758,7782.0
2017-02-13,68.62999725341797,69.11000061035156,68.55000305175781,69.05999755859375,58.1705207824707,11472.0
2017-02-14,69.08999633789062,69.12999725341797,68.83000183105469,69.12999725341797,58.22947311401367,4954.0
2017-02-15,69.87000274658203,69.87000274658203,69.4000015258789,69.5,58.541141510009766,9010.0
2017-02-16,69.61000061035156,69.61000061035156,68.93000030517578,69.05999755859375,58.1705207824707,4960.0
2017-02-17,69.05000305175781,69.19999694824219,68.83999633789062,69.19999694824219,58.288448333740234,11009.0
2017-02-20,69.62000274658203,69.62000274658203,69.13999938964844,69.58999633789062,58.61692428588867,6434.0
2017-02-21,69.6500015258789,70.31999969482422,69.6500015258789,70.12000274658203,59.0633659362793,9998.0
2017-02-22,70.37999725341797,70.62999725341797,70.18000030517578,70.2300033569336,59.156036376953125,11353.0
2017-02-23,70.29000091552734,70.37000274658203,69.94999694824219,70.06999969482422,59.0212287902832,7437.0
2017-02-24,69.9800033569336,70.0,69.4000015258789,69.77999877929688,58.77698516845703,13947.0
2017-02-27,70.0,70.01000213623047,69.55000305175781,69.62000274658203,58.64220428466797,6720.0
2017-02-28,69.87000274658203,69.87000274658203,69.51000213623047,69.51000213623047,58.549556732177734,6015.0
2017-03-01,70.0,70.66000366210938,70.0,70.66000366210938,59.51822280883789,23693.0
2017-03-02,70.69999694824219,70.87000274658203,70.56999969482422,70.56999969482422,59.44241714477539,6515.0
2017-03-03,70.37999725341797,70.37999725341797,70.11000061035156,70.1500015258789,59.08864212036133,24364.0
2017-03-06,69.87999725341797,70.05000305175781,69.69000244140625,69.87999725341797,58.8612174987793,6304.0
2017-03-07,69.97000122070312,70.13999938964844,69.87000274658203,69.94000244140625,58.91175842285156,4736.0
2017-03-08,70.26000213623047,70.26000213623047,69.9000015258789,70.05999755859375,59.01283645629883,6271.0
2017-03-09,69.95999908447266,69.95999908447266,69.5,69.73999786376953,58.743289947509766,11456.0
2017-03-10,70.0,70.0,69.45999908447266,69.45999908447266,58.5074462890625,9376.0
2017-03-13,69.54000091552734,69.75,69.48999786376953,69.66000366210938,58.67589569091797,4943.0
2017-03-14,69.88999938964844,69.88999938964844,69.44999694824219,69.5199966430664,58.557979583740234,2144.0
2017-03-15,69.56999969482422,69.97000122070312,69.56999969482422,69.97000122070312,58.93701171875,2982.0
2017-03-16,69.9000015258789,70.22000122070312,69.9000015258789,69.9800033569336,58.9454460144043,4106.0
2017-03-17,69.81999969482422,69.98999786376953,69.5999984741211,69.88999938964844,58.869651794433594,16808.0
2017-03-20,70.05000305175781,70.05000305175781,69.68000030517578,69.93000030517578,58.9033317565918,7818.0
2017-03-21,69.80000305175781,69.80000305175781,68.91999816894531,69.0199966430664,58.136810302734375,11739.0
2017-03-22,69.04000091552734,69.04000091552734,68.44999694824219,68.83999633789062,57.985198974609375,7786.0
2017-03-23,68.94999694824219,69.0,68.58000183105469,68.9800033569336,58.359981536865234,7319.0
2017-03-24,69.0,69.0,68.62000274658203,68.80000305175781,58.207706451416016,11486.0
2017-03-27,67.75,68.13999938964844,67.66999816894531,68.13999938964844,57.64931869506836,10905.0
2017-03-28,68.54000091552734,68.63999938964844,68.30000305175781,68.63999938964844,58.072330474853516,7355.0
2017-03-29,69.0,69.44999694824219,68.94000244140625,69.4000015258789,58.71533966064453,8292.0
2017-03-30,71.38999938964844,71.38999938964844,69.31999969482422,69.66000366210938,58.93528747558594,6539.0
2017-03-31,69.80000305175781,69.80999755859375,69.47000122070312,69.80999755859375,59.06221008300781,8704.0
2017-04-03,70.22000122070312,70.25,69.62000274658203,69.66000366210938,58.93528747558594,23031.0
2017-04-04,69.94999694824219,69.94999694824219,69.55000305175781,69.73999786376953,59.00297927856445,5154.0
2017-04-05,69.76000213623047,70.16999816894531,69.6500015258789,70.04000091552734,59.25680160522461,24686.0
2017-04-06,69.51000213623047,69.80000305175781,69.29000091552734,69.80000305175781,59.05374526977539,7306.0
2017-04-07,69.79000091552734,69.97000122070312,69.52999877929688,69.9000015258789,59.13835906982422,6305.0
2017-04-10,70.16999816894531,70.16999816894531,69.94000244140625,69.98999786376953,59.214500427246094,12716.0
2017-04-11,70.05000305175781,70.05000305175781,69.44000244140625,69.61000061035156,58.89300537109375,3364.0
2017-04-12,70.05000305175781,70.0999984741211,69.80000305175781,69.81999969482422,59.070655822753906,4520.0
2017-04-13,69.43000030517578,69.81999969482422,69.41999816894531,69.73999786376953,59.00297927856445,3637.0
2017-04-18,70.05999755859375,70.06999969482422,69.0199966430664,69.0199966430664,58.39381790161133,4807.0
2017-04-19,69.20999908447266,69.23999786376953,68.91000366210938,69.08000183105469,58.44459915161133,14619.0
2017-04-20,69.05999755859375,69.05999755859375,68.79000091552734,68.81999969482422,58.2246208190918,6388.0
2017-04-21,69.44000244140625,69.44000244140625,69.23999786376953,69.33000183105469,58.6561164855957,7148.0
2017-04-24,69.41000366210938,69.5,69.13999938964844,69.33000183105469,58.6561164855957,8551.0
2017-04-25,69.33000183105469,69.55000305175781,69.20999908447266,69.3499984741211,58.67301940917969,3902.0
2017-04-26,69.44999694824219,69.9000015258789,69.3499984741211,69.9000015258789,59.13835906982422,3508.0
2017-04-27,69.44999694824219,69.81999969482422,69.4000015258789,69.6500015258789,58.92684555053711,5645.0
2017-04-28,69.63999938964844,69.63999938964844,69.27999877929688,69.44999694824219,58.75762939453125,2518.0
2017-05-02,69.63999938964844,69.70999908447266,69.44000244140625,69.68000030517578,58.95222473144531,11653.0
2017-05-03,69.88999938964844,69.88999938964844,69.30000305175781,69.51000213623047,58.808387756347656,13534.0
2017-05-04,69.73999786376953,69.76000213623047,69.3499984741211,69.48999786376953,58.791473388671875,7253.0
2017-05-05,69.12999725341797,69.47000122070312,69.08000183105469,69.30999755859375,58.639183044433594,4915.0
2017-05-08,69.94999694824219,69.94999694824219,69.66999816894531,69.86000061035156,59.10451889038086,7385.0
2017-05-09,69.94000244140625,70.29000091552734,69.91000366210938,70.20999908447266,59.40064239501953,4793.0
2017-05-10,70.08000183105469,70.38999938964844,70.0,70.38999938964844,59.55290603637695,16471.0
2017-05-11,70.31999969482422,70.33000183105469,69.94999694824219,70.13999938964844,59.34141159057617,2571.0
2017-05-12,70.16999816894531,70.18000030517578,69.9000015258789,69.94000244140625,59.17219161987305,6766.0
2017-05-15,70.05000305175781,70.08000183105469,69.7300033569336,70.08000183105469,59.29064178466797,16191.0
2017-05-16,69.83999633789062,69.83999633789062,69.47000122070312,69.55000305175781,58.84223175048828,2217.0
2017-05-17,69.0199966430664,69.33000183105469,68.47000122070312,68.47000122070312,57.928504943847656,18437.0
2017-05-18,68.36000061035156,68.4000015258789,67.7699966430664,68.19999694824219,57.700069427490234,14216.0
2017-05-19,68.33000183105469,68.48999786376953,68.16000366210938,68.48999786376953,57.94541931152344,6007.0
2017-05-22,68.83999633789062,68.83999633789062,68.20999908447266,68.44000244140625,57.90311813354492,17105.0
2017-05-23,68.44000244140625,68.70999908447266,68.4000015258789,68.69999694824219,58.123085021972656,8605.0
2017-05-24,68.80000305175781,68.93000030517578,68.80000305175781,68.88999938964844,58.28386688232422,18896.0
2017-05-25,68.91000366210938,69.12000274658203,68.76000213623047,69.04000091552734,58.41075897216797,870.0
2017-05-26,69.01000213623047,69.23999786376953,68.76000213623047,69.23999786376953,58.5799674987793,2498.0
2017-05-29,69.29000091552734,69.29000091552734,69.06999969482422,69.23999786376953,58.5799674987793,4171.0
2017-05-30,69.30999755859375,69.33000183105469,69.0,69.05000305175781,58.41923522949219,2413.0
2017-05-31,69.0,69.12999725341797,68.55999755859375,68.5999984741211,58.038490295410156,4806.0
2017-06-01,68.9000015258789,69.13999938964844,68.8499984741211,69.13999938964844,58.49536895751953,3138.0
2017-06-02,69.4000015258789,69.66999816894531,69.25,69.31999969482422,58.647647857666016,5676.0
2017-06-05,69.4800033569336,69.4800033569336,69.27999877929688,69.33999633789062,58.664554595947266,9877.0
2017-06-06,69.23999786376953,69.30999755859375,69.05999755859375,69.16000366210938,58.512298583984375,13106.0
2017-06-07,69.12000274658203,69.54000091552734,69.02999877929688,69.19000244140625,58.53767013549805,6656.0
2017-06-08,69.18000030517578,69.70999908447266,69.18000030517578,69.43000030517578,58.74070358276367,9814.0
2017-06-09,69.44999694824219,69.83999633789062,69.44999694824219,69.77999877929688,59.03682327270508,4575.0
2017-06-12,69.61000061035156,69.61000061035156,69.01000213623047,69.22000122070312,58.563018798828125,15362.0
2017-06-13,69.33000183105469,69.55999755859375,69.33000183105469,69.41000366210938,58.72380065917969,4924.0
2017-06-14,69.43000030517578,69.79000091552734,69.2300033569336,69.2300033569336,58.57149887084961,8304.0
2017-06-15,69.33000183105469,69.44999694824219,69.12999725341797,69.44999694824219,58.75762939453125,1618.0
2017-06-16,69.81999969482422,69.81999969482422,69.20999908447266,69.37000274658203,58.689945220947266,34125.0
2017-06-19,69.8499984741211,70.1500015258789,69.6500015258789,70.12999725341797,59.33293914794922,3457.0
2017-06-20,70.27999877929688,70.27999877929688,69.94999694824219,69.95999908447266,59.18910598754883,2557.0
2017-06-21,69.51000213623047,69.98999786376953,69.48999786376953,69.66000366210938,58.93528747558594,2325.0
2017-06-22,68.86000061035156,69.36000061035156,68.86000061035156,69.36000061035156,59.10505676269531,2942.0
2017-06-23,69.33999633789062,69.33999633789062,68.9800033569336,69.08999633789062,58.87495040893555,7121.0
2017-06-26,69.38999938964844,69.48999786376953,69.08000183105469,69.23999786376953,59.002784729003906,12100.0
2017-06-27,69.16000366210938,69.19000244140625,68.44999694824219,68.55000305175781,58.414798736572266,9676.0
2017-06-28,67.94999694824219,68.5199966430664,67.63999938964844,68.29000091552734,58.1932487487793,8867.0
2017-06-29,68.36000061035156,68.36000061035156,67.52999877929688,67.52999877929688,57.54560470581055,14436.0
2017-06-30,67.56999969482422,67.81999969482422,67.37999725341797,67.37999725341797,57.41778564453125,6260.0
2017-07-03,67.62000274658203,68.19999694824219,67.62000274658203,68.19999694824219,58.11653518676758,12431.0
2017-07-04,67.94999694824219,68.12999725341797,67.91999816894531,67.91999816894531,57.87794494628906,2292.0
2017-07-05,67.97000122070312,68.19999694824219,67.94000244140625,68.01000213623047,57.95465087890625,6366.0
2017-07-06,68.06999969482422,68.06999969482422,67.12999725341797,67.4800033569336,57.50300216674805,3691.0
2017-07-07,67.29000091552734,67.37999725341797,67.05999755859375,67.37999725341797,57.41778564453125,443.0
2017-07-10,67.5,67.75,67.5,67.61000061035156,57.6137809753418,7804.0
2017-07-11,67.68000030517578,67.86000061035156,67.31999969482422,67.31999969482422,57.36665725708008,5622.0
2017-07-12,67.33999633789062,68.30000305175781,67.33999633789062,68.19000244140625,58.1080207824707,1955.0
2017-07-13,68.25,68.61000061035156,68.2300033569336,68.55999755859375,58.42331314086914,9477.0
2017-07-14,68.4800033569336,68.58999633789062,68.3499984741211,68.45999908447266,58.33809280395508,17787.0
2017-07-17,68.73999786376953,68.73999786376953,68.47000122070312,68.5999984741211,58.4573974609375,1615.0
2017-07-18,68.31999969482422,68.31999969482422,67.70999908447266,67.8499984741211,57.81828689575195,2141.0
2017-07-19,68.20999908447266,68.52999877929688,68.1500015258789,68.52999877929688,58.39774703979492,2048.0
2017-07-20,68.7300033569336,68.80999755859375,67.97000122070312,67.97000122070312,57.92055130004883,7465.0
2017-07-21,67.98999786376953,68.05999755859375,67.66999816894531,67.66999816894531,57.66490936279297,2361.0
2017-07-24,67.8499984741211,67.8499984741211,67.54000091552734,67.75,57.73307418823242,1087.0
2017-07-25,67.80999755859375,67.9800033569336,67.69999694824219,67.97000122070312,57.92055130004883,4885.0
2017-07-26,68.01000213623047,68.20999908447266,68.0,68.12999725341797,58.05689239501953,2011.0
2017-07-27,67.93000030517578,68.12000274658203,67.77999877929688,68.12000274658203,58.04838180541992,8227.0
2017-07-28,67.55000305175781,67.55000305175781,67.20999908447266,67.2300033569336,57.28996658325195,7434.0
2017-07-31,67.88999938964844,67.88999938964844,67.13999938964844,67.20999908447266,57.27290725708008,1855.0
2017-08-01,67.3499984741211,67.4800033569336,67.2699966430664,67.38999938964844,57.426300048828125,4729.0
2017-08-02,67.26000213623047,67.30999755859375,66.9000015258789,67.01000213623047,57.10247802734375,16075.0
2017-08-03,67.0,67.08000183105469,66.8499984741211,66.8499984741211,56.96614074707031,3206.0
2017-08-04,66.93000030517578,67.72000122070312,66.91999816894531,67.69999694824219,57.690452575683594,4104.0
2017-08-07,67.63999938964844,67.63999938964844,67.31999969482422,67.43000030517578,57.46039962768555,3922.0
2017-08-08,67.41999816894531,67.9800033569336,67.38999938964844,67.9800033569336,57.92906951904297,2673.0
2017-08-09,67.37000274658203,67.44000244140625,67.26000213623047,67.4000015258789,57.434818267822266,1210.0
2017-08-10,67.47000122070312,67.47000122070312,66.83000183105469,66.9000015258789,57.00876235961914,1766.0
2017-08-11,66.69000244140625,66.69000244140625,66.12000274658203,66.25,56.454856872558594,6279.0
2017-08-14,66.43000030517578,67.05999755859375,66.41000366210938,67.05000305175781,57.13656997680664,2480.0
2017-08-15,67.37000274658203,67.41000366210938,67.08000183105469,67.16999816894531,57.23882293701172,3428.0
2017-08-16,67.4000015258789,67.66000366210938,67.3499984741211,67.66000366210938,57.65639114379883,4430.0
2017-08-17,67.30000305175781,67.51000213623047,67.0999984741211,67.11000061035156,57.18770217895508,9849.0
2017-08-18,66.62999725341797,66.68000030517578,66.38999938964844,66.66000366210938,56.80421447753906,1712.0
2017-08-21,66.55999755859375,66.5999984741211,66.05999755859375,66.2699966430664,56.47188949584961,3653.0
2017-08-22,66.73999786376953,66.98999786376953,66.4800033569336,66.91999816894531,57.025787353515625,2322.0
2017-08-23,66.98999786376953,67.0,66.5999984741211,66.72000122070312,56.85536193847656,6788.0
2017-08-24,66.83000183105469,67.01000213623047,66.66000366210938,66.66000366210938,56.80421447753906,4475.0
2017-08-25,67.01000213623047,67.01000213623047,66.4800033569336,66.4800033569336,56.65082931518555,6572.0
2017-08-28,66.16999816894531,66.31999969482422,66.0,66.0,56.241817474365234,4491.0
2017-08-29,65.48999786376953,65.61000061035156,64.98999786376953,65.47000122070312,55.790164947509766,4970.0
2017-08-30,65.98999786376953,66.2699966430664,65.98999786376953,66.2300033569336,56.437808990478516,6520.0
2017-08-31,66.6500015258789,66.94000244140625,66.4800033569336,66.83999633789062,56.95759963989258,5887.0
2017-09-01,66.8499984741211,67.16999816894531,66.80000305175781,67.16000366210938,57.23029708862305,8226.0
2017-09-04,66.76000213623047,66.79000091552734,66.55000305175781,66.70999908447266,56.84684371948242,2387.0
2017-09-05,66.8499984741211,66.94999694824219,66.5,66.56999969482422,56.72752380371094,14018.0
2017-09-06,66.52999877929688,66.66999816894531,66.30000305175781,66.54000091552734,56.70197677612305,4743.0
2017-09-07,66.73999786376953,66.73999786376953,66.2699966430664,66.2699966430664,56.47188949584961,5990.0
2017-09-08,66.20999908447266,0.0,66.08999633789062,66.37999725341797,56.56563186645508,2903.0
2017-09-11,66.76000213623047,67.05999755859375,66.69000244140625,67.05000305175781,57.13656997680664,12707.0
2017-09-12,67.37000274658203,67.55000305175781,67.22000122070312,67.36000061035156,57.40073013305664,2335.0
2017-09-13,67.44000244140625,67.72000122070312,67.16000366210938,67.72000122070312,57.70751953125,2501.0
2017-09-14,67.55999755859375,67.81999969482422,67.5,67.76000213623047,57.74159240722656,1551.0
2017-09-15,67.56999969482422,67.56999969482422,67.2300033569336,67.43000030517578,57.46039962768555,15369.0
2017-09-18,67.98999786376953,67.98999786376953,67.58000183105469,67.7300033569336,57.71603012084961,10348.0
2017-09-19,67.51000213623047,67.69999694824219,67.43000030517578,67.69999694824219,57.690452575683594,14790.0
2017-09-20,67.66000366210938,67.66000366210938,67.55000305175781,67.5999984741211,57.60524368286133,5539.0
2017-09-21,67.86000061035156,67.86000061035156,67.44999694824219,67.52999877929688,57.806396484375,9344.0
2017-09-22,67.33999633789062,67.33999633789062,67.1500015258789,67.27999877929688,57.59238815307617,3354.0
2017-09-25,67.58000183105469,67.63999938964844,67.4000015258789,67.5999984741211,57.86630630493164,3680.0
2017-09-26,67.5999984741211,67.9800033569336,67.5999984741211,67.94000244140625,58.15736389160156,2833.0
2017-09-27,68.18000030517578,68.25,68.0,68.04000091552734,58.24294662475586,3703.0
2017-09-28,68.12999725341797,68.12999725341797,67.80000305175781,68.0,58.2087287902832,37687.0
2017-09-29,68.1500015258789,68.16999816894531,67.87000274658203,68.16999816894531,58.354244232177734,40747.0
2017-10-02,68.37000274658203,68.83000183105469,68.37000274658203,68.83000183105469,58.91920471191406,3479.0
2017-10-03,68.98999786376953,68.98999786376953,68.83000183105469,68.83000183105469,58.91920471191406,2958.0
2017-10-04,69.0,69.05999755859375,68.87000274658203,69.05999755859375,59.116092681884766,7685.0
2017-10-05,68.77999877929688,69.48999786376953,68.77999877929688,69.48999786376953,59.484169006347656,5652.0
2017-10-06,69.62999725341797,69.62999725341797,69.22000122070312,69.23999786376953,59.270172119140625,19807.0
2017-10-09,69.4800033569336,69.4800033569336,69.16999816894531,69.29000091552734,59.312965393066406,2352.0
2017-10-10,69.2300033569336,69.30000305175781,69.0,69.05999755859375,59.116092681884766,7190.0
2017-10-11,69.16999816894531,69.16999816894531,68.9000015258789,69.02999877929688,59.090396881103516,7489.0
2017-10-12,69.0,69.13999938964844,68.94999694824219,69.12000274658203,59.16746139526367,2775.0
2017-10-13,69.27999877929688,69.45999908447266,69.19999694824219,69.3499984741211,59.36433410644531,8388.0
2017-10-16,69.58000183105469,69.69000244140625,69.5199966430664,69.55999755859375,59.54412078857422,30068.0
2017-10-17,69.83999633789062,69.86000061035156,69.70999908447266,69.7300033569336,59.689605712890625,4518.0
2017-10-18,69.75,69.9000015258789,69.68000030517578,69.79000091552734,59.74098205566406,7748.0
2017-10-19,69.52999877929688,69.52999877929688,68.9800033569336,69.18000030517578,59.21881103515625,4217.0
2017-10-20,69.44000244140625,69.7300033569336,69.44000244140625,69.7300033569336,59.689605712890625,870.0
2017-10-23,69.80000305175781,70.12000274658203,69.80000305175781,69.97000122070312,59.89505386352539,10040.0
2017-10-24,69.70999908447266,69.87000274658203,69.68000030517578,69.75,59.70672607421875,6921.0
2017-10-25,69.66999816894531,69.68000030517578,68.95999908447266,69.06999969482422,59.124664306640625,3657.0
2017-10-26,69.20999908447266,70.05000305175781,69.04000091552734,70.05000305175781,59.963523864746094,21559.0
2017-10-27,70.33999633789062,70.86000061035156,70.31999969482422,70.86000061035156,60.656925201416016,12228.0
2017-10-30,70.69000244140625,70.83999633789062,70.45999908447266,70.52999877929688,60.37443542480469,9286.0
2017-10-31,70.69000244140625,70.7699966430664,70.58999633789062,70.68000030517578,60.502830505371094,8971.0
2017-11-01,70.93000030517578,71.2699966430664,70.93000030517578,71.12000274658203,60.87947463989258,27003.0
2017-11-02,70.94999694824219,71.12000274658203,70.4800033569336,70.80999755859375,60.614112854003906,7020.0
2017-11-03,70.93000030517578,71.19999694824219,70.80000305175781,71.19999694824219,60.94797134399414,49099.0
2017-11-06,71.13999938964844,71.45999908447266,71.02999877929688,71.43000030517578,61.14482879638672,2934.0
2017-11-07,71.66999816894531,71.7300033569336,71.30000305175781,71.47000122070312,61.17908477783203,1952.0
2017-11-08,71.45999908447266,71.45999908447266,71.29000091552734,71.41999816894531,61.136268615722656,7787.0
2017-11-09,71.43000030517578,71.47000122070312,70.83999633789062,70.8499984741211,60.64835739135742,3236.0
2017-11-10,71.0199966430664,71.02999877929688,70.4800033569336,70.62000274658203,60.45145797729492,16188.0
2017-11-13,70.58999633789062,70.7300033569336,70.19999694824219,70.5,60.34873580932617,33989.0
2017-11-14,70.37999725341797,70.37999725341797,69.63999938964844,69.70999908447266,59.6724967956543,2695.0
2017-11-15,69.19000244140625,69.3499984741211,68.86000061035156,69.33999633789062,59.35576629638672,7115.0
2017-11-16,69.6500015258789,70.05999755859375,69.58999633789062,70.0199966430664,59.937862396240234,16718.0
2017-11-17,69.93000030517578,69.97000122070312,69.75,69.83000183105469,59.77521896362305,7964.0
2017-11-20,69.9000015258789,70.27999877929688,69.68000030517578,70.27999877929688,60.16043472290039,4686.0
2017-11-21,70.31999969482422,70.86000061035156,70.27999877929688,70.79000091552734,60.59696960449219,18743.0
2017-11-22,70.76000213623047,70.9000015258789,70.55000305175781,70.55000305175781,60.39155197143555,2387.0
2017-11-23,70.13999938964844,70.3499984741211,70.05999755859375,70.22000122070312,60.10904312133789,2976.0
2017-11-24,70.41999816894531,70.41999816894531,69.94000244140625,69.94000244140625,59.869380950927734,17808.0
2017-11-27,69.75,70.06999969482422,69.7300033569336,69.8499984741211,59.79233932495117,12413.0
2017-11-28,69.98999786376953,70.3499984741211,69.94999694824219,70.27999877929688,60.16043472290039,4927.0
2017-11-29,70.73999786376953,70.93000030517578,70.5199966430664,70.5199966430664,60.36587905883789,2379.0
2017-11-30,70.48999786376953,70.81999969482422,70.33999633789062,70.4800033569336,60.33163070678711,12061.0
2017-12-01,70.41000366210938,70.73999786376953,69.91000366210938,69.91000366210938,59.84368896484375,25190.0
2017-12-04,70.94999694824219,71.08000183105469,70.66999816894531,70.87000274658203,60.66548538208008,11651.0
2017-12-05,70.69999694824219,70.86000061035156,70.37999725341797,70.83000183105469,60.631221771240234,7559.0
2017-12-06,70.16000366210938,70.56999969482422,70.11000061035156,70.55999755859375,60.40010452270508,6234.0
2017-12-07,70.62999725341797,70.7300033569336,70.3499984741211,70.72000122070312,60.53706741333008,3732.0
2017-12-08,71.05999755859375,71.2699966430664,71.05999755859375,71.18000030517578,60.93083572387695,4017.0
2017-12-11,71.27999877929688,71.27999877929688,71.06999969482422,71.19000244140625,60.93940734863281,4290.0
2017-12-12,71.44000244140625,71.79000091552734,71.30000305175781,71.79000091552734,61.452999114990234,11810.0
2017-12-13,71.61000061035156,71.76000213623047,71.5999984741211,71.76000213623047,61.42731857299805,15032.0
2017-12-14,71.41999816894531,71.55999755859375,71.19999694824219,71.45999908447266,61.17049789428711,5084.0
2017-12-15,71.2699966430664,71.69000244140625,71.0999984741211,71.69000244140625,61.36739730834961,5833.0
2017-12-18,71.98999786376953,72.13999938964844,71.8499984741211,72.13999938964844,61.752593994140625,3367.0
2017-12-19,72.1500015258789,72.1500015258789,71.73999786376953,71.7699966430664,61.43587875366211,3482.0
2017-12-20,71.69000244140625,71.77999877929688,71.16000366210938,71.37000274658203,61.09346389770508,4955.0
2017-12-21,71.05999755859375,71.4000015258789,70.94000244140625,71.4000015258789,61.34440231323242,1288.0
2017-12-22,71.54000091552734,71.54000091552734,71.44999694824219,71.45999908447266,61.39592361450195,8686.0
2017-12-27,71.4000015258789,71.48999786376953,71.22000122070312,71.36000061035156,61.31001663208008,28401.0
2017-12-28,71.33000183105469,71.33999633789062,71.13999938964844,71.13999938964844,61.12097930908203,2327.0
2017-12-29,71.26000213623047,71.30000305175781,70.87000274658203,70.87000274658203,60.8890495300293,4418.0
2018-01-02,71.37000274658203,71.86000061035156,70.52999877929688,70.87999725341797,60.897621154785156,8774.0
2018-01-03,71.23999786376953,71.69000244140625,71.19000244140625,71.61000061035156,61.52480697631836,8121.0
2018-01-04,71.9000015258789,71.98999786376953,71.66000366210938,71.94999694824219,61.816917419433594,21892.0
2018-01-05,72.0,72.44999694824219,72.0,72.44999694824219,62.246517181396484,6359.0
2018-01-08,72.9000015258789,72.94000244140625,72.58999633789062,72.94000244140625,62.66749954223633,51968.0
2018-01-09,73.05000305175781,73.44000244140625,73.05000305175781,73.44000244140625,63.09709167480469,27503.0
2018-01-10,73.18000030517578,73.18000030517578,72.62000274658203,72.9800033569336,62.70188903808594,6143.0
2018-01-11,73.2300033569336,73.2300033569336,72.51000213623047,72.7300033569336,62.48710250854492,5892.0
2018-01-12,72.93000030517578,72.93000030517578,72.5,72.9000015258789,62.633148193359375,14497.0
2018-01-15,72.66000366210938,72.66000366210938,72.20999908447266,72.43000030517578,62.229339599609375,4707.0
2018-01-16,72.6500015258789,73.0199966430664,72.5,72.73999786376953,62.49567794799805,33494.0
2018-01-17,72.37999725341797,72.80999755859375,72.37999725341797,72.69000244140625,62.45270538330078,41100.0
2018-01-18,72.94999694824219,72.94999694824219,72.5199966430664,72.76000213623047,62.512840270996094,6322.0
2018-01-19,72.66999816894531,73.0,72.5999984741211,72.98999786376953,62.71044921875,11553.0
2018-01-22,73.0199966430664,73.27999877929688,72.87000274658203,73.25,62.93385696411133,40790.0
2018-01-23,73.80000305175781,73.80000305175781,73.31999969482422,73.58000183105469,63.217369079589844,20363.0
2018-01-24,73.44999694824219,73.47000122070312,72.98999786376953,72.98999786376953,62.71044921875,7192.0
2018-01-25,72.87000274658203,73.19000244140625,72.2300033569336,72.55000305175781,62.33241271972656,16305.0
2018-01-26,72.66000366210938,73.22000122070312,72.5999984741211,73.22000122070312,62.908084869384766,10206.0
2018-01-29,73.41000366210938,73.51000213623047,73.0999984741211,73.41999816894531,63.079898834228516,37251.0
2018-01-30,72.95999908447266,72.95999908447266,72.05000305175781,72.41999816894531,62.220733642578125,16384.0
2018-01-31,72.37999725341797,72.43000030517578,72.0999984741211,72.20999908447266,62.04030227661133,3644.0
2018-02-01,72.58999633789062,72.58999633789062,71.80000305175781,71.95999908447266,61.82551574707031,14659.0
2018-02-02,71.5999984741211,71.5999984741211,71.06999969482422,71.12999725341797,61.112396240234375,13159.0
2018-02-05,70.26000213623047,70.44999694824219,69.80999755859375,70.23999786376953,60.347740173339844,50608.0
2018-02-06,67.37999725341797,69.19999694824219,66.68000030517578,67.91000366210938,58.345890045166016,55985.0
2018-02-07,68.55000305175781,70.18000030517578,68.3499984741211,69.95999908447266,60.107181549072266,43099.0
2018-02-08,69.29000091552734,69.44999694824219,68.43000030517578,68.48999786376953,58.84420394897461,30108.0
2018-02-09,67.97000122070312,68.01000213623047,67.1500015258789,67.33000183105469,57.84758758544922,29047.0
2018-02-12,68.05000305175781,68.69000244140625,68.05000305175781,68.36000061035156,58.73252487182617,13341.0
2018-02-13,68.30999755859375,68.30999755859375,67.86000061035156,67.9800033569336,58.40605545043945,27858.0
2018-02-14,68.56999969482422,68.75,67.83999633789062,68.56999969482422,58.91294860839844,29203.0
2018-02-15,69.0999984741211,69.56999969482422,68.80000305175781,69.02999877929688,59.30815505981445,16538.0
2018-02-16,69.68000030517578,70.0999984741211,69.56999969482422,70.04000091552734,60.175933837890625,14058.0
2018-02-19,70.18000030517578,70.25,69.76000213623047,69.83999633789062,60.00410079956055,5571.0
2018-02-20,69.98999786376953,70.19000244140625,69.56999969482422,70.19000244140625,60.304805755615234,31394.0
2018-02-21,70.0,70.51000213623047,69.70999908447266,70.51000213623047,60.579742431640625,45159.0
2018-02-22,69.70999908447266,70.36000061035156,69.55999755859375,70.2300033569336,60.33916473388672,39780.0
2018-02-23,70.4000015258789,70.45999908447266,70.05000305175781,70.41999816894531,60.50238037109375,11469.0
2018-02-26,71.02999877929688,71.22000122070312,70.91000366210938,71.16000366210938,61.138206481933594,29214.0
2018-02-27,71.37999725341797,71.69999694824219,71.0999984741211,71.4000015258789,61.34440231323242,5609.0
2018-02-28,71.05999755859375,71.22000122070312,70.83999633789062,70.83999633789062,60.863250732421875,4504.0
2018-03-01,70.55000305175781,70.55000305175781,70.0,70.12999725341797,60.25325393676758,13364.0
2018-03-02,69.23999786376953,69.33000183105469,68.16000366210938,68.37999725341797,58.74972915649414,15862.0
2018-03-05,68.58000183105469,69.25,68.5,69.25,59.4972038269043,13683.0
2018-03-06,69.73999786376953,69.79000091552734,69.22000122070312,69.22000122070312,59.47139358520508,15417.0
2018-03-07,68.87999725341797,69.18000030517578,68.44999694824219,69.12000274658203,59.38550567626953,12291.0
2018-03-08,69.2699966430664,69.9800033569336,69.22000122070312,69.9000015258789,60.0556526184082,3291.0
2018-03-09,70.0999984741211,70.69999694824219,70.0,70.69999694824219,60.74296951293945,55433.0
2018-03-12,71.08999633789062,71.30999755859375,70.94000244140625,71.08000183105469,61.06947326660156,8729.0
2018-03-13,71.12000274658203,71.16000366210938,70.29000091552734,70.44999694824219,60.528167724609375,4779.0
2018-03-14,70.44999694824219,70.69000244140625,70.0,70.1500015258789,60.27043533325195,10573.0
2018-03-15,70.37000274658203,70.5999984741211,70.1500015258789,70.48999786376953,60.56254196166992,5862.0
2018-03-16,70.36000061035156,70.83000183105469,70.27999877929688,70.63999938964844,60.691429138183594,15205.0
2018-03-19,70.47000122070312,70.47000122070312,69.3499984741211,69.37000274658203,59.600284576416016,8262.0
2018-03-20,69.6500015258789,70.08000183105469,69.47000122070312,70.08000183105469,60.210296630859375,2876.0
2018-03-21,70.08999633789062,70.25,69.72000122070312,70.16000366210938,60.27903747558594,3391.0
2018-03-22,69.0,69.41000366210938,68.25,68.61000061035156,59.17869567871094,6306.0
2018-03-23,68.05000305175781,68.05000305175781,67.26000213623047,67.52999877929688,58.24716567993164,10828.0
2018-03-26,67.47000122070312,67.55999755859375,66.5,66.55000305175781,57.40187454223633,11618.0
2018-03-27,67.9800033569336,68.30000305175781,67.8499984741211,68.05999755859375,58.704315185546875,3154.0
2018-03-28,67.19000244140625,67.5199966430664,66.80000305175781,67.20999908447266,57.971134185791016,5225.0
2018-03-29,67.66000366210938,68.19000244140625,67.5,68.12000274658203,58.75605010986328,8176.0
2018-04-03,67.3499984741211,67.76000213623047,67.06999969482422,67.58999633789062,58.29890823364258,14094.0
2018-04-04,67.5999984741211,67.5999984741211,66.5,67.44999694824219,58.17814636230469,12730.0
2018-04-05,68.6500015258789,69.25,68.48999786376953,69.25,59.73073959350586,16648.0
2018-04-06,68.63999938964844,68.75,68.13999938964844,68.31999969482422,58.928550720214844,6739.0
2018-04-09,68.37000274658203,68.47000122070312,67.8499984741211,68.41999816894531,59.014808654785156,5850.0
2018-04-10,68.75,68.81999969482422,68.27999877929688,68.81999969482422,59.35982894897461,8939.0
2018-04-11,68.29000091552734,68.44999694824219,67.81999969482422,68.44000244140625,59.03206253051758,3829.0
2018-04-12,68.25,69.06999969482422,68.22000122070312,68.97000122070312,59.489219665527344,33815.0
2018-04-13,68.94999694824219,69.22000122070312,68.61000061035156,68.81999969482422,59.35982894897461,6235.0
2018-04-16,68.91999816894531,68.91999816894531,68.5,68.62999725341797,59.19594192504883,9785.0
2018-04-17,68.80000305175781,69.43000030517578,68.73999786376953,69.38999938964844,59.85148239135742,8336.0
2018-04-18,69.45999908447266,69.58999633789062,69.30000305175781,69.58999633789062,60.023963928222656,7585.0
2018-04-19,69.58999633789062,69.69999694824219,69.18000030517578,69.36000061035156,59.825618743896484,4342.0
2018-04-20,69.23999786376953,69.6500015258789,69.1500015258789,69.30999755859375,59.782470703125,3049.0
2018-04-23,69.36000061035156,69.70999908447266,69.11000061035156,69.70999908447266,60.127471923828125,34401.0
2018-04-24,69.80999755859375,69.94999694824219,69.38999938964844,69.5199966430664,59.96360397338867,2345.0
2018-04-25,68.9000015258789,69.0,68.48999786376953,68.87999725341797,59.411582946777344,11373.0
2018-04-26,69.0,69.94999694824219,69.0,69.8499984741211,60.24824142456055,4614.0
2018-04-27,70.0,70.37999725341797,70.0,70.13999938964844,60.49839401245117,3690.0
2018-04-30,70.37000274658203,70.5999984741211,70.30000305175781,70.4000015258789,60.722633361816406,11479.0
2018-05-02,70.51000213623047,70.66999816894531,70.29000091552734,70.4800033569336,60.7916374206543,11437.0
2018-05-03,70.2300033569336,70.2699966430664,69.4800033569336,69.62000274658203,60.04985809326172,12698.0
2018-05-04,70.19999694824219,70.69000244140625,69.9000015258789,70.69000244140625,60.97275924682617,12187.0
2018-05-07,70.98999786376953,71.38999938964844,70.87999725341797,71.26000213623047,61.46443176269531,14790.0
2018-05-08,71.31999969482422,71.5,71.12999725341797,71.3499984741211,61.542049407958984,26160.0
2018-05-09,71.55000305175781,71.80000305175781,71.43000030517578,71.68000030517578,61.826683044433594,12780.0
2018-05-10,72.02999877929688,72.26000213623047,71.69999694824219,72.26000213623047,62.32696533203125,35244.0
2018-05-11,72.5,72.5,72.16999816894531,72.3499984741211,62.404598236083984,6285.0
2018-05-14,72.4800033569336,72.5,72.16999816894531,72.4000015258789,62.44770812988281,17965.0
2018-05-15,72.30000305175781,72.54000091552734,72.18000030517578,72.31999969482422,62.37869644165039,6946.0
2018-05-16,72.54000091552734,72.88999938964844,72.4000015258789,72.8499984741211,62.83584213256836,2932.0
2018-05-17,72.8499984741211,73.11000061035156,72.6500015258789,73.08000183105469,63.034236907958984,7563.0
2018-05-18,72.91999816894531,73.05000305175781,72.69999694824219,72.79000091552734,62.784095764160156,6002.0
2018-05-21,73.1500015258789,73.41999816894531,73.0999984741211,73.1500015258789,63.09462356567383,6853.0
2018-05-22,73.4000015258789,73.4000015258789,73.0,73.37000274658203,63.28437042236328,15786.0
2018-05-23,73.19000244140625,73.19000244140625,72.66999816894531,73.05000305175781,63.008365631103516,33296.0
2018-05-24,73.26000213623047,73.2699966430664,72.55000305175781,72.7300033569336,62.73237609863281,4330.0
2018-05-25,73.23999786376953,73.33999633789062,73.05000305175781,73.30999755859375,63.23262405395508,7276.0
2018-05-28,73.3499984741211,73.4000015258789,73.19999694824219,73.36000061035156,63.275733947753906,11327.0
2018-05-29,73.0,73.19999694824219,72.81999969482422,73.0,62.965240478515625,20744.0
2018-05-30,72.88999938964844,72.95999908447266,72.55999755859375,72.8499984741211,62.83584213256836,6735.0
2018-05-31,72.94999694824219,73.12999725341797,72.44999694824219,72.63999938964844,62.65471649169922,10144.0
2018-06-01,72.80000305175781,73.2699966430664,72.63999938964844,73.16000366210938,63.10324478149414,9104.0
2018-06-04,73.5,73.5199966430664,73.19999694824219,73.41000366210938,63.31889724731445,48962.0
2018-06-05,73.44000244140625,73.7699966430664,73.26000213623047,73.45999908447266,63.36201095581055,41154.0
2018-06-06,73.43000030517578,73.44999694824219,72.9000015258789,73.43000030517578,63.33613204956055,30154.0
2018-06-07,73.41999816894531,73.58999633789062,73.12000274658203,73.20999908447266,63.14634704589844,11169.0
2018-06-08,73.06999969482422,73.30999755859375,72.83000183105469,73.23999786376953,63.1722526550293,4790.0
2018-06-11,73.4000015258789,73.5199966430664,73.26000213623047,73.48999786376953,63.38787078857422,11180.0
2018-06-12,73.77999877929688,73.77999877929688,73.31999969482422,73.4800033569336,63.379234313964844,17524.0
2018-06-13,73.70999908447266,73.79000091552734,73.55999755859375,73.66000366210938,63.53451156616211,4127.0
2018-06-14,73.0,74.37999725341797,72.86000061035156,74.3499984741211,64.12965393066406,10864.0
2018-06-15,74.5,74.62999725341797,73.69999694824219,73.75,63.61213302612305,5210.0
2018-06-18,74.0,74.0999984741211,73.4000015258789,73.72000122070312,63.58625793457031,11095.0
2018-06-19,73.05999755859375,73.36000061035156,72.70999908447266,73.30000305175781,63.2240104675293,11053.0
2018-06-20,73.86000061035156,73.88999938964844,73.52999877929688,73.5999984741211,63.482765197753906,3903.0
2018-06-21,73.31999969482422,73.43000030517578,72.33999633789062,72.54000091552734,63.016109466552734,16321.0
2018-06-22,72.45999908447266,72.80000305175781,72.41999816894531,72.7699966430664,63.21591567993164,7428.0
2018-06-25,72.36000061035156,72.36000061035156,71.1500015258789,71.16999816894531,61.825992584228516,10959.0
2018-06-26,71.80999755859375,71.80999755859375,71.25,71.41000366210938,62.03449630737305,11034.0
2018-06-27,71.4800033569336,72.26000213623047,71.05000305175781,72.02999877929688,62.57307434082031,13749.0
2018-06-28,71.83999633789062,71.91999816894531,71.08000183105469,71.54000091552734,62.14740753173828,7760.0
2018-06-29,71.94999694824219,72.08999633789062,71.70999908447266,71.80999755859375,62.381954193115234,6938.0
2018-07-02,71.12999725341797,71.37999725341797,70.9000015258789,71.2699966430664,61.91287612915039,62370.0
2018-07-03,71.61000061035156,71.77999877929688,71.3499984741211,71.54000091552734,62.14740753173828,8174.0
2018-07-04,71.2699966430664,71.54000091552734,71.20999908447266,71.41999816894531,62.043174743652344,10407.0
2018-07-05,71.18000030517578,71.55999755859375,71.08999633789062,71.37999725341797,62.008419036865234,6671.0
2018-07-06,71.66000366210938,71.68000030517578,71.16999816894531,71.66999816894531,62.260337829589844,40073.0
2018-07-09,72.05000305175781,72.41000366210938,72.04000091552734,72.41000366210938,62.9031982421875,13545.0
2018-07-10,72.5199966430664,72.87999725341797,72.41000366210938,72.73999786376953,63.18986892700195,10549.0
2018-07-11,72.08999633789062,72.25,71.9000015258789,72.05000305175781,62.59044647216797,5221.0
2018-07-12,72.4800033569336,72.80999755859375,72.37000274658203,72.75,63.19854736328125,5175.0
2018-07-13,73.01000213623047,73.27999877929688,72.94999694824219,73.05000305175781,63.459171295166016,22419.0
2018-07-16,72.98999786376953,73.0,72.58999633789062,72.58999633789062,63.05955123901367,6847.0
2018-07-17,72.55999755859375,72.98999786376953,72.44999694824219,72.94000244140625,63.36360549926758,2517.0
2018-07-18,73.2699966430664,73.47000122070312,73.2699966430664,73.4000015258789,63.76320266723633,7955.0
2018-07-19,73.47000122070312,73.5,73.19999694824219,73.3499984741211,63.71977996826172,4218.0
2018-07-20,73.20999908447266,73.26000213623047,72.75,73.08000183105469,63.4852180480957,10290.0
2018-07-23,72.73999786376953,73.0,72.52999877929688,72.87000274658203,63.30281066894531,6894.0
2018-07-24,73.36000061035156,73.66999816894531,73.18000030517578,73.55000305175781,63.893516540527344,11360.0
2018-07-25,73.56999969482422,73.75,73.3499984741211,73.75,64.06727600097656,6561.0
2018-07-26,73.70999908447266,74.25,73.62999725341797,74.1500015258789,64.41473388671875,7660.0
2018-07-27,74.36000061035156,74.5,74.12000274658203,74.22000122070312,64.47555541992188,10934.0
2018-07-30,73.83000183105469,73.86000061035156,73.44999694824219,73.47000122070312,63.82402420043945,9908.0
2018-07-31,73.27999877929688,73.69999694824219,73.18000030517578,73.6500015258789,63.98036575317383,11108.0
2018-08-01,73.80000305175781,73.87000274658203,73.51000213623047,73.68000030517578,64.00643920898438,5450.0
2018-08-02,73.2699966430664,73.63999938964844,73.0999984741211,73.63999938964844,63.97170639038086,7961.0
2018-08-03,73.81999969482422,74.20999908447266,73.75,74.16000366210938,64.42342376708984,13705.0
2018-08-06,74.41000366210938,74.5999984741211,74.25,74.33999633789062,64.57978820800781,10868.0
2018-08-07,74.58999633789062,74.80000305175781,74.55000305175781,74.73999786376953,64.92726135253906,14370.0
2018-08-08,74.5,74.7300033569336,74.4000015258789,74.62000274658203,64.82303619384766,7965.0
2018-08-09,74.58000183105469,74.80999755859375,74.48999786376953,74.7699966430664,64.95332336425781,5253.0
2018-08-10,74.79000091552734,74.8499984741211,74.51000213623047,74.8499984741211,65.02283477783203,7442.0
2018-08-13,74.56999969482422,74.69999694824219,74.33999633789062,74.54000091552734,64.75354766845703,9643.0
2018-08-14,74.69000244140625,74.83999633789062,74.5199966430664,74.83999633789062,65.01414489746094,15601.0
2018-08-15,74.91000366210938,74.93000030517578,73.81999969482422,74.08999633789062,64.36260986328125,9841.0
2018-08-16,74.31999969482422,74.55999755859375,74.16000366210938,74.55999755859375,64.77091217041016,3315.0
2018-08-17,74.62999725341797,74.62999725341797,74.0,74.27999877929688,64.52767181396484,4055.0
2018-08-20,74.73999786376953,74.8499984741211,74.51000213623047,74.5999984741211,64.80567169189453,6441.0
2018-08-21,74.37999725341797,74.66999816894531,74.26000213623047,74.38999938964844,64.62322998046875,6391.0
2018-08-22,74.12999725341797,74.2300033569336,73.80000305175781,74.1500015258789,64.41473388671875,9567.0
2018-08-23,74.25,74.41999816894531,73.97000122070312,74.08999633789062,64.36260986328125,4019.0
2018-08-24,74.16000366210938,74.30000305175781,73.97000122070312,74.25,64.5016098022461,4639.0
2018-08-27,74.44000244140625,74.66999816894531,74.38999938964844,74.5999984741211,64.80567169189453,14566.0
2018-08-28,74.61000061035156,74.61000061035156,74.3499984741211,74.38999938964844,64.62322998046875,29116.0
2018-08-29,74.68000030517578,74.69999694824219,74.38999938964844,74.62000274658203,64.82303619384766,9434.0
2018-08-30,74.56999969482422,74.66000366210938,74.3499984741211,74.5199966430664,64.73616027832031,5297.0
2018-08-31,74.33999633789062,74.5,74.05000305175781,74.5,64.71880340576172,10361.0
2018-09-03,74.58999633789062,74.66000366210938,74.4000015258789,74.55000305175781,64.76223754882812,6840.0
2018-09-04,74.80999755859375,74.80999755859375,74.12000274658203,74.31999969482422,64.56242370605469,17377.0
2018-09-05,73.97000122070312,73.98999786376953,73.37000274658203,73.45999908447266,63.8153076171875,9323.0
2018-09-06,73.37000274658203,73.62999725341797,73.05999755859375,73.23999786376953,63.62421798706055,7089.0
2018-09-07,73.2300033569336,73.5199966430664,73.04000091552734,73.4800033569336,63.83272171020508,5792.0
2018-09-10,73.69000244140625,73.69999694824219,73.2300033569336,73.41000366210938,63.77191162109375,8486.0
2018-09-11,73.44999694824219,73.44999694824219,73.0,73.33999633789062,63.71107864379883,5797.0
2018-09-12,73.68000030517578,73.72000122070312,73.19000244140625,73.55999755859375,63.90221405029297,4437.0
2018-09-13,73.55999755859375,73.8499984741211,73.41000366210938,73.45999908447266,63.8153076171875,11489.0
2018-09-14,73.83999633789062,73.94000244140625,73.5999984741211,73.9000015258789,64.19758605957031,4874.0
2018-09-17,73.9000015258789,73.9000015258789,73.55999755859375,73.66000366210938,63.989070892333984,6284.0
2018-09-18,73.58999633789062,73.94000244140625,73.44999694824219,73.93000030517578,64.22362518310547,6111.0
2018-09-19,74.12000274658203,74.36000061035156,73.86000061035156,74.2699966430664,64.51898193359375,4088.0
2018-09-20,74.19999694824219,74.33000183105469,74.05000305175781,74.33000183105469,64.57109832763672,13377.0
2018-09-21,74.44000244140625,74.73999786376953,74.4000015258789,74.72000122070312,64.90990447998047,12312.0
2018-09-24,74.3499984741211,74.38999938964844,73.86000061035156,74.04000091552734,64.31918334960938,12771.0
2018-09-25,74.27999877929688,74.44999694824219,74.06999969482422,74.33000183105469,64.57109832763672,5887.0
2018-09-26,74.44000244140625,74.55999755859375,74.2699966430664,74.5199966430664,64.73616027832031,12181.0
2018-09-27,74.05000305175781,74.5999984741211,73.83000183105469,74.55999755859375,65.11192321777344,11549.0
2018-09-28,74.62000274658203,74.75,74.3499984741211,74.63999938964844,65.18180084228516,7206.0
2018-10-01,74.83999633789062,75.1500015258789,74.80000305175781,75.1500015258789,65.62715911865234,13735.0
2018-10-02,74.83999633789062,74.97000122070312,74.69000244140625,74.9000015258789,65.4088363647461,19729.0
2018-10-03,74.83999633789062,75.22000122070312,74.7300033569336,75.22000122070312,65.68827819824219,9089.0
2018-10-04,74.87000274658203,74.9800033569336,74.19000244140625,74.25,64.84120178222656,73572.0
2018-10-05,74.29000091552734,74.30999755859375,73.81999969482422,73.81999969482422,64.46569061279297,18462.0
2018-10-08,73.7300033569336,73.81999969482422,73.5999984741211,73.5999984741211,64.27356719970703,30012.0
2018-10-09,73.80000305175781,73.91000366210938,73.37000274658203,73.8499984741211,64.49191284179688,12667.0
2018-10-10,73.63999938964844,73.66000366210938,72.11000061035156,72.29000091552734,63.12957763671875,24806.0
2018-10-11,70.62000274658203,71.19999694824219,70.0999984741211,70.47000122070312,61.540191650390625,75677.0
2018-10-12,70.56999969482422,71.0,70.5,70.63999938964844,61.688663482666016,29728.0
2018-10-15,70.4000015258789,70.62999725341797,69.98999786376953,70.62999725341797,61.679935455322266,14393.0
2018-10-16,70.38999938964844,71.41999816894531,70.3499984741211,71.41999816894531,62.36982727050781,12927.0
2018-10-17,71.98999786376953,72.0,71.19999694824219,71.43000030517578,62.378562927246094,14355.0
2018-10-18,71.83999633789062,71.83999633789062,71.12999725341797,71.12999725341797,62.1165885925293,8170.0
2018-10-19,71.5,71.63999938964844,71.19000244140625,71.25,62.221343994140625,10829.0
2018-10-22,71.1500015258789,71.36000061035156,70.73999786376953,71.0,62.0030403137207,17542.0
2018-10-23,70.0,70.20999908447266,69.30000305175781,69.61000061035156,60.789188385009766,30145.0
2018-10-24,70.0999984741211,70.80999755859375,69.7300033569336,69.7300033569336,60.89397048950195,15996.0
2018-10-25,68.94999694824219,70.0,68.80000305175781,69.86000061035156,61.00750732421875,20804.0
2018-10-26,69.33000183105469,69.33000183105469,68.25,69.0,60.256473541259766,27899.0
2018-10-29,69.33000183105469,70.0999984741211,69.19999694824219,69.22000122070312,60.448577880859375,9961.0
2018-10-30,69.2300033569336,69.45999908447266,68.52999877929688,69.16999816894531,60.404937744140625,21132.0
2018-10-31,70.31999969482422,71.08000183105469,70.13999938964844,70.73999786376953,61.77598571777344,24870.0
2018-11-01,70.70999908447266,70.97000122070312,70.4000015258789,70.87999725341797,61.898258209228516,26763.0
2018-11-02,71.80000305175781,71.80000305175781,70.8499984741211,70.87999725341797,61.898258209228516,38180.0
2018-11-05,70.98999786376953,71.25,70.76000213623047,70.91999816894531,61.933170318603516,77385.0
2018-11-06,71.11000061035156,71.30000305175781,70.88999938964844,71.2300033569336,62.203887939453125,16775.0
2018-11-07,71.45999908447266,71.94999694824219,71.4000015258789,71.88999938964844,62.78024673461914,12261.0
2018-11-08,72.41999816894531,72.5999984741211,72.25,72.41999816894531,63.243099212646484,6811.0
2018-11-09,72.23999786376953,72.31999969482422,71.8499984741211,71.9000015258789,62.78899383544922,16228.0
2018-11-12,72.79000091552734,72.79000091552734,71.41999816894531,71.5,62.43968200683594,14309.0
2018-11-13,71.8499984741211,71.93000030517578,71.25,71.83000183105469,62.72785568237305,76713.0
2018-11-14,71.0999984741211,71.69999694824219,70.77999877929688,71.0199966430664,62.02048873901367,8613.0
2018-11-15,71.01000213623047,71.02999877929688,70.19999694824219,70.83000183105469,61.85458755493164,7564.0
2018-11-16,71.02999877929688,71.26000213623047,70.4000015258789,70.66999816894531,61.71486282348633,4595.0
2018-11-19,71.0999984741211,71.12000274658203,70.0,70.04000091552734,61.16470718383789,11126.0
2018-11-20,69.62999725341797,69.62999725341797,68.70999908447266,69.0999984741211,60.34382247924805,12322.0
2018-11-21,69.38999938964844,69.80999755859375,69.19000244140625,69.70999908447266,60.876495361328125,14605.0
2018-11-22,69.5,69.5,68.87000274658203,69.02999877929688,60.28265380859375,10799.0
2018-11-23,69.27999877929688,69.55000305175781,68.93000030517578,69.55000305175781,60.73678207397461,11741.0
2018-11-26,69.91999816894531,70.2699966430664,69.80000305175781,70.12000274658203,61.234554290771484,20906.0
2018-11-27,70.47000122070312,70.58000183105469,69.9000015258789,70.5,61.5663948059082,75423.0
2018-11-28,71.01000213623047,71.0199966430664,70.68000030517578,70.91000366210938,61.92445373535156,8799.0
2018-11-29,71.37000274658203,71.37000274658203,70.93000030517578,71.19000244140625,62.16896057128906,8638.0
2018-11-30,71.2300033569336,71.5999984741211,70.98999786376953,71.51000213623047,62.44844436645508,7290.0
2018-12-03,73.0,73.0999984741211,72.3499984741211,72.5,63.312957763671875,17157.0
2018-12-04,72.26000213623047,72.26000213623047,71.79000091552734,72.0199966430664,62.89379119873047,17499.0
2018-12-05,71.0,71.1500015258789,70.69000244140625,70.94999694824219,61.95939254760742,10427.0
2018-12-06,70.20999908447266,70.20999908447266,68.37999725341797,68.75,60.03813934326172,72518.0
2018-12-07,69.69000244140625,70.25,69.16000366210938,69.20999908447266,60.43986129760742,36455.0
2018-12-10,68.38999938964844,68.58999633789062,67.5,67.55999755859375,58.99895095825195,14822.0
2018-12-11,68.55999755859375,69.62999725341797,68.3499984741211,69.20999908447266,60.43986129760742,12990.0
2018-12-12,69.26000213623047,69.9800033569336,69.19999694824219,69.87000274658203,61.0162239074707,12182.0
2018-12-13,69.75,69.75,69.25,69.47000122070312,60.66691589355469,9741.0
2018-12-14,68.88999938964844,69.44999694824219,68.66999816894531,69.05000305175781,60.30015182495117,12951.0
2018-12-17,68.69000244140625,68.69000244140625,67.75,68.19000244140625,59.54912567138672,9362.0
2018-12-18,67.5,67.70999908447266,67.26000213623047,67.43000030517578,58.88542175292969,11567.0
2018-12-19,67.18000030517578,67.44000244140625,67.0,67.26000213623047,58.736976623535156,22855.0
2018-12-20,65.80000305175781,66.16999816894531,65.22000122070312,65.55000305175781,57.24365997314453,23057.0
2018-12-21,65.19000244140625,66.0,65.02999877929688,65.33999633789062,57.06025695800781,18912.0
2018-12-24,65.0,65.0,63.880001068115234,63.97999954223633,55.872589111328125,21203.0
2018-12-27,65.04000091552734,65.5,63.79999923706055,64.3499984741211,56.45347213745117,43528.0
2018-12-28,65.11000061035156,65.9000015258789,64.83000183105469,65.36000061035156,57.33953857421875,100969.0
2018-12-31,65.86000061035156,66.19999694824219,65.70999908447266,66.16000366210938,58.0413818359375,27194.0
2019-01-02,65.11000061035156,66.20999908447266,64.38999938964844,66.12000274658203,58.00627517700195,36651.0
2019-01-03,65.7699966430664,65.80000305175781,64.73999786376953,65.11000061035156,57.12022018432617,16963.0
2019-01-04,65.6500015258789,66.76000213623047,65.3499984741211,66.52999877929688,58.365966796875,37230.0
2019-01-07,66.87999725341797,66.87999725341797,66.3499984741211,66.79000091552734,58.594058990478516,18037.0
2019-01-08,67.19999694824219,67.7699966430664,67.01000213623047,67.16999816894531,58.92741012573242,11669.0
2019-01-09,67.69999694824219,67.91999816894531,67.30000305175781,67.55000305175781,59.26079559326172,7406.0
2019-01-10,67.16000366210938,67.87999725341797,66.94999694824219,67.87999725341797,59.550296783447266,6375.0
2019-01-11,68.0,68.0,67.54000091552734,67.9800033569336,59.63803482055664,20421.0
2019-01-14,67.58999633789062,67.83999633789062,67.44999694824219,67.69000244140625,59.38360595703125,8719.0
2019-01-15,68.1500015258789,68.52999877929688,67.91000366210938,68.52999877929688,60.12053680419922,7695.0
2019-01-16,68.95999908447266,69.05000305175781,68.62000274658203,68.95999908447266,60.49778747558594,5971.0
2019-01-17,68.62999725341797,69.06999969482422,68.41999816894531,69.04000091552734,60.56795883178711,9578.0
2019-01-18,69.43000030517578,70.43000030517578,69.38999938964844,70.43000030517578,61.78739929199219,20026.0
2019-01-21,70.1500015258789,70.1500015258789,69.91999816894531,70.05999755859375,61.46278762817383,9822.0
2019-01-22,69.83999633789062,69.98999786376953,69.55999755859375,69.68000030517578,61.12942123413086,7032.0
2019-01-23,69.44999694824219,69.86000061035156,69.13999938964844,69.33000183105469,60.82236862182617,5109.0
2019-01-24,69.5,69.91999816894531,69.4000015258789,69.77999877929688,61.21715545654297,4028.0
2019-01-25,70.2699966430664,70.44000244140625,70.16000366210938,70.33000183105469,61.69965744018555,11153.0
2019-01-28,70.01000213623047,70.01000213623047,69.19999694824219,69.26000213623047,60.76095962524414,11500.0
2019-01-29,69.4000015258789,69.87000274658203,69.30000305175781,69.55999755859375,61.02415466308594,14156.0
2019-01-30,69.83000183105469,70.12000274658203,69.63999938964844,70.08000183105469,61.4803352355957,8853.0
2019-01-31,70.4000015258789,70.77999877929688,70.01000213623047,70.77999877929688,62.09443283081055,12400.0
2019-02-01,70.80999755859375,70.97000122070312,70.51000213623047,70.83999633789062,62.1470947265625,12392.0
2019-02-04,70.9000015258789,71.02999877929688,70.70999908447266,71.02999877929688,62.31376266479492,59107.0
2019-02-05,71.30999755859375,71.95999908447266,71.25,71.94999694824219,63.12086486816406,42694.0
2019-02-06,71.94999694824219,72.05000305175781,71.73999786376953,71.98999786376953,63.15594482421875,23881.0
2019-02-07,71.83000183105469,71.9000015258789,71.01000213623047,71.01000213623047,62.296226501464844,41021.0
2019-02-08,71.06999969482422,71.29000091552734,70.72000122070312,70.72000122070312,62.04181671142578,25667.0
2019-02-11,71.44000244140625,71.75,71.30000305175781,71.69000244140625,62.892784118652344,8966.0
2019-02-12,72.02999877929688,72.2300033569336,71.9800033569336,72.12999725341797,63.278770446777344,13688.0
2019-02-13,72.33000183105469,72.75,72.19999694824219,72.51000213623047,63.61214065551758,18469.0
2019-02-14,72.62999725341797,72.87000274658203,71.87999725341797,72.19999694824219,63.34019470214844,19679.0
2019-02-15,72.05999755859375,73.0999984741211,72.0,72.95999908447266,64.00692749023438,17017.0
2019-02-18,73.0,73.1500015258789,72.83000183105469,73.01000213623047,64.05078887939453,14260.0
2019-02-19,72.91000366210938,72.9800033569336,72.69999694824219,72.76000213623047,63.83145523071289,33628.0
2019-02-20,73.05000305175781,73.23999786376953,72.87999725341797,73.13999938964844,64.16483306884766,9265.0
2019-02-21,73.3499984741211,73.4000015258789,72.83999633789062,73.02999877929688,64.06832122802734,7397.0
2019-02-22,73.12000274658203,73.48999786376953,73.05000305175781,73.4800033569336,64.46312713623047,25349.0
2019-02-25,73.75,73.94999694824219,73.56999969482422,73.73999786376953,64.69121551513672,13279.0
2019-02-26,73.43000030517578,73.66999816894531,73.25,73.63999938964844,64.60350036621094,15353.0
2019-02-27,73.2300033569336,73.37999725341797,73.0,73.22000122070312,64.23503112792969,20284.0
2019-02-28,73.0199966430664,73.30000305175781,72.87999725341797,73.18000030517578,64.1999282836914,15468.0
2019-03-01,73.4000015258789,73.70999908447266,73.20999908447266,73.31999969482422,64.32274627685547,23439.0
2019-03-04,73.83000183105469,74.05999755859375,73.55999755859375,73.55999755859375,64.5333023071289,16593.0
2019-03-05,73.62000274658203,73.91000366210938,73.44999694824219,73.91000366210938,64.84034729003906,9708.0
2019-03-06,73.73999786376953,73.91000366210938,73.45999908447266,73.55000305175781,64.52454376220703,107401.0
2019-03-07,73.38999938964844,73.79000091552734,73.05999755859375,73.48999786376953,64.47187805175781,19876.0
2019-03-08,73.0,73.11000061035156,72.37999725341797,72.69999694824219,63.778831481933594,10417.0
2019-03-11,73.13999938964844,73.83999633789062,73.0199966430664,73.83999633789062,64.7789535522461,11864.0
2019-03-12,73.97000122070312,73.97000122070312,73.68000030517578,73.7300033569336,64.68244934082031,16094.0
2019-03-13,73.72000122070312,74.18000030517578,73.66999816894531,74.08999633789062,64.99826049804688,193110.0
2019-03-14,74.1500015258789,74.19999694824219,73.87000274658203,74.05000305175781,64.96317291259766,7462.0
2019-03-15,74.19999694824219,74.58000183105469,74.0,74.58000183105469,65.42814636230469,51165.0
2019-03-18,74.55999755859375,74.61000061035156,74.3499984741211,74.41999816894531,65.28776550292969,16861.0
2019-03-19,74.73999786376953,75.08999633789062,74.62000274658203,75.05999755859375,65.84922790527344,13957.0
2019-03-20,74.68000030517578,74.7699966430664,74.19999694824219,74.22000122070312,65.1123046875,6668.0
2019-03-21,74.04000091552734,74.83000183105469,73.80000305175781,74.70999908447266,65.54216766357422,8063.0
2019-03-22,74.80000305175781,74.9800033569336,73.97000122070312,73.97000122070312,64.89298248291016,38981.0
2019-03-25,73.77999877929688,73.87999725341797,73.41999816894531,73.69000244140625,64.6473617553711,9077.0
2019-03-26,74.0,74.66999816894531,73.9000015258789,74.31999969482422,65.20003509521484,8700.0
2019-03-27,74.91999816894531,74.91999816894531,73.94999694824219,74.2699966430664,65.15618896484375,6619.0
2019-03-28,74.33999633789062,74.37000274658203,73.91000366210938,74.02999877929688,65.25196838378906,10280.0
2019-03-29,74.58000183105469,74.7699966430664,74.38999938964844,74.69999694824219,65.84252166748047,5516.0
2019-04-01,75.0,75.5999984741211,75.0,75.58000183105469,66.61817932128906,11131.0
2019-04-02,75.69999694824219,75.88999938964844,75.56999969482422,75.79000091552734,66.80326843261719,7783.0
2019-04-03,76.0,76.19000244140625,75.87999725341797,76.16000366210938,67.1294174194336,9912.0
2019-04-04,75.94000244140625,76.20999908447266,75.80999755859375,76.0,66.98835754394531,18524.0
2019-04-05,76.19999694824219,76.37000274658203,76.01000213623047,76.3499984741211,67.29688262939453,8119.0
2019-04-08,76.37999725341797,76.37999725341797,75.83999633789062,76.11000061035156,67.08531951904297,9463.0
2019-04-09,76.1500015258789,76.25,75.69999694824219,75.83999633789062,66.84735107421875,9197.0
2019-04-10,75.97000122070312,76.25,75.93000030517578,76.08999633789062,67.06769561767578,7888.0
2019-04-11,76.08000183105469,76.2300033569336,75.87000274658203,75.98999786376953,66.97956085205078,8001.0
2019-04-12,76.0,76.25,75.8499984741211,76.02999877929688,67.01481628417969,6731.0
2019-04-15,76.38999938964844,76.38999938964844,75.94999694824219,76.05999755859375,67.04127502441406,6464.0
2019-04-16,76.2699966430664,76.55999755859375,76.2300033569336,76.41999816894531,67.35857391357422,6376.0
2019-04-17,76.38999938964844,76.69000244140625,76.26000213623047,76.26000213623047,67.21755981445312,3684.0
2019-04-18,76.26000213623047,76.76000213623047,76.1500015258789,76.56999969482422,67.49078369140625,6022.0
2019-04-23,76.6500015258789,77.22000122070312,76.54000091552734,77.22000122070312,68.063720703125,14471.0
2019-04-24,77.23999786376953,77.29000091552734,77.0,77.22000122070312,68.063720703125,46149.0
2019-04-25,77.23999786376953,77.48999786376953,76.97000122070312,77.33000183105469,68.1606674194336,42599.0
2019-04-26,77.30000305175781,77.4800033569336,77.1500015258789,77.43000030517578,68.2488021850586,10238.0
2019-04-29,77.66999816894531,77.7300033569336,77.5,77.62000274658203,68.41629028320312,10195.0
2019-04-30,77.41999816894531,77.41999816894531,76.97000122070312,77.2699966430664,68.1077880859375,18726.0
2019-05-02,77.23999786376953,77.33999633789062,76.76000213623047,76.88999938964844,67.7728500366211,17782.0
2019-05-03,77.41000366210938,77.61000061035156,77.18000030517578,77.5199966430664,68.32815551757812,8761.0
2019-05-06,76.16000366210938,76.8499984741211,76.08999633789062,76.83000183105469,67.71996307373047,24370.0
2019-05-07,76.94999694824219,76.94999694824219,75.87999725341797,76.08999633789062,67.06769561767578,14060.0
2019-05-08,75.94999694824219,76.08999633789062,75.41000366210938,75.91999816894531,66.91783905029297,20793.0
2019-05-09,75.30999755859375,75.4000015258789,74.25,74.44000244140625,65.61334991455078,13870.0
2019-05-10,75.16999816894531,75.37999725341797,74.19999694824219,74.33000183105469,65.51640319824219,16917.0
2019-05-13,74.87000274658203,74.87000274658203,73.56999969482422,73.69999694824219,64.96109008789062,14583.0
2019-05-14,74.0199966430664,74.69999694824219,73.8499984741211,74.68000030517578,65.82490539550781,41225.0
2019-05-15,74.91999816894531,75.25,74.19999694824219,74.94999694824219,66.06287384033203,11077.0
2019-05-16,74.8499984741211,75.94999694824219,74.6500015258789,75.88999938964844,66.89142608642578,12639.0
2019-05-17,75.4800033569336,75.70999908447266,74.94999694824219,75.5,66.54765319824219,38880.0
2019-05-20,75.54000091552734,75.54000091552734,74.4800033569336,74.77999877929688,65.91304779052734,9949.0
2019-05-21,75.27999877929688,75.37999725341797,74.9000015258789,75.23999786376953,66.31848907470703,4490.0
2019-05-22,75.23999786376953,75.36000061035156,74.87999725341797,75.2300033569336,66.30968475341797,15491.0
2019-05-23,74.9000015258789,74.9000015258789,74.12000274658203,74.18000030517578,65.38418579101562,6831.0
2019-05-24,74.30000305175781,74.70999908447266,74.0999984741211,74.18000030517578,65.38418579101562,24438.0
2019-05-27,74.58000183105469,74.6500015258789,74.30999755859375,74.44000244140625,65.61334991455078,7202.0
2019-05-28,74.66000366210938,74.72000122070312,74.23999786376953,74.41999816894531,65.59573364257812,17512.0
2019-05-29,73.9000015258789,73.9000015258789,73.55000305175781,73.62999725341797,64.8993911743164,10135.0
2019-05-30,73.9800033569336,74.2300033569336,73.8499984741211,73.94000244140625,65.17264556884766,4287.0
2019-05-31,73.30999755859375,73.48999786376953,72.9000015258789,73.37000274658203,64.67022705078125,23068.0
2019-06-03,73.11000061035156,73.2300033569336,72.66000366210938,73.0999984741211,64.43224334716797,11563.0
2019-06-04,72.7300033569336,73.54000091552734,72.5,73.47000122070312,64.75836181640625,12677.0
2019-06-05,73.79000091552734,74.16000366210938,73.5999984741211,73.88999938964844,65.12858581542969,7988.0
2019-06-06,74.27999877929688,74.54000091552734,73.87999725341797,74.02999877929688,65.25196838378906,7666.0
2019-06-07,74.58000183105469,74.91999816894531,74.19999694824219,74.7699966430664,65.90421295166016,10382.0
2019-06-10,75.0,75.45999908447266,75.0,75.43000030517578,66.4859619140625,3005.0
2019-06-11,75.38999938964844,75.83999633789062,75.37000274658203,75.4800033569336,66.53003692626953,5365.0
2019-06-12,75.06999969482422,75.19000244140625,74.9000015258789,75.06999969482422,66.16864776611328,7748.0
2019-06-13,75.16999816894531,75.5,74.93000030517578,75.3499984741211,66.41545867919922,8157.0
2019-06-14,75.3499984741211,75.52999877929688,75.13999938964844,75.43000030517578,66.4859619140625,5786.0
2019-06-17,75.7699966430664,75.7699966430664,75.4000015258789,75.48999786376953,66.53885650634766,7031.0
2019-06-18,75.44999694824219,76.87999725341797,75.33000183105469,76.72000122070312,67.62300109863281,13473.0
2019-06-19,76.73999786376953,76.8499984741211,76.56999969482422,76.69999694824219,67.60537719726562,7378.0
2019-06-20,77.0,77.2699966430664,76.69999694824219,77.0199966430664,67.88741302490234,61140.0
2019-06-21,77.16000366210938,77.16000366210938,76.58999633789062,76.9000015258789,67.78166198730469,24894.0
2019-06-24,76.56999969482422,76.5999984741211,76.20999908447266,76.41000366210938,67.34976196289062,12286.0
2019-06-25,76.19999694824219,76.27999877929688,75.94999694824219,76.05000305175781,67.03244018554688,6979.0
2019-06-26,75.9800033569336,76.25,75.75,75.88999938964844,66.89142608642578,13051.0
2019-06-27,75.62999725341797,75.69999694824219,75.1500015258789,75.37000274658203,66.93514251708984,9639.0
2019-06-28,75.44999694824219,75.72000122070312,75.44999694824219,75.72000122070312,67.24597930908203,87467.0
2019-07-01,77.47000122070312,77.47000122070312,76.69999694824219,76.83999633789062,68.24063110351562,26479.0
2019-07-02,76.98999786376953,77.0,76.69999694824219,76.93000030517578,68.32054901123047,12371.0
2019-07-03,77.0999984741211,77.5,77.0999984741211,77.5,68.8267593383789,18386.0
2019-07-04,77.6500015258789,77.91000366210938,77.5999984741211,77.83999633789062,69.12872314453125,18118.0
2019-07-05,77.80000305175781,77.80000305175781,77.30000305175781,77.55999755859375,68.88005828857422,9924.0
2019-07-08,77.44999694824219,77.61000061035156,77.33000183105469,77.41000366210938,68.74684143066406,8801.0
2019-07-09,77.23999786376953,77.3499984741211,77.0,77.30000305175781,68.64915466308594,8383.0
2019-07-10,77.22000122070312,77.79000091552734,77.0999984741211,77.36000061035156,68.70244598388672,5297.0
2019-07-11,77.58999633789062,77.77999877929688,77.37000274658203,77.5199966430664,68.84452819824219,15634.0
2019-07-12,77.54000091552734,77.75,77.5199966430664,77.62000274658203,68.93333435058594,31424.0
2019-07-15,77.69999694824219,77.8499984741211,77.55000305175781,77.7300033569336,69.03103637695312,7879.0
2019-07-16,77.81999969482422,78.13999938964844,77.73999786376953,78.04000091552734,69.30635070800781,48272.0
2019-07-17,78.0199966430664,78.0199966430664,77.51000213623047,77.5999984741211,68.91558837890625,7820.0
2019-07-18,77.2699966430664,77.5,77.02999877929688,77.20999908447266,68.56922912597656,14097.0
2019-07-19,77.58000183105469,77.95999908447266,77.56999969482422,77.76000213623047,69.05765533447266,7789.0
2019-07-22,77.37999725341797,77.61000061035156,77.3499984741211,77.4800033569336,68.80900573730469,15916.0
2019-07-23,77.93000030517578,78.20999908447266,77.80000305175781,78.0199966430664,69.28856658935547,151788.0
2019-07-24,78.26000213623047,78.5,78.13999938964844,78.44000244140625,69.66159057617188,6193.0
2019-07-25,78.7699966430664,79.23999786376953,77.88999938964844,78.2300033569336,69.47506713867188,13720.0
2019-07-26,78.31999969482422,78.66000366210938,78.30000305175781,78.66000366210938,69.85694885253906,7268.0
2019-07-29,78.4800033569336,78.77999877929688,78.44000244140625,78.48999786376953,69.70598602294922,24199.0
2019-07-30,78.52999877929688,78.55000305175781,77.80000305175781,78.05000305175781,69.3152084350586,21666.0
2019-07-31,78.0,78.22000122070312,77.97000122070312,78.16000366210938,69.41290283203125,13820.0
2019-08-01,77.9800033569336,78.61000061035156,77.94999694824219,78.55999755859375,69.76814270019531,14443.0
2019-08-02,76.8499984741211,77.02999877929688,75.9800033569336,76.12000274658203,67.6012191772461,34121.0
2019-08-05,75.45999908447266,75.54000091552734,73.93000030517578,74.11000061035156,65.81614685058594,26691.0
2019-08-06,73.72000122070312,74.5,73.5,73.68000030517578,65.43426513671875,29566.0
2019-08-07,74.08999633789062,74.73999786376953,73.05000305175781,73.80999755859375,65.54972839355469,25744.0
2019-08-08,74.75,75.37999725341797,74.45999908447266,75.37999725341797,66.94403076171875,41648.0
2019-08-09,75.5,75.55000305175781,74.62000274658203,74.80999755859375,66.43781280517578,15648.0
2019-08-12,75.4800033569336,75.63999938964844,74.3499984741211,74.36000061035156,66.03815460205078,26605.0
2019-08-13,74.19999694824219,75.66000366210938,73.80000305175781,75.13999938964844,66.73088073730469,29712.0
2019-08-14,75.22000122070312,75.23999786376953,73.76000213623047,74.05000305175781,65.76287078857422,16659.0
2019-08-15,74.13999938964844,74.16999816894531,73.01000213623047,74.0,65.71846771240234,39399.0
2019-08-16,74.37000274658203,75.05000305175781,74.37000274658203,75.0199966430664,66.62430572509766,12373.0
2019-08-19,75.72000122070312,75.95999908447266,75.47000122070312,75.83999633789062,67.3525390625,30321.0
2019-08-20,76.0,76.12999725341797,75.5,75.66999816894531,67.20156860351562,33007.0
2019-08-21,75.66999816894531,76.08999633789062,75.5999984741211,76.01000213623047,67.5035171508789,20922.0
2019-08-22,75.94999694824219,76.19999694824219,75.52999877929688,75.66999816894531,67.20156860351562,8347.0
2019-08-23,76.22000122070312,76.29000091552734,74.51000213623047,74.58000183105469,66.23355102539062,51816.0
2019-08-26,74.44999694824219,75.0999984741211,74.19999694824219,74.69999694824219,66.3401107788086,8874.0
2019-08-27,74.66999816894531,75.38999938964844,74.58999633789062,75.0199966430664,66.62430572509766,6617.0
2019-08-28,74.8499984741211,75.18000030517578,74.44000244140625,75.12000274658203,66.7131118774414,13634.0
2019-08-29,75.05000305175781,76.1500015258789,75.05000305175781,76.12000274658203,67.6012191772461,25262.0
2019-08-30,76.22000122070312,76.87000274658203,76.22000122070312,76.62999725341797,68.05413055419922,8116.0
2019-09-02,76.5999984741211,76.97000122070312,76.58000183105469,76.7300033569336,68.1429214477539,9396.0
2019-09-03,76.58000183105469,76.79000091552734,76.19999694824219,76.52999877929688,67.96532440185547,15313.0
2019-09-04,77.05000305175781,77.30999755859375,76.77999877929688,76.9800033569336,68.36495208740234,19780.0
2019-09-05,77.56999969482422,77.88999938964844,77.30000305175781,77.8499984741211,69.13760375976562,14631.0
2019-09-06,77.91999816894531,78.18000030517578,77.72000122070312,77.95999908447266,69.23528289794922,13708.0
2019-09-09,78.31999969482422,78.4000015258789,77.94999694824219,78.01000213623047,69.27971649169922,6421.0
2019-09-10,77.87000274658203,78.0,77.6500015258789,77.72000122070312,69.02215576171875,9271.0
2019-09-11,78.16000366210938,78.77999877929688,78.16000366210938,78.76000213623047,69.94576263427734,21554.0
2019-09-12,79.01000213623047,79.70999908447266,78.73999786376953,78.98999786376953,70.15000915527344,69657.0
2019-09-13,78.83000183105469,79.12999725341797,78.7300033569336,79.04000091552734,70.19440460205078,12699.0
2019-09-16,78.61000061035156,79.19999694824219,78.47000122070312,79.06999969482422,70.22106170654297,12116.0
2019-09-17,78.87000274658203,78.94999694824219,78.5999984741211,78.69000244140625,69.88361358642578,14460.0
2019-09-18,78.72000122070312,78.83000183105469,78.61000061035156,78.61000061035156,69.81255340576172,3230.0
2019-09-19,78.55999755859375,79.19000244140625,78.55999755859375,79.19000244140625,70.32763671875,29908.0
2019-09-20,79.0,79.41999816894531,78.87000274658203,79.36000061035156,70.47859191894531,23445.0
2019-09-23,79.13999938964844,79.20999908447266,78.72000122070312,78.87999725341797,70.05233764648438,47828.0
2019-09-24,79.18000030517578,79.30000305175781,78.83000183105469,78.83000183105469,70.00792694091797,11032.0
2019-09-25,78.4000015258789,78.72000122070312,77.93000030517578,78.66000366210938,69.85694885253906,44161.0
2019-09-26,78.4000015258789,78.94999694824219,78.37000274658203,78.44999694824219,70.0088119506836,9128.0
2019-09-27,78.83999633789062,79.0,78.5,78.72000122070312,70.2497787475586,17130.0
2019-09-30,78.44999694824219,78.80000305175781,78.41000366210938,78.80000305175781,70.32115173339844,10703.0
2019-10-01,79.16000366210938,79.25,78.02999877929688,78.11000061035156,69.70539855957031,17861.0
2019-10-02,77.76000213623047,77.83000183105469,76.19000244140625,76.19000244140625,67.99200439453125,26175.0
2019-10-03,76.4000015258789,76.58999633789062,75.5,76.20999908447266,68.00984191894531,41341.0
2019-10-04,76.5999984741211,77.22000122070312,76.4000015258789,77.19999694824219,68.89332580566406,13415.0
2019-10-07,77.19000244140625,77.48999786376953,77.1500015258789,77.48999786376953,69.15211486816406,14046.0
2019-10-08,77.44000244140625,77.4800033569336,76.44000244140625,76.52999877929688,68.29541778564453,21537.0
2019-10-09,76.41999816894531,77.0,76.41999816894531,76.79000091552734,68.52742767333984,17797.0
2019-10-10,76.68000030517578,77.44000244140625,76.4000015258789,77.3499984741211,69.02717590332031,13708.0
2019-10-11,77.51000213623047,78.4800033569336,77.5,78.4800033569336,70.03560638427734,39933.0
2019-10-14,78.08000183105469,78.1500015258789,77.5999984741211,78.05999755859375,69.66078186035156,15234.0
2019-10-15,78.33999633789062,78.81999969482422,78.26000213623047,78.68000030517578,70.21408081054688,11782.0
2019-10-16,78.55999755859375,78.83999633789062,78.37000274658203,78.44000244140625,69.99992370605469,18057.0
2019-10-17,78.31999969482422,78.55999755859375,78.19999694824219,78.20999908447266,69.79464721679688,11112.0
2019-10-18,78.12000274658203,78.19000244140625,77.87000274658203,77.87000274658203,69.49122619628906,10714.0
2019-10-21,77.9000015258789,78.30999755859375,77.8499984741211,78.29000091552734,69.86603546142578,12280.0
2019-10-22,78.36000061035156,78.61000061035156,78.23999786376953,78.45999908447266,70.01773834228516,13245.0
2019-10-23,78.18000030517578,78.47000122070312,78.0999984741211,78.44999694824219,70.0088119506836,14229.0
2019-10-24,78.55999755859375,78.94000244140625,78.4800033569336,78.94000244140625,70.44609832763672,64505.0
2019-10-25,78.83999633789062,79.29000091552734,78.5999984741211,79.27999877929688,70.74951171875,7876.0
2019-10-28,79.25,79.69000244140625,79.2300033569336,79.48999786376953,70.93692016601562,39476.0
2019-10-29,79.5199966430664,79.52999877929688,79.25,79.4800033569336,70.92800903320312,19369.0
2019-10-30,79.29000091552734,79.41999816894531,78.98999786376953,79.22000122070312,70.69597625732422,17960.0
2019-10-31,79.30000305175781,79.44999694824219,78.83000183105469,78.83000183105469,70.34793853759766,10418.0
2019-11-01,79.23999786376953,79.75,79.19000244140625,79.58000183105469,71.01724243164062,13025.0
2019-11-04,80.08999633789062,80.4000015258789,79.9800033569336,80.33000183105469,71.68653869628906,41088.0
2019-11-05,80.47000122070312,80.97000122070312,80.41000366210938,80.80999755859375,72.11487579345703,18933.0
2019-11-06,80.6500015258789,80.80000305175781,80.48999786376953,80.79000091552734,72.09703826904297,6529.0
2019-11-07,81.19000244140625,81.54000091552734,81.08000183105469,81.44000244140625,72.6771011352539,8671.0
2019-11-08,81.08999633789062,81.3499984741211,81.0,81.27999877929688,72.53430938720703,8538.0
2019-11-11,80.9800033569336,81.1500015258789,80.87000274658203,81.04000091552734,72.32012939453125,9326.0
2019-11-12,81.30000305175781,81.6500015258789,81.16000366210938,81.55000305175781,72.7752914428711,10361.0
2019-11-13,81.2699966430664,81.30999755859375,80.77999877929688,81.25,72.50753784179688,19919.0
2019-11-14,81.2300033569336,81.37999725341797,81.11000061035156,81.11000061035156,72.38260650634766,7933.0
2019-11-15,81.47000122070312,81.69999694824219,81.23999786376953,81.52999877929688,72.75741577148438,7305.0
2019-11-18,81.69999694824219,81.7300033569336,81.27999877929688,81.44999694824219,72.68603515625,11517.0
2019-11-19,81.68000030517578,81.91999816894531,81.25,81.41000366210938,72.65032958984375,11597.0
2019-11-20,81.18000030517578,81.4000015258789,81.0,81.30000305175781,72.55218505859375,13255.0
2019-11-21,80.83000183105469,81.0999984741211,80.6500015258789,80.9000015258789,72.1952133178711,12469.0
2019-11-22,81.16000366210938,81.69000244140625,81.16000366210938,81.30000305175781,72.55218505859375,12382.0
2019-11-25,81.79000091552734,82.19999694824219,81.77999877929688,82.1500015258789,73.31071472167969,14305.0
2019-11-26,82.12999725341797,82.20999908447266,82.0,82.18000030517578,73.33747100830078,20098.0
2019-11-27,82.52999877929688,82.63999938964844,82.41999816894531,82.55000305175781,73.66766357421875,13839.0
2019-11-28,82.38999938964844,82.55000305175781,82.30000305175781,82.5,73.623046875,9136.0
2019-11-29,82.38999938964844,82.51000213623047,82.0999984741211,82.0999984741211,73.26608276367188,12573.0
2019-12-02,82.33999633789062,82.5199966430664,80.87000274658203,80.88999938964844,72.18628692626953,20393.0
2019-12-03,81.16999816894531,81.2300033569336,80.0,80.1500015258789,71.5259017944336,20647.0
2019-12-04,80.38999938964844,81.19999694824219,80.36000061035156,81.1500015258789,72.4183120727539,32537.0
2019-12-05,81.26000213623047,81.4000015258789,80.9000015258789,80.97000122070312,72.2576675415039,21119.0
2019-12-06,81.2300033569336,82.2699966430664,81.19999694824219,82.20999908447266,73.36424255371094,21774.0
2019-12-09,82.06999969482422,82.11000061035156,81.83999633789062,81.94999694824219,73.13223266601562,12091.0
2019-12-10,81.75,81.80000305175781,81.12999725341797,81.66000366210938,72.87342071533203,9623.0
2019-12-11,81.77999877929688,81.88999938964844,81.55000305175781,81.73999786376953,72.94480895996094,7139.0
2019-12-12,81.56999969482422,82.30999755859375,81.25,81.97000122070312,73.39019012451172,25769.0
2019-12-13,82.2699966430664,82.58000183105469,81.94999694824219,82.12000274658203,73.52448272705078,20977.0
2019-12-16,82.56999969482422,83.05999755859375,82.5,83.0,74.31236267089844,45256.0
2019-12-17,82.94000244140625,82.97000122070312,82.6500015258789,82.81999969482422,74.15121459960938,9029.0
2019-12-18,82.9000015258789,83.19999694824219,82.9000015258789,83.05000305175781,74.35716247558594,14849.0
2019-12-19,83.05000305175781,83.19999694824219,82.9000015258789,83.19000244140625,74.48248291015625,25157.0
2019-12-20,83.25,83.97000122070312,83.25,83.97000122070312,75.18083953857422,10715.0
2019-12-23,83.86000061035156,84.12000274658203,83.80000305175781,83.88999938964844,75.10921478271484,19377.0
2019-12-24,84.0,84.12000274658203,83.81999969482422,83.98999786376953,75.19873809814453,8468.0
2019-12-27,84.27999877929688,84.30000305175781,83.75,83.88999938964844,75.10921478271484,15991.0
2019-12-30,83.69999694824219,83.73999786376953,83.01000213623047,83.05000305175781,74.35716247558594,24365.0
2019-12-31,83.05000305175781,83.12999725341797,82.77999877929688,82.81999969482422,74.15121459960938,11102.0
2020-01-02,83.52999877929688,84.16999816894531,83.52999877929688,83.83999633789062,75.06444549560547,19762.0
2020-01-03,83.61000061035156,83.9000015258789,83.29000091552734,83.75,74.9838638305664,20694.0
2020-01-06,83.3499984741211,83.48999786376953,82.77999877929688,83.45999908447266,74.7242202758789,30315.0
2020-01-07,83.80999755859375,84.06999969482422,83.6500015258789,83.94999694824219,75.16292572021484,27297.0
2020-01-08,83.63999938964844,84.23999786376953,83.52999877929688,84.20999908447266,75.3957290649414,33460.0
2020-01-09,84.83000183105469,84.95999908447266,84.69000244140625,84.83000183105469,75.95082092285156,25715.0
2020-01-10,85.2699966430664,85.2699966430664,84.83999633789062,84.83999633789062,75.95976257324219,21560.0
2020-01-13,84.86000061035156,85.0199966430664,84.6500015258789,84.79000091552734,75.91500854492188,28122.0
2020-01-14,84.87999725341797,85.25,84.69000244140625,85.08000183105469,76.1746597290039,12686.0
2020-01-15,85.05999755859375,85.1500015258789,84.73999786376953,85.0,76.10303497314453,15775.0
2020-01-16,85.20999908447266,85.41999816894531,85.08999633789062,85.38999938964844,76.45219421386719,8255.0
2020-01-17,85.72000122070312,86.18000030517578,85.69999694824219,86.04000091552734,77.03417205810547,26364.0
2020-01-20,86.04000091552734,86.16999816894531,85.95999908447266,86.13999938964844,77.12372589111328,12340.0
2020-01-21,85.56999969482422,85.91000366210938,85.37999725341797,85.87999725341797,76.89089965820312,28654.0
2020-01-22,86.19999694824219,86.3499984741211,85.95999908447266,86.05999755859375,77.05207824707031,14889.0
2020-01-23,85.7300033569336,85.87000274658203,85.36000061035156,85.61000061035156,76.6491928100586,13974.0
2020-01-24,86.25,86.54000091552734,86.0,86.05000305175781,77.0431137084961,33666.0
2020-01-27,84.63999938964844,84.77999877929688,83.8499984741211,84.11000061035156,75.30619812011719,60064.0
2020-01-28,84.5,85.05999755859375,84.05000305175781,84.98999786376953,76.09406280517578,25756.0
2020-01-29,85.18000030517578,85.5,84.94999694824219,85.2300033569336,76.30895233154297,18036.0
2020-01-30,84.04000091552734,84.45999908447266,83.80000305175781,84.0999984741211,75.2972183227539,28282.0
2020-01-31,84.5999984741211,84.5999984741211,83.0999984741211,83.1500015258789,74.4466552734375,15223.0
2020-02-03,83.5,84.38999938964844,83.19999694824219,83.72000122070312,74.95702362060547,27422.0
2020-02-04,84.43000030517578,85.36000061035156,84.30999755859375,85.36000061035156,76.42535400390625,36447.0
2020-02-05,85.04000091552734,86.30999755859375,85.0,86.08000183105469,77.06999206542969,26057.0
2020-02-06,86.7300033569336,86.87999725341797,86.30000305175781,86.70999908447266,77.634033203125,13289.0
2020-02-07,86.62999725341797,86.69999694824219,86.12000274658203,86.55000305175781,77.49078369140625,11034.0
2020-02-10,86.36000061035156,86.81999969482422,86.12000274658203,86.80999755859375,77.72358703613281,32332.0
2020-02-11,87.30000305175781,87.77999877929688,87.2699966430664,87.5199966430664,78.35926055908203,19400.0
2020-02-12,87.66999816894531,88.11000061035156,87.55000305175781,88.06999969482422,78.85169982910156,12680.0
2020-02-13,87.80000305175781,88.29000091552734,87.31999969482422,88.29000091552734,79.04866790771484,13626.0
2020-02-14,88.36000061035156,88.48999786376953,88.0199966430664,88.23999786376953,79.00389099121094,22554.0
2020-02-17,88.51000213623047,88.5999984741211,88.37999725341797,88.55999755859375,79.2903823852539,21889.0
2020-02-18,87.9000015258789,88.36000061035156,87.7300033569336,87.94999694824219,78.74425506591797,88636.0
2020-02-19,88.55999755859375,88.86000061035156,88.4000015258789,88.83999633789062,79.54109954833984,17376.0
2020-02-20,88.80000305175781,88.80000305175781,87.69999694824219,87.69999694824219,78.5204086303711,27466.0
2020-02-21,87.68000030517578,87.94999694824219,86.8499984741211,87.19999694824219,78.07276153564453,20335.0
2020-02-24,85.63999938964844,85.79000091552734,84.0999984741211,84.31999969482422,75.49421691894531,64884.0
2020-02-25,85.0,85.01000213623047,82.80000305175781,83.11000061035156,74.41085052490234,61681.0
2020-02-26,82.52999877929688,83.2300033569336,80.8499984741211,82.9000015258789,74.22282409667969,42654.0
2020-02-27,81.1500015258789,81.26000213623047,78.31999969482422,79.5199966430664,71.19661712646484,53972.0
2020-02-28,76.86000061035156,77.1500015258789,75.16999816894531,76.36000061035156,68.36740112304688,106679.0
2020-03-02,77.80999755859375,78.36000061035156,75.25,77.19999694824219,69.11944580078125,120240.0
2020-03-03,78.58000183105469,79.94000244140625,77.80000305175781,77.9800033569336,69.81781005859375,118897.0
2020-03-04,77.87000274658203,79.16000366210938,77.62999725341797,78.69000244140625,70.45349884033203,138428.0
2020-03-05,79.16000366210938,79.36000061035156,77.4000015258789,78.16000366210938,69.9789810180664,60442.0
2020-03-06,76.2699966430664,76.47000122070312,73.83000183105469,74.7300033569336,66.90799713134766,101338.0
2020-03-09,70.47000122070312,71.52999877929688,68.08000183105469,69.80000305175781,62.494014739990234,163604.0
2020-03-10,70.80000305175781,72.69999694824219,68.9000015258789,69.6500015258789,62.35972595214844,110921.0
2020-03-11,70.55999755859375,71.43000030517578,69.5199966430664,69.9000015258789,62.583560943603516,81979.0
2020-03-12,66.4800033569336,66.73999786376953,63.0099983215332,63.79999923706055,57.122032165527344,131748.0
2020-03-13,65.52999877929688,67.5199966430664,63.40999984741211,64.66999816894531,57.900978088378906,115677.0
2020-03-16,63.0,63.689998626708984,59.209999084472656,62.41999816894531,55.886478424072266,128395.0
2020-03-17,63.47999954223633,64.5,60.29999923706055,63.709999084472656,57.04146194458008,84169.0
2020-03-18,61.29999923706055,62.290000915527344,59.86000061035156,61.040000915527344,54.65093994140625,59075.0
2020-03-19,61.27000045776367,63.33000183105469,59.91999816894531,62.36000061035156,55.8327522277832,44701.0
2020-03-20,64.77999877929688,65.70999908447266,62.349998474121094,62.810001373291016,56.23565673828125,60010.0
2020-03-23,59.29999923706055,62.810001373291016,58.400001525878906,59.279998779296875,53.07514953613281,102335.0
2020-03-24,61.75,64.18000030517578,61.380001068115234,64.18000030517578,57.46226501464844,69095.0
2020-03-25,65.23999786376953,66.29000091552734,63.5,66.0,59.09176254272461,91069.0
2020-03-26,63.72999954223633,66.7699966430664,63.20000076293945,66.69999694824219,60.05550765991211,122310.0
2020-03-27,66.12999725341797,66.30000305175781,64.55000305175781,64.86000061035156,58.39881134033203,56608.0
2020-03-30,65.08000183105469,66.19999694824219,63.900001525878906,66.19999694824219,59.605316162109375,61091.0
2020-03-31,66.9000015258789,67.29000091552734,66.0,67.19999694824219,60.50569534301758,144059.0
2020-04-01,64.44999694824219,65.0999984741211,64.06999969482422,64.5999984741211,58.16470718383789,72534.0
2020-04-02,64.83000183105469,65.5999984741211,63.7400016784668,65.19999694824219,58.70493698120117,53537.0
2020-04-03,65.19999694824219,66.0,64.8499984741211,65.01000213623047,58.53386688232422,26767.0
2020-04-06,67.18000030517578,67.88999938964844,66.94999694824219,67.80000305175781,61.04591751098633,64476.0
2020-04-07,69.52999877929688,70.47000122070312,69.0,69.7699966430664,62.8196907043457,93488.0
2020-04-08,68.6500015258789,69.56999969482422,68.0199966430664,69.56999969482422,62.63960266113281,52386.0
2020-04-09,70.66000366210938,71.36000061035156,69.5,70.9000015258789,63.83710861206055,104620.0
2020-04-14,71.41000366210938,71.97000122070312,71.0,71.44999694824219,64.33232879638672,60363.0
2020-04-15,71.55000305175781,71.63999938964844,70.0,70.22000122070312,63.224857330322266,42628.0
2020-04-16,71.19999694824219,71.27999877929688,70.16000366210938,71.01000213623047,63.936161041259766,31411.0
2020-04-17,72.77999877929688,73.29000091552734,71.83999633789062,72.0,64.8275375366211,37379.0
2020-04-20,72.5,72.5999984741211,71.45999908447266,72.52999877929688,65.30474090576172,44126.0
2020-04-21,71.73999786376953,71.76000213623047,69.66999816894531,69.73999786376953,62.79267883300781,48289.0
2020-04-22,70.5,71.37000274658203,70.37000274658203,71.37000274658203,64.26029205322266,71736.0
2020-04-23,71.79000091552734,72.58999633789062,71.37999725341797,72.2699966430664,65.07063293457031,30618.0
2020-04-24,71.58999633789062,72.19000244140625,71.4000015258789,71.48999786376953,64.36834716796875,30029.0
2020-04-27,72.58999633789062,73.0999984741211,72.52999877929688,73.0999984741211,65.81796264648438,21356.0
2020-04-28,73.2699966430664,74.26000213623047,73.1500015258789,73.66000366210938,66.32219696044922,28407.0
2020-04-29,73.87000274658203,75.0,73.75,74.95999908447266,67.49266052246094,30105.0
2020-04-30,75.22000122070312,75.43000030517578,73.58000183105469,73.5999984741211,66.26815032958984,37278.0
2020-05-04,71.18000030517578,71.55000305175781,70.62000274658203,71.26000213623047,64.16126251220703,86064.0
2020-05-05,72.45999908447266,73.44000244140625,72.25,73.38999938964844,66.07906341552734,15841.0
2020-05-06,73.55000305175781,74.0,72.94999694824219,73.12999725341797,65.84497833251953,24650.0
2020-05-07,73.33000183105469,74.0,73.33000183105469,73.87000274658203,66.5112533569336,15512.0
2020-05-08,74.27999877929688,74.48999786376953,74.05999755859375,74.37999725341797,66.97045135498047,19651.0
2020-05-11,74.93000030517578,75.22000122070312,73.9800033569336,74.58999633789062,67.15953063964844,25766.0
2020-05-12,74.33999633789062,74.87000274658203,74.19000244140625,74.5,67.0784912109375,22172.0
2020-05-13,73.5199966430664,73.73999786376953,72.83999633789062,72.87000274658203,65.61087799072266,33894.0
2020-05-14,72.4000015258789,72.55000305175781,71.11000061035156,72.06999969482422,64.89056396484375,38610.0
2020-05-15,73.27999877929688,73.30000305175781,72.04000091552734,72.48999786376953,65.26873016357422,19220.0
2020-05-18,73.7300033569336,75.0,73.66000366210938,74.98999786376953,67.51968383789062,25633.0
2020-05-19,74.94000244140625,75.0,74.08000183105469,74.75,67.30359649658203,10426.0
2020-05-20,74.3499984741211,75.08999633789062,74.13999938964844,75.05999755859375,67.58271026611328,27421.0
2020-05-21,74.36000061035156,74.87999725341797,74.1500015258789,74.3499984741211,66.94342041015625,8832.0
2020-05-22,73.75,74.5999984741211,73.41999816894531,74.3499984741211,66.94342041015625,33308.0
2020-05-25,75.0999984741211,75.72000122070312,75.0,75.69000244140625,68.14995574951172,17989.0
2020-05-26,76.27999877929688,76.33000183105469,75.75,75.87000274658203,68.3120346069336,28100.0
2020-05-27,76.11000061035156,76.69000244140625,75.0,75.5999984741211,68.06889343261719,23406.0
2020-05-28,76.38999938964844,76.69999694824219,76.23999786376953,76.4800033569336,68.86127471923828,21668.0
2020-05-29,75.63999938964844,75.72000122070312,75.0199966430664,75.12000274658203,67.63672637939453,30995.0
2020-06-01,76.41999816894531,76.5199966430664,75.69999694824219,76.37000274658203,68.76219940185547,21825.0
2020-06-02,76.62999725341797,77.06999969482422,76.54000091552734,76.76000213623047,69.11336517333984,30378.0
2020-06-03,77.25,78.06999969482422,77.19000244140625,78.05999755859375,70.28385162353516,31628.0
2020-06-04,77.79000091552734,78.0,77.08000183105469,77.22000122070312,69.52752685546875,36233.0
2020-06-05,77.51000213623047,79.41000366210938,77.47000122070312,79.41000366210938,71.4993896484375,37783.0
2020-06-08,78.93000030517578,79.5999984741211,78.79000091552734,79.45999908447266,71.54439544677734,41200.0
2020-06-09,79.94999694824219,79.97000122070312,78.62999725341797,78.91999816894531,71.05819702148438,44895.0
2020-06-10,79.33999633789062,79.5,78.44000244140625,78.81999969482422,70.96814727783203,22702.0
2020-06-11,76.9800033569336,77.0,75.45999908447266,75.45999908447266,68.23281860351562,29062.0
2020-06-12,74.9800033569336,76.3499984741211,74.91000366210938,75.43000030517578,68.2056884765625,26719.0
2020-06-15,73.66000366210938,75.04000091552734,73.4000015258789,74.8499984741211,67.68124389648438,33530.0
2020-06-16,76.30000305175781,78.0,76.29000091552734,77.25,69.85139465332031,31481.0
2020-06-17,77.43000030517578,78.1500015258789,77.37000274658203,77.72000122070312,70.27637481689453,25748.0
2020-06-18,77.30999755859375,77.70999908447266,76.9000015258789,77.4800033569336,70.0593490600586,22554.0
2020-06-19,77.86000061035156,78.43000030517578,77.80000305175781,78.08000183105469,70.60189819335938,19887.0
2020-06-22,77.20999908447266,77.61000061035156,76.88999938964844,77.22000122070312,69.82424926757812,19688.0
2020-06-23,77.58000183105469,78.12000274658203,77.5199966430664,77.94999694824219,70.48433685302734,21995.0
2020-06-24,77.5199966430664,77.76000213623047,76.05000305175781,76.05999755859375,68.77535247802734,31238.0
2020-06-25,75.87000274658203,76.5999984741211,75.38999938964844,76.36000061035156,69.046630859375,45889.0
2020-06-26,77.0999984741211,77.30000305175781,75.88999938964844,76.0,68.72107696533203,21168.0
2020-06-29,75.5999984741211,76.23999786376953,75.12999725341797,76.0999984741211,68.81153106689453,23477.0
2020-06-30,76.5199966430664,76.80999755859375,76.0999984741211,76.62999725341797,69.2907485961914,21652.0
2020-07-01,77.0,77.5,76.62999725341797,77.04000091552734,69.66148376464844,22751.0
2020-07-02,77.54000091552734,78.61000061035156,77.5199966430664,78.37000274658203,70.86410522460938,18613.0
2020-07-03,78.51000213623047,78.66999816894531,77.83000183105469,77.95999908447266,70.49337768554688,27636.0
2020-07-06,78.77999877929688,79.16999816894531,78.75,79.12999725341797,71.55132293701172,22855.0
2020-07-07,78.7699966430664,79.12999725341797,78.44000244140625,78.98999786376953,71.42473602294922,18950.0
2020-07-08,78.4000015258789,78.87000274658203,78.12000274658203,78.25,70.75560760498047,14979.0
2020-07-09,78.62000274658203,78.98999786376953,77.80000305175781,78.0199966430664,70.54762268066406,28085.0
2020-07-10,78.0999984741211,78.68000030517578,78.0199966430664,78.55999755859375,71.03589630126953,30127.0
2020-07-13,79.44000244140625,79.80000305175781,79.16000366210938,79.75,72.1119384765625,36638.0
2020-07-14,78.52999877929688,78.61000061035156,77.44000244140625,78.25,70.75560760498047,32796.0
2020-07-15,79.05000305175781,79.75,78.88999938964844,79.33000183105469,71.73217010498047,42032.0
2020-07-16,78.86000061035156,78.97000122070312,78.58999633789062,78.75,71.20771789550781,30266.0
2020-07-17,79.11000061035156,79.20999908447266,78.69999694824219,79.01000213623047,71.44281768798828,20289.0
2020-07-20,78.56999969482422,79.54000091552734,78.43000030517578,79.44999694824219,71.84066772460938,41551.0
2020-07-21,80.06999969482422,80.63999938964844,79.88999938964844,80.02999877929688,72.3651123046875,25997.0
2020-07-22,79.4800033569336,79.62000274658203,78.77999877929688,79.05000305175781,71.4789810180664,18819.0
2020-07-23,79.45999908447266,79.7300033569336,79.05000305175781,79.19999694824219,71.61460876464844,15726.0
2020-07-24,77.75,78.19999694824219,77.5,77.72000122070312,70.27637481689453,33261.0
2020-07-27,77.54000091552734,77.80000305175781,77.2300033569336,77.31999969482422,69.9146728515625,21526.0
2020-07-28,77.70999908447266,78.0,77.33000183105469,77.75,70.30349731445312,16421.0
2020-07-29,77.51000213623047,77.77999877929688,77.3499984741211,77.68000030517578,70.24020385742188,12605.0
2020-07-30,77.62000274658203,77.66000366210938,76.30000305175781,76.94000244140625,69.5710678100586,26228.0
2020-07-31,76.75,77.19000244140625,76.20999908447266,76.54000091552734,69.20939636230469,32798.0
2020-08-03,77.38999938964844,78.25,77.02999877929688,78.1500015258789,70.6651840209961,37948.0
2020-08-04,78.41000366210938,78.4800033569336,77.80000305175781,78.20999908447266,70.71943664550781,24715.0
2020-08-05,78.43000030517578,78.6500015258789,78.11000061035156,78.2300033569336,70.73751068115234,13149.0
2020-08-06,78.2300033569336,78.5999984741211,77.93000030517578,78.26000213623047,70.76463317871094,9784.0
2020-08-07,78.44999694824219,78.95999908447266,78.25,78.77999877929688,71.23483276367188,8541.0
2020-08-10,79.0,79.25,78.68000030517578,78.9800033569336,71.41567993164062,21704.0
2020-08-11,79.69999694824219,80.0199966430664,79.5,79.75,72.1119384765625,58615.0
2020-08-12,79.66999816894531,80.08999633789062,79.61000061035156,80.01000213623047,72.34703826904297,19188.0
2020-08-13,79.75,79.94000244140625,79.5,79.77999877929688,72.13905334472656,13861.0
2020-08-14,79.75,79.76000213623047,79.05000305175781,79.54000091552734,71.92205047607422,12236.0
2020-08-17,79.48999786376953,79.68000030517578,79.25,79.62999725341797,72.00343322753906,16932.0
2020-08-18,79.3499984741211,79.7699966430664,78.94000244140625,79.30999755859375,71.71408081054688,9381.0
2020-08-19,79.30000305175781,79.75,79.26000213623047,79.72000122070312,72.0848159790039,23910.0
2020-08-20,78.97000122070312,79.3499984741211,78.9000015258789,79.23999786376953,71.65077209472656,13817.0
2020-08-21,79.58999633789062,79.9800033569336,79.37000274658203,79.80999755859375,72.16617584228516,18969.0
2020-08-24,80.41000366210938,80.6500015258789,80.30999755859375,80.5999984741211,72.88054656982422,21943.0
2020-08-25,81.1500015258789,81.29000091552734,80.55000305175781,80.69000244140625,72.9619140625,17597.0
2020-08-26,80.88999938964844,81.3499984741211,80.83000183105469,81.30000305175781,73.51349639892578,11851.0
2020-08-27,81.5,81.97000122070312,81.30000305175781,81.76000213623047,73.92943572998047,15803.0
2020-08-28,81.55999755859375,81.55999755859375,81.05000305175781,81.19999694824219,73.42306518554688,19492.0
2020-08-31,81.68000030517578,81.69999694824219,80.5999984741211,80.68000030517578,72.952880859375,30727.0
2020-09-01,81.0199966430664,81.30000305175781,80.43000030517578,81.0,73.24222564697266,26886.0
2020-09-02,82.0,82.6500015258789,81.98999786376953,82.37000274658203,74.48100280761719,37474.0
2020-09-03,83.16999816894531,83.26000213623047,80.4000015258789,80.9000015258789,73.15180969238281,36282.0
2020-09-04,80.16000366210938,81.27999877929688,78.69000244140625,79.4000015258789,71.79547119140625,44740.0
2020-09-07,79.7699966430664,80.5999984741211,79.44999694824219,80.45999908447266,72.7539291381836,19910.0
2020-09-08,80.62999725341797,80.73999786376953,78.69999694824219,79.16000366210938,71.5784683227539,14478.0
2020-09-09,79.04000091552734,80.08999633789062,78.95999908447266,79.93000030517578,72.27471160888672,34483.0
2020-09-10,80.19999694824219,80.19999694824219,79.2699966430664,79.61000061035156,71.98534393310547,25196.0
2020-09-11,79.44999694824219,79.63999938964844,78.9000015258789,79.2300033569336,71.6417465209961,10913.0
2020-09-14,79.80000305175781,79.98999786376953,79.3499984741211,79.87999725341797,72.22949981689453,12129.0
2020-09-15,79.91999816894531,80.66000366210938,79.69000244140625,80.55999755859375,72.84437561035156,19703.0
2020-09-16,80.62000274658203,80.87000274658203,80.5,80.86000061035156,73.11566162109375,8870.0
2020-09-17,79.58000183105469,80.18000030517578,79.31999969482422,79.9000015258789,72.24755859375,15971.0
2020-09-18,79.76000213623047,80.05999755859375,79.20999908447266,79.20999908447266,71.62367248535156,11355.0
2020-09-21,78.70999908447266,78.77999877929688,77.41000366210938,77.58000183105469,70.14977264404297,39660.0
2020-09-22,78.23999786376953,78.79000091552734,78.1500015258789,78.38999938964844,70.8822021484375,23102.0
2020-09-23,79.20999908447266,79.61000061035156,78.93000030517578,78.9800033569336,71.41567993164062,42658.0
2020-09-24,77.44000244140625,77.83000183105469,77.02999877929688,77.66999816894531,70.58016204833984,24441.0
2020-09-25,77.70999908447266,78.12000274658203,77.05000305175781,78.11000061035156,70.97999572753906,15087.0
2020-09-28,79.20999908447266,79.7300033569336,78.94999694824219,79.68000030517578,72.40669250488281,20313.0
2020-09-29,79.62000274658203,79.62000274658203,78.87000274658203,79.0,71.78876495361328,10786.0
2020-09-30,78.61000061035156,79.7699966430664,78.48999786376953,79.56999969482422,72.3067398071289,20866.0
2020-10-01,79.9800033569336,80.08999633789062,79.4800033569336,79.80000305175781,72.51575469970703,30643.0
2020-10-02,78.83000183105469,79.69999694824219,78.62000274658203,79.51000213623047,72.25223541259766,24053.0
2020-10-05,79.87000274658203,80.04000091552734,79.56999969482422,79.95999908447266,72.6611328125,20935.0
2020-10-06,80.13999938964844,80.44000244140625,79.9000015258789,80.23999786376953,72.91558837890625,14705.0
2020-10-07,80.08999633789062,80.4800033569336,80.0,80.44000244140625,73.0973129272461,15999.0
2020-10-08,80.98999786376953,81.3499984741211,80.80000305175781,81.04000091552734,73.64253997802734,17493.0
2020-10-09,81.33999633789062,81.4800033569336,81.06999969482422,81.37000274658203,73.94242095947266,12892.0
2020-10-12,81.63999938964844,82.48999786376953,81.63999938964844,82.41999816894531,74.89659118652344,24268.0
2020-10-13,82.47000122070312,82.70999908447266,82.2699966430664,82.63999938964844,75.09648132324219,16364.0
2020-10-14,82.5999984741211,82.88999938964844,82.30000305175781,82.37000274658203,74.85114288330078,11564.0
2020-10-15,81.55000305175781,81.61000061035156,80.94999694824219,81.44999694824219,74.01513671875,22030.0
2020-10-16,81.86000061035156,82.44999694824219,81.7300033569336,82.1500015258789,74.6512451171875,10592.0
2020-10-19,82.44999694824219,82.58000183105469,81.30000305175781,81.47000122070312,74.0333023071289,4303.0
2020-10-20,81.12000274658203,81.4000015258789,80.6500015258789,80.75,73.37903594970703,20888.0
2020-10-21,80.87999725341797,80.94000244140625,80.20999908447266,80.4000015258789,73.06098175048828,12910.0
2020-10-22,80.05999755859375,80.73999786376953,79.94999694824219,80.41999816894531,73.07915496826172,22578.0
2020-10-23,81.0,81.18000030517578,80.56999969482422,80.69000244140625,73.32450866699219,19227.0
2020-10-26,80.11000061035156,80.44000244140625,79.5199966430664,79.5199966430664,72.26129913330078,31858.0
2020-10-27,79.8499984741211,80.05000305175781,79.45999908447266,79.55999755859375,72.29766082763672,29912.0
2020-10-28,79.26000213623047,79.26000213623047,77.68000030517578,77.94999694824219,70.83460998535156,37635.0
2020-10-29,78.37999725341797,78.66000366210938,77.56999969482422,78.4800033569336,71.31624603271484,32068.0
2020-10-30,77.48999786376953,78.43000030517578,77.1500015258789,77.88999938964844,70.78009033203125,26125.0
2020-11-02,78.23999786376953,79.30999755859375,78.08999633789062,78.97000122070312,71.76152801513672,40322.0
2020-11-03,79.36000061035156,80.13999938964844,79.19999694824219,80.13999938964844,72.82471466064453,18172.0
2020-11-04,79.87999725341797,81.94999694824219,79.5,81.94999694824219,74.4695053100586,29026.0
2020-11-05,82.23999786376953,82.7699966430664,82.05000305175781,82.56999969482422,75.03288269042969,30203.0
2020-11-06,82.2300033569336,82.43000030517578,81.41000366210938,82.08999633789062,74.59671020507812,15132.0
2020-11-09,83.0,85.79000091552734,83.0,84.87999725341797,77.13204193115234,80077.0
2020-11-10,83.91000366210938,84.23999786376953,83.2300033569336,83.75,76.10518646240234,75327.0
2020-11-11,84.0199966430664,84.9000015258789,84.0,84.81999969482422,77.07750701904297,45621.0
2020-11-12,84.2300033569336,84.5,84.05000305175781,84.19999694824219,76.51409912109375,27322.0
2020-11-13,84.0,84.44000244140625,83.91000366210938,84.16999816894531,76.48685455322266,21933.0
2020-11-16,84.9800033569336,85.69999694824219,84.87000274658203,85.47000122070312,77.66816711425781,48463.0
2020-11-17,85.36000061035156,85.38999938964844,84.61000061035156,85.16000366210938,77.38646697998047,47763.0
2020-11-18,84.8499984741211,85.58999633789062,84.77999877929688,85.37000274658203,77.57730865478516,76500.0
2020-11-19,84.69000244140625,84.86000061035156,84.27999877929688,84.66999816894531,76.94120788574219,16464.0
2020-11-20,84.62999725341797,85.08000183105469,84.56999969482422,84.98999786376953,77.23199462890625,19190.0
2020-11-23,85.19000244140625,85.41999816894531,84.83000183105469,85.0,77.24107360839844,27187.0
2020-11-24,85.83000183105469,86.1500015258789,85.61000061035156,86.1500015258789,78.28611755371094,60495.0
2020-11-25,86.12000274658203,86.1500015258789,85.58000183105469,85.88999938964844,78.04984283447266,35811.0
2020-11-26,86.0,86.16999816894531,85.91000366210938,86.01000213623047,78.15888977050781,19001.0
2020-11-27,85.94000244140625,86.2699966430664,85.93000030517578,86.06999969482422,78.21339416503906,30969.0
2020-11-30,85.26000213623047,85.66999816894531,84.80000305175781,84.94999694824219,77.19563293457031,33155.0
2020-12-01,85.87000274658203,86.25,85.66000366210938,85.79000091552734,77.9589614868164,25588.0
2020-12-02,85.30000305175781,85.61000061035156,85.05000305175781,85.44000244140625,77.64092254638672,29761.0
2020-12-03,85.4000015258789,85.58999633789062,85.19000244140625,85.52999877929688,77.7226791381836,26056.0
2020-12-04,85.58999633789062,86.0,85.4800033569336,86.0,78.1498031616211,17425.0
2020-12-07,86.0199966430664,86.0999984741211,85.5999984741211,86.0,78.1498031616211,20267.0
2020-12-08,85.95999908447266,86.25,85.5,86.25,78.37698364257812,19557.0
2020-12-09,86.41999816894531,86.76000213623047,86.37999725341797,86.41000366210938,78.52238464355469,31857.0
2020-12-10,86.01000213623047,86.41000366210938,85.23999786376953,85.95999908447266,78.11344146728516,42741.0
2020-12-11,85.73999786376953,85.77999877929688,84.9800033569336,85.44000244140625,77.64092254638672,76191.0
2020-12-14,85.9800033569336,86.2300033569336,85.7699966430664,85.7699966430664,77.94078826904297,24847.0
2020-12-15,85.55999755859375,85.88999938964844,85.51000213623047,85.75,77.92262268066406,65400.0
2020-12-16,86.19999694824219,86.44000244140625,85.8499984741211,86.31999969482422,78.44058227539062,23191.0
2020-12-17,86.2300033569336,86.29000091552734,85.94999694824219,86.04000091552734,78.41822814941406,20914.0
2020-12-18,85.95999908447266,86.23999786376953,85.75,85.86000061035156,78.25418090820312,31384.0
2020-12-21,85.5999984741211,85.70999908447266,83.98999786376953,84.83000183105469,77.3154296875,65760.0
2020-12-22,85.0999984741211,85.72000122070312,85.08999633789062,85.52999877929688,77.95339965820312,31892.0
2020-12-23,85.7699966430664,86.05000305175781,85.69999694824219,85.9800033569336,78.36354064941406,45473.0
2020-12-24,85.94000244140625,86.1500015258789,85.83999633789062,85.97000122070312,78.35444641113281,29888.0
2020-12-28,86.2699966430664,86.66000366210938,86.13999938964844,86.41000366210938,78.75545501708984,30225.0
2020-12-29,86.75,86.9000015258789,86.36000061035156,86.55000305175781,78.88304138183594,36908.0
2020-12-30,86.66999816894531,86.88999938964844,86.36000061035156,86.55999755859375,78.89216613769531,22534.0
2020-12-31,86.33999633789062,86.66000366210938,86.19999694824219,86.48999786376953,78.82836151123047,23265.0
2021-01-04,87.33999633789062,87.51000213623047,86.01000213623047,86.31999969482422,78.67342376708984,65592.0
2021-01-05,86.27999877929688,86.75,85.97000122070312,86.48999786376953,78.82836151123047,39409.0
2021-01-06,86.38999938964844,87.7300033569336,85.94999694824219,87.62999725341797,79.86737060546875,35862.0
2021-01-07,87.62000274658203,88.37000274658203,87.37999725341797,88.22000122070312,80.40512084960938,27944.0
2021-01-08,89.13999938964844,89.22000122070312,88.63999938964844,88.94999694824219,81.0704574584961,35863.0
2021-01-11,89.19000244140625,89.37999725341797,88.80999755859375,89.27999877929688,81.37122344970703,49522.0
2021-01-12,89.33999633789062,89.44999694824219,89.05000305175781,89.2699966430664,81.36211395263672,40786.0
2021-01-13,89.23999786376953,89.54000091552734,88.94999694824219,89.47000122070312,81.54437255859375,32181.0
2021-01-14,89.76000213623047,90.27999877929688,89.6500015258789,90.08000183105469,82.10034942626953,29032.0
2021-01-15,89.51000213623047,89.62999725341797,88.7300033569336,89.30000305175781,81.38944244384766,48307.0
2021-01-18,89.25,89.5199966430664,89.12000274658203,89.5,81.57173919677734,32466.0
2021-01-19,89.8499984741211,89.98999786376953,89.41000366210938,89.5,81.57173919677734,27883.0
2021-01-20,89.83000183105469,90.80000305175781,89.80000305175781,90.70999908447266,82.6745376586914,30836.0
2021-01-21,91.19999694824219,91.22000122070312,90.51000213623047,90.66000366210938,82.62898254394531,23134.0
2021-01-22,90.13999938964844,90.2699966430664,89.5999984741211,90.0,82.0274429321289,31382.0
2021-01-25,90.62999725341797,90.79000091552734,89.5199966430664,90.01000213623047,82.03655242919922,43470.0
2021-01-26,90.11000061035156,90.69999694824219,90.08999633789062,90.27999877929688,82.28263092041016,33247.0
2021-01-27,89.94000244140625,90.33999633789062,88.80000305175781,89.18000030517578,81.28009033203125,52444.0
2021-01-28,87.95999908447266,89.44999694824219,87.25,89.26000213623047,81.35301208496094,79051.0
2021-01-29,87.83999633789062,88.31999969482422,87.44000244140625,87.44000244140625,79.69422149658203,69055.0
2021-02-01,87.97000122070312,88.7300033569336,87.88999938964844,88.66999816894531,80.81526184082031,77043.0
2021-02-02,89.58999633789062,90.6500015258789,89.5,90.55999755859375,82.53782653808594,50048.0
2021-02-03,91.08000183105469,91.08000183105469,90.52999877929688,90.7300033569336,82.69278717041016,47964.0
2021-02-04,90.80000305175781,91.5,90.80000305175781,91.5,83.39456939697266,29444.0
2021-02-05,91.88999938964844,92.22000122070312,91.5199966430664,91.80000305175781,83.6679916381836,73876.0
2021-02-08,92.01000213623047,92.27999877929688,91.94999694824219,92.0999984741211,83.94141387939453,42218.0
2021-02-09,92.12000274658203,92.23999786376953,91.7699966430664,92.05000305175781,83.89586639404297,42176.0
2021-02-10,92.27999877929688,92.44000244140625,91.41000366210938,91.8499984741211,83.71354675292969,28986.0
2021-02-11,92.20999908447266,92.4000015258789,92.08000183105469,92.4000015258789,84.21483612060547,30843.0
2021-02-12,92.18000030517578,92.69000244140625,91.98999786376953,92.6500015258789,84.44270324707031,32025.0
2021-02-15,93.18000030517578,93.52999877929688,93.0,93.47000122070312,85.1900405883789,45835.0
2021-02-16,93.51000213623047,93.56999969482422,93.12999725341797,93.19999694824219,84.94396209716797,32652.0
2021-02-17,93.23999786376953,93.5,92.80999755859375,92.94999694824219,84.71611022949219,34931.0
2021-02-18,93.02999877929688,93.16999816894531,91.97000122070312,92.25,84.07813262939453,39866.0
2021-02-19,92.30999755859375,92.91000366210938,92.12000274658203,92.69999694824219,84.4882583618164,29332.0
2021-02-22,91.58999633789062,91.69999694824219,91.30000305175781,91.52999877929688,83.42191314697266,59567.0
2021-02-23,91.61000061035156,91.69999694824219,89.80000305175781,90.91000366210938,82.8568344116211,58606.0
2021-02-24,90.9800033569336,91.63999938964844,90.79000091552734,91.61000061035156,83.49482727050781,35638.0
2021-02-25,91.86000061035156,91.86000061035156,90.66999816894531,90.73999786376953,82.70187377929688,41107.0
2021-02-26,89.4000015258789,90.37000274658203,88.9000015258789,89.9000015258789,81.93629455566406,67883.0
2021-03-01,90.87999725341797,91.83000183105469,90.81999969482422,91.79000091552734,83.65885162353516,60943.0
2021-03-02,91.58999633789062,91.94999694824219,91.16999816894531,91.20999908447266,83.1302490234375,53304.0
2021-03-03,91.75,91.98999786376953,90.63999938964844,91.12999725341797,83.05733489990234,38426.0
2021-03-04,90.37000274658203,90.86000061035156,89.83000183105469,90.47000122070312,82.45580291748047,46615.0
2021-03-05,89.80999755859375,91.06999969482422,89.2699966430664,89.52999877929688,81.59906005859375,92828.0
2021-03-08,90.77999877929688,92.22000122070312,90.51000213623047,92.06999969482422,83.9140853881836,39598.0
2021-03-09,91.44999694824219,92.58999633789062,91.25,92.51000213623047,84.31510162353516,23595.0
2021-03-10,92.06999969482422,92.80000305175781,91.9800033569336,92.5999984741211,84.3971176147461,26826.0
2021-03-11,93.08000183105469,93.41999816894531,92.80999755859375,93.37999725341797,85.10799407958984,30750.0
2021-03-12,92.9000015258789,93.1500015258789,92.70999908447266,92.91999816894531,84.68878936767578,25290.0
2021-03-15,93.38999938964844,93.75,93.02999877929688,93.3499984741211,85.08068084716797,33195.0
2021-03-16,93.91000366210938,94.41999816894531,93.69999694824219,94.19999694824219,85.85537719726562,31195.0
2021-03-17,94.11000061035156,94.1500015258789,93.3499984741211,93.58999633789062,85.29940795898438,42762.0
2021-03-18,93.55999755859375,93.72000122070312,93.22000122070312,93.62999725341797,85.59510040283203,16807.0
2021-03-19,92.87999725341797,93.33999633789062,92.41000366210938,93.08000183105469,85.09231567382812,23902.0
2021-03-22,92.62999725341797,93.27999877929688,92.62000274658203,93.20999908447266,85.21116638183594,38724.0
2021-03-23,92.91999816894531,93.4800033569336,92.69999694824219,93.26000213623047,85.25687408447266,26904.0
2021-03-24,92.72000122070312,93.23999786376953,92.68000030517578,93.05000305175781,85.06489562988281,27255.0
2021-03-25,92.5,92.86000061035156,91.80999755859375,92.75,84.7906265258789,31093.0
2021-03-26,93.55000305175781,93.7300033569336,93.19000244140625,93.61000061035156,85.57683563232422,33245.0
2021-03-29,93.94999694824219,94.31999969482422,93.76000213623047,93.97000122070312,85.90594482421875,31286.0
2021-03-30,94.5,94.58000183105469,94.12000274658203,94.52999877929688,86.41787719726562,27636.0
2021-03-31,94.3499984741211,94.86000061035156,94.1500015258789,94.73999786376953,86.60986328125,20456.0
2021-04-01,95.0,95.5,94.94999694824219,95.27999877929688,87.103515625,36987.0
2021-04-06,95.91999816894531,96.12999725341797,95.75,96.0199966430664,87.78002166748047,68852.0
2021-04-07,95.56999969482422,95.73999786376953,95.22000122070312,95.36000061035156,87.1766357421875,42127.0
2021-04-08,96.0,96.08999633789062,95.6500015258789,95.9000015258789,87.6703109741211,25032.0
2021-04-09,95.91999816894531,96.12000274658203,95.80000305175781,95.98999786376953,87.75257110595703,22573.0
2021-04-12,96.0,96.1500015258789,95.76000213623047,95.86000061035156,87.63375854492188,41196.0
2021-04-13,96.12000274658203,96.29000091552734,95.79000091552734,96.0999984741211,87.85313415527344,33679.0
2021-04-14,96.13999938964844,96.4000015258789,96.05999755859375,96.18000030517578,87.92627716064453,20310.0
2021-04-15,96.16000366210938,96.7300033569336,96.11000061035156,96.68000030517578,88.38336181640625,23822.0
2021-04-16,96.69999694824219,97.01000213623047,96.6500015258789,96.91000366210938,88.59364318847656,37636.0
2021-04-19,96.95999908447266,97.05000305175781,96.16999816894531,96.33999633789062,88.0725326538086,38234.0
2021-04-20,96.12000274658203,96.25,94.94999694824219,95.05000305175781,86.89324951171875,48673.0
2021-04-21,95.41000366210938,95.98999786376953,95.1500015258789,95.75,87.5331802368164,39998.0
2021-04-22,96.0,96.38999938964844,95.9000015258789,96.30000305175781,88.03598022460938,29328.0
2021-04-23,95.77999877929688,96.20999908447266,95.43000030517578,96.16000366210938,87.90801239013672,34891.0
2021-04-26,96.0199966430664,96.5,95.8499984741211,96.41000366210938,88.13652801513672,68076.0
2021-04-27,96.5,96.54000091552734,96.0199966430664,96.2699966430664,88.0085678100586,19229.0
2021-04-28,96.52999877929688,96.61000061035156,96.22000122070312,96.31999969482422,88.05427551269531,19943.0
2021-04-29,96.63999938964844,96.79000091552734,95.9800033569336,96.11000061035156,87.8622817993164,31828.0
2021-04-30,96.19000244140625,96.3499984741211,95.91000366210938,96.23999786376953,87.98112487792969,25339.0
2021-05-03,96.33000183105469,96.72000122070312,96.05000305175781,96.33999633789062,88.0725326538086,46138.0
2021-05-04,96.44000244140625,96.66999816894531,95.05999755859375,95.26000213623047,87.08522033691406,59792.0
2021-05-05,96.12999725341797,96.58999633789062,96.02999877929688,96.5,88.21881866455078,29909.0
2021-05-06,96.37999725341797,96.48999786376953,95.45999908447266,96.06999969482422,87.82574462890625,44163.0
2021-05-07,96.58999633789062,96.8499984741211,96.29000091552734,96.80000305175781,88.49307250976562,23440.0
2021-05-10,96.66000366210938,96.75,96.2300033569336,96.45999908447266,88.18225860595703,31818.0
2021-05-11,95.36000061035156,95.37000274658203,93.95999908447266,94.69999694824219,86.57328796386719,56883.0
2021-05-12,94.76000213623047,95.0,94.19999694824219,94.22000122070312,86.13448333740234,59426.0
2021-05-13,93.2699966430664,94.62000274658203,92.70999908447266,94.2699966430664,86.18018341064453,41237.0
2021-05-14,94.6500015258789,95.18000030517578,94.4000015258789,95.16000366210938,86.99381256103516,32005.0
2021-05-17,95.19000244140625,95.2699966430664,94.55000305175781,94.80999755859375,86.67385864257812,26432.0
2021-05-18,95.44999694824219,95.52999877929688,94.73999786376953,95.06999969482422,86.91154479980469,18221.0
2021-05-19,93.69000244140625,93.86000061035156,92.81999969482422,93.44999694824219,85.43054962158203,40823.0
2021-05-20,94.16000366210938,94.98999786376953,93.5999984741211,94.98999786376953,86.83840942382812,16200.0
2021-05-21,94.94999694824219,95.69999694824219,94.83999633789062,95.37999725341797,87.19493865966797,38522.0
2021-05-24,95.36000061035156,95.75,95.19999694824219,95.75,87.5331802368164,26075.0
2021-05-25,95.91999816894531,96.0,95.5,95.5,87.30464172363281,35286.0
2021-05-26,95.81999969482422,95.91999816894531,95.52999877929688,95.91999816894531,87.68860626220703,25912.0
2021-05-27,95.8499984741211,96.4000015258789,95.69999694824219,96.19999694824219,87.9445571899414,23044.0
2021-05-28,96.5,96.9000015258789,96.41999816894531,96.62999725341797,88.33766174316406,38081.0
2021-05-31,96.58000183105469,96.63999938964844,96.05999755859375,96.0999984741211,87.85313415527344,31956.0
2021-06-01,96.51000213623047,97.0,96.29000091552734,96.44000244140625,88.16397094726562,27070.0
2021-06-02,96.61000061035156,96.9000015258789,96.44999694824219,96.86000061035156,88.54791259765625,33619.0
2021-06-03,96.83000183105469,97.08000183105469,96.12999725341797,96.94999694824219,88.63021087646484,32826.0
2021-06-04,97.06999969482422,97.33999633789062,96.87999725341797,97.27999877929688,88.931884765625,18637.0
2021-06-07,97.3499984741211,97.58999633789062,97.08000183105469,97.08000183105469,88.74905395507812,33628.0
2021-06-08,97.33000183105469,97.6500015258789,97.04000091552734,97.16999816894531,88.83131408691406,25651.0
2021-06-09,97.23999786376953,97.38999938964844,97.04000091552734,97.2699966430664,88.9227294921875,22815.0
2021-06-10,97.33000183105469,97.79000091552734,97.02999877929688,97.5999984741211,89.22442626953125,22997.0
2021-06-11,97.55999755859375,98.44000244140625,97.48999786376953,98.16999816894531,89.74549102783203,20809.0
2021-06-14,98.51000213623047,98.66999816894531,98.05000305175781,98.11000061035156,89.69065856933594,24292.0
2021-06-15,98.5199966430664,98.61000061035156,98.08999633789062,98.08999633789062,89.67237091064453,23797.0
2021-06-16,98.2300033569336,98.37000274658203,98.05000305175781,98.33000183105469,89.89178466796875,13285.0
2021-06-17,97.94000244140625,98.83999633789062,97.91000366210938,98.7300033569336,90.70641326904297,21098.0
2021-06-18,98.75,98.80000305175781,97.80000305175781,97.93000030517578,89.971435546875,26756.0
2021-06-21,97.30000305175781,98.26000213623047,97.20999908447266,98.23999786376953,90.2562484741211,23975.0
2021-06-22,98.48999786376953,98.69999694824219,98.12999725341797,98.69999694824219,90.6788558959961,24610.0
2021-06-23,98.94999694824219,98.98999786376953,98.36000061035156,98.44999694824219,90.44917297363281,39588.0
2021-06-24,98.73999786376953,99.2699966430664,98.68000030517578,99.1500015258789,91.09226989746094,17037.0
2021-06-25,99.22000122070312,99.38999938964844,99.05000305175781,99.38999938964844,91.31279754638672,27935.0
2021-06-28,99.44000244140625,99.68000030517578,99.30000305175781,99.31999969482422,91.24847412109375,31697.0
2021-06-29,99.55999755859375,99.97000122070312,99.52999877929688,99.73999786376953,91.63433837890625,19635.0
2021-06-30,99.83999633789062,99.94999694824219,99.30000305175781,99.79000091552734,91.68029022216797,31013.0
2021-07-01,100.04000091552734,100.45999908447266,99.61000061035156,99.97000122070312,91.84565734863281,34179.0
2021-07-02,100.16000366210938,100.5999984741211,100.13999938964844,100.44000244140625,92.27745819091797,59005.0
2021-07-05,100.45999908447266,100.68000030517578,100.19999694824219,100.63999938964844,92.46118927001953,32382.0
2021-07-06,100.33999633789062,100.95999908447266,100.0999984741211,100.30000305175781,92.14884185791016,40610.0
2021-07-07,100.63999938964844,101.05999755859375,100.5199966430664,100.86000061035156,92.6633071899414,25155.0
2021-07-08,100.19999694824219,100.22000122070312,98.69999694824219,99.33000183105469,91.2576675415039,69731.0
2021-07-09,99.87999725341797,100.5199966430664,99.77999877929688,100.5199966430664,92.3509521484375,23944.0
2021-07-12,100.58000183105469,100.91999816894531,100.0199966430664,100.81999969482422,92.62657165527344,26259.0
2021-07-13,101.0,101.44000244140625,100.9000015258789,101.44000244140625,93.19619750976562,27704.0
2021-07-14,101.13999938964844,101.55999755859375,101.0,101.08000183105469,92.86544036865234,32242.0
2021-07-15,100.94000244140625,101.05999755859375,100.5,100.86000061035156,92.6633071899414,23198.0
2021-07-16,100.76000213623047,101.04000091552734,100.26000213623047,100.45999908447266,92.29582977294922,16714.0
2021-07-19,99.66999816894531,99.77999877929688,97.9000015258789,98.51000213623047,90.5042953491211,66581.0
2021-07-20,99.12999725341797,99.91999816894531,98.66000366210938,99.7699966430664,91.66190338134766,40510.0
2021-07-21,100.05999755859375,100.44000244140625,99.9000015258789,100.37999725341797,92.2223129272461,15631.0
2021-07-22,100.87999725341797,101.0999984741211,100.41999816894531,100.87999725341797,92.68170166015625,42711.0
2021-07-23,101.31999969482422,101.68000030517578,101.12000274658203,101.68000030517578,93.41666412353516,17659.0
2021-07-26,101.13999938964844,101.31999969482422,100.69999694824219,101.22000122070312,92.99406433105469,31070.0
2021-07-27,100.94000244140625,101.04000091552734,100.04000091552734,100.04000091552734,91.90995025634766,31208.0
2021-07-28,100.5999984741211,101.0999984741211,100.4000015258789,101.05999755859375,92.8470458984375,37664.0
2021-07-29,101.0199966430664,101.19999694824219,100.80000305175781,101.13999938964844,92.92056274414062,66827.0
2021-07-30,100.54000091552734,100.80000305175781,99.93000030517578,100.58000183105469,92.40607452392578,47015.0
2021-08-02,101.0999984741211,101.36000061035156,100.76000213623047,101.05999755859375,92.8470458984375,43083.0
2021-08-03,101.0,101.0,100.27999877929688,100.80000305175781,92.60819244384766,35333.0
2021-08-04,101.30000305175781,101.54000091552734,100.91999816894531,101.33999633789062,93.10432434082031,55314.0
2021-08-05,101.33999633789062,101.80000305175781,101.30000305175781,101.76000213623047,93.49017333984375,22481.0
2021-08-06,101.86000061035156,102.33999633789062,101.69999694824219,102.22000122070312,93.91280364990234,29611.0
2021-08-09,102.18000030517578,102.45999908447266,102.05999755859375,102.44000244140625,94.11492156982422,30326.0
2021-08-10,102.5999984741211,103.0,102.54000091552734,102.72000122070312,94.37217712402344,27867.0
2021-08-11,102.87999725341797,103.0999984741211,102.68000030517578,102.80000305175781,94.44567108154297,19345.0
2021-08-12,102.80000305175781,102.9800033569336,102.5999984741211,102.87999725341797,94.5191650390625,21584.0
2021-08-13,103.04000091552734,103.13999938964844,102.63999938964844,102.69999694824219,94.35377502441406,13281.0
2021-08-16,102.27999877929688,102.5,101.95999908447266,102.27999877929688,93.96792602539062,55933.0
2021-08-17,102.13999938964844,102.62000274658203,101.91999816894531,102.5,94.17003631591797,18782.0
2021-08-18,102.63999938964844,102.63999938964844,102.30000305175781,102.54000091552734,94.20677947998047,15961.0
2021-08-19,100.91999816894531,101.5199966430664,100.4000015258789,101.36000061035156,93.12268829345703,43871.0
2021-08-20,101.16000366210938,101.95999908447266,100.69999694824219,101.9000015258789,93.61881256103516,23487.0
2021-08-23,102.23999786376953,102.63999938964844,101.94000244140625,102.62000274658203,94.2802963256836,47693.0
2021-08-24,102.95999908447266,103.08000183105469,102.63999938964844,103.0,94.62939453125,23168.0
2021-08-25,103.16000366210938,103.18000030517578,102.9000015258789,103.0999984741211,94.72128295898438,23866.0
2021-08-26,102.66000366210938,102.9800033569336,102.44000244140625,102.68000030517578,94.33541870117188,20991.0
2021-08-27,102.58000183105469,103.08000183105469,102.5,103.0199966430664,94.64778900146484,19840.0
2021-08-30,103.08000183105469,103.45999908447266,103.04000091552734,103.45999908447266,95.0520248413086,43885.0
2021-08-31,103.5999984741211,103.63999938964844,103.0199966430664,103.4800033569336,95.0704116821289,30511.0
2021-09-01,103.81999969482422,104.04000091552734,103.30000305175781,103.58000183105469,95.16227722167969,48020.0
2021-09-02,103.5,103.77999877929688,103.4000015258789,103.73999786376953,95.30926513671875,25431.0
2021-09-03,103.63999938964844,103.80000305175781,103.18000030517578,103.55999755859375,95.14389038085938,26508.0
2021-09-06,103.91999816894531,104.31999969482422,103.86000061035156,104.30000305175781,95.82374572753906,31933.0
2021-09-07,104.05999755859375,104.13999938964844,103.63999938964844,103.83999633789062,95.40113830566406,41698.0
2021-09-08,103.55999755859375,103.9800033569336,103.16000366210938,103.36000061035156,94.96013641357422,24779.0
2021-09-09,102.9000015258789,103.87999725341797,102.76000213623047,103.5,95.0887680053711,48291.0
2021-09-10,103.45999908447266,103.83999633789062,102.95999908447266,103.05999755859375,94.68453216552734,23645.0
2021-09-13,103.30000305175781,103.68000030517578,102.80000305175781,102.9800033569336,94.61103057861328,19749.0
2021-09-14,102.91999816894531,103.18000030517578,102.5199966430664,102.80000305175781,94.44567108154297,24484.0
2021-09-15,102.69999694824219,102.72000122070312,102.23999786376953,102.44000244140625,94.11492156982422,19964.0
2021-09-16,102.58000183105469,102.9000015258789,102.22000122070312,102.41999816894531,94.45079040527344,19441.0
2021-09-17,102.9000015258789,102.9800033569336,102.05999755859375,102.18000030517578,94.22946166992188,17419.0
2021-09-20,101.0199966430664,101.16000366210938,100.04000091552734,100.27999877929688,92.477294921875,66974.0
2021-09-21,100.9000015258789,101.45999908447266,100.5,101.0,93.14127349853516,38561.0
2021-09-22,101.27999877929688,101.63999938964844,100.91999816894531,101.62000274658203,93.7130355834961,18218.0
2021-09-23,102.05999755859375,102.55999755859375,101.9000015258789,102.5,94.52455139160156,29103.0
2021-09-24,102.16000366210938,102.4800033569336,101.83999633789062,102.23999786376953,94.2847900390625,27928.0
2021-09-27,102.91999816894531,103.0,102.16000366210938,102.44000244140625,94.46923065185547,25140.0
2021-09-28,102.13999938964844,102.30000305175781,100.45999908447266,100.58000183105469,92.75395965576172,27772.0
2021-09-29,100.9000015258789,101.63999938964844,100.86000061035156,101.31999969482422,93.43637084960938,33427.0
2021-09-30,101.87999725341797,102.0,101.18000030517578,101.26000213623047,93.38105010986328,14987.0
2021-10-01,99.61000061035156,100.80000305175781,99.43000030517578,100.5999984741211,92.77240753173828,54618.0
2021-10-04,100.36000061035156,100.69999694824219,99.30000305175781,99.38999938964844,91.65655517578125,32932.0
2021-10-05,99.98999786376953,101.19999694824219,99.8499984741211,101.0999984741211,93.23350524902344,42046.0
2021-10-06,100.18000030517578,100.66000366210938,99.54000091552734,100.31999969482422,92.5141830444336,32470.0
2021-10-07,101.77999877929688,102.69999694824219,101.62000274658203,102.54000091552734,94.56145477294922,24820.0
2021-10-08,102.37999725341797,102.4800033569336,101.9000015258789,102.16000366210938,94.21101379394531,41785.0
2021-10-11,101.83999633789062,102.4800033569336,101.68000030517578,102.37999725341797,94.4139175415039,44275.0
2021-10-12,100.83999633789062,101.9800033569336,100.80000305175781,101.73999786376953,93.82371520996094,70609.0
2021-10-13,101.30000305175781,101.87999725341797,101.13999938964844,101.55999755859375,93.65770721435547,12071.0
2021-10-14,102.19999694824219,103.05999755859375,102.08000183105469,103.0,94.98564910888672,19937.0
2021-10-15,103.37999725341797,103.9800033569336,103.23999786376953,103.87999725341797,95.79718017578125,45147.0
2021-10-18,103.68000030517578,103.87999725341797,103.22000122070312,103.87999725341797,95.79718017578125,43206.0
2021-10-19,104.0,104.41999816894531,103.83999633789062,104.4000015258789,96.27674102783203,26614.0
2021-10-20,104.27999877929688,104.80000305175781,104.26000213623047,104.68000030517578,96.53495788574219,16845.0
2021-10-21,104.23999786376953,104.68000030517578,104.19999694824219,104.41999816894531,96.29515838623047,26961.0
2021-10-22,104.77999877929688,105.13999938964844,104.63999938964844,104.63999938964844,96.49805450439453,26062.0
2021-10-25,104.77999877929688,105.30000305175781,104.63999938964844,105.26000213623047,97.06981658935547,27541.0
2021-10-26,105.76000213623047,106.0999984741211,105.62000274658203,105.94000244140625,97.69690704345703,45607.0
2021-10-27,105.58000183105469,105.62000274658203,105.19999694824219,105.4000015258789,97.19893646240234,56943.0
2021-10-28,105.04000091552734,105.37999725341797,104.73999786376953,104.9800033569336,96.81161499023438,22058.0
2021-10-29,104.54000091552734,105.87999725341797,104.4800033569336,105.87999725341797,97.64156341552734,13481.0
2021-11-01,106.0999984741211,106.44000244140625,105.91999816894531,106.13999938964844,97.88134002685547,60461.0
2021-11-02,105.9000015258789,106.4000015258789,105.87999725341797,106.33999633789062,98.06578063964844,34689.0
2021-11-03,106.31999969482422,106.4000015258789,106.16000366210938,106.30000305175781,98.02889251708984,52327.0
2021-11-04,107.26000213623047,107.62000274658203,107.16000366210938,107.33999633789062,98.98796844482422,36496.0
2021-11-05,107.36000061035156,108.36000061035156,107.31999969482422,107.83999633789062,99.44905090332031,52879.0
2021-11-08,107.62000274658203,107.94000244140625,107.5,107.66000366210938,99.2830810546875,47066.0
2021-11-09,107.36000061035156,107.76000213623047,107.0,107.27999877929688,98.93264770507812,41832.0
2021-11-10,107.5199966430664,107.87999725341797,107.08000183105469,107.72000122070312,99.3384017944336,20108.0
2021-11-11,107.66000366210938,108.0999984741211,107.55999755859375,108.0,99.59661102294922,25117.0
2021-11-12,108.16000366210938,108.66000366210938,108.05999755859375,108.63999938964844,100.18680572509766,12598.0
2021-11-15,108.81999969482422,109.26000213623047,108.72000122070312,109.0999984741211,100.61102294921875,25695.0
2021-11-16,109.54000091552734,110.05999755859375,109.33999633789062,110.05999755859375,101.49632263183594,36447.0
2021-11-17,110.23999786376953,110.26000213623047,109.76000213623047,109.95999908447266,101.40410614013672,23779.0
2021-11-18,109.83999633789062,110.05999755859375,108.91999816894531,109.4000015258789,100.88768768310547,30892.0
2021-11-19,109.94000244140625,110.23999786376953,109.54000091552734,109.76000213623047,101.21967315673828,16285.0
2021-11-22,110.22000122070312,110.72000122070312,109.9000015258789,110.27999877929688,101.69921875,28712.0
2021-11-23,109.31999969482422,109.80000305175781,108.63999938964844,108.91999816894531,100.44502258300781,36620.0
2021-11-24,109.44000244140625,109.9000015258789,109.0199966430664,109.81999969482422,101.27499389648438,37621.0
2021-11-25,110.16000366210938,110.26000213623047,109.83999633789062,110.05999755859375,101.49632263183594,18477.0
2021-11-26,107.41999816894531,107.83999633789062,106.0199966430664,106.12000274658203,97.86289978027344,103093.0
2021-11-29,107.55999755859375,107.94000244140625,107.08000183105469,107.37999725341797,99.02487182617188,48494.0
2021-11-30,106.13999938964844,106.72000122070312,105.37999725341797,106.04000091552734,97.78913116455078,54700.0
2021-12-01,106.45999908447266,107.5,106.31999969482422,107.4000015258789,99.04328918457031,43267.0
2021-12-02,105.54000091552734,106.18000030517578,104.66000366210938,105.73999786376953,97.51245880126953,55730.0
2021-12-03,106.5,106.80000305175781,104.9000015258789,105.26000213623047,97.06981658935547,39328.0
2021-12-06,105.9800033569336,106.66000366210938,105.13999938964844,106.44000244140625,98.15799713134766,34516.0
2021-12-07,107.5199966430664,109.23999786376953,107.5199966430664,109.19999694824219,100.70323944091797,25192.0
2021-12-08,109.0,109.37999725341797,108.19999694824219,108.41999816894531,99.98393249511719,25902.0
2021-12-09,108.69999694824219,108.80000305175781,108.30000305175781,108.76000213623047,100.2974853515625,28773.0
2021-12-10,108.22000122070312,109.0,108.04000091552734,108.18000030517578,99.76260375976562,22897.0
2021-12-13,108.83999633789062,109.36000061035156,107.77999877929688,107.77999877929688,99.39373779296875,27669.0
2021-12-14,108.23999786376953,108.36000061035156,106.86000061035156,106.95999908447266,98.63753509521484,16836.0
2021-12-15,107.44000244140625,107.5,106.87999725341797,106.9000015258789,98.58221435546875,16955.0
2021-12-16,108.36000061035156,109.0,107.73999786376953,107.94000244140625,99.92340087890625,26364.0
2021-12-17,107.18000030517578,107.58000183105469,106.08000183105469,107.18000030517578,99.2198486328125,22129.0
2021-12-20,105.18000030517578,105.72000122070312,104.72000122070312,104.72000122070312,96.94255828857422,52884.0
2021-12-21,106.13999938964844,106.62000274658203,105.77999877929688,106.5999984741211,98.68291473388672,20364.0
2021-12-22,107.0999984741211,107.55999755859375,106.63999938964844,107.55999755859375,99.57161712646484,21994.0
2021-12-23,107.91999816894531,108.69999694824219,107.80000305175781,108.69999694824219,100.62696075439453,27013.0
2021-12-24,108.4000015258789,108.87999725341797,108.26000213623047,108.63999938964844,100.57139587402344,10632.0
2021-12-27,108.31999969482422,109.4000015258789,108.22000122070312,109.27999877929688,101.16389465332031,27320.0
2021-12-28,109.62000274658203,110.22000122070312,109.62000274658203,109.87999725341797,101.71932220458984,33856.0
2021-12-29,109.87999725341797,110.13999938964844,108.91999816894531,109.19999694824219,101.0898208618164,23949.0
2021-12-30,109.58000183105469,110.0,109.5,109.87999725341797,101.71932220458984,22342.0
2021-12-31,109.58000183105469,109.69999694824219,109.23999786376953,109.44000244140625,101.31200408935547,12594.0
2022-01-03,109.5999984741211,110.0,109.16000366210938,109.69999694824219,101.55269622802734,56645.0
2022-01-04,110.45999908447266,110.80000305175781,109.86000061035156,110.18000030517578,101.99702453613281,45031.0
2022-01-05,110.0,110.13999938964844,109.5999984741211,109.80000305175781,101.64527130126953,42445.0
2022-01-06,108.26000213623047,108.5199966430664,107.45999908447266,108.23999786376953,100.20111083984375,56252.0
2022-01-07,108.12000274658203,108.41999816894531,107.19999694824219,107.5999984741211,99.608642578125,37710.0
2022-01-10,108.0199966430664,108.0199966430664,105.83999633789062,106.37999725341797,98.47926330566406,54595.0
2022-01-11,107.62000274658203,108.12000274658203,107.13999938964844,107.76000213623047,99.75677490234375,25026.0
2022-01-12,108.58000183105469,108.81999969482422,107.95999908447266,108.31999969482422,100.27517700195312,37713.0
2022-01-13,107.81999969482422,108.30000305175781,107.66000366210938,107.91999816894531,99.90487670898438,19093.0
2022-01-14,106.68000030517578,107.16000366210938,106.13999938964844,106.62000274658203,98.7014389038086,30606.0
2022-01-17,107.0199966430664,107.54000091552734,106.9000015258789,107.41999816894531,99.44202423095703,21352.0
2022-01-18,106.69999694824219,106.80000305175781,105.91999816894531,106.27999877929688,98.38668823242188,37699.0
2022-01-19,105.5199966430664,106.9000015258789,105.5,105.91999816894531,98.05342102050781,34550.0
2022-01-20,105.77999877929688,106.9800033569336,105.54000091552734,106.87999725341797,98.94212341308594,31959.0
2022-01-21,104.72000122070312,104.91999816894531,103.30000305175781,104.54000091552734,96.77592468261719,78681.0
2022-01-24,103.5199966430664,103.80000305175781,100.26000213623047,100.41999816894531,92.96189880371094,92434.0
2022-01-25,101.76000213623047,102.76000213623047,100.80000305175781,101.4800033569336,93.94318389892578,61531.0
2022-01-26,102.45999908447266,103.9000015258789,102.45999908447266,103.31999969482422,95.64651489257812,32750.0
2022-01-27,101.55999755859375,104.33999633789062,101.41999816894531,103.9000015258789,96.18345642089844,62041.0
2022-01-28,102.91999816894531,103.16000366210938,101.19999694824219,102.69999694824219,95.07257080078125,33861.0
2022-01-31,104.08000183105469,104.69999694824219,103.55999755859375,104.37999725341797,96.6278076171875,40373.0
2022-02-01,105.05999755859375,105.54000091552734,104.63999938964844,105.4800033569336,97.6460952758789,64996.0
2022-02-02,106.05999755859375,106.5,105.5,105.63999938964844,97.79421997070312,36519.0
2022-02-03,105.5,105.5999984741211,103.69999694824219,103.69999694824219,95.9983139038086,52302.0
2022-02-04,103.95999908447266,104.0,102.0999984741211,102.76000213623047,95.12811279296875,28117.0
2022-02-07,103.5199966430664,103.77999877929688,102.80000305175781,103.31999969482422,95.64651489257812,22699.0
2022-02-08,103.4800033569336,103.9000015258789,103.0199966430664,103.80000305175781,96.09087371826172,29189.0
2022-02-09,104.45999908447266,105.4800033569336,104.4000015258789,105.27999877929688,97.46095275878906,17573.0
2022-02-10,105.55999755859375,105.68000030517578,104.55999755859375,104.73999786376953,96.96105194091797,22175.0
2022-02-11,104.18000030517578,104.87999725341797,103.76000213623047,104.16000366210938,96.42413330078125,16501.0
2022-02-14,102.94000244140625,103.30000305175781,101.94000244140625,103.05999755859375,95.40583801269531,33402.0
2022-02-15,102.9800033569336,104.18000030517578,102.9000015258789,104.0,96.2760238647461,28035.0
2022-02-16,103.95999908447266,104.4000015258789,103.44000244140625,103.68000030517578,95.97977447509766,17056.0
2022-02-17,104.0999984741211,104.16000366210938,102.9800033569336,103.27999877929688,95.60951232910156,32120.0
2022-02-18,102.91999816894531,103.05999755859375,101.86000061035156,102.0999984741211,94.51714324951172,40870.0
2022-02-21,102.26000213623047,102.4000015258789,100.86000061035156,101.0,93.49882507324219,39800.0
2022-02-22,100.22000122070312,102.0,100.05999755859375,101.0999984741211,93.5914077758789,49905.0
2022-02-23,101.44000244140625,101.83999633789062,100.4000015258789,100.54000091552734,93.072998046875,66707.0
2022-02-24,97.6500015258789,99.48999786376953,97.45999908447266,99.13999938964844,91.7769775390625,128272.0
2022-02-25,100.16000366210938,102.08000183105469,99.9000015258789,102.08000183105469,94.4986343383789,39994.0
2022-02-28,101.5199966430664,102.5199966430664,101.0199966430664,102.41999816894531,94.81336975097656,44941.0
2022-03-01,102.80000305175781,103.0,101.26000213623047,101.9000015258789,94.33200073242188,66425.0
2022-03-02,101.5999984741211,103.12000274658203,101.36000061035156,102.77999877929688,95.14663696289062,31582.0
2022-03-03,103.0199966430664,103.73999786376953,102.23999786376953,102.58000183105469,94.96147918701172,18467.0
2022-03-04,102.4000015258789,102.58000183105469,101.30000305175781,101.54000091552734,93.99873352050781,30468.0
2022-03-07,100.87999725341797,101.9000015258789,100.0199966430664,100.9800033569336,93.4803237915039,45499.0
2022-03-08,99.16000366210938,100.22000122070312,98.5999984741211,98.80999755859375,91.47146606445312,54835.0
2022-03-09,99.6500015258789,100.44000244140625,99.44999694824219,100.26000213623047,92.81379699707031,28697.0
2022-03-10,100.4800033569336,100.5999984741211,98.86000061035156,99.41999816894531,92.03616333007812,26279.0
2022-03-11,100.4000015258789,101.68000030517578,100.04000091552734,100.33999633789062,92.88783264160156,19360.0
2022-03-14,100.04000091552734,100.4000015258789,99.04000091552734,99.1500015258789,91.78621673583984,40657.0
2022-03-15,97.87999725341797,99.94999694824219,97.36000061035156,99.91999816894531,92.49903869628906,51337.0
2022-03-16,101.4000015258789,102.5,101.33999633789062,102.30000305175781,94.7022705078125,36685.0
2022-03-17,102.62000274658203,102.69999694824219,101.68000030517578,102.26000213623047,94.93872833251953,20486.0
2022-03-18,102.87999725341797,103.91999816894531,102.5999984741211,103.91999816894531,96.47987365722656,27868.0
2022-03-21,104.0,104.86000061035156,103.95999908447266,104.37999725341797,96.90695190429688,22410.0
2022-03-22,105.0,105.69999694824219,104.73999786376953,105.58000183105469,98.02104949951172,30574.0
2022-03-23,105.72000122070312,105.80000305175781,105.16000366210938,105.36000061035156,97.81678771972656,18575.0
2022-03-24,105.45999908447266,105.63999938964844,105.05999755859375,105.30000305175781,97.76107788085938,20541.0
2022-03-25,105.55999755859375,106.0999984741211,105.16000366210938,105.69999694824219,98.13243103027344,19653.0
2022-03-28,106.23999786376953,106.69999694824219,106.0,106.0,98.41096496582031,33265.0
2022-03-29,106.76000213623047,107.18000030517578,106.33999633789062,106.80000305175781,99.15369415283203,34757.0
2022-03-30,106.9000015258789,106.9000015258789,106.19999694824219,106.36000061035156,98.74519348144531,20239.0
2022-03-31,106.22000122070312,106.72000122070312,106.0999984741211,106.23999786376953,98.63378143310547,15141.0
2022-04-01,105.94000244140625,106.5,105.86000061035156,106.0,98.41096496582031,43693.0
2022-04-04,106.5199966430664,107.36000061035156,106.0999984741211,107.30000305175781,99.61788940429688,41524.0
2022-04-05,107.76000213623047,107.94000244140625,107.18000030517578,107.5199966430664,99.82212829589844,40091.0
2022-04-06,107.16000366210938,107.31999969482422,105.30000305175781,105.55999755859375,98.00247192382812,38897.0
2022-04-07,105.73999786376953,106.31999969482422,105.18000030517578,105.23999786376953,97.70537567138672,38175.0
2022-04-08,106.68000030517578,107.0,106.0999984741211,106.62000274658203,98.986572265625,20722.0
2022-04-11,105.63999938964844,105.73999786376953,104.83999633789062,105.0199966430664,97.50112915039062,41239.0
2022-04-12,104.36000061035156,105.77999877929688,104.0999984741211,105.62000274658203,98.05814361572266,17360.0
2022-04-13,105.23999786376953,105.33999633789062,104.5999984741211,105.18000030517578,97.649658203125,10513.0
2022-04-14,105.19999694824219,106.0999984741211,104.95999908447266,105.76000213623047,98.18814086914062,13689.0
2022-04-19,105.22000122070312,105.76000213623047,104.30000305175781,105.68000030517578,98.11386108398438,17238.0
2022-04-20,105.5,106.30000305175781,105.37999725341797,105.69999694824219,98.13243103027344,20500.0
2022-04-21,105.45999908447266,106.18000030517578,105.30000305175781,105.68000030517578,98.11386108398438,16734.0
2022-04-22,104.45999908447266,104.63999938964844,103.41999816894531,103.4800033569336,96.07137298583984,28279.0
2022-04-25,101.5199966430664,102.26000213623047,101.23999786376953,101.68000030517578,94.40025329589844,50028.0
2022-04-26,103.0199966430664,103.12000274658203,101.5199966430664,101.68000030517578,94.40025329589844,29134.0
2022-04-27,101.83999633789062,103.04000091552734,101.30000305175781,102.5999984741211,95.25437927246094,22364.0
2022-04-28,103.45999908447266,104.16000366210938,102.69999694824219,103.27999877929688,95.88569641113281,14184.0
2022-04-29,104.44000244140625,104.76000213623047,103.36000061035156,103.69999694824219,96.27562713623047,20303.0
2022-05-02,102.5999984741211,102.5999984741211,101.33999633789062,101.63999938964844,94.36311340332031,45261.0
2022-05-03,102.54000091552734,103.04000091552734,101.95999908447266,103.04000091552734,95.66287994384766,36507.0
2022-05-04,102.91999816894531,103.0,101.66000366210938,101.66000366210938,94.38168334960938,15670.0
2022-05-05,104.19999694824219,104.26000213623047,101.54000091552734,101.73999786376953,94.45594787597656,36184.0
2022-05-06,101.5,101.5999984741211,99.0999984741211,100.33999633789062,93.15618896484375,57168.0
2022-05-09,100.0199966430664,100.18000030517578,97.75,97.7699966430664,90.77017974853516,58871.0
2022-05-10,98.16000366210938,98.97000122070312,97.0999984741211,97.18000030517578,90.22241973876953,35675.0
2022-05-11,97.9800033569336,99.06999969482422,96.95999908447266,98.44000244140625,91.3922119140625,35915.0
2022-05-12,96.38999938964844,98.19999694824219,96.16999816894531,97.61000061035156,90.62163543701172,27552.0
2022-05-13,98.5,100.13999938964844,98.5,99.94000244140625,92.78482818603516,18394.0
2022-05-16,99.5,99.94000244140625,99.06999969482422,99.54000091552734,92.4134750366211,18549.0
2022-05-17,100.0199966430664,101.0,99.41999816894531,100.0999984741211,92.93336486816406,20482.0
2022-05-18,100.37999725341797,100.55999755859375,98.63999938964844,98.70999908447266,91.64286804199219,10790.0
2022-05-19,97.5999984741211,97.7699966430664,96.26000213623047,96.98999786376953,90.0460205078125,62667.0
2022-05-20,97.5999984741211,98.37000274658203,96.62999725341797,96.88999938964844,89.95317077636719,25832.0
2022-05-23,97.94000244140625,98.19999694824219,96.80000305175781,97.9000015258789,90.89087677001953,21896.0
2022-05-24,96.41000366210938,96.9000015258789,95.3499984741211,95.58999633789062,88.74626159667969,82625.0
2022-05-25,97.27999877929688,97.69000244140625,96.5199966430664,97.29000091552734,90.32454681396484,46351.0
2022-05-26,97.44999694824219,98.87999725341797,97.41999816894531,98.5999984741211,91.540771484375,10828.0
2022-05-27,98.81999969482422,100.4800033569336,98.6500015258789,100.4800033569336,93.28616333007812,15565.0
2022-05-30,101.45999908447266,101.81999969482422,100.87999725341797,101.18000030517578,93.93602752685547,18509.0
2022-05-31,100.91999816894531,101.4800033569336,100.22000122070312,100.4000015258789,93.21189880371094,38104.0
2022-06-01,100.94000244140625,101.5,100.08000183105469,100.26000213623047,93.0819091796875,26524.0
2022-06-02,100.41999816894531,100.81999969482422,99.75,100.54000091552734,93.34186553955078,15157.0
2022-06-03,101.23999786376953,101.30000305175781,99.8499984741211,100.08000183105469,92.91481018066406,16453.0
2022-06-06,100.72000122070312,101.62000274658203,100.5199966430664,101.04000091552734,93.80608367919922,9413.0
2022-06-07,100.22000122070312,100.91999816894531,99.94999694824219,100.62000274658203,93.41613006591797,30307.0
2022-06-08,101.12000274658203,101.19999694824219,100.30000305175781,100.86000061035156,93.63896179199219,17613.0
2022-06-09,100.19999694824219,100.86000061035156,99.44000244140625,99.94999694824219,92.79410552978516,22805.0
2022-06-10,99.0,99.94000244140625,97.19999694824219,97.23999786376953,90.27812194824219,35680.0
2022-06-13,95.97000122070312,96.1500015258789,94.38999938964844,94.87999725341797,88.08707427978516,70278.0
2022-06-14,95.52999877929688,95.69000244140625,94.2300033569336,94.43000030517578,87.6693115234375,29153.0
2022-06-15,94.26000213623047,95.5999984741211,93.9000015258789,95.11000061035156,88.30062103271484,25715.0
2022-06-16,94.0,94.0199966430664,91.06999969482422,91.41999816894531,85.5937271118164,40061.0
2022-06-17,91.66000366210938,92.5,90.95999908447266,91.6500015258789,85.80907440185547,27333.0
2022-06-20,91.5199966430664,92.01000213623047,91.22000122070312,92.01000213623047,86.1461181640625,21523.0
2022-06-21,92.44999694824219,93.19999694824219,92.22000122070312,93.05999755859375,87.12919616699219,17553.0
2022-06-22,92.0,92.95999908447266,91.4000015258789,92.66999816894531,86.76406860351562,21153.0
2022-06-23,92.11000061035156,93.4000015258789,91.97000122070312,92.91000366210938,86.98876953125,17612.0
2022-06-24,93.63999938964844,95.16000366210938,93.47000122070312,95.05000305175781,88.99238586425781,25817.0
2022-06-27,95.68000030517578,96.20999908447266,94.98999786376953,95.29000091552734,89.21707916259766,22801.0
2022-06-28,95.87999725341797,96.69999694824219,95.29000091552734,95.30999755859375,89.23579406738281,26262.0
2022-06-29,94.33000183105469,94.9000015258789,93.88999938964844,94.5199966430664,88.49613952636719,19524.0
2022-06-30,93.62000274658203,94.1500015258789,93.0,93.6500015258789,87.68159484863281,19000.0
2022-07-01,92.76000213623047,94.61000061035156,92.75,94.05999755859375,88.06546020507812,25258.0
2022-07-04,94.37999725341797,94.62000274658203,94.0999984741211,94.5199966430664,88.49613952636719,32896.0
2022-07-05,94.94000244140625,95.33999633789062,94.04000091552734,94.23999786376953,88.23399353027344,16437.0
2022-07-06,95.72000122070312,96.69999694824219,95.55000305175781,96.16999816894531,90.04100036621094,14925.0
2022-07-07,96.87000274658203,98.19000244140625,96.80999755859375,98.13999938964844,91.88544464111328,17645.0
2022-07-08,98.11000061035156,98.86000061035156,97.80000305175781,98.58999633789062,92.30677795410156,15545.0
2022-07-11,97.6500015258789,98.5,97.58999633789062,97.81999969482422,91.5858383178711,21511.0
2022-07-12,97.69000244140625,98.30000305175781,97.4000015258789,98.05999755859375,91.81053161621094,10732.0
2022-07-13,97.69000244140625,98.05999755859375,96.0,96.66999816894531,90.50912475585938,16549.0
2022-07-14,96.94999694824219,96.97000122070312,95.5,95.86000061035156,89.75074768066406,56381.0
2022-07-15,96.37000274658203,97.48999786376953,96.19999694824219,97.38999938964844,91.1832504272461,10609.0
2022-07-18,97.98999786376953,98.5,97.5199966430664,97.9000015258789,91.66073608398438,13899.0
2022-07-19,97.01000213623047,97.98999786376953,96.18000030517578,97.98999786376953,91.74501037597656,14030.0
2022-07-20,98.55000305175781,99.19999694824219,98.19999694824219,99.16000366210938,92.84043884277344,19370.0
2022-07-21,99.01000213623047,99.4000015258789,98.5,99.4000015258789,93.06513977050781,17483.0
2022-07-22,99.63999938964844,100.33999633789062,99.23999786376953,99.23999786376953,92.91534423828125,17720.0
2022-07-25,99.19000244140625,99.52999877929688,98.75,99.30999755859375,92.98088073730469,27217.0
2022-07-26,99.18000030517578,99.9000015258789,98.9000015258789,99.16999816894531,92.84980773925781,27138.0
2022-07-27,99.62000274658203,100.31999969482422,99.3499984741211,100.18000030517578,93.7954330444336,15902.0
2022-07-28,100.37999725341797,101.4000015258789,100.12000274658203,101.37999725341797,94.91893768310547,23374.0
2022-07-29,101.55999755859375,102.76000213623047,101.37999725341797,102.05999755859375,95.55561065673828,33859.0
2022-08-01,102.36000061035156,102.5999984741211,101.68000030517578,102.22000122070312,95.70541381835938,29006.0
2022-08-02,101.69999694824219,102.55999755859375,101.33999633789062,102.30000305175781,95.78033447265625,16756.0
2022-08-03,102.18000030517578,103.31999969482422,101.9800033569336,103.26000213623047,96.67915344238281,39956.0
2022-08-04,103.22000122070312,103.76000213623047,102.73999786376953,102.91999816894531,96.3608169555664,20347.0
2022-08-05,103.12000274658203,103.4000015258789,102.5,102.86000061035156,96.30464172363281,17823.0
2022-08-08,103.54000091552734,104.04000091552734,103.13999938964844,103.41999816894531,96.82894134521484,18046.0
2022-08-09,103.19999694824219,103.30000305175781,102.18000030517578,102.44000244140625,95.91141510009766,18008.0
2022-08-10,102.22000122070312,103.5999984741211,102.0199966430664,103.23999786376953,96.66041564941406,13299.0
2022-08-11,103.95999908447266,104.4000015258789,103.5199966430664,103.95999908447266,97.33451080322266,24453.0
2022-08-12,103.94000244140625,104.87999725341797,103.77999877929688,104.86000061035156,98.17718505859375,17465.0
2022-08-15,105.45999908447266,105.9800033569336,105.16000366210938,105.9000015258789,99.15087890625,26257.0
2022-08-16,106.41999816894531,106.83999633789062,105.87999725341797,106.4800033569336,99.69393157958984,19792.0
2022-08-17,106.72000122070312,106.76000213623047,105.5199966430664,105.58000183105469,98.85130310058594,24363.0
2022-08-18,105.55999755859375,106.31999969482422,105.4800033569336,106.31999969482422,99.54412841796875,15249.0
2022-08-19,106.22000122070312,106.31999969482422,105.5999984741211,105.66000366210938,98.92620086669922,31876.0
2022-08-22,105.58000183105469,105.66000366210938,104.63999938964844,105.16000366210938,98.45805358886719,30014.0
2022-08-23,104.87999725341797,105.26000213623047,104.26000213623047,104.4800033569336,97.82139587402344,16283.0
2022-08-24,104.5,105.16000366210938,104.05999755859375,104.94000244140625,98.25206756591797,18872.0
2022-08-25,105.31999969482422,105.80000305175781,105.0,105.4800033569336,98.75768280029297,21206.0
2022-08-26,106.05999755859375,106.18000030517578,103.80000305175781,104.0999984741211,97.46560668945312,21491.0
2022-08-29,102.86000061035156,102.87999725341797,101.9000015258789,102.37999725341797,95.85521697998047,45579.0
2022-08-30,102.68000030517578,103.13999938964844,100.9000015258789,101.30000305175781,94.84405517578125,25769.0
2022-08-31,101.77999877929688,102.04000091552734,100.4800033569336,100.5199966430664,94.11378479003906,25194.0
2022-09-01,99.81999969482422,100.08000183105469,99.20999908447266,99.87999725341797,93.5145492553711,41864.0
2022-09-02,100.37999725341797,101.36000061035156,100.04000091552734,101.08000183105469,94.6380844116211,24415.0
2022-09-05,100.69999694824219,100.69999694824219,100.0199966430664,100.58000183105469,94.16995239257812,18756.0
2022-09-06,100.36000061035156,100.95999908447266,99.5999984741211,100.26000213623047,93.8703384399414,19942.0
2022-09-07,99.62999725341797,100.12000274658203,99.44999694824219,99.91999816894531,93.552001953125,14009.0
2022-09-08,100.54000091552734,101.22000122070312,99.62999725341797,101.16000366210938,94.71300506591797,14018.0
2022-09-09,100.83999633789062,102.0999984741211,100.72000122070312,101.87999725341797,95.38710021972656,45779.0
2022-09-12,101.4000015258789,102.80000305175781,101.05999755859375,102.66000366210938,96.11737823486328,16504.0
2022-09-13,102.68000030517578,103.18000030517578,100.77999877929688,100.87999725341797,94.4508285522461,21739.0
2022-09-14,100.45999908447266,100.5999984741211,99.69999694824219,100.19999694824219,93.81415557861328,25291.0
2022-09-15,100.12000274658203,100.44000244140625,98.72000122070312,99.12000274658203,93.2645034790039,27204.0
2022-09-16,97.98999786376953,98.33999633789062,97.19999694824219,97.27999877929688,91.53317260742188,33406.0
2022-09-19,97.44999694824219,97.98999786376953,96.91999816894531,97.55000305175781,91.78726196289062,26296.0
2022-09-20,98.29000091552734,98.58000183105469,97.16000366210938,97.4800033569336,91.72137451171875,12366.0
2022-09-21,97.69000244140625,98.63999938964844,97.5999984741211,98.56999969482422,92.74697875976562,15104.0
2022-09-22,96.66000366210938,97.63999938964844,96.41000366210938,96.5999984741211,90.89337158203125,35063.0
2022-09-23,96.52999877929688,96.98999786376953,95.4000015258789,95.52999877929688,89.88658142089844,44770.0
2022-09-26,95.62999725341797,96.43000030517578,95.0999984741211,95.79000091552734,90.13121795654297,30381.0
2022-09-27,96.05000305175781,96.68000030517578,95.61000061035156,95.61000061035156,89.96185302734375,32678.0
2022-09-28,95.2699966430664,96.02999877929688,94.5,95.81999969482422,90.15943908691406,29361.0
2022-09-29,95.30999755859375,95.37999725341797,93.2300033569336,93.45999908447266,87.93885803222656,28358.0
2022-09-30,93.72000122070312,94.75,93.29000091552734,94.12999725341797,88.56926727294922,29129.0
2022-10-03,92.80000305175781,94.19999694824219,92.12999725341797,94.05000305175781,88.49401092529297,55012.0
2022-10-04,95.08000183105469,96.0999984741211,95.05000305175781,95.95999908447266,90.29117584228516,37631.0
2022-10-05,95.79000091552734,96.30000305175781,95.43000030517578,95.7699966430664,90.11239624023438,28283.0
2022-10-06,96.30000305175781,97.05000305175781,95.75,96.44000244140625,90.74282836914062,17218.0
2022-10-07,96.11000061035156,96.5,94.69999694824219,94.69999694824219,89.10562133789062,15668.0
2022-10-10,94.22000122070312,95.0,93.9000015258789,94.2300033569336,88.66336822509766,16133.0
2022-10-11,93.26000213623047,93.79000091552734,92.7699966430664,93.52999877929688,88.00471496582031,17124.0
2022-10-12,93.5,94.0,92.80000305175781,93.19999694824219,87.6942138671875,34459.0
2022-10-13,92.7699966430664,94.0199966430664,91.18000030517578,93.20999908447266,87.7036361694336,40776.0
2022-10-14,94.70999908447266,95.38999938964844,93.27999877929688,93.44000244140625,87.9200439453125,47552.0
2022-10-17,93.62000274658203,94.83999633789062,93.2300033569336,94.37999725341797,88.80450439453125,27498.0
2022-10-18,94.9800033569336,95.87999725341797,94.44999694824219,94.4800033569336,88.89859771728516,23768.0
2022-10-19,95.01000213623047,95.41999816894531,94.5199966430664,94.70999908447266,89.11502075195312,26966.0
2022-10-20,94.33999633789062,95.30000305175781,94.01000213623047,94.94999694824219,89.3408432006836,40123.0
2022-10-21,93.94000244140625,94.86000061035156,93.48999786376953,94.61000061035156,89.02092742919922,30987.0
2022-10-24,95.18000030517578,95.86000061035156,94.4000015258789,95.04000091552734,89.4255142211914,71471.0
2022-10-25,95.66999816894531,96.0,95.13999938964844,95.95999908447266,90.29117584228516,28075.0
2022-10-26,95.48999786376953,96.29000091552734,95.22000122070312,96.20999908447266,90.52639770507812,27813.0
2022-10-27,95.37000274658203,96.33999633789062,95.06999969482422,96.0,90.32879638671875,33036.0
2022-10-28,94.79000091552734,96.73999786376953,94.69999694824219,96.54000091552734,90.83690643310547,28643.0
2022-10-31,96.9800033569336,97.72000122070312,96.69000244140625,97.33000183105469,91.58024597167969,29981.0
2022-11-01,97.9800033569336,98.3499984741211,97.27999877929688,97.58999633789062,91.82487487792969,31759.0
2022-11-02,97.81999969482422,97.93000030517578,96.94999694824219,97.04000091552734,91.30738067626953,12723.0
2022-11-03,96.33000183105469,96.81999969482422,95.37000274658203,96.29000091552734,90.60167694091797,25196.0
2022-11-04,96.33999633789062,97.0,95.44999694824219,95.79000091552734,90.13121795654297,28316.0
2022-11-07,95.80999755859375,96.55999755859375,95.75,96.12000274658203,90.44171142578125,25977.0
2022-11-08,96.1500015258789,96.94000244140625,96.13999938964844,96.94000244140625,91.21327209472656,9866.0
2022-11-09,96.45999908447266,96.56999969482422,95.73999786376953,95.86000061035156,90.19708251953125,23345.0
2022-11-10,95.29000091552734,98.0,95.2300033569336,97.98999786376953,92.20126342773438,32362.0
2022-11-11,98.72000122070312,98.87000274658203,97.76000213623047,97.77999877929688,92.00365447998047,31460.0
2022-11-14,98.19000244140625,98.58999633789062,97.88999938964844,98.05000305175781,92.25770568847656,22041.0
2022-11-15,98.05000305175781,98.9000015258789,97.69999694824219,98.80999755859375,92.97280883789062,23594.0
2022-11-16,98.25,98.31999969482422,97.13999938964844,97.37000274658203,91.61788177490234,28147.0
2022-11-17,97.69999694824219,97.75,96.54000091552734,97.0199966430664,91.28856658935547,11879.0
2022-11-18,97.11000061035156,98.05000305175781,97.0999984741211,97.5999984741211,91.83429718017578,17142.0
2022-11-21,97.9000015258789,98.30000305175781,97.75,97.83000183105469,92.0506820678711,18011.0
2022-11-22,97.91000366210938,98.56999969482422,97.69999694824219,98.48999786376953,92.67170715332031,25007.0
2022-11-23,98.55999755859375,98.91999816894531,98.43000030517578,98.7699966430664,92.93516540527344,14674.0
2022-11-24,98.7699966430664,99.25,98.66999816894531,99.04000091552734,93.18921661376953,11976.0
2022-11-25,98.87000274658203,99.1500015258789,98.69000244140625,98.80000305175781,92.96340942382812,20664.0
2022-11-28,98.31999969482422,98.43000030517578,97.2699966430664,98.16000366210938,92.36121368408203,25636.0
2022-11-29,98.41000366210938,98.62999725341797,97.8499984741211,97.91999816894531,92.1353759765625,20985.0
2022-11-30,98.44000244140625,98.72000122070312,98.0199966430664,98.66999816894531,92.84107971191406,20206.0
2022-12-01,100.23999786376953,100.27999877929688,99.05000305175781,99.4000015258789,93.5279541015625,36180.0
2022-12-02,99.08000183105469,99.33999633789062,98.25,99.06999969482422,93.21744537353516,26677.0
2022-12-05,98.83999633789062,98.95999908447266,98.06999969482422,98.19999694824219,92.39884185791016,23896.0
2022-12-06,98.0,98.22000122070312,96.83999633789062,96.97000122070312,91.24152374267578,21272.0
2022-12-07,97.05999755859375,97.29000091552734,95.88999938964844,96.41999816894531,90.7239990234375,16745.0
2022-12-08,96.58000183105469,97.0999984741211,96.43000030517578,96.73999786376953,91.02508544921875,19718.0
2022-12-09,97.06999969482422,97.44999694824219,96.5199966430664,97.22000122070312,91.47673797607422,14645.0
2022-12-12,96.5199966430664,96.80999755859375,96.1500015258789,96.62999725341797,90.92160034179688,19755.0
2022-12-13,97.29000091552734,99.5,97.08999633789062,97.95999908447266,92.17303466796875,31647.0
2022-12-14,97.55000305175781,97.8499984741211,97.05000305175781,97.7699966430664,91.99422454833984,21435.0
2022-12-15,96.0199966430664,97.0,93.93000030517578,94.19000244140625,88.94905090332031,41872.0
2022-12-16,94.20999908447266,94.22000122070312,93.19999694824219,93.58999633789062,88.3824462890625,91775.0
2022-12-19,93.72000122070312,94.1500015258789,93.26000213623047,93.26000213623047,88.07080078125,28394.0
2022-12-20,92.36000061035156,93.30999755859375,92.33999633789062,92.97000122070312,87.79693603515625,41501.0
2022-12-21,93.31999969482422,94.5999984741211,93.20999908447266,94.5,89.24180603027344,19007.0
2022-12-22,94.4800033569336,94.63999938964844,93.05000305175781,93.22000122070312,88.03302764892578,26650.0
2022-12-23,93.30000305175781,93.73999786376953,92.8499984741211,93.31999969482422,88.1274642944336,45858.0
2022-12-27,94.05000305175781,94.4800033569336,93.25,93.45999908447266,88.25968933105469,35023.0
2022-12-28,93.62000274658203,93.75,92.9000015258789,92.94000244140625,87.76861572265625,41395.0
2022-12-29,92.62000274658203,93.7699966430664,92.48999786376953,93.68000030517578,88.46743774414062,26801.0
2022-12-30,93.25,93.43000030517578,92.44000244140625,92.63999938964844,87.48529815673828,37922.0
2023-01-02,94.37000274658203,94.80000305175781,93.51000213623047,94.66999816894531,89.40234375,64834.0
2023-01-03,94.3499984741211,95.36000061035156,93.88999938964844,94.01000213623047,88.77906036376953,34199.0
2023-01-04,94.36000061035156,95.0,94.05000305175781,94.91999816894531,89.63844299316406,25234.0
2023-01-05,94.41999816894531,94.94000244140625,94.18000030517578,94.4800033569336,89.2229232788086,33217.0
2023-01-06,94.62999725341797,95.94999694824219,94.47000122070312,95.3499984741211,90.04450988769531,16457.0
2023-01-09,95.4800033569336,96.11000061035156,95.3499984741211,95.9800033569336,90.63945770263672,26104.0
2023-01-10,94.97000122070312,95.30999755859375,94.69999694824219,95.0199966430664,89.73286437988281,36937.0
2023-01-11,95.45999908447266,95.87000274658203,95.37000274658203,95.83999633789062,90.50724029541016,10779.0
2023-01-12,96.36000061035156,96.68000030517578,95.66000366210938,96.08999633789062,90.74333190917969,34069.0
2023-01-13,96.19000244140625,96.5,95.80000305175781,96.38999938964844,91.02664184570312,15479.0
2023-01-16,96.75,96.86000061035156,96.4000015258789,96.7699966430664,91.38550567626953,18204.0
2023-01-17,96.56999969482422,97.30999755859375,96.37000274658203,97.08000183105469,91.67826080322266,16754.0
2023-01-18,96.9800033569336,97.2699966430664,96.58000183105469,96.58000183105469,91.20606994628906,21332.0
2023-01-19,95.94999694824219,95.97000122070312,95.1500015258789,95.31999969482422,90.01616668701172,32599.0
2023-01-20,95.61000061035156,96.04000091552734,95.2300033569336,96.04000091552734,90.69612121582031,14941.0
2023-01-23,96.2300033569336,97.55000305175781,96.01000213623047,97.41000366210938,91.9898910522461,23669.0
2023-01-24,97.30000305175781,97.33000183105469,96.80999755859375,97.16000366210938,91.75379943847656,30983.0
2023-01-25,97.1500015258789,97.1500015258789,95.81999969482422,96.43000030517578,91.06442260742188,29064.0
2023-01-26,97.29000091552734,97.8499984741211,97.25,97.61000061035156,92.17874908447266,32350.0
2023-01-27,97.83000183105469,98.44000244140625,97.66999816894531,98.33000183105469,92.85870361328125,20319.0
2023-01-30,97.56999969482422,97.86000061035156,97.06999969482422,97.75,92.31097412109375,31233.0
2023-01-31,97.45999908447266,97.63999938964844,96.66999816894531,97.56999969482422,92.14098358154297,28938.0
2023-02-01,97.94999694824219,98.0,97.2699966430664,97.55999755859375,92.13154602050781,23184.0
2023-02-02,98.16000366210938,99.55000305175781,98.06999969482422,99.55000305175781,94.01081085205078,41181.0
2023-02-03,99.08999633789062,99.98999786376953,98.81999969482422,99.98999786376953,94.42633056640625,38460.0
2023-02-06,99.13999938964844,99.41999816894531,98.66000366210938,99.41000366210938,93.87861633300781,31527.0
2023-02-07,99.38999938964844,99.66999816894531,99.30000305175781,99.58999633789062,94.048583984375,29399.0
2023-02-08,100.18000030517578,100.26000213623047,99.47000122070312,99.4800033569336,93.94470977783203,26163.0
2023-02-09,100.16000366210938,100.33999633789062,99.62999725341797,99.7300033569336,94.18079376220703,17865.0
2023-02-10,98.86000061035156,99.3499984741211,98.5999984741211,99.19999694824219,93.68029022216797,19573.0
2023-02-13,99.2300033569336,99.94000244140625,99.2300033569336,99.86000061035156,94.30357360839844,28685.0
2023-02-14,99.88999938964844,100.22000122070312,99.37999725341797,99.41000366210938,93.87861633300781,37464.0
2023-02-15,99.37000274658203,100.18000030517578,99.30999755859375,100.05999755859375,94.492431640625,20682.0
2023-02-16,100.54000091552734,100.63999938964844,99.4800033569336,100.12000274658203,94.54910278320312,28063.0
2023-02-17,99.2699966430664,99.5,98.83999633789062,98.93000030517578,93.42530822753906,24576.0
2023-02-20,99.22000122070312,99.3499984741211,99.04000091552734,99.13999938964844,93.62364196777344,14963.0
2023-02-21,98.9000015258789,99.01000213623047,98.08999633789062,98.08999633789062,92.63206481933594,17258.0
2023-02-22,97.9000015258789,98.19999694824219,97.55000305175781,98.05999755859375,92.60370635986328,21096.0
2023-02-23,98.44999694824219,98.83999633789062,98.05000305175781,98.08000183105469,92.62259674072266,29964.0
2023-02-24,98.48999786376953,98.55000305175781,97.19999694824219,97.41000366210938,91.9898910522461,29426.0
2023-02-27,98.11000061035156,98.47000122070312,97.91000366210938,97.94999694824219,92.4998550415039,30618.0
2023-02-28,97.4800033569336,97.93000030517578,97.27999877929688,97.52999877929688,92.10321044921875,31148.0
2023-03-01,97.70999908447266,97.79000091552734,96.61000061035156,96.7699966430664,91.38550567626953,59442.0
2023-03-02,96.56999969482422,97.4000015258789,96.5,97.2699966430664,91.85768127441406,21779.0
2023-03-03,97.94000244140625,98.83000183105469,97.87999725341797,98.7699966430664,93.27420806884766,17479.0
2023-03-06,99.02999877929688,99.2300033569336,98.77999877929688,99.11000061035156,93.59529113769531,17844.0
2023-03-07,98.76000213623047,99.12999725341797,98.41999816894531,98.52999877929688,93.04757690429688,19554.0
2023-03-08,98.37999725341797,98.69000244140625,98.30000305175781,98.38999938964844,92.91535186767578,14658.0
2023-03-09,98.4000015258789,98.72000122070312,98.02999877929688,98.30000305175781,92.83037567138672,11335.0
2023-03-10,95.9800033569336,97.0,95.19999694824219,96.30000305175781,90.941650390625,54738.0
2023-03-13,95.4000015258789,95.54000091552734,93.26000213623047,94.19000244140625,88.94905090332031,90145.0
2023-03-14,94.27999877929688,95.51000213623047,94.01000213623047,95.37000274658203,90.06340026855469,30000.0
2023-03-15,94.93000030517578,95.20999908447266,93.80000305175781,94.56999969482422,89.30791473388672,114076.0
2023-03-16,95.11000061035156,95.5999984741211,94.01000213623047,95.41999816894531,90.4792251586914,27632.0
2023-03-17,95.91999816894531,96.16999816894531,94.41000366210938,94.68000030517578,89.77753448486328,27409.0
2023-03-20,94.19000244140625,95.13999938964844,93.52999877929688,94.69000244140625,89.78700256347656,50217.0
2023-03-21,95.22000122070312,95.66000366210938,95.13999938964844,95.30999755859375,90.37491607666016,28098.0
2023-03-22,95.61000061035156,95.94999694824219,95.48999786376953,95.55000305175781,90.60249328613281,12101.0
2023-03-23,94.5,95.36000061035156,94.23999786376953,95.01000213623047,90.09043884277344,37496.0
2023-03-24,94.83000183105469,95.02999877929688,94.25,94.79000091552734,89.88184356689453,40375.0
2023-03-27,95.77999877929688,95.86000061035156,95.22000122070312,95.36000061035156,90.42231750488281,22778.0
2023-03-28,95.61000061035156,95.76000213623047,94.86000061035156,95.02999877929688,90.10940551757812,11606.0
2023-03-29,95.7699966430664,96.0,95.58999633789062,95.9800033569336,91.01021575927734,29176.0
2023-03-30,96.4800033569336,96.62000274658203,96.12000274658203,96.3499984741211,91.3610610961914,29811.0
2023-03-31,96.55000305175781,97.45999908447266,96.4800033569336,97.41000366210938,92.36617279052734,18694.0
2023-04-03,97.93000030517578,97.98999786376953,97.43000030517578,97.58000183105469,92.52737426757812,26424.0
2023-04-04,97.86000061035156,98.13999938964844,96.9000015258789,97.05999755859375,92.03429412841797,38615.0
2023-04-05,97.11000061035156,97.12000274658203,96.6500015258789,96.66000366210938,91.6550064086914,18836.0
2023-04-06,97.0,97.19000244140625,96.73999786376953,96.91999816894531,91.90153503417969,17004.0
2023-04-11,97.80999755859375,97.94999694824219,97.41000366210938,97.58999633789062,92.53685760498047,19047.0
2023-04-12,97.45999908447266,97.9800033569336,96.86000061035156,97.13999938964844,92.11015319824219,42559.0
2023-04-13,97.05999755859375,97.12000274658203,96.56999969482422,97.02999877929688,92.00584411621094,12643.0
2023-04-14,97.36000061035156,98.0,97.19999694824219,97.52999877929688,92.47994995117188,17333.0
2023-04-17,98.0,98.31999969482422,97.9000015258789,98.0999984741211,93.02043914794922,34660.0
2023-04-18,98.37999725341797,98.76000213623047,98.12000274658203,98.26000213623047,93.17214965820312,22572.0
2023-04-19,98.04000091552734,98.1500015258789,97.73999786376953,97.98999786376953,92.9161376953125,27236.0
2023-04-20,97.95999908447266,97.98999786376953,97.45999908447266,97.75,92.68856048583984,28499.0
2023-04-21,97.7300033569336,97.80999755859375,97.33999633789062,97.56999969482422,92.51788330078125,16716.0
2023-04-24,97.31999969482422,97.5,97.06999969482422,97.1500015258789,92.1196517944336,28986.0
2023-04-25,96.83000183105469,97.05000305175781,96.66000366210938,96.87000274658203,91.85413360595703,18295.0
2023-04-26,96.75,96.79000091552734,95.45999908447266,96.04000091552734,91.06710815429688,34125.0
2023-04-27,96.08000183105469,96.62000274658203,95.87999725341797,96.5999984741211,91.59809875488281,10806.0
2023-04-28,97.08999633789062,97.6500015258789,96.83000183105469,97.33000183105469,92.29032897949219,22920.0
2023-05-02,97.86000061035156,98.06999969482422,96.4000015258789,96.45999908447266,91.46537017822266,47934.0
2023-05-03,96.83999633789062,96.98999786376953,96.44999694824219,96.51000213623047,91.51277160644531,16526.0
2023-05-04,96.13999938964844,96.48999786376953,95.6500015258789,96.05999755859375,91.0860824584961,32517.0
2023-05-05,96.31999969482422,97.47000122070312,96.20999908447266,97.30000305175781,92.26187896728516,39712.0
2023-05-08,97.4000015258789,97.73999786376953,97.31999969482422,97.62000274658203,92.56529998779297,17870.0
2023-05-09,97.76000213623047,97.91999816894531,97.5199966430664,97.88999938964844,92.82131958007812,14394.0
2023-05-10,97.7699966430664,98.16999816894531,97.44000244140625,97.80000305175781,92.7359848022461,25509.0
2023-05-11,98.37999725341797,98.63999938964844,97.66000366210938,98.04000091552734,92.96354675292969,14598.0
2023-05-12,98.20999908447266,98.63999938964844,98.12999725341797,98.27999877929688,93.19111633300781,27950.0
2023-05-15,98.73999786376953,98.9000015258789,98.2300033569336,98.69000244140625,93.57991790771484,14347.0
2023-05-16,98.55000305175781,98.69999694824219,98.33000183105469,98.52999877929688,93.42818450927734,20700.0
2023-05-17,98.33999633789062,98.9000015258789,98.26000213623047,98.80000305175781,93.68421173095703,12928.0
2023-05-18,99.33999633789062,100.13999938964844,99.33999633789062,100.05999755859375,94.87895965576172,24253.0
2023-05-19,100.4000015258789,100.62000274658203,99.9800033569336,99.9800033569336,94.80310821533203,24355.0
2023-05-22,100.12000274658203,100.45999908447266,99.91000366210938,100.4000015258789,95.20137023925781,15261.0
2023-05-23,100.08000183105469,100.30000305175781,99.9000015258789,100.16000366210938,94.9737777709961,26774.0
2023-05-24,99.16999816894531,99.25,98.37000274658203,98.66999816894531,93.5609359741211,36245.0
2023-05-25,99.11000061035156,99.62000274658203,98.94000244140625,99.04000091552734,93.91177368164062,46357.0
2023-05-26,99.37999725341797,100.69999694824219,99.0999984741211,100.5,95.29617309570312,24124.0
2023-05-29,100.76000213623047,100.77999877929688,100.55999755859375,100.68000030517578,95.46685791015625,16150.0
2023-05-30,100.77999877929688,101.08000183105469,100.05999755859375,100.22000122070312,95.0306625366211,28580.0
2023-05-31,99.94999694824219,100.4000015258789,99.5,99.62000274658203,94.46173858642578,15711.0
2023-06-01,100.12000274658203,100.33999633789062,99.4800033569336,99.69999694824219,94.53759002685547,28806.0
2023-06-02,100.69999694824219,102.12000274658203,100.66000366210938,102.05999755859375,96.775390625,25198.0
2023-06-05,102.27999877929688,102.63999938964844,102.0,102.30000305175781,97.00298309326172,20290.0
2023-06-06,102.04000091552734,102.66000366210938,101.94000244140625,102.55999755859375,97.24949645996094,14174.0
2023-06-07,102.5199966430664,102.5999984741211,102.18000030517578,102.4000015258789,97.0978012084961,26455.0
2023-06-08,101.94000244140625,102.0999984741211,101.5,101.86000061035156,96.58575439453125,15144.0
2023-06-09,102.05999755859375,102.69999694824219,101.81999969482422,102.4000015258789,97.0978012084961,12645.0
2023-06-12,102.66000366210938,102.76000213623047,102.31999969482422,102.5999984741211,97.28742980957031,22283.0
2023-06-13,103.0199966430664,103.5999984741211,102.86000061035156,103.54000091552734,98.17877197265625,26884.0
2023-06-14,103.5,103.80000305175781,103.26000213623047,103.5199966430664,98.15979766845703,27344.0
2023-06-15,102.72000122070312,102.81999969482422,101.87999725341797,102.54000091552734,97.8606185913086,50575.0
2023-06-16,102.73999786376953,103.19999694824219,102.63999938964844,102.87999725341797,98.18511962890625,25174.0
2023-06-19,102.5,102.72000122070312,102.30000305175781,102.33999633789062,97.66974639892578,41406.0
2023-06-20,102.0999984741211,102.30000305175781,101.63999938964844,101.73999786376953,97.09713745117188,20048.0
2023-06-21,101.69999694824219,101.91999816894531,100.9800033569336,101.19999694824219,96.5817642211914,20794.0
2023-06-22,100.58000183105469,100.9800033569336,100.12000274658203,100.94000244140625,96.33364868164062,26401.0
2023-06-23,100.80000305175781,101.5,100.5,100.73999786376953,96.14278411865234,22848.0
2023-06-26,100.69999694824219,100.87999725341797,100.33999633789062,100.5199966430664,95.93280792236328,34680.0
2023-06-27,100.5999984741211,100.69999694824219,100.0199966430664,100.5199966430664,95.93280792236328,15814.0
2023-06-28,101.0,101.36000061035156,100.73999786376953,101.33999633789062,96.71538543701172,18172.0
2023-06-29,101.33999633789062,101.72000122070312,101.13999938964844,101.66000366210938,97.02079772949219,15164.0
2023-06-30,101.9000015258789,102.5999984741211,101.9000015258789,102.4800033569336,97.8033676147461,24029.0
2023-07-03,103.0,103.18000030517578,102.66000366210938,102.83999633789062,98.14693450927734,28221.0
2023-07-04,103.0,103.08000183105469,102.9000015258789,102.9800033569336,98.28055572509766,12795.0
2023-07-05,102.72000122070312,102.9000015258789,102.33999633789062,102.86000061035156,98.16603088378906,16884.0
2023-07-06,102.27999877929688,102.36000061035156,101.0,101.12000274658203,96.50543212890625,29006.0
2023-07-07,101.16000366210938,101.9800033569336,100.9800033569336,101.18000030517578,96.56268310546875,17591.0
2023-07-10,100.45999908447266,101.0,100.36000061035156,100.77999877929688,96.18095397949219,28023.0
2023-07-11,100.87999725341797,101.33999633789062,100.68000030517578,101.16000366210938,96.5436019897461,15461.0
2023-07-12,101.4000015258789,102.0,101.33999633789062,101.76000213623047,97.11622619628906,27083.0
2023-07-13,101.77999877929688,101.9800033569336,101.69999694824219,101.77999877929688,97.13530731201172,29236.0
2023-07-14,101.80000305175781,102.04000091552734,101.58000183105469,101.77999877929688,97.13530731201172,19693.0
2023-07-17,101.36000061035156,101.69999694824219,101.19999694824219,101.5999984741211,96.96351623535156,12490.0
2023-07-18,101.45999908447266,102.0999984741211,101.30000305175781,102.0999984741211,97.44070434570312,21662.0
2023-07-19,102.5,103.04000091552734,102.30000305175781,102.9000015258789,98.20419311523438,47697.0
2023-07-20,102.41999816894531,102.87999725341797,102.31999969482422,102.86000061035156,98.16603088378906,24268.0
2023-07-21,102.73999786376953,103.16000366210938,102.73999786376953,103.05999755859375,98.35688018798828,26379.0
2023-07-24,102.69999694824219,103.72000122070312,102.58000183105469,103.5999984741211,98.87224578857422,34418.0
2023-07-25,103.86000061035156,104.31999969482422,103.66000366210938,104.18000030517578,99.42577362060547,29567.0
2023-07-26,104.16000366210938,104.18000030517578,103.62000274658203,103.86000061035156,99.12039947509766,21114.0
2023-07-27,104.22000122070312,105.58000183105469,104.13999938964844,105.23999786376953,100.43741607666016,33830.0
2023-07-28,104.81999969482422,105.19999694824219,104.73999786376953,105.0999984741211,100.30380249023438,37406.0
2023-07-31,105.0199966430664,105.36000061035156,104.86000061035156,105.13999938964844,100.34196472167969,42703.0
2023-08-01,105.44000244140625,105.55999755859375,104.9000015258789,105.0,100.2083740234375,50015.0
2023-08-02,104.0199966430664,104.44000244140625,103.54000091552734,103.80000305175781,99.06312561035156,53121.0
2023-08-03,103.68000030517578,103.68000030517578,103.0,103.36000061035156,98.64319610595703,26396.0
2023-08-04,103.58000183105469,104.0,102.81999969482422,103.19999694824219,98.4905014038086,22237.0
2023-08-07,103.16000366210938,103.31999969482422,102.9000015258789,102.9800033569336,98.28055572509766,30354.0
2023-08-08,102.94000244140625,103.22000122070312,102.54000091552734,102.66000366210938,97.97515869140625,21650.0
2023-08-09,103.4000015258789,103.5,102.4800033569336,102.62000274658203,97.9369888305664,14180.0
2023-08-10,102.87999725341797,103.5,102.62000274658203,103.08000183105469,98.37599182128906,25569.0
2023-08-11,102.5999984741211,102.69999694824219,102.19999694824219,102.33999633789062,97.66974639892578,16363.0
2023-08-14,102.4800033569336,103.05999755859375,102.4000015258789,102.83999633789062,98.14693450927734,14037.0
2023-08-15,102.94000244140625,102.9800033569336,101.76000213623047,102.12000274658203,97.45980072021484,32827.0
2023-08-16,101.87999725341797,102.05999755859375,101.63999938964844,101.91999816894531,97.26893615722656,16491.0
2023-08-17,101.72000122070312,101.83999633789062,101.26000213623047,101.33999633789062,96.71538543701172,23350.0
2023-08-18,100.80000305175781,100.9000015258789,100.0999984741211,100.55999755859375,95.97097778320312,23125.0
2023-08-21,100.63999938964844,101.05999755859375,100.5,100.58000183105469,95.99007415771484,25469.0
2023-08-22,101.0199966430664,101.87999725341797,100.9800033569336,101.54000091552734,96.90625762939453,17700.0
2023-08-23,101.68000030517578,102.27999877929688,101.66000366210938,102.19999694824219,97.5361328125,19665.0
2023-08-24,103.0999984741211,103.26000213623047,101.87999725341797,101.9000015258789,97.24983215332031,23600.0
2023-08-25,101.81999969482422,102.33999633789062,101.4800033569336,101.87999725341797,97.23074340820312,32782.0
2023-08-28,102.36000061035156,103.0,102.19999694824219,102.72000122070312,98.03242492675781,24480.0
2023-08-29,103.0999984741211,103.58000183105469,102.77999877929688,103.55999755859375,98.83407592773438,20948.0
2023-08-30,103.5999984741211,103.81999969482422,103.05999755859375,103.45999908447266,98.73863220214844,24466.0
2023-08-31,103.76000213623047,104.41999816894531,103.63999938964844,104.12000274658203,99.36852264404297,31733.0
2023-09-01,104.13999938964844,104.9000015258789,104.0999984741211,104.69999694824219,99.92205810546875,39814.0
2023-09-04,105.04000091552734,105.19999694824219,104.72000122070312,104.80000305175781,100.01750183105469,30802.0
2023-09-05,104.5999984741211,105.30000305175781,104.4800033569336,105.13999938964844,100.34196472167969,18513.0
2023-09-06,104.66000366210938,104.69999694824219,104.23999786376953,104.30000305175781,99.54029846191406,26881.0
2023-09-07,104.0199966430664,104.23999786376953,103.69999694824219,104.0199966430664,99.2730941772461,21590.0
2023-09-08,104.08000183105469,104.27999877929688,103.68000030517578,104.26000213623047,99.50213623046875,24856.0
2023-09-11,104.36000061035156,104.69999694824219,104.19999694824219,104.33999633789062,99.57848358154297,20480.0
2023-09-12,104.66000366210938,104.69999694824219,104.31999969482422,104.44000244140625,99.6739273071289,21772.0
2023-09-13,104.0999984741211,104.37999725341797,103.83999633789062,104.37999725341797,99.61665344238281,14348.0
2023-09-14,104.19999694824219,105.33999633789062,103.94000244140625,105.27999877929688,100.90496063232422,19824.0
2023-09-15,105.80000305175781,105.9000015258789,104.69999694824219,104.77999877929688,100.42572784423828,34609.0
2023-09-18,104.72000122070312,104.77999877929688,104.13999938964844,104.33999633789062,100.0040054321289,17191.0
2023-09-19,104.26000213623047,104.5,103.63999938964844,103.80000305175781,99.48644256591797,28411.0
2023-09-20,104.05999755859375,104.31999969482422,103.94000244140625,104.12000274658203,99.79315185546875,14500.0
2023-09-21,103.37999725341797,103.41999816894531,102.31999969482422,102.45999908447266,98.20214080810547,61476.0
2023-09-22,102.19999694824219,102.68000030517578,102.12000274658203,102.5199966430664,98.2596435546875,26671.0
2023-09-25,102.18000030517578,102.55999755859375,101.68000030517578,102.5199966430664,98.2596435546875,31263.0
2023-09-26,102.12000274658203,102.19999694824219,101.4800033569336,101.63999938964844,97.41619873046875,20363.0
2023-09-27,101.77999877929688,102.26000213623047,101.77999877929688,101.9800033569336,97.74207305908203,18224.0
2023-09-28,102.04000091552734,102.18000030517578,101.45999908447266,102.0199966430664,97.78042602539062,28543.0
2023-09-29,102.23999786376953,102.73999786376953,102.16000366210938,102.19999694824219,97.95293426513672,20255.0
2023-10-02,102.12000274658203,102.4800033569336,101.72000122070312,102.12000274658203,97.87627410888672,33653.0
2023-10-03,102.04000091552734,102.23999786376953,100.87999725341797,100.87999725341797,96.68778991699219,50164.0
2023-10-04,100.30000305175781,100.9800033569336,100.12000274658203,100.58000183105469,96.40027618408203,44384.0
2023-10-05,101.0199966430664,101.16000366210938,100.37999725341797,100.5,96.3235855102539,22670.0
2023-10-06,100.94000244140625,101.18000030517578,100.44000244140625,101.16000366210938,96.95616912841797,31562.0
2023-10-09,101.30000305175781,101.63999938964844,101.05999755859375,101.63999938964844,97.41619873046875,32169.0
2023-10-10,102.37999725341797,103.08000183105469,102.23999786376953,103.04000091552734,98.75804138183594,21894.0
2023-10-11,102.76000213623047,103.0999984741211,102.62000274658203,102.69999694824219,98.43215942382812,18874.0
2023-10-12,103.37999725341797,103.66000366210938,103.26000213623047,103.4000015258789,99.10307312011719,18330.0
2023-10-13,103.18000030517578,103.5,102.69999694824219,102.81999969482422,98.54717254638672,24209.0
2023-10-16,102.72000122070312,103.37999725341797,102.31999969482422,103.27999877929688,98.9880599975586,27224.0
2023-10-17,103.05999755859375,103.22000122070312,102.4000015258789,102.95999908447266,98.68135833740234,27849.0
2023-10-18,102.62000274658203,102.80000305175781,102.19999694824219,102.33999633789062,98.08712005615234,12269.0
2023-10-19,101.58000183105469,101.73999786376953,101.05999755859375,101.23999786376953,97.03282928466797,17772.0
2023-10-20,100.23999786376953,100.44000244140625,99.44999694824219,99.48999786376953,95.35556030273438,56974.0
2023-10-23,99.44000244140625,99.55000305175781,98.41999816894531,99.1500015258789,95.0296859741211,44852.0
2023-10-24,98.8499984741211,100.08000183105469,98.70999908447266,99.81999969482422,95.67184448242188,32743.0
2023-10-25,99.4800033569336,99.83999633789062,99.0,99.30999755859375,95.18303680419922,29093.0
2023-10-26,98.33999633789062,98.93000030517578,98.19999694824219,98.62000274658203,94.52171325683594,27589.0
2023-10-27,98.4800033569336,98.76000213623047,97.80000305175781,97.86000061035156,93.79328918457031,29816.0
2023-10-30,98.31999969482422,98.5,97.5999984741211,97.91999816894531,93.8508071899414,69023.0
2023-10-31,97.94000244140625,98.7300033569336,97.8499984741211,98.72000122070312,94.6175537109375,25979.0
2023-11-01,99.0,99.9800033569336,98.8499984741211,99.80000305175781,95.65267944335938,34719.0
2023-11-02,100.30000305175781,101.23999786376953,100.27999877929688,101.23999786376953,97.03282928466797,45346.0
2023-11-03,101.62000274658203,101.86000061035156,101.23999786376953,101.76000213623047,97.5312271118164,49929.0
2023-11-06,101.80000305175781,101.86000061035156,101.5999984741211,101.62000274658203,97.39704132080078,17279.0
2023-11-07,101.55999755859375,102.27999877929688,101.54000091552734,102.19999694824219,97.95293426513672,26432.0
2023-11-08,101.86000061035156,102.31999969482422,101.72000122070312,101.76000213623047,97.5312271118164,19230.0
2023-11-09,101.91999816894531,102.4000015258789,101.83999633789062,102.22000122070312,97.97212219238281,46052.0
2023-11-10,101.77999877929688,102.0199966430664,101.26000213623047,101.95999908447266,97.72291564941406,18507.0
2023-11-13,102.26000213623047,102.5999984741211,102.19999694824219,102.5999984741211,98.33631134033203,53422.0
2023-11-14,102.5199966430664,103.44000244140625,102.30000305175781,103.22000122070312,98.93055725097656,42986.0
2023-11-15,103.37999725341797,103.9000015258789,103.31999969482422,103.72000122070312,99.40978240966797,32790.0
2023-11-16,103.4800033569336,103.5,102.86000061035156,103.0,98.71969604492188,40883.0
2023-11-17,103.63999938964844,103.81999969482422,103.26000213623047,103.31999969482422,99.0263900756836,14333.0
2023-11-20,103.23999786376953,103.4800033569336,103.05999755859375,103.44000244140625,99.14141845703125,26074.0
2023-11-21,103.54000091552734,103.66000366210938,103.27999877929688,103.5199966430664,99.21807861328125,10376.0
2023-11-22,103.72000122070312,104.45999908447266,103.63999938964844,104.27999877929688,99.9465103149414,43930.0
2023-11-23,104.19999694824219,104.33999633789062,104.04000091552734,104.27999877929688,99.9465103149414,16944.0
2023-11-24,104.08000183105469,104.22000122070312,103.91999816894531,104.0199966430664,99.69731140136719,40897.0
2023-11-27,103.72000122070312,103.95999908447266,103.54000091552734,103.83999633789062,99.52479553222656,36937.0
2023-11-28,103.63999938964844,103.69999694824219,103.22000122070312,103.69999694824219,99.39061737060547,16876.0
2023-11-29,103.5999984741211,104.16000366210938,103.5,103.77999877929688,99.46728515625,17547.0
2023-11-30,104.0999984741211,104.5,103.9800033569336,104.26000213623047,99.92733764648438,32414.0
2023-12-01,104.63999938964844,105.36000061035156,104.5999984741211,105.30000305175781,100.92411804199219,46191.0
2023-12-04,105.26000213623047,105.45999908447266,105.05999755859375,105.13999938964844,100.77076721191406,41928.0
2023-12-05,105.04000091552734,105.58000183105469,104.81999969482422,105.58000183105469,101.1924819946289,25491.0
2023-12-06,105.9800033569336,106.19999694824219,105.77999877929688,105.77999877929688,101.38417053222656,27820.0
2023-12-07,105.54000091552734,105.9800033569336,105.37999725341797,105.87999725341797,101.48001098632812,15789.0
2023-12-08,105.95999908447266,106.5999984741211,105.9000015258789,106.44000244140625,102.01673889160156,29801.0
2023-12-11,106.58000183105469,107.0199966430664,106.31999969482422,106.83999633789062,102.4001235961914,32011.0
2023-12-12,106.91999816894531,107.0,106.5,106.72000122070312,102.28511047363281,52254.0
2023-12-13,107.04000091552734,107.23999786376953,106.95999908447266,107.08000183105469,102.63014221191406,19755.0
2023-12-14,107.58000183105469,107.72000122070312,106.69999694824219,106.76000213623047,102.67997741699219,45269.0
2023-12-15,107.05999755859375,107.58000183105469,107.0,107.55999755859375,103.44940185546875,52072.0
2023-12-18,107.31999969482422,107.54000091552734,107.22000122070312,107.44000244140625,103.3340072631836,52978.0
2023-12-19,107.5,107.68000030517578,107.30000305175781,107.63999938964844,103.52635192871094,22036.0
2023-12-20,107.83999633789062,107.94000244140625,107.5999984741211,107.86000061035156,103.73795318603516,30989.0
2023-12-21,107.30000305175781,107.37999725341797,106.83999633789062,107.13999938964844,103.04547119140625,27272.0
2023-12-22,107.13999938964844,107.5999984741211,106.94000244140625,107.5,103.39170837402344,29215.0
2023-12-27,107.5,107.76000213623047,106.94000244140625,107.0999984741211,103.00700378417969,45723.0
2023-12-28,107.62000274658203,107.76000213623047,107.30000305175781,107.72000122070312,103.6032943725586,44460.0
2023-12-29,107.86000061035156,108.05999755859375,107.4000015258789,107.4000015258789,103.29553985595703,60312.0
2024-01-02,108.0999984741211,108.19999694824219,107.55999755859375,107.86000061035156,103.73795318603516,51352.0
2024-01-03,107.76000213623047,107.86000061035156,107.22000122070312,107.41999816894531,103.31476593017578,40802.0
2024-01-04,107.44000244140625,107.5,106.94000244140625,107.31999969482422,103.21858978271484,92732.0
2024-01-05,106.9800033569336,107.33999633789062,106.68000030517578,107.19999694824219,103.10317993164062,34346.0
2024-01-08,107.0199966430664,107.37999725341797,106.63999938964844,107.30000305175781,103.19935607910156,58231.0
2024-01-09,107.83999633789062,107.9800033569336,107.4000015258789,107.94000244140625,103.81488800048828,32281.0
2024-01-10,107.9800033569336,108.18000030517578,107.80000305175781,107.9000015258789,103.77642059326172,21079.0
2024-01-11,108.5,108.68000030517578,107.44000244140625,107.54000091552734,103.43017578125,18999.0
2024-01-12,108.04000091552734,108.68000030517578,107.91999816894531,108.31999969482422,104.18036651611328,28907.0
2024-01-15,108.4800033569336,108.54000091552734,108.19999694824219,108.36000061035156,104.21884155273438,20727.0
2024-01-16,107.87999725341797,108.5999984741211,107.80000305175781,108.5,104.35348510742188,18758.0
2024-01-17,107.5,107.62000274658203,107.19999694824219,107.55999755859375,103.44940185546875,36626.0
2024-01-18,107.41999816894531,108.13999938964844,107.37999725341797,108.08000183105469,103.94953155517578,30819.0
2024-01-19,108.4800033569336,108.73999786376953,108.22000122070312,108.44000244140625,104.29578399658203,35099.0
2024-01-22,109.23999786376953,109.69999694824219,109.22000122070312,109.44000244140625,105.257568359375,32484.0
2024-01-23,109.37999725341797,109.91999816894531,109.13999938964844,109.69999694824219,105.50762176513672,24069.0
2024-01-24,110.19999694824219,110.5,110.05999755859375,110.30000305175781,106.08470916748047,29913.0
2024-01-25,110.05999755859375,110.86000061035156,109.9000015258789,110.83999633789062,106.60406494140625,36787.0
2024-01-26,110.66000366210938,111.05999755859375,110.45999908447266,110.94000244140625,106.70024108886719,40680.0
2024-01-29,111.16000366210938,111.5,111.04000091552734,111.37999725341797,107.1234130859375,38792.0
2024-01-30,111.66000366210938,111.81999969482422,111.30000305175781,111.5,107.23883056640625,29823.0
2024-01-31,111.55999755859375,111.5999984741211,110.77999877929688,110.9000015258789,106.66177368164062,44879.0
2024-02-01,110.91999816894531,111.13999938964844,110.37999725341797,110.54000091552734,106.31554412841797,45852.0
2024-02-02,111.4800033569336,112.12000274658203,111.31999969482422,112.12000274658203,107.83515167236328,41702.0
2024-02-05,112.27999877929688,112.69999694824219,112.12000274658203,112.33999633789062,108.04673767089844,35374.0
2024-02-06,112.76000213623047,113.0199966430664,112.5199966430664,112.86000061035156,108.546875,57863.0
2024-02-07,112.81999969482422,113.5,112.73999786376953,113.30000305175781,108.97005462646484,31489.0
2024-02-08,113.37999725341797,113.55999755859375,113.23999786376953,113.27999877929688,108.9508056640625,26616.0
2024-02-09,113.36000061035156,113.73999786376953,112.95999908447266,113.4000015258789,109.06623077392578,72927.0
2024-02-12,113.63999938964844,114.41999816894531,113.63999938964844,114.41999816894531,110.0472412109375,36340.0
2024-02-13,114.13999938964844,114.16000366210938,112.9000015258789,113.27999877929688,108.9508056640625,84478.0
2024-02-14,113.37999725341797,113.83999633789062,113.33999633789062,113.54000091552734,109.20086669921875,24237.0
2024-02-15,114.19999694824219,114.31999969482422,113.77999877929688,114.0,109.64329528808594,28546.0
2024-02-16,114.63999938964844,114.81999969482422,114.16000366210938,114.54000091552734,110.16266632080078,39442.0
2024-02-19,114.12000274658203,114.45999908447266,114.0,114.36000061035156,109.98954772949219,30118.0
2024-02-20,114.0999984741211,114.12000274658203,113.16000366210938,113.31999969482422,108.98928833007812,35819.0
2024-02-21,113.37999725341797,113.45999908447266,113.0999984741211,113.22000122070312,108.89311218261719,32309.0
2024-02-22,114.22000122070312,115.0999984741211,114.0999984741211,115.0,110.6050796508789,27993.0
2024-02-23,115.26000213623047,115.69999694824219,115.0999984741211,115.4000015258789,110.98980712890625,50483.0
2024-02-26,115.13999938964844,115.26000213623047,114.87999725341797,114.95999908447266,110.56660461425781,40140.0
2024-02-27,114.80000305175781,115.04000091552734,114.5999984741211,114.86000061035156,110.4704360961914,26799.0
2024-02-28,115.0,115.04000091552734,114.58000183105469,114.73999786376953,110.35501861572266,22326.0
2024-02-29,114.72000122070312,115.19999694824219,114.41999816894531,115.04000091552734,110.64354705810547,27200.0
2024-03-01,115.76000213623047,116.0,115.37999725341797,115.86000061035156,111.43220520019531,46391.0
2024-03-04,115.95999908447266,116.0999984741211,115.62000274658203,115.80000305175781,111.37451934814453,42644.0
2024-03-05,115.62000274658203,115.63999938964844,114.80000305175781,114.95999908447266,110.56660461425781,50518.0
2024-03-06,115.12000274658203,115.63999938964844,115.0999984741211,115.44000244140625,111.02826690673828,22588.0
2024-03-07,115.0999984741211,116.19999694824219,114.87999725341797,115.91999816894531,111.48992919921875,42708.0
2024-03-08,116.18000030517578,116.5199966430664,115.9000015258789,115.95999908447266,111.52838897705078,37473.0
2024-03-11,115.22000122070312,115.37999725341797,114.87999725341797,115.30000305175781,110.89360809326172,42674.0
2024-03-12,115.86000061035156,116.55999755859375,115.5,116.27999877929688,111.83616638183594,56807.0
2024-03-13,116.41999816894531,116.45999908447266,116.16000366210938,116.19999694824219,111.75922393798828,25447.0
2024-03-14,116.19999694824219,116.36000061035156,115.58000183105469,115.94000244140625,111.5091552734375,46413.0
2024-03-15,115.9800033569336,116.26000213623047,115.26000213623047,115.26000213623047,111.19413757324219,33588.0
2024-03-18,115.76000213623047,116.23999786376953,115.54000091552734,116.16000366210938,112.0624008178711,41067.0
2024-03-19,116.05999755859375,116.30000305175781,115.63999938964844,116.30000305175781,112.19745635986328,30123.0
2024-03-20,116.4000015258789,116.83999633789062,116.4000015258789,116.55999755859375,112.44828796386719,22554.0
2024-03-21,117.63999938964844,118.30000305175781,117.41999816894531,118.19999694824219,114.03043365478516,28560.0
2024-03-22,118.19999694824219,118.5,118.0,118.12000274658203,113.95325469970703,26663.0
2024-03-25,118.05999755859375,118.13999938964844,117.54000091552734,117.80000305175781,113.64453887939453,40259.0
2024-03-26,117.9000015258789,118.12000274658203,117.72000122070312,118.05999755859375,113.89537048339844,33175.0
2024-03-27,117.9800033569336,118.30000305175781,117.83999633789062,118.0,113.83747863769531,35944.0
2024-03-28,118.68000030517578,118.91999816894531,118.55999755859375,118.77999877929688,114.5899887084961,27996.0
2024-04-02,119.23999786376953,119.41999816894531,117.77999877929688,118.0,113.83747863769531,104916.0
2024-04-03,118.0,118.0999984741211,117.62000274658203,118.04000091552734,113.87606811523438,42557.0
2024-04-04,117.9800033569336,118.37999725341797,117.81999969482422,118.13999938964844,113.9725570678711,71120.0
2024-04-05,116.72000122070312,117.5199966430664,116.62000274658203,117.36000061035156,113.22005462646484,46539.0
2024-04-08,117.41999816894531,117.86000061035156,117.30000305175781,117.66000366210938,113.50949096679688,26571.0
2024-04-09,117.63999938964844,117.76000213623047,116.80000305175781,117.0999984741211,112.96924591064453,66554.0
2024-04-10,117.91999816894531,117.9800033569336,116.81999969482422,117.55999755859375,113.41300201416016,29179.0
2024-04-11,117.87999725341797,118.0199966430664,117.30000305175781,117.73999786376953,113.58665466308594,12388.0
2024-04-12,118.87999725341797,119.0,117.9800033569336,118.12000274658203,113.95325469970703,33288.0
2024-04-15,118.16000366210938,118.69999694824219,117.72000122070312,117.9000015258789,113.74102020263672,37760.0
2024-04-16,116.27999877929688,116.41999816894531,115.66000366210938,116.0999984741211,112.00450134277344,48218.0
2024-04-17,115.87999725341797,116.41999816894531,115.4000015258789,115.4000015258789,111.32921600341797,27377.0
2024-04-18,115.55999755859375,115.91999816894531,115.05999755859375,115.73999786376953,111.65721130371094,25774.0
2024-04-19,114.54000091552734,115.13999938964844,114.37999725341797,114.77999877929688,110.7310791015625,35783.0
2024-04-22,115.04000091552734,115.4000015258789,114.73999786376953,114.9800033569336,110.92401123046875,49180.0
2024-04-23,115.77999877929688,116.31999969482422,115.36000061035156,116.18000030517578,112.08168029785156,20427.0
2024-04-24,116.87999725341797,116.91999816894531,116.12000274658203,116.23999786376953,112.13957214355469,32338.0
2024-04-25,115.66000366210938,115.80000305175781,114.5999984741211,114.95999908447266,110.90472412109375,25951.0
2024-04-26,116.4000015258789,117.18000030517578,116.0999984741211,116.91999816894531,112.79557037353516,35640.0
2024-04-29,117.18000030517578,117.5,117.04000091552734,117.05999755859375,112.93064880371094,64966.0
2024-04-30,117.30000305175781,117.37999725341797,116.66000366210938,116.73999786376953,112.62191772460938,20611.0
2024-05-02,116.19999694824219,116.5999984741211,115.94000244140625,116.19999694824219,112.10098266601562,36707.0
2024-05-03,116.81999969482422,117.5,116.5999984741211,117.08000183105469,112.94993591308594,33191.0
2024-05-06,117.5999984741211,118.0,117.44000244140625,117.86000061035156,113.70243072509766,62628.0
2024-05-07,118.44000244140625,118.5999984741211,118.26000213623047,118.55999755859375,114.37773132324219,27977.0
2024-05-08,118.5999984741211,118.77999877929688,118.0999984741211,118.5999984741211,114.41632080078125,20050.0
2024-05-09,118.55999755859375,118.77999877929688,118.4000015258789,118.72000122070312,114.53209686279297,85641.0
2024-05-10,119.18000030517578,119.5,119.12000274658203,119.19999694824219,114.99514770507812,13599.0
2024-05-13,119.31999969482422,119.37999725341797,119.0199966430664,119.12000274658203,114.91798400878906,13212.0
2024-05-14,119.12000274658203,119.27999877929688,118.73999786376953,119.04000091552734,114.84081268310547,19470.0
2024-05-15,119.31999969482422,119.87999725341797,119.19999694824219,119.87999725341797,115.65116119384766,28911.0
2024-05-16,120.18000030517578,120.4000015258789,120.0999984741211,120.30000305175781,116.05635833740234,20724.0
2024-05-17,120.05999755859375,120.30000305175781,119.94000244140625,120.05999755859375,115.82481384277344,12312.0
2024-05-20,120.23999786376953,120.62000274658203,120.23999786376953,120.5999984741211,116.34577178955078,11393.0
2024-05-21,120.22000122070312,120.4000015258789,120.0199966430664,120.31999969482422,116.0756607055664,15834.0
2024-05-22,120.30000305175781,120.5199966430664,120.22000122070312,120.4000015258789,116.15283203125,44426.0
2024-05-23,120.81999969482422,121.04000091552734,120.04000091552734,120.36000061035156,116.11425018310547,41097.0
2024-05-24,119.5999984741211,120.08000183105469,119.45999908447266,119.9800033569336,115.74763488769531,52590.0
2024-05-27,120.0,120.22000122070312,119.87999725341797,120.22000122070312,115.97916412353516,20940.0
2024-05-28,120.0999984741211,120.23999786376953,119.66000366210938,119.72000122070312,115.49681091308594,16237.0
2024-05-29,119.4000015258789,119.4800033569336,118.81999969482422,119.16000366210938,114.95655822753906,17414.0
2024-05-30,118.73999786376953,119.0,118.5999984741211,118.80000305175781,114.60926818847656,16946.0
2024-05-31,118.58000183105469,118.69999694824219,117.9000015258789,118.0,113.83747863769531,32522.0
2024-06-03,119.80000305175781,119.86000061035156,118.87999725341797,118.87999725341797,114.68644714355469,30910.0
2024-06-04,118.66000366210938,119.68000030517578,118.30000305175781,118.5,114.3198471069336,34913.0
2024-06-05,119.22000122070312,119.9800033569336,119.12000274658203,119.94000244140625,115.70904541015625,30033.0
2024-06-06,120.31999969482422,120.77999877929688,120.22000122070312,120.41999816894531,116.172119140625,25288.0
2024-06-07,120.5,121.18000030517578,120.0999984741211,120.9800033569336,116.7123794555664,22016.0
2024-06-10,121.0,121.5,120.80000305175781,121.5,117.21402740478516,21606.0
2024-06-11,121.36000061035156,121.44000244140625,120.9000015258789,121.27999877929688,117.00177764892578,75905.0
2024-06-12,121.62000274658203,122.13999938964844,121.5,121.87999725341797,117.58060455322266,23219.0
2024-06-13,121.27999877929688,121.44000244140625,120.81999969482422,121.0999984741211,117.53437042236328,43815.0
2024-06-14,121.68000030517578,121.86000061035156,121.04000091552734,121.5,117.9225845336914,20010.0
2024-06-17,121.73999786376953,121.86000061035156,121.19999694824219,121.54000091552734,117.96141815185547,16512.0
2024-06-18,122.0999984741211,122.33999633789062,122.0,122.18000030517578,118.58257293701172,15740.0
2024-06-19,122.55999755859375,122.69999694824219,122.30000305175781,122.41999816894531,118.81550598144531,37119.0
2024-06-20,122.81999969482422,123.12000274658203,122.58000183105469,122.80000305175781,119.18433380126953,24879.0
2024-06-21,122.5999984741211,122.86000061035156,122.26000213623047,122.4800033569336,118.87374114990234,23491.0
2024-06-24,122.4000015258789,122.69999694824219,122.05999755859375,122.66000366210938,119.04844665527344,25987.0
2024-06-25,122.23999786376953,122.63999938964844,122.0999984741211,122.5199966430664,118.91256713867188,27668.0
2024-06-26,122.9800033569336,123.27999877929688,122.41999816894531,122.55999755859375,118.95140075683594,40364.0
2024-06-27,122.68000030517578,122.83999633789062,122.44000244140625,122.5199966430664,118.91256713867188,20573.0
2024-06-28,123.08000183105469,123.5,122.80000305175781,122.9800033569336,119.35902404785156,25575.0
2024-07-01,122.41999816894531,122.5,121.87999725341797,122.31999969482422,118.71845245361328,52576.0
2024-07-02,122.13999938964844,122.45999908447266,121.83999633789062,122.45999908447266,118.85433197021484,19644.0
2024-07-03,122.86000061035156,123.0999984741211,122.66000366210938,122.91999816894531,119.30079650878906,24239.0
2024-07-04,123.30000305175781,123.5199966430664,123.16000366210938,123.22000122070312,119.59196472167969,14776.0
2024-07-05,123.33999633789062,123.91999816894531,122.91999816894531,123.19999694824219,119.57254028320312,22355.0
2024-07-08,123.33999633789062,123.68000030517578,123.26000213623047,123.4800033569336,119.84430694580078,19738.0
2024-07-09,123.72000122070312,123.9000015258789,123.58000183105469,123.5999984741211,119.96076202392578,15647.0
2024-07-10,123.69999694824219,124.18000030517578,123.66000366210938,124.18000030517578,120.52368927001953,17670.0
2024-07-11,124.73999786376953,124.9000015258789,124.0,124.0199966430664,120.36840057373047,42670.0
2024-07-12,124.0999984741211,124.66000366210938,123.80000305175781,124.62000274658203,120.95074462890625,21383.0
2024-07-15,124.54000091552734,124.72000122070312,124.19999694824219,124.4800033569336,120.81485748291016,44898.0
2024-07-16,124.26000213623047,124.9000015258789,123.95999908447266,124.63999938964844,120.97014617919922,24422.0
2024-07-17,124.33999633789062,124.4000015258789,123.19999694824219,123.33999633789062,119.70841979980469,31444.0
2024-07-18,123.63999938964844,123.87999725341797,122.68000030517578,122.68000030517578,119.0678482055664,27197.0
2024-07-19,122.5,122.66000366210938,121.83999633789062,121.87999725341797,118.2914047241211,48584.0
2024-07-22,122.19999694824219,122.9800033569336,122.04000091552734,122.4800033569336,118.87374114990234,37295.0
2024-07-23,122.68000030517578,123.5199966430664,122.54000091552734,123.5199966430664,119.88311767578125,22093.0
2024-07-24,122.30000305175781,123.0,121.33999633789062,121.44000244140625,117.8643798828125,53646.0
2024-07-25,120.83999633789062,121.0,119.87999725341797,120.86000061035156,117.30143737792969,95218.0
2024-07-26,120.63999938964844,121.33999633789062,120.45999908447266,121.13999938964844,117.57319641113281,23232.0
2024-07-29,121.9000015258789,122.41999816894531,121.33999633789062,121.36000061035156,117.7867202758789,24019.0
2024-07-30,121.76000213623047,122.27999877929688,121.27999877929688,121.41999816894531,117.84495544433594,22828.0
2024-07-31,122.54000091552734,123.31999969482422,122.4800033569336,123.31999969482422,119.68901062011719,23398.0
2024-08-01,123.4000015258789,123.76000213623047,122.05999755859375,122.05999755859375,118.46609497070312,29550.0
2024-08-02,120.22000122070312,120.27999877929688,116.94000244140625,117.18000030517578,113.72978973388672,71449.0
2024-08-05,114.12000274658203,114.81999969482422,111.5199966430664,114.55999755859375,111.18693542480469,190183.0
2024-08-06,115.41999816894531,115.9800033569336,114.4000015258789,115.54000091552734,112.13809204101562,77876.0
2024-08-07,116.30000305175781,117.73999786376953,116.08000183105469,117.26000213623047,113.80744171142578,63124.0
2024-08-08,115.33999633789062,117.54000091552734,114.87999725341797,117.36000061035156,113.90450286865234,95767.0
2024-08-09,117.5999984741211,118.41999816894531,117.26000213623047,117.80000305175781,114.33153533935547,23198.0
2024-08-12,118.27999877929688,118.5999984741211,117.76000213623047,118.0999984741211,114.62271118164062,19625.0
2024-08-13,118.63999938964844,119.16000366210938,118.16000366210938,119.08000183105469,115.57386016845703,18286.0
2024-08-14,119.31999969482422,119.36000061035156,118.44000244140625,119.33999633789062,115.82618713378906,28307.0
2024-08-15,119.73999786376953,121.44000244140625,119.54000091552734,121.33999633789062,117.7673110961914,39610.0
2024-08-16,121.94000244140625,121.95999908447266,121.0999984741211,121.5199966430664,117.94200897216797,19239.0
2024-08-19,121.4800033569336,121.95999908447266,121.26000213623047,121.94000244140625,118.34964752197266,16036.0
2024-08-20,122.13999938964844,122.37999725341797,121.4000015258789,121.5,117.9225845336914,28874.0
2024-08-21,121.58000183105469,122.12000274658203,121.4800033569336,121.62000274658203,118.0390625,14335.0
2024-08-22,121.72000122070312,122.37999725341797,121.72000122070312,121.76000213623047,118.17494201660156,18008.0
2024-08-23,121.66000366210938,122.33999633789062,121.4000015258789,121.87999725341797,118.2914047241211,23998.0
2024-08-26,121.94000244140625,122.44000244140625,121.62000274658203,121.76000213623047,118.17494201660156,34007.0
2024-08-27,121.94000244140625,122.08000183105469,121.5,121.80000305175781,118.21376037597656,18310.0
2024-08-28,122.22000122070312,122.58000183105469,121.76000213623047,121.80000305175781,118.21376037597656,28074.0
2024-08-29,121.9000015258789,123.36000061035156,121.9000015258789,123.19999694824219,119.57254028320312,36132.0
2024-08-30,122.9000015258789,123.30000305175781,122.72000122070312,122.72000122070312,119.10668182373047,22430.0
2024-09-02,123.26000213623047,123.5,122.95999908447266,123.41999816894531,119.78604888916016,31039.0
2024-09-03,123.5199966430664,123.5999984741211,121.83999633789062,122.18000030517578,118.58257293701172,40696.0
2024-09-04,120.55999755859375,121.9800033569336,120.4800033569336,120.91999816894531,117.35967254638672,34769.0
2024-09-05,120.5999984741211,121.16000366210938,120.08000183105469,120.16000366210938,116.62205505371094,21954.0
2024-09-06,119.73999786376953,120.69999694824219,118.37999725341797,118.5999984741211,115.10797119140625,32478.0
2024-09-09,119.37999725341797,120.23999786376953,119.27999877929688,119.9800033569336,116.44735717773438,22254.0
2024-09-10,119.76000213623047,120.45999908447266,119.72000122070312,120.0999984741211,116.5638198852539,33117.0
2024-09-11,120.08000183105469,120.63999938964844,118.95999908447266,119.5199966430664,116.00090026855469,27450.0
2024-09-12,121.4800033569336,121.63999938964844,120.5999984741211,121.19999694824219,118.06542205810547,23310.0
2024-09-13,121.54000091552734,122.08000183105469,121.4000015258789,121.95999908447266,118.8057632446289,18747.0
2024-09-16,121.63999938964844,121.9000015258789,121.18000030517578,121.5,118.35767364501953,38485.0
2024-09-17,121.91999816894531,122.4800033569336,121.86000061035156,122.23999786376953,119.07852172851562,42783.0
2024-09-18,122.0,122.04000091552734,121.5199966430664,121.63999938964844,118.49404907226562,23673.0
2024-09-19,122.76000213623047,123.58000183105469,122.5999984741211,123.36000061035156,120.16956329345703,26349.0
2024-09-20,122.91999816894531,123.19999694824219,122.4000015258789,122.66000366210938,119.48767852783203,21382.0
2024-09-23,122.9000015258789,123.63999938964844,122.83999633789062,123.4800033569336,120.28646850585938,22366.0
2024-09-24,124.0199966430664,124.0999984741211,123.27999877929688,123.80000305175781,120.59819030761719,43418.0
2024-09-25,123.18000030517578,123.87999725341797,123.08000183105469,123.77999877929688,120.57868957519531,18926.0
2024-09-26,124.81999969482422,125.5,124.37999725341797,124.5,121.28009033203125,42166.0
2024-09-27,124.9000015258789,125.18000030517578,124.63999938964844,124.91999816894531,121.68921661376953,31042.0
2024-09-30,124.66000366210938,124.9000015258789,123.91999816894531,124.54000091552734,121.31905364990234,34184.0
2024-10-01,125.12000274658203,125.72000122070312,124.26000213623047,124.73999786376953,121.51387786865234,60754.0
2024-10-02,125.0999984741211,125.54000091552734,124.58000183105469,125.54000091552734,122.2931900024414,40308.0
2024-10-03,125.22000122070312,125.31999969482422,124.63999938964844,125.0999984741211,121.86457061767578,36742.0
2024-10-04,125.0999984741211,126.66000366210938,125.04000091552734,125.94000244140625,122.68284606933594,100055.0
2024-10-07,126.5199966430664,126.63999938964844,126.04000091552734,126.33999633789062,123.07250213623047,40928.0
2024-10-08,125.05999755859375,126.0999984741211,124.9000015258789,125.9800033569336,122.72181701660156,36382.0
2024-10-09,125.86000061035156,126.81999969482422,125.68000030517578,126.81999969482422,123.54008483886719,36595.0
2024-10-10,127.0199966430664,127.0999984741211,126.37999725341797,127.0,123.71542358398438,47201.0
2024-10-11,126.76000213623047,127.63999938964844,126.5,127.5199966430664,124.22197723388672,27646.0
2024-10-14,127.69999694824219,128.63999938964844,127.62000274658203,128.36000061035156,125.04024505615234,55159.0
2024-10-15,128.63999938964844,128.75999450683594,127.69999694824219,127.91999816894531,124.61163330078125,34640.0
2024-10-16,127.73999786376953,128.1199951171875,127.5199966430664,128.0399932861328,124.72852325439453,15869.0
2024-10-17,128.52000427246094,129.60000610351562,128.44000244140625,128.97999572753906,125.64421844482422,25441.0
2024-10-18,128.9199981689453,129.22000122070312,128.6999969482422,128.94000244140625,125.60526275634766,25048.0
2024-10-21,128.94000244140625,129.0399932861328,128.33999633789062,128.39999389648438,125.07920837402344,41589.0
2024-10-22,128.6199951171875,128.6999969482422,127.9800033569336,128.55999755859375,125.23507690429688,15528.0
2024-10-23,128.83999633789062,129.10000610351562,128.0800018310547,128.13999938964844,124.82594299316406,23231.0
2024-10-24,128.32000732421875,128.63999938964844,127.86000061035156,127.86000061035156,124.55318450927734,20202.0
2024-10-25,127.86000061035156,128.5800018310547,127.69999694824219,128.27999877929688,124.96231842041016,51286.0
2024-10-28,128.44000244140625,128.5399932861328,127.91999816894531,128.3000030517578,124.98180389404297,38815.0
2024-10-29,128.4199981689453,128.60000610351562,128.1199951171875,128.32000732421875,125.00129699707031,23267.0
2024-10-30,128.25999450683594,128.25999450683594,127.33999633789062,127.62000274658203,124.31940460205078,30460.0
2024-10-31,126.4000015258789,126.5,125.23999786376953,125.55999755859375,122.31266021728516,52872.0
2024-11-01,125.58000183105469,126.9800033569336,125.55999755859375,126.58000183105469,123.30628967285156,41427.0
2024-11-04,125.80000305175781,125.9800033569336,125.30000305175781,125.5999984741211,122.35163879394531,41679.0
2024-11-05,125.76000213623047,126.31999969482422,125.5199966430664,126.27999877929688,123.01404571533203,30996.0
2024-11-06,129.77999877929688,130.83999633789062,129.25999450683594,129.67999267578125,126.32611083984375,79960.0
2024-11-07,130.32000732421875,130.75999450683594,130.24000549316406,130.72000122070312,127.3392105102539,25092.0
2024-11-08,131.0800018310547,131.27999877929688,130.1999969482422,131.1999969482422,127.80680084228516,23967.0
2024-11-11,132.10000610351562,132.83999633789062,132.0399932861328,132.47999572753906,129.05369567871094,37340.0
2024-11-12,132.16000366210938,132.44000244140625,131.75999450683594,131.8800048828125,128.46920776367188,32803.0
2024-11-13,131.6199951171875,132.24000549316406,131.1999969482422,132.24000549316406,128.81991577148438,32391.0
2024-11-14,132.3000030517578,133.05999755859375,131.97999572753906,132.22000122070312,128.80043029785156,39801.0
2024-11-15,131.25999450683594,131.4600067138672,130.66000366210938,130.74000549316406,127.35869598388672,43440.0
2024-11-18,130.77999877929688,131.13999938964844,130.36000061035156,131.13999938964844,127.74835205078125,26319.0
2024-11-19,131.24000549316406,131.27999877929688,129.55999755859375,131.0,127.61197662353516,32535.0
2024-11-20,131.52000427246094,131.77999877929688,130.6999969482422,131.0399932861328,127.65092468261719,24859.0
2024-11-21,131.4199981689453,132.67999267578125,131.0800018310547,132.67999267578125,129.24851989746094,35511.0
2024-11-22,132.89999389648438,134.4199981689453,132.86000061035156,134.05999755859375,130.59283447265625,48315.0
2024-11-25,134.3000030517578,134.36000061035156,133.52000427246094,133.77999877929688,130.320068359375,53131.0
2024-11-26,133.4199981689453,133.9199981689453,133.0399932861328,133.8000030517578,130.3395538330078,29479.0
2024-11-27,133.77999877929688,133.82000732421875,132.63999938964844,132.74000549316406,129.30697631835938,26569.0
2024-11-28,133.3800048828125,133.4600067138672,133.0399932861328,133.3000030517578,129.8524932861328,15465.0
2024-11-29,133.10000610351562,133.8800048828125,133.02000427246094,133.86000061035156,130.39801025390625,53446.0
2024-12-02,134.22000122070312,135.1199951171875,134.16000366210938,135.02000427246094,131.52801513671875,46076.0
2024-12-03,135.16000366210938,135.22000122070312,134.6199951171875,134.9199981689453,131.4305877685547,38772.0
2024-12-04,135.22000122070312,135.8800048828125,135.0399932861328,135.25999450683594,131.76181030273438,44335.0
2024-12-05,135.4199981689453,135.63999938964844,134.9600067138672,135.24000549316406,131.74229431152344,59863.0
2024-12-06,134.89999389648438,135.66000366210938,134.60000610351562,135.24000549316406,131.74229431152344,25150.0
2024-12-09,135.66000366210938,135.77999877929688,134.89999389648438,135.22000122070312,131.72283935546875,42645.0
2024-12-10,134.89999389648438,135.4600067138672,134.83999633789062,135.24000549316406,131.74229431152344,25944.0
2024-12-11,135.0800018310547,136.0,134.9199981689453,135.94000244140625,132.42422485351562,35307.0
2024-12-12,135.3800048828125,135.6199951171875,134.9199981689453,135.27999877929688,132.19595336914062,19450.0
2024-12-13,135.32000732421875,135.47999572753906,134.3000030517578,134.63999938964844,131.57054138183594,23830.0
2024-12-16,134.47999572753906,135.05999755859375,134.32000732421875,134.77999877929688,131.7073516845703,65266.0
2024-12-17,134.36000061035156,134.66000366210938,133.9199981689453,134.33999633789062,131.27735900878906,32061.0
2024-12-18,134.5,134.89999389648438,134.17999267578125,134.66000366210938,131.590087890625,30306.0
2024-12-19,132.3800048828125,133.1999969482422,132.0399932861328,132.66000366210938,129.63568115234375,77811.0
2024-12-20,131.5399932861328,132.83999633789062,130.13999938964844,132.83999633789062,129.8115692138672,86003.0
2024-12-23,132.9199981689453,133.05999755859375,132.1999969482422,132.55999755859375,129.5379638671875,41184.0
2024-12-24,133.5800018310547,133.83999633789062,133.3800048828125,133.63999938964844,130.5933380126953,32968.0
2024-12-27,133.8000030517578,134.10000610351562,132.75999450683594,133.1999969482422,130.16336059570312,51854.0
2024-12-30,132.89999389648438,133.1999969482422,131.60000610351562,132.47999572753906,129.45977783203125,53871.0
2024-12-31,132.17999267578125,132.82000732421875,132.0399932861328,132.74000549316406,129.71385192871094,23800.0
2025-01-02,133.0800018310547,134.27999877929688,132.86000061035156,134.27999877929688,131.21875,74143.0
2025-01-03,133.63999938964844,134.05999755859375,133.25999450683594,133.97999572753906,130.9255828857422,87788.0
2025-01-06,134.13999938964844,134.86000061035156,133.83999633789062,134.72000122070312,131.64871215820312,99074.0
2025-01-07,133.77999877929688,134.55999755859375,133.5399932861328,133.82000732421875,130.76925659179688,50207.0
2025-01-08,133.8000030517578,134.27999877929688,133.25999450683594,133.82000732421875,130.76925659179688,80436.0
2025-01-09,133.47999572753906,133.9600067138672,133.39999389648438,133.89999389648438,130.847412109375,40368.0
2025-01-10,133.60000610351562,133.83999633789062,132.33999633789062,132.60000610351562,129.57704162597656,36803.0
2025-01-13,132.33999633789062,132.75999450683594,131.6999969482422,132.3000030517578,129.2838897705078,37102.0
2025-01-14,133.10000610351562,133.39999389648438,132.0,132.24000549316406,129.22525024414062,37879.0
2025-01-15,132.3000030517578,134.3800048828125,132.24000549316406,134.27999877929688,131.21875,51044.0
2025-01-16,135.1199951171875,135.17999267578125,134.39999389648438,134.6199951171875,131.55099487304688,29187.0
2025-01-17,134.89999389648438,136.0,134.8000030517578,135.86000061035156,132.76272583007812,76124.0
2025-01-20,135.74000549316406,135.86000061035156,134.8000030517578,135.27999877929688,132.19595336914062,34479.0
2025-01-21,135.1999969482422,135.86000061035156,135.05999755859375,135.25999450683594,132.17640686035156,28365.0
2025-01-22,135.82000732421875,136.3000030517578,135.66000366210938,136.3000030517578,133.1927032470703,24237.0
2025-01-23,136.1999969482422,136.63999938964844,135.8800048828125,136.47999572753906,133.36859130859375,21223.0
2025-01-24,136.36000061035156,136.39999389648438,135.66000366210938,135.97999572753906,132.8800048828125,33215.0
2025-01-27,134.3000030517578,134.36000061035156,132.39999389648438,133.74000549316406,130.69107055664062,81920.0
2025-01-28,135.0800018310547,135.8000030517578,134.6999969482422,135.36000061035156,132.27413940429688,32594.0
2025-01-29,136.39999389648438,136.67999267578125,135.8800048828125,135.9199981689453,132.8213653564453,108035.0
2025-01-30,136.3800048828125,136.8800048828125,136.0,136.4199981689453,133.30995178222656,27377.0
2025-01-31,137.4199981689453,138.02000427246094,137.3800048828125,137.6999969482422,134.56077575683594,43019.0
2025-02-03,136.0399932861328,136.66000366210938,135.52000427246094,136.5800018310547,133.46630859375,91593.0
2025-02-04,136.32000732421875,136.72000122070312,135.66000366210938,136.72000122070312,133.60311889648438,58268.0
2025-02-05,135.8800048828125,136.1999969482422,135.5,136.17999267578125,133.07542419433594,46441.0
2025-02-06,137.27999877929688,137.83999633789062,137.24000549316406,137.6999969482422,134.56077575683594,35211.0
2025-02-07,137.66000366210938,138.13999938964844,137.24000549316406,137.5,134.36534118652344,42060.0
2025-02-10,137.89999389648438,138.5399932861328,137.75999450683594,138.3800048828125,135.2252960205078,33241.0
2025-02-11,138.0399932861328,138.17999267578125,137.66000366210938,137.9600067138672,134.81484985351562,31964.0
2025-02-12,137.75999450683594,138.0,136.77999877929688,137.1199951171875,133.99400329589844,45466.0
2025-02-13,137.24000549316406,137.83999633789062,136.8800048828125,137.75999450683594,134.61941528320312,30850.0
2025-02-14,138.0,138.0399932861328,137.36000061035156,137.5,134.36534118652344,32831.0
2025-02-17,137.9600067138672,138.32000732421875,137.94000244140625,138.24000549316406,135.08847045898438,27121.0
2025-02-18,138.55999755859375,138.9600067138672,138.24000549316406,138.3800048828125,135.2252960205078,66076.0
2025-02-19,138.8000030517578,138.97999572753906,138.1999969482422,138.8000030517578,135.63572692871094,54410.0
2025-02-20,138.5,138.77999877929688,137.44000244140625,137.55999755859375,134.42396545410156,38697.0
2025-02-21,137.86000061035156,138.5,137.5399932861328,137.86000061035156,134.71713256835938,37155.0
2025-02-24,136.6199951171875,137.02000427246094,135.4600067138672,136.17999267578125,133.07542419433594,104675.0
2025-02-25,135.72000122070312,135.89999389648438,134.0800018310547,134.25999450683594,131.19918823242188,67162.0
2025-02-26,135.63999938964844,136.33999633789062,135.39999389648438,136.10000610351562,132.99725341796875,40758.0
2025-02-27,135.8800048828125,136.4600067138672,135.17999267578125,136.24000549316406,133.13406372070312,46628.0
2025-02-28,134.3000030517578,134.94000244140625,133.6999969482422,134.6199951171875,131.55099487304688,77733.0
2025-03-03,136.05999755859375,136.1999969482422,134.66000366210938,134.86000061035156,131.7855224609375,162453.0
2025-03-04,133.27999877929688,133.36000061035156,130.4600067138672,130.6999969482422,127.7203598022461,115715.0
2025-03-05,131.05999755859375,131.27999877929688,129.1199951171875,129.16000366210938,126.21546173095703,119697.0
2025-03-06,130.1999969482422,130.3000030517578,128.5,129.55999755859375,126.60635375976562,75919.0
2025-03-07,128.60000610351562,128.83999633789062,127.22000122070312,127.33999633789062,124.43695831298828,111422.0
2025-03-10,128.24000549316406,128.32000732421875,125.94000244140625,126.30000305175781,123.4206771850586,111832.0
2025-03-11,125.44000244140625,125.73999786376953,123.55999755859375,123.91999816894531,121.09492492675781,104779.0
2025-03-12,124.63999938964844,126.0,123.81999969482422,125.26000213623047,122.40438842773438,80695.0
2025-03-13,124.81999969482422,125.5999984741211,124.30000305175781,124.55999755859375,121.72032928466797,46172.0
2025-03-14,124.95999908447266,126.30000305175781,124.69999694824219,125.95999908447266,123.08842468261719,47645.0
2025-03-17,125.9000015258789,127.0,125.72000122070312,126.58000183105469,123.69429016113281,55308.0
2025-03-18,126.73999786376953,127.18000030517578,125.69999694824219,126.13999938964844,123.26432037353516,79388.0
2025-03-19,126.27999877929688,127.5199966430664,126.26000213623047,127.37999725341797,124.47604370117188,27553.0
2025-03-20,127.5199966430664,128.10000610351562,126.45999908447266,127.16000366210938,124.68019104003906,35401.0
2025-03-21,126.95999908447266,127.0999984741211,126.04000091552734,126.95999908447266,124.48408508300781,30496.0
2025-03-24,128.05999755859375,129.0399932861328,127.86000061035156,128.9199981689453,126.40585327148438,44133.0
2025-03-25,128.89999389648438,129.32000732421875,128.6999969482422,129.0399932861328,126.52352142333984,45156.0
2025-03-26,129.27999877929688,129.5,128.39999389648438,128.44000244140625,125.93521118164062,36360.0
2025-03-27,128.25999450683594,128.52000427246094,127.37999725341797,128.1199951171875,125.62145233154297,35652.0
2025-03-28,127.23999786376953,127.72000122070312,125.27999877929688,125.41999816894531,122.97411346435547,54719.0
2025-03-31,124.0999984741211,124.54000091552734,123.30000305175781,124.5199966430664,122.09166717529297,55697.0
2025-04-01,125.5999984741211,126.19999694824219,124.55999755859375,126.0999984741211,123.6408462524414,57962.0
2025-04-02,125.91999816894531,125.9800033569336,124.55999755859375,125.83999633789062,123.38591003417969,39403.0
2025-04-03,121.54000091552734,122.18000030517578,118.91999816894531,120.0,117.6598129272461,116672.0
2025-04-04,118.5199966430664,118.77999877929688,113.13999938964844,114.37999725341797,112.14940643310547,180095.0
2025-04-07,106.76000213623047,114.5,106.5199966430664,110.87999725341797,108.71765899658203,242756.0
2025-04-08,113.23999786376953,116.36000061035156,112.91999816894531,114.44000244140625,112.20824432373047,152193.0
2025-04-09,109.9000015258789,110.95999908447266,107.19999694824219,109.27999877929688,107.14885711669922,129927.0
2025-04-10,119.36000061035156,119.5,113.5199966430664,113.5199966430664,111.3061752319336,148204.0
2025-04-11,113.9000015258789,113.95999908447266,111.0,112.58000183105469,110.38451385498047,103666.0
2025-04-14,115.19999694824219,116.86000061035156,115.0,115.77999877929688,113.5220947265625,53184.0
2025-04-15,116.22000122070312,117.37999725341797,115.69999694824219,116.83999633789062,114.56143951416016,79860.0
2025-04-16,114.80000305175781,116.0,114.13999938964844,115.5,113.24756622314453,37213.0
2025-04-17,114.91999816894531,115.33999633789062,113.83999633789062,114.5,112.26707458496094,33142.0
2025-04-22,112.62000274658203,113.9000015258789,112.23999786376953,113.80000305175781,111.58071899414062,48357.0
2025-04-23,116.44000244140625,118.5,116.26000213623047,117.04000091552734,114.7575454711914,65877.0
2025-04-24,116.4000015258789,118.16000366210938,115.72000122070312,118.0,115.69881439208984,44735.0
2025-04-25,119.16000366210938,119.26000213623047,118.0,118.44000244140625,116.13024139404297,51370.0
2025-04-28,119.33999633789062,119.76000213623047,118.63999938964844,118.68000030517578,116.36555480957031,44619.0
2025-04-29,119.30000305175781,119.76000213623047,118.66000366210938,119.22000122070312,116.89501953125,64064.0
2025-04-30,119.86000061035156,120.19999694824219,117.91999816894531,119.62000274658203,117.28722381591797,35897.0
2025-05-02,122.0,122.94000244140625,121.55999755859375,122.63999938964844,120.24832916259766,46666.0
2025-05-05,122.54000091552734,123.05999755859375,122.18000030517578,122.95999908447266,120.56208038330078,28070.0
2025-05-06,122.4800033569336,122.5199966430664,121.4000015258789,122.31999969482422,119.9345703125,48790.0
2025-05-07,121.91999816894531,122.19999694824219,121.31999969482422,121.68000030517578,119.30705261230469,26726.0
2025-05-08,123.19999694824219,123.69999694824219,122.41999816894531,123.44000244140625,121.03273010253906,35394.0
2025-05-09,123.69999694824219,124.5,122.95999908447266,123.5,121.09156036376953,42311.0
2025-05-12,126.5999984741211,128.3800048828125,126.22000122070312,127.45999908447266,124.97431945800781,116142.0
2025-05-13,127.5,128.52000427246094,127.41999816894531,128.1999969482422,125.69989776611328,26477.0
2025-05-14,128.05999755859375,128.24000549316406,127.22000122070312,127.87999725341797,125.38613891601562,37160.0
2025-05-15,127.41999816894531,128.32000732421875,127.12000274658203,128.27999877929688,125.77833557128906,19656.0
2025-05-16,128.33999633789062,129.1999969482422,128.33999633789062,129.1999969482422,126.68040466308594,24068.0
2025-05-19,127.94000244140625,128.5,127.0,128.47999572753906,125.97444152832031,26100.0
2025-05-20,128.47999572753906,129.10000610351562,128.25999450683594,128.67999267578125,126.1705322265625,27670.0
2025-05-21,127.63999938964844,127.9000015258789,126.87999725341797,127.81999969482422,125.32730865478516,51752.0
2025-05-22,126.91999816894531,127.0,125.80000305175781,126.87999725341797,124.4056396484375,68582.0
2025-05-23,126.69999694824219,126.86000061035156,124.5,125.54000091552734,123.09178924560547,40152.0
2025-05-26,126.41999816894531,126.87999725341797,126.31999969482422,126.72000122070312,124.24876403808594,31460.0
2025-05-27,126.80000305175781,127.58000183105469,126.5,127.5199966430664,125.03315734863281,36343.0
2025-05-28,127.80000305175781,128.1999969482422,127.33999633789062,127.66000366210938,125.1704330444336,26760.0
2025-05-29,129.10000610351562,129.5399932861328,126.94000244140625,127.05999755859375,124.58212280273438,33514.0
2025-05-30,127.19999694824219,127.63999938964844,126.5999984741211,126.91999816894531,124.4448471069336,20624.0
2025-06-02,126.31999969482422,126.76000213623047,125.58000183105469,126.37999725341797,123.9153823852539,40432.0
2025-06-03,126.86000061035156,127.86000061035156,126.37999725341797,127.83999633789062,125.34691619873047,44017.0
2025-06-04,128.13999938964844,128.4600067138672,127.72000122070312,128.0399932861328,125.54300689697266,25143.0
2025-06-05,128.0399932861328,128.5,127.04000091552734,128.17999267578125,125.68029022216797,29555.0
2025-06-06,127.87999725341797,129.1199951171875,127.77999877929688,128.66000366210938,126.15093231201172,30976.0
2025-06-09,128.6199951171875,129.0399932861328,128.44000244140625,128.66000366210938,126.15093231201172,16690.0
2025-06-10,128.9199981689453,129.10000610351562,128.5800018310547,128.77999877929688,126.26859283447266,29311.0
2025-06-11,129.13999938964844,129.3800048828125,128.74000549316406,128.8000030517578,126.28820037841797,26445.0
2025-06-12,127.94000244140625,127.9800033569336,126.5199966430664,127.66000366210938,125.1704330444336,33117.0
2025-06-13,126.45999908447266,127.66000366210938,126.30000305175781,127.13999938964844,124.66057586669922,29445.0
2025-06-16,127.08000183105469,127.76000213623047,126.87999725341797,127.63999938964844,125.15081787109375,23147.0
2025-06-17,127.05999755859375,127.5199966430664,126.68000030517578,127.30000305175781,124.81745147705078,15662.0
2025-06-18,127.23999786376953,127.63999938964844,126.95999908447266,127.19999694824219,124.71939849853516,28991.0
2025-06-19,126.16000366210938,126.26000213623047,125.26000213623047,125.4000015258789,123.69083404541016,25339.0
2025-06-20,125.72000122070312,126.58000183105469,125.45999908447266,125.76000213623047,124.04593658447266,17515.0
2025-06-23,125.30000305175781,126.22000122070312,125.27999877929688,125.5199966430664,123.80919647216797,26562.0
2025-06-24,127.04000091552734,127.0999984741211,126.5,126.87999725341797,125.15066528320312,20554.0
2025-06-25,127.26000213623047,127.44000244140625,126.80000305175781,126.80000305175781,125.07176208496094,20036.0
2025-06-26,126.68000030517578,127.05999755859375,126.36000061035156,126.86000061035156,125.13093566894531,27141.0
2025-06-27,127.36000061035156,127.76000213623047,127.05999755859375,127.76000213623047,126.0186767578125,22786.0
2025-06-30,127.83999633789062,127.95999908447266,127.36000061035156,127.4800033569336,125.74248504638672,22179.0
2025-07-01,127.58000183105469,127.5999984741211,126.76000213623047,127.31999969482422,125.58466339111328,31741.0
2025-07-02,127.77999877929688,127.81999969482422,127.19999694824219,127.5999984741211,125.86084747314453,14837.0
2025-07-03,127.9000015258789,128.9199981689453,127.69999694824219,128.86000061035156,127.10366821289062,38046.0
2025-07-04,128.22000122070312,128.27999877929688,127.76000213623047,128.0,126.2553939819336,21745.0
2025-07-07,128.1199951171875,128.77999877929688,128.0800018310547,128.36000061035156,126.61048889160156,30814.0
2025-07-08,128.17999267578125,128.6999969482422,128.10000610351562,128.33999633789062,126.59075927734375,38663.0
2025-07-09,128.3000030517578,129.22000122070312,128.1999969482422,128.77999877929688,127.02476501464844,25510.0
2025-07-10,128.77999877929688,129.63999938964844,128.67999267578125,129.63999938964844,127.87303924560547,17711.0
2025-07-11,129.4199981689453,129.4600067138672,128.5800018310547,128.8800048828125,127.1234130859375,48772.0
2025-07-14,128.67999267578125,129.13999938964844,128.5,129.0399932861328,127.28121948242188,28227.0
2025-07-15,129.74000549316406,130.10000610351562,129.60000610351562,129.8800048828125,128.10977172851562,22080.0
2025-07-16,129.13999938964844,130.10000610351562,128.24000549316406,128.24000549316406,126.49213409423828,32500.0
2025-07-17,130.33999633789062,130.67999267578125,130.02000427246094,130.66000366210938,128.879150390625,29098.0
2025-07-18,130.75999450683594,130.77999877929688,130.10000610351562,130.1999969482422,128.4254150390625,16742.0
2025-07-21,130.52000427246094,130.66000366210938,130.1999969482422,130.3800048828125,128.60296630859375,31884.0
2025-07-22,129.97999572753906,130.17999267578125,129.4199981689453,129.55999755859375,127.79414367675781,40693.0
2025-07-23,130.36000061035156,130.8800048828125,130.3000030517578,130.6999969482422,128.91859436035156,23050.0
2025-07-24,130.94000244140625,131.24000549316406,130.60000610351562,130.8800048828125,129.09616088867188,33983.0
2025-07-25,130.77999877929688,131.13999938964844,130.60000610351562,130.97999572753906,129.1947784423828,28710.0
2025-07-28,131.9199981689453,132.24000549316406,131.8000030517578,132.13999938964844,130.33895874023438,44238.0
2025-07-29,132.94000244140625,133.3800048828125,132.67999267578125,132.67999267578125,130.87159729003906,40250.0
2025-07-30,132.6999969482422,133.5800018310547,132.5,133.24000549316406,131.42398071289062,22092.0
2025-07-31,134.1199951171875,134.60000610351562,133.13999938964844,133.4600067138672,131.6409912109375,29326.0
2025-08-01,132.3000030517578,132.32000732421875,129.0,129.6999969482422,127.9322280883789,67641.0
2025-08-04,130.1999969482422,131.1999969482422,130.1999969482422,131.1999969482422,129.4117889404297,36647.0
2025-08-05,132.0,132.24000549316406,130.9199981689453,130.9600067138672,129.175048828125,47578.0
2025-08-06,131.5800018310547,131.6999969482422,130.60000610351562,131.16000366210938,129.372314453125,36102.0
2025-08-07,131.33999633789062,132.3000030517578,131.27999877929688,131.52000427246094,129.72743225097656,29820.0
2025-08-08,131.6199951171875,132.16000366210938,131.60000610351562,131.77999877929688,129.98388671875,44312.0
2025-08-11,132.36000061035156,132.75999450683594,132.1199951171875,132.60000610351562,130.79269409179688,29430.0
2025-08-12,132.5800018310547,132.89999389648438,132.13999938964844,132.66000366210938,130.85189819335938,34309.0
2025-08-13,133.02000427246094,133.5,132.89999389648438,132.9600067138672,131.14781188964844,36387.0
2025-08-14,133.22000122070312,133.67999267578125,132.9600067138672,133.4600067138672,131.6409912109375,39784.0
2025-08-15,134.0,134.02000427246094,133.0,133.10000610351562,131.28591918945312,25812.0
2025-08-18,133.27999877929688,133.5800018310547,133.02000427246094,133.39999389648438,131.58180236816406,27909.0
2025-08-19,133.39999389648438,133.77999877929688,133.17999267578125,133.3800048828125,131.56207275390625,20482.0
2025-08-20,133.1199951171875,133.25999450683594,132.02000427246094,132.67999267578125,130.87159729003906,34403.0
2025-08-21,133.10000610351562,133.24000549316406,132.4199981689453,133.05999755859375,131.24642944335938,22294.0
2025-08-22,133.10000610351562,134.17999267578125,133.05999755859375,133.9199981689453,132.09471130371094,25389.0
2025-08-25,133.66000366210938,133.89999389648438,133.5,133.8800048828125,132.0552520751953,39787.0
2025-08-26,133.8000030517578,133.82000732421875,133.3800048828125,133.55999755859375,131.7396240234375,25457.0
2025-08-27,134.24000549316406,134.5800018310547,134.1199951171875,134.4199981689453,132.587890625,30061.0
2025-08-28,134.44000244140625,134.6199951171875,133.77999877929688,134.10000610351562,132.2722625732422,25842.0
2025-08-29,134.17999267578125,134.1999969482422,132.94000244140625,133.10000610351562,131.28591918945312,26280.0
2025-09-01,133.16000366210938,133.47999572753906,133.05999755859375,133.47999572753906,131.66070556640625,26354.0
2025-09-02,133.27999877929688,133.3800048828125,132.0800018310547,132.13999938964844,130.33895874023438,35439.0
2025-09-03,133.05999755859375,133.4600067138672,132.86000061035156,132.94000244140625,131.12806701660156,30719.0
2025-09-04,133.44000244140625,133.9600067138672,133.39999389648438,133.8800048828125,132.0552520751953,30918.0
2025-09-05,134.4600067138672,134.5,132.67999267578125,133.10000610351562,131.28591918945312,32281.0
2025-09-08,133.94000244140625,134.0800018310547,133.6199951171875,134.05999755859375,132.23280334472656,32742.0
2025-09-09,133.9199981689453,134.27999877929688,133.82000732421875,134.13999938964844,132.31170654296875,31356.0
2025-09-10,135.1999969482422,135.39999389648438,134.82000732421875,134.83999633789062,133.00218200683594,37533.0
2025-09-11,135.3800048828125,135.8000030517578,135.10000610351562,135.8000030517578,133.9490966796875,28960.0
2025-09-12,135.75999450683594,136.13999938964844,135.5800018310547,135.89999389648438,134.04771423339844,24878.0
2025-09-15,136.05999755859375,136.27999877929688,135.75999450683594,136.0399932861328,134.18580627441406,34322.0
2025-09-16,136.0800018310547,136.22000122070312,135.0,135.0399932861328,133.19944763183594,24222.0
2025-09-17,135.25999450683594,135.4199981689453,135.0,135.10000610351562,133.25863647460938,34416.0
2025-09-18,135.52000427246094,136.36000061035156,135.33999633789062,136.1199951171875,134.6224365234375,27708.0
2025-09-19,135.8800048828125,136.5399932861328,135.72000122070312,136.24000549316406,134.74111938476562,18093.0
2025-09-22,136.47999572753906,136.5399932861328,135.8800048828125,136.39999389648438,134.89935302734375,33220.0
2025-09-23,136.5800018310547,136.9199981689453,136.52000427246094,136.67999267578125,135.17628479003906,24157.0
2025-09-24,136.3000030517578,136.82000732421875,136.10000610351562,136.5,134.99826049804688,25891.0
2025-09-25,136.13999938964844,136.39999389648438,135.47999572753906,136.25999450683594,134.76089477539062,38294.0
2025-09-26,136.17999267578125,136.75999450683594,135.94000244140625,136.3000030517578,134.8004608154297,34226.0
2025-09-29,136.86000061035156,137.16000366210938,136.60000610351562,136.77999877929688,135.2751922607422,39720.0
2025-09-30,136.5399932861328,136.89999389648438,136.3000030517578,136.63999938964844,135.13673400878906,34054.0
2025-10-01,136.1199951171875,137.67999267578125,136.0,137.67999267578125,136.16526794433594,38466.0
2025-10-02,138.13999938964844,138.4600067138672,137.9600067138672,138.1999969482422,136.67955017089844,38274.0
2025-10-03,138.66000366210938,138.83999633789062,138.33999633789062,138.66000366210938,137.13450622558594,35862.0
2025-10-06,139.16000366210938,139.6999969482422,138.9199981689453,139.22000122070312,137.68833923339844,40143.0
2025-10-07,139.27999877929688,139.8800048828125,139.02000427246094,139.05999755859375,137.5301055908203,30658.0
2025-10-08,139.4600067138672,140.27999877929688,139.4600067138672,140.27999877929688,138.73667907714844,39754.0
2025-10-09,140.3000030517578,140.47999572753906,139.9600067138672,140.17999267578125,138.6377716064453,55682.0
2025-10-10,140.1199951171875,140.5,137.24000549316406,137.24000549316406,135.73013305664062,36530.0
2025-10-13,137.82000732421875,138.63999938964844,137.66000366210938,138.63999938964844,137.11471557617188,65146.0
2025-10-14,137.3800048828125,137.94000244140625,136.72000122070312,137.8000030517578,136.28396606445312,34358.0
2025-10-15,138.55999755859375,139.52000427246094,138.47999572753906,138.77999877929688,137.253173828125,43684.0
2025-10-16,138.86000061035156,139.27999877929688,138.63999938964844,138.77999877929688,137.253173828125,18010.0
2025-10-17,136.17999267578125,138.24000549316406,135.44000244140625,137.33999633789062,135.8290252685547,55707.0
2025-10-20,138.94000244140625,139.8800048828125,138.67999267578125,139.77999877929688,138.24217224121094,42046.0
2025-10-21,139.8800048828125,140.36000061035156,139.77999877929688,140.16000366210938,138.6179962158203,31352.0
2025-10-22,140.17999267578125,140.5,139.39999389648438,139.39999389648438,137.86634826660156,29647.0
2025-10-23,139.97999572753906,140.17999267578125,139.47999572753906,140.0800018310547,138.53887939453125,17853.0
2025-10-27,142.10000610351562,142.1999969482422,141.82000732421875,142.0800018310547,140.51687622070312,37627.0
2025-10-28,141.8800048828125,142.5800018310547,141.74000549316406,142.24000549316406,140.6751251220703,31390.0
2025-10-29,142.94000244140625,143.05999755859375,142.44000244140625,142.63999938964844,141.07070922851562,35646.0
2025-10-30,142.66000366210938,142.94000244140625,142.10000610351562,142.75999450683594,141.1893768310547,30586.0
2025-10-31,142.8800048828125,143.1199951171875,142.33999633789062,142.55999755859375,140.99159240722656,68918.0
2025-11-03,142.77999877929688,143.6199951171875,142.5399932861328,142.82000732421875,141.2487335205078,52565.0
2025-11-04,141.55999755859375,142.66000366210938,141.1199951171875,142.25999450683594,140.69488525390625,49994.0
2025-11-05,141.32000732421875,142.5399932861328,141.22000122070312,142.47999572753906,140.91246032714844,33462.0
2025-11-06,141.86000061035156,142.27999877929688,140.44000244140625,140.5800018310547,139.03338623046875,42402.0
2025-11-07,140.9199981689453,140.97999572753906,138.60000610351562,138.74000549316406,137.213623046875,43773.0
2025-11-10,141.3800048828125,142.05999755859375,141.17999267578125,141.5,139.94325256347656,40622.0
2025-11-11,142.1999969482422,142.33999633789062,141.74000549316406,142.02000427246094,140.45753479003906,38700.0
2025-11-12,143.02000427246094,143.44000244140625,142.4600067138672,142.72000122070312,141.1498260498047,28197.0
2025-11-13,142.8800048828125,142.94000244140625,140.83999633789062,140.9600067138672,139.40919494628906,39811.0
2025-11-14,140.0,140.8800048828125,138.55999755859375,140.72000122070312,139.1718292236328,61973.0
2025-11-17,140.9199981689453,141.13999938964844,139.63999938964844,140.0800018310547,138.53887939453125,32652.0
2025-11-18,138.27999877929688,138.77999877929688,137.17999267578125,138.22000122070312,136.6993408203125,48310.0
2025-11-19,138.02000427246094,139.52000427246094,137.82000732421875,138.60000610351562,137.07516479492188,50610.0
2025-11-20,140.44000244140625,141.0800018310547,139.39999389648438,139.39999389648438,137.86634826660156,74982.0
2025-11-21,136.86000061035156,137.94000244140625,136.3800048828125,137.75999450683594,136.24440002441406,55806.0
2025-11-24,138.74000549316406,139.75999450683594,138.0399932861328,139.6199951171875,138.0839385986328,31886.0
2025-11-25,139.74000549316406,139.8800048828125,138.6999969482422,139.8800048828125,138.34109497070312,28825.0
2025-11-26,140.97999572753906,141.47999572753906,140.60000610351562,141.3800048828125,139.8245849609375,30102.0
2025-11-27,141.3800048828125,141.5800018310547,141.25999450683594,141.33999633789062,139.78501892089844,15795.0
2025-11-28,141.5,142.0,141.5,141.8000030517578,140.23995971679688,23284.0
2025-12-01,141.0399932861328,141.39999389648438,140.4600067138672,141.25999450683594,139.7058868408203,33768.0
2025-12-02,141.0800018310547,141.86000061035156,141.0,141.22000122070312,139.66632080078125,25195.0
2025-12-03,141.36000061035156,141.4600067138672,140.5,141.1999969482422,139.6465606689453,20908.0
2025-12-04,141.55999755859375,141.8000030517578,141.24000549316406,141.5399932861328,139.98280334472656,17092.0
2025-12-05,142.0399932861328,142.67999267578125,141.83999633789062,142.13999938964844,140.5762176513672,35595.0
2025-12-08,142.16000366210938,142.3000030517578,141.74000549316406,141.8800048828125,140.31907653808594,18460.0
2025-12-09,141.89999389648438,142.13999938964844,141.60000610351562,142.0399932861328,140.47731018066406,14323.0
2025-12-10,141.66000366210938,141.89999389648438,141.44000244140625,141.74000549316406,140.1806182861328,19966.0
2025-12-11,140.8800048828125,141.47999572753906,140.67999267578125,141.16000366210938,139.60699462890625,22973.0
2025-12-12,141.89999389648438,142.17999267578125,140.10000610351562,140.32000732421875,138.7762451171875,24175.0
2025-12-15,141.02000427246094,141.3800048828125,140.1999969482422,140.5800018310547,139.03338623046875,33354.0
2025-12-16,139.67999267578125,140.10000610351562,139.1999969482422,139.4600067138672,137.92572021484375,41533.0
2025-12-17,140.32000732421875,140.6999969482422,138.9600067138672,139.0,137.4707489013672,26414.0
2025-12-18,138.67999267578125,140.22000122070312,138.55999755859375,140.10000610351562,139.02426147460938,26821.0
2025-12-19,140.0399932861328,140.8000030517578,139.67999267578125,140.74000549316406,139.6593475341797,32713.0
2025-12-22,140.94000244140625,141.0,140.5399932861328,140.9199981689453,139.83795166015625,40501.0
2025-12-23,141.0,141.3800048828125,140.74000549316406,141.24000549316406,140.15550231933594,43263.0
2025-12-24,141.36000061035156,141.44000244140625,141.1999969482422,141.39999389648438,140.31427001953125,18253.0
2025-12-29,141.72000122070312,141.89999389648438,141.3000030517578,141.60000610351562,140.5127410888672,52648.0
2025-12-30,141.6199951171875,142.0800018310547,141.60000610351562,142.02000427246094,140.9295196533203,43739.0
2025-12-31,141.77999877929688,141.86000061035156,141.5800018310547,141.6999969482422,140.61196899414062,15764.0
2026-01-02,142.13999938964844,142.72000122070312,141.4600067138672,141.6999969482422,140.61196899414062,65834.0
2026-01-05,142.97999572753906,143.72000122070312,142.9199981689453,143.60000610351562,142.49737548828125,58569.0
2026-01-06,143.60000610351562,144.5,143.32000732421875,144.24000549316406,143.13247680664062,49871.0
2026-01-07,144.5399932861328,144.66000366210938,144.1999969482422,144.47999572753906,143.37062072753906,39951.0
2026-01-08,143.9199981689453,144.3000030517578,143.74000549316406,144.24000549316406,143.13247680664062,58622.0
2026-01-09,144.44000244140625,145.5,144.36000061035156,145.39999389648438,144.28355407714844,30939.0
2026-01-12,144.63999938964844,145.52000427246094,144.27999877929688,145.52000427246094,144.4026336669922,82692.0
2026-01-13,145.5800018310547,145.97999572753906,145.25999450683594,145.6999969482422,144.5812530517578,24759.0
2026-01-14,145.6199951171875,145.77999877929688,144.55999755859375,145.0,143.88662719726562,31100.0
2026-01-15,145.75999450683594,146.83999633789062,145.74000549316406,146.67999267578125,145.5537109375,26571.0
2026-01-16,146.5800018310547,146.5800018310547,145.83999633789062,146.33999633789062,145.21633911132812,26981.0
2026-01-19,144.8000030517578,145.17999267578125,144.39999389648438,144.5800018310547,143.4698486328125,59331.0
2026-01-20,143.36000061035156,143.4199981689453,142.10000610351562,143.24000549316406,142.14015197753906,60817.0
2026-01-21,142.74000549316406,143.9600067138672,141.9199981689453,143.5800018310547,142.4775390625,38612.0
2026-01-22,144.5399932861328,145.0,144.1999969482422,144.47999572753906,143.37062072753906,36423.0
2026-01-23,144.47999572753906,144.5,143.86000061035156,144.13999938964844,143.03323364257812,29912.0
2026-01-26,143.5,143.97999572753906,142.86000061035156,143.67999267578125,142.57676696777344,47049.0
2026-01-27,144.39999389648438,144.47999572753906,143.4600067138672,143.6999969482422,142.5966033935547,27694.0
2026-01-28,144.10000610351562,144.25999450683594,143.67999267578125,143.89999389648438,142.79507446289062,45035.0
2026-01-29,144.05999755859375,144.5,142.1199951171875,142.72000122070312,141.6241455078125,30731.0
2026-01-30,142.72000122070312,144.05999755859375,142.5399932861328,143.66000366210938,142.5569305419922,28138.0
2026-02-02,142.39999389648438,145.0800018310547,142.24000549316406,144.9199981689453,143.8072509765625,49158.0
2026-02-03,145.55999755859375,145.89999389648438,144.4199981689453,144.47999572753906,143.37062072753906,29346.0
2026-02-04,144.55999755859375,145.10000610351562,144.1199951171875,144.16000366210938,143.05308532714844,80501.0
2026-02-05,144.10000610351562,144.3000030517578,142.13999938964844,143.0,141.90199279785156,57051.0
2026-02-06,142.33999633789062,144.3800048828125,142.25999450683594,144.25999450683594,143.15231323242188,29002.0
2026-02-09,144.67999267578125,145.05999755859375,143.60000610351562,145.0399932861328,143.9263153076172,35475.0
2026-02-10,145.0,145.6999969482422,144.9199981689453,145.33999633789062,144.22401428222656,34644.0
2026-02-11,145.33999633789062,146.5399932861328,144.9199981689453,145.60000610351562,144.48204040527344,38965.0
2026-02-12,146.10000610351562,146.1999969482422,144.1199951171875,144.25999450683594,143.15231323242188,34629.0
2026-02-13,143.86000061035156,144.47999572753906,143.10000610351562,144.1999969482422,143.0927734375,45555.0
2026-02-16,144.3000030517578,144.63999938964844,143.8800048828125,144.0800018310547,142.9737091064453,28153.0
2026-02-17,144.16000366210938,144.5399932861328,143.36000061035156,144.3000030517578,143.1920166015625,29043.0
2026-02-18,144.9600067138672,146.0,144.8000030517578,146.0,144.8789520263672,41242.0
2026-02-19,145.8000030517578,145.97999572753906,145.1199951171875,145.72000122070312,144.60110473632812,17746.0
2026-02-20,146.0,146.5399932861328,145.24000549316406,146.33999633789062,145.21633911132812,34043.0
2026-02-23,145.66000366210938,146.66000366210938,144.97999572753906,145.36000061035156,144.24386596679688,40832.0
2026-02-24,145.5399932861328,146.47999572753906,145.17999267578125,146.16000366210938,145.03773498535156,40046.0
2026-02-25,146.60000610351562,147.47999572753906,146.60000610351562,147.27999877929688,146.1491241455078,24475.0
2026-02-26,147.39999389648438,147.8000030517578,146.10000610351562,146.89999389648438,145.7720489501953,39393.0
2026-02-27,146.86000061035156,147.13999938964844,145.60000610351562,146.33999633789062,145.21633911132812,47898.0
2026-03-02,145.02000427246094,146.75999450683594,144.72000122070312,146.3000030517578,145.17665100097656,77569.0
2026-03-03,145.22000122070312,145.3000030517578,143.02000427246094,144.17999267578125,143.0729217529297,227443.0
2026-03-04,144.17999267578125,145.97999572753906,144.10000610351562,145.83999633789062,144.7201690673828,34928.0
2026-03-05,145.6199951171875,146.25999450683594,144.60000610351562,144.8000030517578,143.68817138671875,39344.0
2026-03-09,141.39999389648438,143.0399932861328,141.10000610351562,142.97999572753906,141.88214111328125,51472.0
2026-03-10,144.4600067138672,145.17999267578125,143.8000030517578,145.02000427246094,143.906494140625,37149.0
2026-03-11,144.36000061035156,145.02000427246094,143.9600067138672,144.39999389648438,143.29122924804688,33281.0
2026-03-12,144.32000732421875,144.4199981689453,142.89999389648438,143.5,142.39816284179688,31190.0
2026-03-13,142.94000244140625,144.55999755859375,142.75999450683594,143.27999877929688,142.17984008789062,31387.0
2026-03-16,143.66000366210938,144.52000427246094,143.10000610351562,143.86000061035156,142.75538635253906,32170.0
2026-03-17,143.6999969482422,144.9199981689453,143.39999389648438,144.3000030517578,143.1920166015625,23495.0
2026-03-18,145.13999938964844,145.27999877929688,143.1999969482422,143.33999633789062,142.23936462402344,62692.0
2026-03-19,142.33999633789062,142.4600067138672,140.24000549316406,140.52000427246094,139.82876586914062,53392.0
2026-03-20,140.94000244140625,141.1199951171875,138.9199981689453,138.94000244140625,138.2565460205078,57358.0
2026-03-23,136.97999572753906,143.5,136.8000030517578,139.63999938964844,138.95309448242188,135444.0
2026-03-24,139.72000122070312,139.9199981689453,138.44000244140625,139.52000427246094,138.8336944580078,57341.0
2026-03-25,140.6199951171875,141.10000610351562,140.0,140.86000061035156,140.16709899902344,58818.0
2026-03-26,140.0399932861328,140.24000549316406,139.1199951171875,139.16000366210938,138.4754638671875,27546.0
2026-03-27,139.05999755859375,139.05999755859375,137.10000610351562,137.27999877929688,136.60470581054688,48081.0
2026-03-30,137.0399932861328,138.24000549316406,137.02000427246094,138.10000610351562,137.42066955566406,42737.0
2026-03-31,137.5,138.3800048828125,137.3000030517578,138.10000610351562,137.42066955566406,34714.0
2026-04-01,140.8800048828125,141.0399932861328,140.0399932861328,141.0399932861328,140.34620666503906,69706.0
2026-04-02,139.17999267578125,141.47999572753906,138.75999450683594,140.8000030517578,140.10739135742188,31231.0
2026-04-07,141.16000366210938,141.8800048828125,139.63999938964844,140.05999755859375,139.37103271484375,62926.0
2026-04-08,144.47999572753906,144.89999389648438,143.55999755859375,144.0800018310547,143.3712615966797,78148.0
2026-04-09,144.10000610351562,144.25999450683594,143.52000427246094,144.25999450683594,143.5503692626953,26149.0
2026-04-10,144.67999267578125,145.02000427246094,144.5399932861328,144.5800018310547,143.86878967285156,30096.0
2026-04-13,143.8000030517578,144.75999450683594,143.60000610351562,144.60000610351562,143.88870239257812,25623.0
2026-04-14,145.24000549316406,146.27999877929688,145.10000610351562,146.27999877929688,145.5604248046875,25033.0
2026-04-15,146.5,146.8800048828125,146.3800048828125,146.75999450683594,146.03807067871094,27984.0
2026-04-16,147.6199951171875,147.82000732421875,147.24000549316406,147.6999969482422,146.97344970703125,28095.0
2026-04-17,147.67999267578125,149.63999938964844,147.5800018310547,149.60000610351562,148.86410522460938,47690.0
2026-04-20,148.72000122070312,149.32000732421875,148.4199981689453,148.82000732421875,148.08795166015625,36516.0
2026-04-21,149.22000122070312,149.75999450683594,148.4199981689453,148.6199951171875,147.888916015625,30106.0
2026-04-22,149.10000610351562,149.44000244140625,148.63999938964844,149.36000061035156,148.62527465820312,25730.0
2026-04-23,149.0800018310547,149.8000030517578,148.75999450683594,149.75999450683594,149.0233154296875,24539.0
2026-04-24,149.5,149.97999572753906,149.0,149.55999755859375,148.8242950439453,30141.0
2026-04-27,149.72000122070312,149.89999389648438,149.3000030517578,149.44000244140625,148.70489501953125,32952.0
2026-04-28,149.97999572753906,150.13999938964844,148.8000030517578,148.83999633789062,148.1078338623047,29488.0
2026-04-29,149.72000122070312,149.75999450683594,148.89999389648438,149.0800018310547,148.34666442871094,23750.0
2026-04-30,149.0,150.3800048828125,148.9600067138672,149.9600067138672,149.2223358154297,22626.0
2026-05-04,151.16000366210938,151.44000244140625,150.22000122070312,150.5,149.75967407226562,35986.0
2026-05-05,151.10000610351562,151.94000244140625,151.10000610351562,151.89999389648438,151.1527862548828,28584.0
2026-05-06,152.67999267578125,153.97999572753906,152.66000366210938,153.83999633789062,153.08323669433594,32939.0
2026-05-07,154.4199981689453,154.74000549316406,153.72000122070312,153.8000030517578,153.04344177246094,24964.0
2026-05-08,153.67999267578125,154.05999755859375,153.4199981689453,153.9600067138672,153.20266723632812,18184.0
2026-05-11,153.89999389648438,154.4600067138672,153.67999267578125,154.4600067138672,153.7001953125,42703.0
2026-05-12,153.44000244140625,153.82000732421875,152.72000122070312,152.83999633789062,152.08816528320312,23041.0
2026-05-13,154.67999267578125,155.10000610351562,154.16000366210938,154.94000244140625,154.17784118652344,32088.0
2026-05-14,155.5,156.86000061035156,155.39999389648438,156.82000732421875,156.04859924316406,18988.0
2026-05-15,155.75999450683594,155.83999633789062,154.5,155.17999267578125,154.41664123535156,43795.0
2026-05-18,154.0,155.17999267578125,153.6999969482422,154.27999877929688,153.5210723876953,56642.0
2026-05-19,154.52000427246094,155.0,153.6999969482422,154.0,153.24246215820312,29626.0
2026-05-20,154.24000549316406,155.9199981689453,154.17999267578125,155.5,154.73507690429688,23320.0
2026-05-21,155.5,156.02000427246094,155.1999969482422,155.66000366210938,154.894287109375,26031.0
2026-05-22,156.83999633789062,157.36000061035156,156.5,157.33999633789062,156.56602478027344,34262.0
2026-05-25,158.25999450683594,158.60000610351562,158.0,158.4600067138672,157.68052673339844,26247.0
2026-05-26,158.24000549316406,158.72000122070312,157.82000732421875,158.24000549316406,157.46160888671875,104265.0
2026-05-27,158.1199951171875,158.8000030517578,157.72000122070312,158.02000427246094,157.24269104003906,39722.0
2026-05-28,157.9600067138672,158.5800018310547,157.52000427246094,158.5,157.72032165527344,27770.0
2026-05-29,159.05999755859375,159.3800048828125,158.6999969482422,158.82000732421875,158.03875732421875,61034.0
2026-06-01,159.6199951171875,159.89999389648438,158.89999389648438,159.5399932861328,158.7552032470703,51738.0
2026-06-02,159.77999877929688,160.5399932861328,159.4600067138672,160.5,159.71047973632812,45655.0
2026-06-03,160.67999267578125,160.74000549316406,159.6199951171875,159.82000732421875,159.03382873535156,25971.0
2026-06-04,159.05999755859375,159.52000427246094,158.0800018310547,159.52000427246094,158.7353057861328,26515.0
2026-06-05,158.44000244140625,158.8800048828125,157.97999572753906,158.0399932861328,157.2625732421875,37360.0
2026-06-08,156.39999389648438,157.8800048828125,156.3000030517578,157.33999633789062,156.56602478027344,46178.0
2026-06-09,157.63999938964844,158.22000122070312,155.0800018310547,155.13999938964844,154.37684631347656,31478.0
2026-06-10,155.89999389648438,156.4600067138672,154.39999389648438,155.05999755859375,154.2972412109375,36103.0
2026-06-11,155.02000427246094,155.9199981689453,154.6999969482422,155.32000732421875,154.55596923828125,17336.0
2026-06-12,156.60000610351562,158.27999877929688,156.55999755859375,158.0800018310547,157.30238342285156,29213.0
2026-06-15,159.75999450683594,160.25999450683594,159.47999572753906,160.22000122070312,159.43185424804688,49190.0
2026-06-16,160.25999450683594,160.55999755859375,159.72000122070312,159.86000061035156,159.07363891601562,24330.0
2026-06-17,160.05999755859375,160.39999389648438,159.75999450683594,160.25999450683594,159.47166442871094,26324.0
2026-06-18,159.94000244140625,160.8000030517578,159.77999877929688,160.36000061035156,160.36000061035156,23689.0
2026-06-19,160.3800048828125,160.52000427246094,159.8800048828125,160.3000030517578,160.3000030517578,26248.0
2026-06-22,160.74000549316406,161.9199981689453,160.52000427246094,160.9199981689453,160.9199981689453,38515.0
2026-06-23,158.3000030517578,159.60000610351562,157.83999633789062,158.8000030517578,158.8000030517578,41683.0
2026-06-24,158.97999572753906,159.8800048828125,158.83999633789062,159.55999755859375,159.55999755859375,23435.0
2026-06-25,159.97999572753906,160.4199981689453,158.32000732421875,159.10000610351562,159.10000610351562,42622.0
2026-06-26,158.1199951171875,158.5399932861328,156.74000549316406,158.5399932861328,158.5399932861328,73552.0
2026-06-29,158.3000030517578,159.0,157.4600067138672,158.3000030517578,158.3000030517578,74530.0
2026-06-30,159.5800018310547,160.1999969482422,159.3800048828125,160.1199951171875,160.1199951171875,27136.0
2026-07-01,159.75999450683594,160.77999877929688,159.5,160.77999877929688,160.77999877929688,28481.0
2026-07-02,159.60000610351562,160.89999389648438,159.33999633789062,159.6999969482422,159.6999969482422,68908.0
2026-07-03,160.5,160.83999633789062,160.1999969482422,160.67999267578125,160.67999267578125,21579.0
2026-07-06,160.97999572753906,161.4600067138672,160.72000122070312,161.4600067138672,161.4600067138672,30294.0
2026-07-07,160.63999938964844,160.86000061035156,159.60000610351562,159.63999938964844,159.63999938964844,25194.0
2026-07-08,159.55999755859375,159.8000030517578,157.97999572753906,158.63999938964844,158.63999938964844,21637.0
2026-07-09,159.77999877929688,160.47999572753906,159.25999450683594,160.36000061035156,160.36000061035156,45907.0
2026-07-10,160.4199981689453,161.16000366210938,160.25999450683594,161.05999755859375,161.05999755859375,16398.0
2026-07-13,160.25999450683594,160.72000122070312,159.97999572753906,160.66000366210938,160.66000366210938,23997.0
2026-07-14,160.02000427246094,160.6199951171875,159.6999969482422,160.4600067138672,160.4600067138672,24610.0
2026-07-15,161.0399932861328,161.24000549316406,160.39999389648438,160.63999938964844,160.63999938964844,21602.0
2026-07-16,160.1999969482422,160.36000061035156,159.32000732421875,160.32000732421875,160.32000732421875,36882.0
2026-07-17,158.0,158.74000549316406,157.4600067138672,158.4600067138672,158.4600067138672,61835.0
2026-07-20,158.3000030517578,159.5399932861328,158.1999969482422,159.02000427246094,159.02000427246094,30654.0
2026-07-21,159.44000244140625,160.0399932861328,159.10000610351562,160.02000427246094,160.02000427246094,19572.0
2026-07-22,159.44000244140625,160.3000030517578,159.27999877929688,160.17999267578125,160.17999267578125,30739.0
2026-07-23,159.5800018310547,159.9600067138672,158.0800018310547,158.25999450683594,158.25999450683594,28615.0
2026-07-24,158.3800048828125,159.3000030517578,158.24000549316406,159.1199951171875,159.1199951171875,36940.0
2026-07-27,159.82000732421875,160.10000610351562,158.24000549316406,158.3000030517578,158.3000030517578,37770.0
2026-07-28,158.1999969482422,158.67999267578125,157.75999450683594,158.67999267578125,158.67999267578125,31152.0
2026-07-29,158.5800018310547,158.82000732421875,156.94000244140625,157.33999633789062,157.33999633789062,23352.0
2026-07-30,156.33999633789062,157.47999572753906,155.89999389648438,157.0,157.0,43375.0
2026-07-31,158.63999938964844,159.1999969482422,157.44000244140625,157.83999633789062,157.83999633789062,19674.0
2026-08-03,159.24000549316406,159.9600067138672,158.63999938964844,159.94000244140625,159.94000244140625,105405.0
2026-08-04,160.89999389648438,162.36000061035156,160.47999572753906,162.25999450683594,162.25999450683594,32455.0
2026-08-05,163.25999450683594,163.67999267578125,162.6999969482422,162.77999877929688,162.77999877929688,27058.0
2026-08-06,162.52000427246094,162.9199981689453,162.17999267578125,162.5800018310547,162.5800018310547,20464.0
2026-08-07,162.66000366210938,163.77999877929688,162.5,163.17999267578125,163.17999267578125,25512.0
2026-08-10,163.27999877929688,163.39999389648438,162.89999389648438,163.22000122070312,163.22000122070312,26238.0
